mean_fit_time,std_fit_time,mean_score_time,std_score_time,param_model__ridge__alpha,params,split0_test_score,split1_test_score,split2_test_score,split3_test_score,split4_test_score,split5_test_score,split6_test_score,split7_test_score,split8_test_score,split9_test_score,mean_test_score,std_test_score,rank_test_score,split0_train_score,split1_train_score,split2_train_score,split3_train_score,split4_train_score,split5_train_score,split6_train_score,split7_train_score,split8_train_score,split9_train_score,mean_train_score,std_train_score,mean_test_mae_kb,padd,model,stage,train_end,param_model__polynomialfeatures__degree,param_model__splinetransformer__degree,param_model__splinetransformer__n_knots,param_model__max_depth,param_model__min_samples_leaf,param_model__n_estimators,param_model__learning_rate,param_model__reg_lambda,param_model__regressor__mlpregressor__alpha,param_model__regressor__mlpregressor__hidden_layer_sizes
0.02681741714477539,0.01746383808547159,0.0016956329345703125,0.0013511441212951851,0.01,"{""ridge__alpha"": 0.01}",-2056.088522175418,-2755.6257198709086,-3104.804034484417,-3436.3204153929473,-3805.5257869234006,-4620.250002677977,-2139.7427223035615,-4040.0257949825796,-2659.625399027116,-2176.150115213046,-3079.415851305137,835.4244362712643,5,-2210.7280277327645,-2177.924878745202,-2237.400731570432,-2335.669677179647,-2386.2209589929043,-2503.1884833662198,-2663.0426620126595,-2639.3532195164066,-2678.505261242136,-2679.189545612027,-2451.12234459704,195.55416744317947,3079.415851305137,1,ridge_change,development,2024-06-01,,,,,,,,,,
0.02598433494567871,0.01581404482021647,0.004839348793029785,0.011907956308433375,0.1,"{""ridge__alpha"": 0.1}",-2056.009560997456,-2754.67320560651,-3105.427817056381,-3434.196768006388,-3805.4161409502162,-4618.435953197256,-2139.7122862846973,-4038.6512602634502,-2659.738457512844,-2176.4140765809425,-3078.8675526456145,834.8495259865545,4,-2210.5219447231343,-2177.884016654924,-2237.52989627774,-2335.6459408510946,-2386.334867015451,-2503.327923562573,-2663.024206165049,-2639.310069528464,-2678.524789937334,-2679.1407553450754,-2451.124441006084,195.5628789666986,3078.8675526456145,1,ridge_change,development,2024-06-01,,,,,,,,,,
0.023744416236877442,0.018867956776484993,0.0012725114822387696,0.001099904759799518,1.0,"{""ridge__alpha"": 1}",-2055.0932168754794,-2745.411738381816,-3111.530315840324,-3413.4617502661295,-3804.3208914354377,-4600.585690372954,-2139.3432822009377,-4025.1379934075844,-2660.8459607548098,-2179.0506960759,-3073.4781535611373,829.2461042128488,2,-2209.5076708702672,-2177.3939271914146,-2239.112922816886,-2335.434673249403,-2387.4224795036093,-2504.6744810471305,-2662.841943331509,-2638.8814304404655,-2678.7548283407114,-2678.904664748102,-2451.29290215395,195.53560758775427,3073.4781535611373,1,ridge_change,development,2024-06-01,,,,,,,,,,
0.031137251853942872,0.01787972407383096,0.0009104490280151367,4.66492072962261e-05,10.0,"{""ridge__alpha"": 10}",-2070.2726121598716,-2685.044377384215,-3204.8410422596266,-3241.874074857046,-3795.4082548263764,-4444.7069747065425,-2180.166800854831,-3910.877967329574,-2671.3338672863524,-2202.3743724452884,-3040.690034410972,775.4612782414961,1,-2240.162908321218,-2194.4787699570993,-2257.1747582292533,-2351.034218986993,-2407.5754645069433,-2523.7667787795335,-2664.277671981345,-2637.32252343143,-2682.5935861831317,-2680.413988532163,-2463.880066890911,187.03164196358586,3040.690034410972,1,ridge_change,development,2024-06-01,,,,,,,,,,
0.023688960075378417,0.015455950049595135,0.0010535240173339844,0.00037496502810883107,100.0,"{""ridge__alpha"": 100}",-2549.34902116675,-2703.2042813708454,-3559.2051246756396,-3066.9812628710292,-3825.4152533594092,-3729.229421906433,-2424.0922760993294,-3848.276486300218,-2736.436737420047,-2305.4403451460635,-3074.7630210315765,580.4035727547557,3,-2471.8294539462277,-2437.363809067889,-2466.5309792556086,-2558.8501937218152,-2589.8021500747013,-2685.883691668468,-2783.6949477388716,-2750.9646862377435,-2805.6197792078287,-2788.9564092001106,-2633.949610011926,138.8733014170955,3074.7630210315765,1,ridge_change,development,2024-06-01,,,,,,,,,,
0.020264959335327147,0.013496727743063219,0.00230710506439209,0.004354235696901354,1000.0,"{""ridge__alpha"": 1000}",-3141.5644950375086,-2893.489229563087,-3876.7583561956976,-3413.019149239763,-4196.748754275309,-2985.0195873833877,-2627.4606247686097,-4176.592429502797,-2866.650126774097,-2403.364685272667,-3258.0667438012924,602.8294827778329,6,-2740.3880141243885,-2776.6253882114183,-2785.2171226336363,-2893.1154829078873,-2933.7533016407237,-3031.3143891208015,-3046.578413312812,-3010.7319260070963,-3076.206857471471,-3055.6188902997314,-2934.954978572997,122.10525033646134,3258.0667438012924,1,ridge_change,development,2024-06-01,,,,,,,,,,
0.02889142036437988,0.02739911311891409,0.001189422607421875,0.0009576308598449296,0.01,"{""ridge__alpha"": 0.01}",-1786.814607413984,-2650.657895331127,-2626.697798828436,-2538.902070719714,-4162.146535285819,-6745.565556868313,-2329.876612308615,-3927.060427444742,-2526.4082939897435,-2151.2079296663505,-3144.5337727856845,1391.7619697962396,5,-2037.9287502952704,-1987.1102037924222,-2047.4573239421143,-2123.5691919166948,-2101.3489068162426,-2269.2835815227436,-2604.883651980867,-2575.5010182170367,-2628.9640702028455,-2611.331113349559,-2298.7377812035793,259.97617100342273,3144.5337727856845,1,seasonal_ridge_change,development,2024-06-01,,,,,,,,,,
0.021301460266113282,0.012200015196074776,0.0013260126113891601,0.0009959586329683489,0.1,"{""ridge__alpha"": 0.1}",-1783.262016738098,-2650.572606011749,-2621.5389573399757,-2540.618461466273,-4158.836496674215,-6733.992590797425,-2329.708803708134,-3924.7952433449827,-2526.6218345753864,-2151.5344577345118,-3142.1481468390753,1388.8439046144642,4,-2037.7479590498342,-1986.817801782278,-2047.512368484876,-2123.643097244297,-2101.6884500932097,-2269.4876815475486,-2604.8593220246025,-2575.420939697524,-2629.0188201141777,-2611.3610108091652,-2298.7557450847517,259.99018009766206,3142.1481468390753,1,seasonal_ridge_change,development,2024-06-01,,,,,,,,,,
0.02994532585144043,0.01475005918191882,0.000931859016418457,8.87320315325739e-05,1.0,"{""ridge__alpha"": 1}",-1749.4686483249425,-2649.825470797706,-2594.3070313860353,-2557.1442659516397,-4126.758007610432,-6622.03123391901,-2328.002073781769,-3902.5602337919904,-2528.70328859144,-2154.80039977133,-3121.36006539263,1359.825327155667,3,-2037.4305108299507,-1984.324878170967,-2048.0210050015385,-2124.6862908442263,-2105.785796240358,-2271.4690093761283,-2604.880160023944,-2574.719293835125,-2629.5521877237543,-2611.943820450192,-2299.281295249619,259.9396146527197,3121.36006539263,1,seasonal_ridge_change,development,2024-06-01,,,,,,,,,,
0.026846766471862793,0.0169260519265325,0.004818177223205567,0.006914438926373289,10.0,"{""ridge__alpha"": 10}",-1560.7419927648334,-2649.978232109402,-2848.4090444909975,-2673.2106557125153,-3898.301233970323,-5780.086127004382,-2310.5132040363137,-3777.6395623740887,-2547.5422620878358,-2183.8572455599738,-3023.027956011067,1131.6003440549723,1,-2114.1350735377923,-2020.4883193209344,-2081.3099358189534,-2156.257178219468,-2152.467788450944,-2302.2251307577926,-2611.437100148883,-2579.4874400723324,-2638.3534364110274,-2620.009372050525,-2327.617077478865,242.34250785100403,3023.027956011067,1,seasonal_ridge_change,development,2024-06-01,,,,,,,,,,
0.021788787841796876,0.014219897908566054,0.000995802879333496,0.00018687871338320355,100.0,"{""ridge__alpha"": 100}",-2422.8091204166044,-2729.9011709474594,-3456.3664038998936,-2909.633833344575,-3853.4386774381983,-3983.4021494303156,-2400.9722909985517,-3730.233168973287,-2684.7128062055085,-2363.4253639586746,-3053.489498561307,607.1303884459082,2,-2437.755286988672,-2382.645074484632,-2404.1706624780913,-2484.6268188024096,-2504.907690784149,-2607.7237137714096,-2744.2522617208742,-2711.451671102187,-2759.716255276572,-2742.0155829524783,-2577.9265018361475,144.34830055748205,3053.489498561307,1,seasonal_ridge_change,development,2024-06-01,,,,,,,,,,
0.013093686103820801,0.007833065191798714,0.0009745121002197266,0.00018744129041002643,1000.0,"{""ridge__alpha"": 1000}",-3118.599370388258,-2901.349221006163,-3837.912593579318,-3372.064529146704,-4194.00529524116,-2969.373443170818,-2605.1261217430874,-4133.086952785986,-2870.70048481903,-2442.7768788591934,-3244.4994890739717,588.2296607887764,6,-2727.853920937621,-2757.0144091148445,-2765.564731520681,-2868.8742017830473,-2906.181254732126,-3005.1343263409826,-3022.6476380538747,-2985.1777591767614,-3046.8452926203236,-3027.278193242473,-2911.2571727522736,117.90079549475176,3244.4994890739717,1,seasonal_ridge_change,development,2024-06-01,,,,,,,,,,
0.036340856552124025,0.012397274172266139,0.0010277986526489257,0.00013606878339803252,1.0,"{""polynomialfeatures__degree"": 1, ""ridge__alpha"": 1}",-1749.4686483249413,-2649.825470797708,-2594.3070313860353,-2557.144265951642,-4126.758007610431,-6622.03123391901,-2328.00207378177,-3902.5602337919922,-2528.70328859144,-2154.8003997713276,-3121.3600653926296,1359.825327155667,4,-2037.4305108299502,-1984.3248781709667,-2048.0210050015385,-2124.6862908442267,-2105.785796240359,-2271.4690093761283,-2604.8801600239435,-2574.7192938351254,-2629.5521877237547,-2611.9438204501917,-2299.2812952496183,259.9396146527196,3121.3600653926296,1,polynomial_ridge_change,development,2024-06-01,1.0,,,,,,,,,
0.029788661003112792,0.016295913755954287,0.0019259214401245116,0.0019462398183479953,10.0,"{""polynomialfeatures__degree"": 1, ""ridge__alpha"": 10}",-1560.7419927648345,-2649.978232109402,-2848.409044490998,-2673.2106557125157,-3898.3012339703223,-5780.086127004387,-2310.513204036313,-3777.639562374088,-2547.5422620878358,-2183.8572455599747,-3023.027956011067,1131.6003440549732,1,-2114.1350735377923,-2020.4883193209341,-2081.309935818953,-2156.2571782194686,-2152.4677884509447,-2302.2251307577926,-2611.437100148883,-2579.487440072332,-2638.353436411027,-2620.0093720505256,-2327.617077478865,242.342507851004,3023.027956011067,1,polynomial_ridge_change,development,2024-06-01,1.0,,,,,,,,,
0.027424383163452148,0.0140829830202587,0.0009985923767089843,0.00011067945128695407,100.0,"{""polynomialfeatures__degree"": 1, ""ridge__alpha"": 100}",-2422.809120416605,-2729.9011709474594,-3456.3664038998927,-2909.633833344575,-3853.4386774381996,-3983.4021494303165,-2400.972290998549,-3730.2331689732855,-2684.7128062055085,-2363.425363958673,-3053.4894985613064,607.1303884459087,2,-2437.755286988672,-2382.645074484632,-2404.1706624780913,-2484.6268188024096,-2504.907690784149,-2607.7237137714096,-2744.2522617208742,-2711.4516711021874,-2759.716255276572,-2742.0155829524783,-2577.926501836148,144.3483005574821,3053.4894985613064,1,polynomial_ridge_change,development,2024-06-01,1.0,,,,,,,,,
0.027494120597839355,0.014409928199286357,0.0016908645629882812,0.0011886209472732729,1000.0,"{""polynomialfeatures__degree"": 1, ""ridge__alpha"": 1000}",-3118.599370388258,-2901.349221006163,-3837.912593579318,-3372.064529146704,-4194.00529524116,-2969.373443170818,-2605.126121743086,-4133.086952785986,-2870.7004848190295,-2442.7768788591934,-3244.4994890739717,588.2296607887766,6,-2727.853920937621,-2757.0144091148445,-2765.564731520681,-2868.8742017830473,-2906.181254732126,-3005.1343263409826,-3022.6476380538747,-2985.1777591767614,-3046.8452926203236,-3027.278193242473,-2911.2571727522736,117.90079549475176,3244.4994890739717,1,polynomial_ridge_change,development,2024-06-01,1.0,,,,,,,,,
0.04161579608917236,0.014783192317220929,0.0038194894790649415,0.0031260365560965638,1.0,"{""polynomialfeatures__degree"": 2, ""ridge__alpha"": 1}",-6741.232878851873,-5114.36115895648,-5456.71314490319,-4436.907869598408,-5166.995262470297,-8324.393410980821,-3828.723539017386,-6101.754419732305,-4408.357941294214,-2753.7950066601625,-5233.323463246513,1486.1675271635104,8,-964.9024809169298,-1088.7690490033785,-1208.6852356571542,-1350.909952042021,-1525.1303020272042,-1705.169377843917,-1694.6014130463777,-1736.0357764720059,-1802.1329084420342,-1880.1639139442073,-1495.6500409395228,305.6894931332534,5233.323463246513,1,polynomial_ridge_change,development,2024-06-01,2.0,,,,,,,,,
0.040703630447387694,0.011037210429690627,0.00249178409576416,0.0024706367318931303,10.0,"{""polynomialfeatures__degree"": 2, ""ridge__alpha"": 10}",-3557.6620480035276,-2778.8344172185166,-3913.8386616524567,-3810.2006625035447,-4152.049852592563,-4443.238262689832,-3037.8450075834303,-4748.070790057718,-4058.6869160101137,-2586.0904695282225,-3708.651708783992,677.4240405511647,7,-1342.6936519991928,-1372.4918586845388,-1417.8041602858164,-1579.7480916988911,-1673.8258494094243,-1858.0667525922402,-1835.392886731069,-1840.978322711943,-1889.9351704191236,-1930.9897794820974,-1674.1926524014336,218.09910208996055,3708.651708783992,1,polynomial_ridge_change,development,2024-06-01,2.0,,,,,,,,,
0.033524823188781736,0.008489019892283041,0.0027831554412841796,0.001713296191803881,100.0,"{""polynomialfeatures__degree"": 2, ""ridge__alpha"": 100}",-2971.3338064405284,-2449.0950875029707,-3214.6450825058714,-3299.172344630284,-3788.980159184803,-3375.995278997434,-2948.116291074086,-3176.2662498849054,-3421.6130781736847,-2426.4386016311037,-3107.165598002567,403.6587716687958,3,-1834.6046780817908,-1862.1688385272619,-1883.6368372547731,-1999.4423436487555,-2056.5540222906648,-2173.2993913677433,-2180.386681576154,-2190.3340446238108,-2230.2372393658184,-2239.621152816654,-2065.0285229553424,151.66791797182069,3107.165598002567,1,polynomial_ridge_change,development,2024-06-01,2.0,,,,,,,,,
0.025848793983459472,0.007435430277393927,0.0019950151443481447,0.0011269519403510097,1000.0,"{""polynomialfeatures__degree"": 2, ""ridge__alpha"": 1000}",-3067.0648519254833,-2754.377935113968,-3714.7769975313363,-2927.7147486195677,-4009.106341135428,-3354.963884662757,-2764.2057049809846,-3941.834246261899,-2879.878626738027,-2340.492837854728,-3175.4416174824173,530.0458565828368,5,-2507.0773590862264,-2530.814755842781,-2536.325688923718,-2629.31242333097,-2644.037084616806,-2740.106975156879,-2767.8508239986113,-2749.1990361394555,-2806.7211033751128,-2786.572089078623,-2669.801733954918,109.15964017887946,3175.4416174824173,1,polynomial_ridge_change,development,2024-06-01,2.0,,,,,,,,,
0.030286884307861327,0.008103704741792542,0.022299361228942872,0.012666002309924596,1.0,"{""ridge__alpha"": 1, ""splinetransformer__degree"": 2, ""splinetransformer__n_knots"": 3}",-2380.1604463633485,-3917.267488239511,-3114.5641033588163,-2952.235271377298,-4155.380844260396,-3909.8576744942898,-2970.8600055057886,-3735.3467640681597,-2406.881056248647,-2131.1550236001253,-3167.370867751638,690.7871312401404,13,-1727.9966982087462,-1667.845526114336,-1746.0446370829789,-1820.26818437295,-1867.1292239221898,-1994.1528810241912,-2084.94360371048,-2105.7687979273815,-2191.0428627016227,-2158.397538238534,-1936.358995330341,183.9255038672735,3167.370867751638,1,spline_ridge_change,development,2024-06-01,,2.0,3.0,,,,,,,
0.03736679553985596,0.01128233963812723,0.02116847038269043,0.015446422730347034,1.0,"{""ridge__alpha"": 1, ""splinetransformer__degree"": 2, ""splinetransformer__n_knots"": 5}",-5630.885606158928,-2773.0195301749977,-7641.957209022174,-2585.7775751407257,-4417.214750823464,-2813.262665845958,-4411.538252885094,-4797.915094419098,-2931.6937183627574,-2215.489620900346,-4021.875402373355,1616.7424799673906,15,-1114.34732798654,-1338.0562802901452,-1303.529892947422,-1493.0514608192561,-1513.339355153584,-1547.8394163902333,-1709.5805692345768,-1819.7413834866666,-1929.9418007333086,-1916.0253496347284,-1568.5452836676461,259.455224816042,4021.875402373355,1,spline_ridge_change,development,2024-06-01,,2.0,5.0,,,,,,,
0.03627958297729492,0.012497227545412862,0.024327349662780762,0.011186216447729372,1.0,"{""ridge__alpha"": 1, ""splinetransformer__degree"": 2, ""splinetransformer__n_knots"": 7}",-9268.95371952581,-7409.4514392474675,-8525.580308108309,-3659.4522111547617,-4173.4465696095185,-6706.7950472910925,-6063.291023977373,-4896.311558119218,-4931.700229386799,-2836.686897795617,-5847.166900421596,2012.4998595572047,17,-723.1850733316907,-998.5656841285959,-1053.5470014551051,-1172.8162009664877,-1257.0333734599071,-1295.1245629550547,-1359.7878028386012,-1528.9821726727373,-1701.3593948801365,-1787.5627084133641,-1287.7963975101682,309.14199045908197,5847.166900421596,1,spline_ridge_change,development,2024-06-01,,2.0,7.0,,,,,,,
0.030688834190368653,0.009251283273715312,0.020885539054870606,0.015562893505077217,1.0,"{""ridge__alpha"": 1, ""splinetransformer__degree"": 3, ""splinetransformer__n_knots"": 3}",-3955.5706788912375,-2853.426725257236,-4594.119477981709,-3507.8967793507195,-4939.259675453109,-5427.096017251404,-3489.9486016409087,-3938.1389604133788,-2516.031390856686,-2167.4266413002756,-3738.891494839666,998.661614545246,14,-1390.5361183307652,-1474.0348492946528,-1498.6179618770523,-1759.4568162522526,-1784.872037020109,-1829.802551345519,-1877.381222286763,-1935.3035670930274,-2036.832136703467,-2013.6810137964646,-1760.0518274000074,218.5386145217094,3738.891494839666,1,spline_ridge_change,development,2024-06-01,,3.0,3.0,,,,,,,
0.027298331260681152,0.007985576107435567,0.01957736015319824,0.012542253394898456,1.0,"{""ridge__alpha"": 1, ""splinetransformer__degree"": 3, ""splinetransformer__n_knots"": 5}",-6499.676744306504,-4747.865292395839,-5296.901411019348,-2679.013069709834,-3151.8189441689624,-3014.799612822559,-4760.389659153513,-4413.80629777053,-4802.34502585888,-2362.454321291738,-4172.907037849771,1253.0143657070594,16,-1041.6171956873025,-1220.4295686417368,-1205.3875943345856,-1316.2116543771842,-1337.7323095378006,-1411.6470463743985,-1496.017452258271,-1667.873309358514,-1773.0866290030704,-1818.152016681949,-1428.815477625481,244.19419604161743,4172.907037849771,1,spline_ridge_change,development,2024-06-01,,3.0,5.0,,,,,,,
0.042653894424438475,0.020266567324559805,0.015689516067504884,0.009659855049941175,1.0,"{""ridge__alpha"": 1, ""splinetransformer__degree"": 3, ""splinetransformer__n_knots"": 7}",-9885.839094635025,-7672.426644151509,-5493.6971596868725,-3504.676427832008,-4924.415555060589,-8014.5602221515655,-6433.964759542135,-4138.986907139196,-5923.509810113953,-3352.710938789998,-5934.478751910285,2005.4383151775469,18,-507.3512402790972,-771.6879806140125,-986.4255114319988,-1127.8238647838848,-1176.4031588326598,-1248.9636157989423,-1348.9914115592148,-1586.356415728018,-1672.1681613613216,-1733.2444952936837,-1215.9415855682835,373.25755680133983,5934.478751910285,1,spline_ridge_change,development,2024-06-01,,3.0,7.0,,,,,,,
0.027829408645629883,0.008331050660053668,0.024121904373168947,0.012138153383709677,100.0,"{""ridge__alpha"": 100, ""splinetransformer__degree"": 2, ""splinetransformer__n_knots"": 3}",-1963.3084594855518,-2580.1205229837033,-3305.3517606960836,-2723.989734984631,-3634.3534918571404,-3394.997548089581,-2346.302652760852,-3577.743577606683,-2456.465002827456,-2097.776764503253,-2808.0409515794936,589.9948360405929,3,-2040.9480849286995,-1937.432703705337,-1968.0857575906005,-2077.0777270881376,-2087.494066740033,-2206.05332792881,-2245.8184849659883,-2254.315270581782,-2315.42218916614,-2308.6088502167213,-2144.125646291225,132.20273742843284,2808.0409515794936,1,spline_ridge_change,development,2024-06-01,,2.0,3.0,,,,,,,
0.0336761474609375,0.014413437118385887,0.025117993354797363,0.01557106971560019,100.0,"{""ridge__alpha"": 100, ""splinetransformer__degree"": 2, ""splinetransformer__n_knots"": 5}",-2585.4530345721796,-2371.909814479721,-3920.6338700348674,-2549.2719402598855,-3734.143983698994,-2089.623081403741,-2693.9011556521286,-3644.5612214368416,-2196.900828465756,-2017.5032180792361,-2780.3902148083353,679.850115530963,2,-1818.6807735484908,-1760.3882552118205,-1769.6062089706788,-1921.3335526449796,-1931.0119401406362,-1983.2162861459867,-2025.8427606712537,-2074.8521131391244,-2155.1325956330797,-2131.8645783571696,-1957.192906446322,135.6472661899848,2780.3902148083353,1,spline_ridge_change,development,2024-06-01,,2.0,5.0,,,,,,,
0.036817383766174314,0.006184807259781345,0.017082524299621583,0.00533246567309249,100.0,"{""ridge__alpha"": 100, ""splinetransformer__degree"": 2, ""splinetransformer__n_knots"": 7}",-2528.1250612033073,-2285.3802736910925,-4024.381650646715,-2249.62663368683,-3100.7837250488114,-2455.486116661124,-2775.13288774934,-3658.190524755475,-2454.358228959148,-2183.2428131531183,-2771.4707915554964,598.2273174161558,1,-1711.8303432558193,-1659.9504482200848,-1622.3736319392235,-1766.1782934019902,-1791.3433357442311,-1829.9005827677247,-1863.599337097987,-1906.0640845992725,-1991.6652655636137,-1978.204748846936,-1812.1110071436883,119.73804315826409,2771.4707915554964,1,spline_ridge_change,development,2024-06-01,,2.0,7.0,,,,,,,
0.028250670433044432,0.011873394809804382,0.02104787826538086,0.011522808408268413,100.0,"{""ridge__alpha"": 100, ""splinetransformer__degree"": 3, ""splinetransformer__n_knots"": 3}",-2139.9009846806052,-2582.9364485032115,-3359.676568741524,-2927.933000162983,-3898.687537966747,-3365.156640183172,-2493.2862850429306,-3366.5428376087407,-2526.363361272934,-2225.515935801312,-2888.599959996416,555.0154821549161,6,-1940.0186764498549,-1884.8275070308903,-1909.9108480513837,-2045.5487952283493,-2066.011953268928,-2186.786481787128,-2220.2446998747387,-2235.713276666818,-2282.891149960991,-2270.2681317978218,-2104.22215201169,146.56675981343562,2888.599959996416,1,spline_ridge_change,development,2024-06-01,,3.0,3.0,,,,,,,
0.0333808422088623,0.012901696473676894,0.020322418212890624,0.01479205153064167,100.0,"{""ridge__alpha"": 100, ""splinetransformer__degree"": 3, ""splinetransformer__n_knots"": 5}",-2877.5878087603464,-2316.5964682495382,-4096.747757462399,-2526.0977535723237,-3675.3864047275624,-2364.1664369499163,-2679.5416312778857,-3530.938364376832,-2355.152259708535,-1935.7877170520987,-2835.800260213744,665.826192693072,4,-1776.2067283580657,-1730.1961649069992,-1710.0778853281802,-1893.0485285060413,-1919.200714323941,-1970.7678840111198,-1988.1179777578225,-2025.8996049829404,-2098.537717964722,-2098.5094444611555,-1921.0562650600991,135.52072184817573,2835.800260213744,1,spline_ridge_change,development,2024-06-01,,3.0,5.0,,,,,,,
0.03003060817718506,0.009032541593207096,0.020582938194274904,0.009270470680237527,100.0,"{""ridge__alpha"": 100, ""splinetransformer__degree"": 3, ""splinetransformer__n_knots"": 7}",-3148.6659688084305,-2092.696685962817,-4220.152831946768,-2242.9783744422843,-3152.3508195773575,-2481.273175674351,-2976.5172788754353,-3581.4410274495954,-2761.1072662001297,-2095.1640464673146,-2875.2347475404486,652.5490866412359,5,-1648.7487187591569,-1604.9116096184496,-1587.804627019281,-1734.436020887734,-1758.1747539249545,-1798.3062408489384,-1852.5463963870557,-1916.8204255901626,-1985.9530553194513,-1986.9493834500518,-1787.4651231805233,140.1355332647477,2875.2347475404486,1,spline_ridge_change,development,2024-06-01,,3.0,7.0,,,,,,,
0.023545265197753906,0.008112914627803355,0.024579668045043947,0.012109345859238336,1000.0,"{""ridge__alpha"": 1000, ""splinetransformer__degree"": 2, ""splinetransformer__n_knots"": 3}",-2849.449011590508,-2806.326991743536,-3702.203612414791,-3010.4794565311663,-4032.2236855305887,-3134.6194744150475,-2487.2893084539724,-3882.7482889998737,-2708.6786218796074,-2324.1202033348413,-3093.8138654893933,559.7115982955133,12,-2563.5631950634756,-2539.8472502064637,-2547.3389822673853,-2631.387920476664,-2645.4498524110477,-2746.4676096344533,-2759.4247167883977,-2726.05586914361,-2783.4732418105577,-2759.418259729272,-2670.2426897531327,91.24988108762393,3093.8138654893933,1,spline_ridge_change,development,2024-06-01,,2.0,3.0,,,,,,,
0.030886626243591307,0.012807628921716127,0.01907072067260742,0.017101252619178223,1000.0,"{""ridge__alpha"": 1000, ""splinetransformer__degree"": 2, ""splinetransformer__n_knots"": 5}",-2652.101109411203,-2701.5468197931896,-3721.2678862104517,-2883.7302828045454,-3988.4434591172217,-2891.4497264182846,-2503.537091445682,-3807.9427481106486,-2621.0346036667465,-2274.8060036223537,-3004.5859730600328,574.562031440983,10,-2454.380665341212,-2443.696290799671,-2439.4744030352426,-2533.27670985148,-2541.52440655622,-2631.1092500664863,-2634.564253226836,-2603.9344221249894,-2657.86409184782,-2628.689116165685,-2556.851360901564,81.85775501657912,3004.5859730600328,1,spline_ridge_change,development,2024-06-01,,2.0,5.0,,,,,,,
0.02824578285217285,0.010969993679568432,0.017616868019104004,0.009597300090839209,1000.0,"{""ridge__alpha"": 1000, ""splinetransformer__degree"": 2, ""splinetransformer__n_knots"": 7}",-2652.6481704825783,-2691.196022007749,-3708.1489272870226,-2847.1999682618575,-3890.852695617519,-2670.8444914426564,-2466.0937411609884,-3783.3044869038454,-2652.3081528554753,-2251.6332971090796,-2961.422995312877,566.3461944256342,8,-2408.0180817121027,-2399.6394513672367,-2390.0907089782786,-2486.577918225863,-2499.1656191579964,-2577.0227077120066,-2571.706999418925,-2535.830897984875,-2588.842554311299,-2556.072437685662,-2501.2967376554243,73.60187544871752,2961.422995312877,1,spline_ridge_change,development,2024-06-01,,2.0,7.0,,,,,,,
0.03397085666656494,0.01203210691214437,0.015678262710571288,0.01123061069288766,1000.0,"{""ridge__alpha"": 1000, ""splinetransformer__degree"": 3, ""splinetransformer__n_knots"": 3}",-2583.8830298393295,-2725.6445523028265,-3610.111655980522,-2918.4096648830077,-4025.687449164994,-3252.741628907193,-2460.4386514535363,-3785.373042407316,-2732.8179468651574,-2372.02629931724,-3046.713392112112,556.3347559938726,11,-2479.071561718959,-2460.6498355097374,-2468.2819610513047,-2557.6182154797384,-2570.950776750546,-2664.0519641518713,-2674.7022979984868,-2644.577857927989,-2695.543356290993,-2675.570579565134,-2589.101840644476,89.08080031788695,3046.713392112112,1,spline_ridge_change,development,2024-06-01,,3.0,3.0,,,,,,,
0.03506748676300049,0.01585424169240437,0.019680428504943847,0.014252494224043316,1000.0,"{""ridge__alpha"": 1000, ""splinetransformer__degree"": 3, ""splinetransformer__n_knots"": 5}",-2596.8851374591395,-2653.5254732833187,-3696.6990166125343,-2840.999291033943,-3930.5723201157384,-3025.8323241286016,-2457.9858046745067,-3759.976795295095,-2647.1213259919646,-2240.947225267059,-2985.05447138619,568.2995679803275,9,-2428.1466947624453,-2414.137135922378,-2409.8808266591736,-2505.910240985887,-2522.0816230111473,-2601.089882632175,-2600.462594258097,-2567.543488893538,-2621.9963432356667,-2593.4547455231054,-2526.470357588361,79.16024403120305,2985.05447138619,1,spline_ridge_change,development,2024-06-01,,3.0,5.0,,,,,,,
0.027668857574462892,0.009689626851245999,0.02018446922302246,0.015034745798300957,1000.0,"{""ridge__alpha"": 1000, ""splinetransformer__degree"": 3, ""splinetransformer__n_knots"": 7}",-2607.6514725836983,-2592.2653704578865,-3716.2815147946026,-2766.0314504442545,-3805.8208447434736,-2783.987869180493,-2502.9119413563035,-3715.24404610613,-2651.0829625741244,-2197.763778253246,-2933.9041250494215,553.5615459337546,7,-2383.3011727073863,-2374.3041209237335,-2362.447331692569,-2458.01604075164,-2471.6616050049965,-2541.6653505545482,-2539.9016975007835,-2505.871594892824,-2556.256153142156,-2527.811187402079,-2472.1236254572714,71.01721002211153,2933.9041250494215,1,spline_ridge_change,development,2024-06-01,,3.0,7.0,,,,,,,
0.4791025400161743,0.08555795275324361,0.01719191074371338,0.01073465270436418,,"{""max_depth"": 3, ""min_samples_leaf"": 5, ""n_estimators"": 100}",-1960.399636784221,-3196.22933450921,-3164.768781147684,-2476.5129749098196,-3616.372791640552,-2486.3880860693494,-2905.351115554422,-3114.29034596502,-2753.99509532027,-2255.635345509154,-2792.9943507409707,476.6843146405252,12,-1946.3181010112248,-1922.4201016507607,-1965.0208455519573,-2095.547554320402,-2096.337281389064,-2164.6664199475517,-2188.773077423371,-2242.193016782748,-2257.37630383977,-2258.760730024102,-2113.741343194096,124.0042913516648,2792.9943507409707,1,random_forest_change,development,2024-06-01,,,,3,5.0,100.0,,,,
0.8601309537887574,0.07154484930287754,0.061725282669067384,0.02223835258245315,,"{""max_depth"": 3, ""min_samples_leaf"": 5, ""n_estimators"": 200}",-1931.0609457477167,-3185.917177712829,-3185.853302520142,-2359.060194825719,-3548.2336018633646,-2514.4329399424955,-2873.908220667761,-3172.9065415335913,-2696.361833377383,-2194.783474815598,-2766.25182330066,489.78159735656976,1,-1946.92611137537,-1929.8307621590275,-1978.466373985875,-2097.017289119595,-2091.5415705749297,-2160.979203396481,-2186.3640067534516,-2228.4568806411316,-2258.2496593648625,-2258.497722154485,-2113.6329579525204,119.67636818355251,2766.25182330066,1,random_forest_change,development,2024-06-01,,,,3,5.0,200.0,,,,
0.43935768604278563,0.08462616801342317,0.039439845085144046,0.025505242821072593,,"{""max_depth"": 3, ""min_samples_leaf"": 12, ""n_estimators"": 100}",-2321.172326651263,-3028.8961882699623,-3207.5586535964053,-2284.423418224418,-3620.8051352219686,-2480.7790661101535,-2778.3508840506415,-3167.866012491308,-2685.3737266589937,-2224.4895981504237,-2779.9715009425536,443.32266274191994,7,-2212.4755321939574,-2145.480714917016,-2198.4545110363524,-2296.3809785741664,-2256.9467904740955,-2366.2348505661744,-2338.4268875699404,-2360.4349440427686,-2383.5074488935534,-2380.0956437926952,-2293.8438302060717,81.38844507174448,2779.9715009425536,1,random_forest_change,development,2024-06-01,,,,3,12.0,100.0,,,,
0.8436634063720703,0.11247743375634879,0.05355050563812256,0.031609047405736446,,"{""max_depth"": 3, ""min_samples_leaf"": 12, ""n_estimators"": 200}",-2322.6045776849846,-2992.6008366196274,-3180.9978138934002,-2226.5559868469586,-3621.209811241704,-2497.576710986736,-2794.658231730873,-3176.1631202636727,-2681.3864948123596,-2194.2102911390502,-2768.7963875219366,449.18650357467635,2,-2217.9618222554454,-2139.383163305644,-2201.7970460916936,-2286.7976231918383,-2243.1567630292043,-2355.5510202391633,-2340.5482596472207,-2361.028836437426,-2387.8492803405875,-2384.5548085920054,-2291.8628623130226,82.60555976344831,2768.7963875219366,1,random_forest_change,development,2024-06-01,,,,3,12.0,200.0,,,,
0.38350114822387693,0.05680252045627959,0.028458571434020995,0.01442807530673505,,"{""max_depth"": 5, ""min_samples_leaf"": 5, ""n_estimators"": 100}",-1917.3665984516422,-3244.3609922066184,-3186.3566982214184,-2416.828651416978,-3601.1760541346516,-2312.04285838911,-2908.224988065473,-3189.929990626089,-2764.4503682899904,-2232.558858169716,-2777.329605797169,513.2686663903899,6,-1764.5312289809704,-1747.026385982951,-1751.480117045509,-1865.576113279763,-1818.0281491266326,-1875.1950619005554,-1866.4409224748263,-1896.7951692192296,-1915.582674663447,-1924.3578051643713,-1842.5013627838257,64.22010248816451,2777.329605797169,1,random_forest_change,development,2024-06-01,,,,5,5.0,100.0,,,,
0.8341514587402343,0.07682602319892698,0.034993529319763184,0.016400917619724672,,"{""max_depth"": 5, ""min_samples_leaf"": 5, ""n_estimators"": 200}",-1876.1513121695698,-3251.260573443131,-3233.639003412176,-2343.635820313417,-3565.6207900699883,-2350.2761578566256,-2896.7711912340305,-3255.199143272776,-2738.81878194344,-2246.5724875546607,-2775.7945261269815,525.6051091951452,5,-1776.894973514544,-1753.103089039989,-1767.2459632806779,-1863.0826904720204,-1826.8313290257618,-1873.477599322272,-1860.006921357087,-1884.6665162419636,-1902.56455135963,-1917.1577005362644,-1842.5031334150212,55.54619083019108,2775.7945261269815,1,random_forest_change,development,2024-06-01,,,,5,5.0,200.0,,,,
0.43661048412323,0.11244804009093577,0.016552066802978514,0.013595846125615482,,"{""max_depth"": 5, ""min_samples_leaf"": 12, ""n_estimators"": 100}",-2321.172326651263,-3028.896188269962,-3212.688017657025,-2279.160532278598,-3600.587864560133,-2484.321348072677,-2756.4461024622547,-3227.8789693260137,-2709.6877714637917,-2191.939419238115,-2781.2778539979836,449.80158207362445,9,-2212.4755321939574,-2144.9114796228987,-2194.455043682651,-2281.7615491059096,-2231.3835374706864,-2325.5690475176634,-2276.5974294999232,-2286.5493453429312,-2290.538118175723,-2280.2133373990823,-2252.445442001143,52.098594424534184,2781.2778539979836,1,random_forest_change,development,2024-06-01,,,,5,12.0,100.0,,,,
0.8353566646575927,0.03757488902533615,0.057860302925109866,0.029659166254238395,,"{""max_depth"": 5, ""min_samples_leaf"": 12, ""n_estimators"": 200}",-2322.6045776849846,-2992.600836619628,-3181.6943932384843,-2228.597839157073,-3605.1964907168363,-2498.90115850372,-2761.564384034744,-3243.288914537387,-2718.557066552861,-2197.003757590824,-2775.000941863654,451.4603704413117,4,-2217.9618222554454,-2139.098545658585,-2197.367729347912,-2273.780163485569,-2221.780876851419,-2321.056984949735,-2281.7203860447635,-2286.5768156727063,-2295.8986758202227,-2294.4599720923125,-2252.9701972178673,53.70832961469027,2775.000941863654,1,random_forest_change,development,2024-06-01,,,,5,12.0,200.0,,,,
0.3953118801116943,0.049413746312673625,0.03795578479766846,0.023368411548799137,,"{""max_depth"": null, ""min_samples_leaf"": 5, ""n_estimators"": 100}",-1921.481443432914,-3257.512406147079,-3173.4992467531392,-2405.322480846653,-3650.024995722289,-2257.0259564038897,-2911.006542846382,-3268.6576641385395,-2802.1053750468513,-2268.1424454754256,-2791.4778556813167,529.8925242928758,11,-1748.525211199813,-1713.833826927318,-1696.7370571630536,-1811.3153211227404,-1744.673433145553,-1782.0154572245085,-1778.2071390087015,-1777.8474459639544,-1747.2866689804741,-1749.909385445447,-1755.0350946181563,32.07025118761452,2791.4778556813167,1,random_forest_change,development,2024-06-01,,,,,5.0,100.0,,,,
0.8131510257720947,0.08764442421805094,0.06610848903656005,0.02970373982319114,,"{""max_depth"": null, ""min_samples_leaf"": 5, ""n_estimators"": 200}",-1882.8109300110088,-3251.119857888178,-3232.202780303283,-2348.0724132986197,-3576.2155515454415,-2337.183687902201,-2876.5130065955527,-3269.673538051921,-2799.410098253457,-2235.1850082347332,-2780.83868720844,528.609918632743,8,-1762.721714735411,-1718.9490089471817,-1708.6424028033061,-1801.1700304444755,-1750.3846048874857,-1772.5165093560463,-1770.1224303633542,-1770.8045587784304,-1743.8919320358816,-1752.3000907732326,-1755.1503283124807,25.64576380514631,2780.83868720844,1,random_forest_change,development,2024-06-01,,,,,5.0,200.0,,,,
0.3936187982559204,0.06322411835832664,0.021562361717224122,0.010658563278076814,,"{""max_depth"": null, ""min_samples_leaf"": 12, ""n_estimators"": 100}",-2321.172326651263,-3028.896188269962,-3212.688017657025,-2279.160532278598,-3600.587864560133,-2484.321348072677,-2756.4461024622547,-3227.8789693260137,-2708.323933139292,-2193.5554887991184,-2781.3030771216336,449.6120047906234,10,-2212.4755321939574,-2144.9114796228987,-2194.455043682651,-2281.7615491059096,-2231.3835374706864,-2325.5690475176634,-2276.5974294999232,-2285.8506969098826,-2289.538766257254,-2275.7520700485475,-2251.8295152309374,51.7577841555906,2781.3030771216336,1,random_forest_change,development,2024-06-01,,,,,12.0,100.0,,,,
0.7083005666732788,0.09518021102378858,0.017760872840881348,0.009426061426118728,,"{""max_depth"": null, ""min_samples_leaf"": 12, ""n_estimators"": 200}",-2322.6045776849846,-2992.600836619628,-3181.6943932384843,-2228.597839157073,-3605.1964907168363,-2498.90115850372,-2761.564384034744,-3243.288914537387,-2715.9881518521465,-2197.949698220407,-2774.8386444565413,451.3721733196809,3,-2217.9618222554454,-2139.098545658585,-2197.367729347912,-2273.780163485569,-2221.780876851419,-2321.056984949735,-2281.7203860447635,-2286.2489359273486,-2294.3463809495374,-2291.120000241384,-2252.4481825711696,53.31447431035807,2774.8386444565413,1,random_forest_change,development,2024-06-01,,,,,12.0,200.0,,,,
2.208376884460449,1.0035863578478206,0.005643367767333984,0.005138420740001504,,"{""learning_rate"": 0.01, ""max_depth"": 2, ""n_estimators"": 100, ""reg_lambda"": 1}",-2378.7223307291665,-3041.34765625,-3356.3245442708335,-2676.6783854166665,-3751.8264973958335,-2565.5078125,-2652.6865234375,-3680.595703125,-2769.23828125,-2260.2945963541665,-2913.322233072917,498.23167561350067,16,-2278.315955528846,-2260.440234375,-2340.890203737745,-2414.2599026864036,-2419.3853546626983,-2526.5587635869565,-2550.457005208333,-2555.1035397376545,-2596.0971848060344,-2596.9162466397847,-2453.842439096946,122.19190250212637,2913.322233072917,1,xgboost_change,development,2024-06-01,,,,2,,100.0,0.01,1.0,,
0.17123708724975586,0.017379798941318032,0.0034861326217651366,0.000928676096788259,,"{""learning_rate"": 0.01, ""max_depth"": 2, ""n_estimators"": 100, ""reg_lambda"": 30}",-2778.1419270833335,-2981.9853515625,-3650.2236328125,-2974.3857421875,-3972.7975260416665,-2665.666015625,-2607.9049479166665,-3824.6796875,-2809.0302734375,-2361.0152994791665,-3062.583040364583,526.3597881793667,24,-2519.9016927083335,-2511.933637152778,-2530.9125689338234,-2622.6789679276317,-2639.789620535714,-2741.8202275815215,-2745.213411458333,-2723.131630979938,-2773.9872934626437,-2762.0309139784945,-2657.139996471921,100.63754740928623,3062.583040364583,1,xgboost_change,development,2024-06-01,,,,2,,100.0,0.01,30.0,,
0.2852153301239014,0.015458904623786048,0.003283834457397461,0.001377812425303405,,"{""learning_rate"": 0.01, ""max_depth"": 2, ""n_estimators"": 200, ""reg_lambda"": 1}",-2194.6419270833335,-3061.6686197916665,-3345.6350911458335,-2498.3548177083335,-3599.2747395833335,-2443.9010416666665,-2639.3811848958335,-3427.0927734375,-2597.7841796875,-2070.9274088541665,-2787.866178385417,507.8673492476805,4,-2035.3709435096155,-2024.5767795138888,-2120.422909007353,-2187.346559758772,-2161.38671875,-2284.275334012681,-2306.3405729166666,-2324.1982301311727,-2353.8618893678163,-2348.5502142137098,-2214.6330151181674,119.70584218972459,2787.866178385417,1,xgboost_change,development,2024-06-01,,,,2,,200.0,0.01,1.0,,
0.2649205207824707,0.015318499749851923,0.0032407760620117186,0.0008853525081778739,,"{""learning_rate"": 0.01, ""max_depth"": 2, ""n_estimators"": 200, ""reg_lambda"": 30}",-2527.6165364583335,-2987.3151041666665,-3507.9339192708335,-2707.32421875,-3783.1722005208335,-2592.4420572916665,-2648.4443359375,-3589.3020833333335,-2683.0501302083335,-2246.2180989583335,-2927.2818684895833,493.2604416502562,18,-2335.441105769231,-2303.3361545138887,-2327.44921875,-2414.4513774671054,-2418.021453373016,-2525.0896173007245,-2539.4007291666667,-2533.4878954475307,-2574.6023257902298,-2562.6673387096776,-2453.394721628807,100.32180568377936,2927.2818684895833,1,xgboost_change,development,2024-06-01,,,,2,,200.0,0.01,30.0,,
0.15328290462493896,0.012359676538683846,0.0029497861862182615,0.0011989502612224409,,"{""learning_rate"": 0.01, ""max_depth"": 4, ""n_estimators"": 100, ""reg_lambda"": 1}",-2338.2464192708335,-3049.9742838541665,-3308.0416666666665,-2640.1901041666665,-3695.5159505208335,-2487.2464192708335,-2672.0491536458335,-3768.0732421875,-2837.4694010416665,-2275.7444661458335,-2907.2551106770834,507.3323490697427,15,-2199.26507411859,-2153.7375868055556,-2212.474226409314,-2239.240474232456,-2223.1771143353176,-2339.689113451087,-2345.0061458333334,-2345.2986111111113,-2380.6109689295977,-2389.948273689516,-2282.844758891588,81.29759892906105,2907.2551106770834,1,xgboost_change,development,2024-06-01,,,,4,,100.0,0.01,1.0,,
0.16073009967803956,0.008432210644908834,0.003420710563659668,0.0016741341523971453,,"{""learning_rate"": 0.01, ""max_depth"": 4, ""n_estimators"": 100, ""reg_lambda"": 30}",-2795.9622395833335,-2965.8567708333335,-3651.0930989583335,-2994.4404296875,-3974.712890625,-2622.0006510416665,-2584.6552734375,-3840.3180338541665,-2814.1578776041665,-2336.5813802083335,-3057.977864583333,536.599655115498,23,-2512.0431189903848,-2503.34453125,-2511.1066559436276,-2589.7141241776317,-2604.1999627976193,-2694.94384057971,-2684.2601302083335,-2663.4774305555557,-2713.1014727011493,-2702.923324092742,-2617.9114591296757,80.88547136989142,3057.977864583333,1,xgboost_change,development,2024-06-01,,,,4,,100.0,0.01,30.0,,
0.29192779064178465,0.014399009633031342,0.004359674453735351,0.0023820964546724154,,"{""learning_rate"": 0.01, ""max_depth"": 4, ""n_estimators"": 200, ""reg_lambda"": 1}",-2139.1988932291665,-3039.7210286458335,-3259.9410807291665,-2414.6927083333335,-3508.6136067708335,-2231.3076171875,-2663.0458984375,-3515.5185546875,-2730.5328776041665,-2188.083984375,-2769.065625,507.9465340713455,2,-1919.7501001602564,-1853.7801215277777,-1905.344669117647,-1912.8725671600878,-1868.3634672619048,-1974.4238564311595,-1978.7704427083333,-1983.8148871527778,-1998.3859779094828,-2008.1003864247311,-1940.3606475854158,52.50312954244677,2769.065625,1,xgboost_change,development,2024-06-01,,,,4,,200.0,0.01,1.0,,
0.327504825592041,0.031226538648848064,0.0035248994827270508,0.0006259216016444033,,"{""learning_rate"": 0.01, ""max_depth"": 4, ""n_estimators"": 200, ""reg_lambda"": 30}",-2546.8912760416665,-2968.6923828125,-3482.1927083333335,-2735.5537109375,-3762.5751953125,-2531.9622395833335,-2644.140625,-3636.59375,-2737.6845703125,-2248.4524739583335,-2929.4738932291666,492.45211468477294,19,-2317.5232371794873,-2276.2774305555554,-2287.450291053922,-2347.288754111842,-2346.9026847718255,-2436.2886379076085,-2431.047864583333,-2418.530574845679,-2461.744971264368,-2450.40727906586,-2377.346172533948,66.4985124027492,2929.4738932291666,1,xgboost_change,development,2024-06-01,,,,4,,200.0,0.01,30.0,,
0.1791457176208496,0.011748378218587725,0.003324294090270996,0.0009427639359074503,,"{""learning_rate"": 0.05, ""max_depth"": 2, ""n_estimators"": 100, ""reg_lambda"": 1}",-1980.1936848958333,-3055.2281901041665,-3353.7001953125,-2495.0074869791665,-3432.8815104166665,-2525.9895833333335,-2539.2164713541665,-3420.87890625,-2612.4632161458335,-1982.7041015625,-2739.8263346354165,522.7696885983072,1,-1616.6590044070513,-1638.77578125,-1670.6885723039215,-1784.8106496710527,-1749.1090029761904,-1895.0952785326087,-1905.7360416666668,-1934.7637924382716,-1967.1291082974137,-1999.9964297715053,-1816.2763661314682,135.20918486808094,2739.8263346354165,1,xgboost_change,development,2024-06-01,,,,2,,100.0,0.05,1.0,,
0.16701865196228027,0.01238006173467834,0.002942204475402832,0.0009597781249018019,,"{""learning_rate"": 0.05, ""max_depth"": 2, ""n_estimators"": 100, ""reg_lambda"": 30}",-2217.0891927083335,-3005.1438802083335,-3388.6666666666665,-2421.9866536458335,-3579.33203125,-2549.78125,-2847.0305989583335,-3483.3896484375,-2532.8658854166665,-2159.4352213541665,-2818.4721028645836,498.8751714505148,9,-1989.8636818910256,-1990.591579861111,-2044.9222579656862,-2136.9842036732457,-2107.679625496032,-2209.7500849184785,-2212.5195833333332,-2234.825713734568,-2295.167721803161,-2263.6292842741937,-2148.5933736950833,106.15842410895478,2818.4721028645836,1,xgboost_change,development,2024-06-01,,,,2,,100.0,0.05,30.0,,
0.2666075944900513,0.008788789423603442,0.002958059310913086,0.00047721585494774933,,"{""learning_rate"": 0.05, ""max_depth"": 2, ""n_estimators"": 200, ""reg_lambda"": 1}",-2152.6832682291665,-3012.8326822916665,-3377.1559244791665,-2708.4505208333335,-3446.4137369791665,-2733.947265625,-2484.8831380208335,-3649.3795572916665,-2541.5947265625,-2225.5966796875,-2833.29375,493.3956469342941,11,-1209.7521033653845,-1264.7965711805555,-1286.4525505514705,-1414.0631510416667,-1371.8770771329366,-1480.9378113677535,-1532.6569010416667,-1564.5657069830247,-1593.7063128591954,-1617.070060483871,-1433.5878246007524,138.90525743332176,2833.29375,1,xgboost_change,development,2024-06-01,,,,2,,200.0,0.05,1.0,,
0.2847466945648193,0.01972639177290676,0.003252410888671875,0.0010298416393206187,,"{""learning_rate"": 0.05, ""max_depth"": 2, ""n_estimators"": 200, ""reg_lambda"": 30}",-2061.755859375,-2981.7122395833335,-3348.1302083333335,-2479.1520182291665,-3548.287109375,-2400.5914713541665,-2919.3151041666665,-3525.9192708333335,-2477.2294921875,-2125.5052083333335,-2786.759798177083,529.0973964964015,3,-1702.9319911858975,-1677.0149739583333,-1718.0655637254902,-1797.816988760965,-1777.1473834325398,-1887.9849411231885,-1907.5802083333333,-1940.7900511188273,-2013.3134877873563,-1977.6109290994623,-1840.025651852539,114.87045841476619,2786.759798177083,1,xgboost_change,development,2024-06-01,,,,2,,200.0,0.05,30.0,,
0.17256360054016112,0.009888688998587934,0.002948093414306641,0.0007691877757771255,,"{""learning_rate"": 0.05, ""max_depth"": 4, ""n_estimators"": 100, ""reg_lambda"": 1}",-1900.279296875,-2893.7652994791665,-3247.1513671875,-2391.3645833333335,-3436.1705729166665,-2550.3997395833335,-2835.9817708333335,-3730.609375,-2707.2360026041665,-2459.8743489583335,-2815.2832356770837,513.9565305789287,8,-1426.0045572916667,-1339.8852864583334,-1372.8060661764705,-1382.2979029605262,-1330.2096354166667,-1413.4221297554348,-1443.5271875,-1432.6240354938273,-1469.8755836925288,-1472.067603326613,-1408.2719988072067,47.69146607400946,2815.2832356770837,1,xgboost_change,development,2024-06-01,,,,4,,100.0,0.05,1.0,,
0.17836546897888184,0.012902338198004994,0.003531789779663086,0.0010806557644351034,,"{""learning_rate"": 0.05, ""max_depth"": 4, ""n_estimators"": 100, ""reg_lambda"": 30}",-2190.2265625,-2977.8147786458335,-3313.7158203125,-2451.0052083333335,-3556.8743489583335,-2376.0992838541665,-2881.9508463541665,-3504.1432291666665,-2585.7972005208335,-2168.880859375,-2800.650813802083,498.84038010937076,6,-1943.7332732371794,-1907.9716145833333,-1926.2609145220588,-1983.2627467105262,-1920.9017857142858,-2014.2806838768115,-2005.5573177083334,-1999.146701388889,-2024.069998204023,-2013.0509492607528,-1973.8235985206193,42.12183058422321,2800.650813802083,1,xgboost_change,development,2024-06-01,,,,4,,100.0,0.05,30.0,,
0.2983583927154541,0.014634584340661066,0.003410816192626953,0.0009592987562150221,,"{""learning_rate"": 0.05, ""max_depth"": 4, ""n_estimators"": 200, ""reg_lambda"": 1}",-2124.4251302083335,-2892.1966145833335,-3134.2757161458335,-2713.1171875,-3608.7565104166665,-2766.1028645833335,-2792.6236979166665,-3985.8382161458335,-2745.9417317708335,-2618.9697265625,-2938.2247395833333,499.03173862175544,20,-976.2784955929487,-884.0504340277778,-865.2876455269608,-888.2469846491229,-882.568111359127,-926.3500622735507,-927.3277083333334,-946.2644675925926,-985.2361260775862,-972.4162256384409,-925.4026261071442,41.66251599261547,2938.2247395833333,1,xgboost_change,development,2024-06-01,,,,4,,200.0,0.05,1.0,,
0.30065948963165284,0.01469539041648853,0.0025614023208618162,0.0004094728429484381,,"{""learning_rate"": 0.05, ""max_depth"": 4, ""n_estimators"": 200, ""reg_lambda"": 30}",-2057.1497395833335,-2983.9860026041665,-3255.5537109375,-2448.6458333333335,-3487.0283203125,-2309.4267578125,-2966.6233723958335,-3568.9827473958335,-2561.2333984375,-2269.5647786458335,-2790.8194661458333,508.5225970866363,5,-1628.8531149839744,-1560.784375,-1550.5731464460785,-1589.1532346491229,-1527.0062624007937,-1587.0922214673913,-1575.6884114583333,-1561.4476273148148,-1600.3864493534484,-1575.4618405577958,-1575.6446683631755,26.783423478298864,2790.8194661458333,1,xgboost_change,development,2024-06-01,,,,4,,200.0,0.05,30.0,,
0.14990413188934326,0.010885461095346459,0.002618694305419922,0.0008585197277544724,,"{""learning_rate"": 0.1, ""max_depth"": 2, ""n_estimators"": 100, ""reg_lambda"": 1}",-2062.3248697916665,-2870.4065755208335,-3368.11328125,-2511.4410807291665,-3517.6520182291665,-2923.6318359375,-2781.96484375,-3764.6809895833335,-2816.6253255208335,-2201.8388671875,-2881.86796875,520.3300934658361,13,-1287.9853766025642,-1234.3190538194444,-1291.8524433210785,-1411.534882127193,-1376.4595424107142,-1481.8266530797102,-1540.2467447916667,-1531.630931712963,-1592.2757722701149,-1608.6750042002689,-1435.6806404335719,128.006310067917,2881.86796875,1,xgboost_change,development,2024-06-01,,,,2,,100.0,0.1,1.0,,
0.15725250244140626,0.007480254257129121,0.002716827392578125,0.0006189607760193062,,"{""learning_rate"": 0.1, ""max_depth"": 2, ""n_estimators"": 100, ""reg_lambda"": 30}",-2096.6409505208335,-3009.0166015625,-3313.4814453125,-2456.6429036458335,-3484.5120442708335,-2502.3251953125,-2980.2008463541665,-3555.4287109375,-2564.0032552083335,-2133.4453125,-2809.5697265625,507.8725146391223,7,-1705.8970853365386,-1718.0993489583334,-1754.8367800245098,-1813.51953125,-1766.658947172619,-1907.712211277174,-1897.5477083333333,-1954.830005787037,-2022.4885506465516,-1991.0101016465053,-1853.2600270432602,110.27543289475716,2809.5697265625,1,xgboost_change,development,2024-06-01,,,,2,,100.0,0.1,30.0,,
0.2815716028213501,0.01277935203298813,0.003116750717163086,0.0007004046681934679,,"{""learning_rate"": 0.1, ""max_depth"": 2, ""n_estimators"": 200, ""reg_lambda"": 1}",-2531.3043619791665,-2855.8365885416665,-3286.0250651041665,-2953.4069010416665,-3505.6598307291665,-3152.123046875,-2440.6357421875,-3857.8121744791665,-2927.34765625,-2412.2115885416665,-2992.236295572917,447.4566078493646,21,-855.7805488782051,-867.4082899305556,-871.6730238970588,-972.2775150767544,-955.6613963293651,-1057.7630491394928,-1116.090546875,-1167.5365788966049,-1209.616873204023,-1218.3605510752689,-1029.216837330233,136.2161849973921,2992.236295572917,1,xgboost_change,development,2024-06-01,,,,2,,200.0,0.1,1.0,,
0.2835214853286743,0.02356531953386743,0.0029635906219482424,0.0008348603728964617,,"{""learning_rate"": 0.1, ""max_depth"": 2, ""n_estimators"": 200, ""reg_lambda"": 30}",-2043.5322265625,-2895.423828125,-3338.5299479166665,-2615.3404947916665,-3444.376953125,-2559.0550130208335,-2917.0732421875,-3836.7373046875,-2368.576171875,-2198.0322265625,-2821.6677408854166,548.7318264969723,10,-1324.0023537660256,-1337.9896267361112,-1353.455805759804,-1429.5146655701753,-1392.9794456845239,-1509.9367074275362,-1529.6042447916666,-1568.3537567515432,-1646.1789691091954,-1644.5941490255377,-1473.660972462212,116.6640542576442,2821.6677408854166,1,xgboost_change,development,2024-06-01,,,,2,,200.0,0.1,30.0,,
0.15069658756256105,0.015235386437310152,0.003079986572265625,0.000703384948818242,,"{""learning_rate"": 0.1, ""max_depth"": 4, ""n_estimators"": 100, ""reg_lambda"": 1}",-1988.9055989583333,-2881.7643229166665,-3492.0628255208335,-2557.3336588541665,-3568.9524739583335,-2942.9111328125,-2605.5325520833335,-3753.1686197916665,-2767.3115234375,-2443.9915364583335,-2900.193424479167,528.0038147744732,14,-1029.900390625,-893.9958333333333,-853.0287990196078,-916.8983689692982,-857.9656187996031,-945.7634454257246,-962.4379166666666,-940.8403260030864,-977.486642420977,-1000.842027889785,-937.9159369153083,55.34142166952469,2900.193424479167,1,xgboost_change,development,2024-06-01,,,,4,,100.0,0.1,1.0,,
0.16613976955413817,0.00688051701653479,0.003345155715942383,0.0005924337210851687,,"{""learning_rate"": 0.1, ""max_depth"": 4, ""n_estimators"": 100, ""reg_lambda"": 30}",-1992.8902994791667,-2876.5576171875,-3365.1051432291665,-2355.8837890625,-3473.9029947916665,-2517.1614583333335,-3039.0911458333335,-3692.314453125,-2716.06640625,-2310.2731119791665,-2833.924641927083,528.8450789380871,12,-1631.0640024038462,-1575.680685763889,-1584.9080499387255,-1585.635622258772,-1522.0867125496031,-1617.9709578804348,-1614.146640625,-1592.1346450617284,-1618.9800871048851,-1587.6782594086021,-1593.0285662995484,29.44824383875008,2833.924641927083,1,xgboost_change,development,2024-06-01,,,,4,,100.0,0.1,30.0,,
0.2881786346435547,0.012565782592588977,0.00353848934173584,0.0016842433374464887,,"{""learning_rate"": 0.1, ""max_depth"": 4, ""n_estimators"": 200, ""reg_lambda"": 1}",-2452.8743489583335,-2845.6315104166665,-3418.447265625,-2645.3190104166665,-3665.0270182291665,-3051.0517578125,-2784.451171875,-3835.3473307291665,-2848.8170572916665,-2486.9072265625,-3003.387369791667,458.17160953909706,22,-554.130859375,-470.74092881944443,-416.0781632965686,-438.81856496710526,-414.43976314484127,-462.4046082427536,-489.02065104166667,-480.49182581018516,-511.7058638649425,-531.2601646505376,-476.90913932130445,44.260270109005546,3003.387369791667,1,xgboost_change,development,2024-06-01,,,,4,,200.0,0.1,1.0,,
0.22789907455444336,0.05225485384868315,0.0027725696563720703,0.0011573386218623198,,"{""learning_rate"": 0.1, ""max_depth"": 4, ""n_estimators"": 200, ""reg_lambda"": 30}",-2051.9840494791665,-2789.5657552083335,-3310.1953125,-2589.9274088541665,-3586.2239583333335,-2701.6904296875,-3043.7701822916665,-3866.6490885416665,-2651.9130859375,-2564.7412109375,-2915.6660481770837,513.0822190661039,17,-1224.927734375,-1170.6408854166666,-1091.638671875,-1128.6271587171052,-1059.3656374007937,-1109.603911911232,-1087.1386197916668,-1079.4820842978395,-1122.5338766163793,-1085.777091733871,-1115.9735672135553,46.877291160929275,2915.6660481770837,1,xgboost_change,development,2024-06-01,,,,4,,200.0,0.1,30.0,,
3.670263171195984,0.9109222602904842,0.001870107650756836,0.00025382008338431576,,"{""regressor__mlpregressor__alpha"": 0.01, ""regressor__mlpregressor__hidden_layer_sizes"": [16]}",-3309.924472167497,-5049.516309443282,-4696.07793712166,-4475.4692932845055,-6481.851378731765,-8823.62750859184,-10454.51970123269,-4868.336323375518,-5192.58179998339,-3980.2730044335444,-5733.21777283657,2133.360903279045,9,-7.753531134118814,-8.316143599773204,-11.760528473892133,-11.230270206178574,-18.525737172402017,-16.763258319570593,-33.40556338644198,-31.974338990732825,-36.12104186516076,-116.06370053716479,-29.191411368543566,30.676263699427746,5733.21777283657,1,neural_network_change,development,2024-06-01,,,,,,,,,0.01,"(16,)"
2.2492371797561646,0.3037447969348611,0.001858663558959961,0.00017227776780156338,,"{""regressor__mlpregressor__alpha"": 0.01, ""regressor__mlpregressor__hidden_layer_sizes"": [32]}",-3068.5438006017025,-4166.50440211997,-3525.9810429808517,-3956.465463246232,-5033.991186248562,-6179.927817307672,-4223.09539657091,-5664.124096170422,-4143.094834235802,-2826.6366728275657,-4278.836471230969,1018.9203635425654,8,-7.997206742490305,-7.219339213542844,-7.376744641534007,-8.023419902650442,-8.97903012083892,-9.525468461728082,-9.781039541131177,-9.60889800813823,-10.45861807784441,-11.561510310523293,-9.05312750204217,1.3297754186887427,4278.836471230969,1,neural_network_change,development,2024-06-01,,,,,,,,,0.01,"(32,)"
11.55997064113617,5.116330704662266,0.001919865608215332,9.026429480088507e-05,,"{""regressor__mlpregressor__alpha"": 0.01, ""regressor__mlpregressor__hidden_layer_sizes"": [32, 16]}",-2463.931293893965,-3874.87996409755,-3328.773282084628,-3960.8464039381597,-5705.433881236786,-2768.4663878055394,-3892.932193110568,-4890.396222535205,-4375.336948015301,-2400.934193243171,-3766.1930769960877,1010.3425963623145,4,-3.554989766463386,-4.199772876133244,-4.0016811597159565,-4.087540454148104,-4.514168964413359,-94.60121498807912,-5.788474921570741,-4.242319470965783,-5.124777849747616,-5.306613132330488,-13.54215535835678,27.027379769480593,3766.1930769960877,1,neural_network_change,development,2024-06-01,,,,,,,,,0.01,"(32, 16)"
1.452608323097229,0.5242787329676541,0.001976609230041504,8.555608438746431e-05,,"{""regressor__mlpregressor__alpha"": 1, ""regressor__mlpregressor__hidden_layer_sizes"": [16]}",-3253.7655507551813,-3688.9299485177794,-3653.4110700163114,-3495.2644935782823,-4438.1981337302195,-5882.95918738584,-3953.425909199905,-5093.270965793064,-3613.814157601335,-2883.0573594309158,-3995.609677600884,857.9034515740778,7,-624.9202616300785,-682.2873044312078,-767.3097175757608,-889.9252776312392,-896.34685561649,-866.2997453397278,-794.053180849628,-774.0674126825666,-920.5543318870389,-859.837127461644,-807.5601215105381,92.51643884041077,3995.609677600884,1,neural_network_change,development,2024-06-01,,,,,,,,,1.0,"(16,)"
2.6288602113723756,0.8410910528374264,0.0019401073455810546,6.666545012224461e-05,,"{""regressor__mlpregressor__alpha"": 1, ""regressor__mlpregressor__hidden_layer_sizes"": [32]}",-2682.320532835051,-3688.433177468529,-3397.25721799518,-3297.152248991193,-4719.011929374304,-5826.935522107257,-4053.7128842833276,-4471.994421691558,-3519.352167579041,-2665.1707344462848,-3832.134083677173,922.062042292924,5,-554.7854765238873,-597.8255667252689,-652.3458537992102,-654.0940497766462,-717.145267119986,-640.7496970026599,-649.7472480234486,-660.1283367231524,-629.0887450730603,-628.5688365948672,-638.4479077362187,40.08617008800841,3832.134083677173,1,neural_network_change,development,2024-06-01,,,,,,,,,1.0,"(32,)"
14.31379246711731,4.48668771795576,0.002043628692626953,0.0002655042870599206,,"{""regressor__mlpregressor__alpha"": 1, ""regressor__mlpregressor__hidden_layer_sizes"": [32, 16]}",-2625.827887471538,-3676.2090707728644,-2802.810163736556,-3695.876209907124,-4514.717196397468,-5314.3331524345695,-5144.993732526123,-3802.8246038652046,-5215.325816537549,-1910.5254717140488,-3870.344330536305,1119.6451792926275,6,-292.0635044384196,-309.52809446799205,-309.0446984608633,-286.00084456771566,-301.2990311341306,-299.5099155797087,-258.2472049656691,-294.5035253955616,-254.46755295022635,-292.015911163162,-289.6680283123449,18.100948260485133,3870.344330536305,1,neural_network_change,development,2024-06-01,,,,,,,,,1.0,"(32, 16)"
0.7131839513778686,0.3723817549231569,0.0018575191497802734,0.00019204154059336583,,"{""regressor__mlpregressor__alpha"": 10, ""regressor__mlpregressor__hidden_layer_sizes"": [16]}",-1911.7827103434975,-2704.866529817354,-2992.464728276049,-2866.9798797304625,-3861.4186960686034,-5078.951003568823,-3188.97866496745,-3499.6505148754404,-2839.213091268901,-2002.6406871156094,-3094.694650603219,870.024255175582,3,-2050.8470328646395,-1964.5964819716937,-1946.7448926973361,-1974.7236368998674,-1991.0884648865742,-2129.8588848475038,-2237.7367751065194,-2289.3650842215516,-2333.490836231807,-2330.243997717927,-2124.8696087445414,151.28137574102533,3094.694650603219,1,neural_network_change,development,2024-06-01,,,,,,,,,10.0,"(16,)"
1.6969263315200807,0.5435116958206166,0.00196993350982666,0.00010419176968531028,,"{""regressor__mlpregressor__alpha"": 10, ""regressor__mlpregressor__hidden_layer_sizes"": [32]}",-1815.2720383250314,-2613.7478387496017,-2941.071785580201,-2925.26075065644,-3793.2090479013045,-5087.866604771364,-3232.605844296182,-3487.8662161864795,-2760.034871180307,-2132.5450346825132,-3078.948003232942,871.2089043128434,2,-2063.4651629755376,-1944.2964353638251,-1940.5224741426773,-1952.4206898848295,-2008.1860867036066,-2129.260615352489,-2227.28858685509,-2261.476162047637,-2299.3584621694413,-2288.937241613073,-2111.5211917108204,140.87857929643144,3078.948003232942,1,neural_network_change,development,2024-06-01,,,,,,,,,10.0,"(32,)"
2.797400188446045,0.7791966840847112,0.0018573760986328124,0.00022263074994070722,,"{""regressor__mlpregressor__alpha"": 10, ""regressor__mlpregressor__hidden_layer_sizes"": [32, 16]}",-1720.683442841527,-2559.5031135569684,-3116.548532769697,-2828.984817858121,-3844.078665940246,-3978.561504431595,-3473.428451226468,-3680.4727080056623,-2949.555743485143,-1997.8473147215889,-3014.9664294837016,723.5580016787119,1,-2157.7515665086325,-1988.1568838827882,-1985.7695766290606,-2048.3988164445136,-2043.5767337060008,-2130.8982193654365,-2229.1400734882413,-2195.5285859158425,-2158.97592133288,-2274.998537049572,-2121.3194914322967,95.42221554173952,3014.9664294837016,1,neural_network_change,development,2024-06-01,,,,,,,,,10.0,"(32, 16)"
0.02964518070220947,0.01969982172858374,0.00438845157623291,0.006770173213597896,0.01,"{""ridge__alpha"": 0.01}",-1609.8080246066522,-1836.6677097651627,-706.8901770467988,-1603.8429206723479,-1987.9120915874464,-2277.1464923370054,-2413.7995318605294,-1981.5211615303106,-1773.344717997951,-2423.4341111649046,-1861.436693856911,479.08241894921173,4,-1347.4465663754252,-1370.6722577523321,-1426.4975128096255,-1356.7762690280904,-1376.2048011975953,-1423.6642862850297,-1468.8274886487688,-1527.6822825050176,-1567.6644419696534,-1566.1618040015544,-1443.1597710573092,80.90243456100231,1861.436693856911,2,ridge_change,development,2024-06-01,,,,,,,,,,
0.02009239196777344,0.011915023432991861,0.0008718013763427734,0.00011437275962890602,0.1,"{""ridge__alpha"": 0.1}",-1610.0589329397546,-1835.2610850212393,-707.7855677340904,-1603.6031794406172,-1988.2467874931651,-2275.571386811384,-2413.8581173899934,-1982.59889383742,-1772.3120286730416,-2422.584331464032,-1861.1880310804736,478.6995188618577,3,-1347.4517457434565,-1370.7312970327496,-1426.5874609025786,-1356.7285825799672,-1376.0615701899972,-1423.5729674487181,-1468.8431000938087,-1527.711337532166,-1567.7071400294017,-1566.112986843639,-1443.1508188396483,80.91653327479062,1861.1880310804736,2,ridge_change,development,2024-06-01,,,,,,,,,,
0.026722168922424315,0.016209003544385873,0.0018331050872802735,0.002809088083740046,1.0,"{""ridge__alpha"": 1}",-1612.4952048064958,-1821.6499633528376,-716.495333106274,-1601.5540047546885,-1991.54935221298,-2259.8831658418853,-2414.2772074153195,-1993.1327696856745,-1762.1329623128088,-2414.149821504014,-1858.7319784992978,474.9662980664744,2,-1347.492131004287,-1371.2735627190086,-1427.4272791069156,-1356.3179410308342,-1374.7377844152543,-1422.9579053677464,-1469.2046537928477,-1527.9759067494813,-1568.105492234129,-1565.8369690771215,-1443.1329625497626,81.07518513032282,1858.7319784992978,2,ridge_change,development,2024-06-01,,,,,,,,,,
0.029737353324890137,0.014339009446807913,0.00138702392578125,0.0015727790095145437,10.0,"{""ridge__alpha"": 10}",-1630.8732950707672,-1783.859845705848,-886.2962393403317,-1601.8218643384491,-2021.2619481496604,-2112.652382001051,-2410.2247143715226,-2080.6615267051934,-1673.421222671878,-2337.964472307915,-1853.9037510662615,421.57072424639006,1,-1354.9786610788722,-1380.1430518810776,-1437.6087143128605,-1368.0403051176756,-1384.8828846999443,-1436.8542074896172,-1476.263734997526,-1536.213734448168,-1575.4403463930378,-1572.1219360341074,-1452.2547576452885,79.94612835517303,1853.9037510662615,2,ridge_change,development,2024-06-01,,,,,,,,,,
0.02771608829498291,0.01856038799396178,0.001339864730834961,0.0013547131343402195,100.0,"{""ridge__alpha"": 100}",-1637.0079576915214,-2176.9457438850186,-1607.785537739559,-2076.0088435429366,-2477.471606278359,-1812.8387879196605,-2358.5966928216753,-2434.1391889424526,-1643.2844014791033,-2254.6886074214362,-2047.8767367721725,327.40646161733423,5,-1571.2396416493204,-1561.668772632767,-1630.8242755697586,-1607.7449415932342,-1631.2827584837164,-1675.7647031117804,-1700.5456181332681,-1735.0377825047651,-1760.3196440151935,-1749.2774250834068,-1662.3705562777209,68.88785199653115,2047.8767367721725,2,ridge_change,development,2024-06-01,,,,,,,,,,
0.020345234870910646,0.014380963683061514,0.0008722305297851563,5.8030533611679696e-05,1000.0,"{""ridge__alpha"": 1000}",-1747.2673507344418,-2540.9895073042912,-1804.1349413941941,-2382.5270519751016,-2816.407069863752,-2039.23548617714,-2400.8633837353113,-3019.750660413003,-1881.923500380303,-2837.51918824293,-2347.0618140220467,438.26221803161366,6,-1925.3114856612535,-1895.5342769272256,-1972.2260440163261,-1950.696781726356,-1986.4131929823716,-2044.1299175687145,-2042.8645265856028,-2062.2075503823594,-2115.026326206057,-2096.721553635604,-2009.1131655691872,70.20575200020215,2347.0618140220467,2,ridge_change,development,2024-06-01,,,,,,,,,,
0.02403562068939209,0.008496713032086977,0.0030199527740478516,0.0031318605766461924,0.01,"{""ridge__alpha"": 0.01}",-1515.9361660482707,-1829.2114231388775,-1027.8143784491429,-1146.5287568171814,-1817.2254505060664,-2773.1534536199583,-2183.3381983390686,-1893.5719933327146,-1929.18029820796,-1967.6250686637923,-1808.3585187123033,474.5478043586995,4,-1260.3508098420598,-1279.3596235440907,-1333.1481289084836,-1305.0658062441566,-1272.5637349361261,-1320.3305971979003,-1413.9687307920656,-1460.590296049851,-1483.1880108984565,-1501.6017203027582,-1363.0167458715948,88.06630413148002,1808.3585187123033,2,seasonal_ridge_change,development,2024-06-01,,,,,,,,,,
0.024071383476257324,0.011084935553140225,0.0021188020706176757,0.002364526009401293,0.1,"{""ridge__alpha"": 0.1}",-1515.827978519844,-1827.6510832690321,-1023.8187374286917,-1146.7355854164405,-1816.4973221335015,-2768.7925798480896,-2183.3656849516265,-1893.1399078917432,-1927.1680945960154,-1967.715285338442,-1807.0712259393429,474.2368292350721,3,-1261.1279175548286,-1279.835311069148,-1333.7897244052804,-1305.2190792608885,-1272.622164448632,-1320.3281767431488,-1414.149124656962,-1460.7919952001223,-1483.3917644740923,-1501.6497387835532,-1363.2904996596656,87.96123562301665,1807.0712259393429,2,seasonal_ridge_change,development,2024-06-01,,,,,,,,,,
0.0232802152633667,0.013831875969254242,0.0053511857986450195,0.007396760310805522,1.0,"{""ridge__alpha"": 1}",-1515.150992411199,-1812.919202616802,-993.7429607956116,-1148.6200490799001,-1809.5237388536086,-2726.5006252641274,-2183.5329328602597,-1889.0246686788225,-1907.5167580489044,-1968.5588059111858,-1795.5090734520422,469.99354986905666,2,-1268.3887301572317,-1284.3577015964204,-1339.9033882028907,-1306.7697277293344,-1273.1504130477053,-1321.0295184431973,-1415.895552000532,-1462.751164480262,-1485.3892363807083,-1502.1098745583122,-1365.9745306596596,86.98051986786766,1795.5090734520422,2,seasonal_ridge_change,development,2024-06-01,,,,,,,,,,
0.023345327377319335,0.013568160411614153,0.0031525373458862306,0.0030510065395457273,10.0,"{""ridge__alpha"": 10}",-1525.784384944788,-1718.0138372051163,-910.510447518914,-1255.1258121975836,-1849.1476694012745,-2399.735830811503,-2179.577243934413,-1925.4851448739034,-1743.861572418288,-1973.3605598717925,-1748.0602503177574,412.08584974489986,1,-1314.3182674432096,-1327.6846072609633,-1387.0450902157136,-1334.8758178533126,-1293.4254201829963,-1347.5442218442297,-1434.5191186475902,-1483.427518701086,-1506.949064235149,-1516.5452584587488,-1394.6334384842999,79.9838946586285,1748.0602503177574,2,seasonal_ridge_change,development,2024-06-01,,,,,,,,,,
0.027187252044677736,0.015028884533850081,0.006695890426635742,0.014643918068448933,100.0,"{""ridge__alpha"": 100}",-1590.11617028278,-2086.23360013746,-1485.2651808169503,-1820.1750989221048,-2332.5190840794803,-1645.2077992136462,-2152.7976033524537,-2334.446218900917,-1526.343484062753,-2139.8755571132556,-1911.2979796881802,317.7440679572521,5,-1540.8815839369072,-1528.3399060166282,-1588.3624777432249,-1561.509991913293,-1562.2026892477113,-1600.4739013298517,-1631.1354951888734,-1652.3707814242548,-1681.4597485888914,-1669.6887038200387,-1601.6425279209675,51.820145720652086,1911.2979796881802,2,seasonal_ridge_change,development,2024-06-01,,,,,,,,,,
0.023138093948364257,0.010326418376770917,0.0015213966369628906,0.0011994766767040004,1000.0,"{""ridge__alpha"": 1000}",-1731.5677865479192,-2502.976171285329,-1750.0634724959473,-2310.9887643592083,-2769.4532848251,-2015.880450165342,-2355.319826402585,-2950.850436998526,-1810.985980695048,-2762.0775508770635,-2296.0163724652066,429.78296913776387,6,-1914.9927405727353,-1882.7218222048355,-1951.5824375900884,-1923.4131599866223,-1951.3289493917334,-2006.0779891958155,-2003.3330661342914,-2021.1865402246224,-2068.8611466824004,-2047.4666216544997,-1977.0964473637646,58.14224965707919,2296.0163724652066,2,seasonal_ridge_change,development,2024-06-01,,,,,,,,,,
0.030197715759277342,0.009364674724790143,0.0012953758239746093,0.0010229886337847385,1.0,"{""polynomialfeatures__degree"": 1, ""ridge__alpha"": 1}",-1515.150992411199,-1812.9192026168032,-993.7429607956116,-1148.6200490799001,-1809.523738853609,-2726.500625264129,-2183.532932860259,-1889.0246686788225,-1907.5167580489021,-1968.5588059111833,-1795.5090734520418,469.99354986905684,3,-1268.3887301572317,-1284.3577015964208,-1339.9033882028907,-1306.7697277293344,-1273.1504130477056,-1321.0295184431975,-1415.8955520005322,-1462.7511644802619,-1485.3892363807086,-1502.1098745583122,-1365.9745306596596,86.9805198678676,1795.5090734520418,2,polynomial_ridge_change,development,2024-06-01,1.0,,,,,,,,,
0.02970306873321533,0.008579559162959277,0.003997683525085449,0.0033172576345502484,10.0,"{""polynomialfeatures__degree"": 1, ""ridge__alpha"": 10}",-1525.784384944788,-1718.013837205117,-910.5104475189133,-1255.125812197585,-1849.1476694012733,-2399.735830811505,-2179.577243934413,-1925.485144873904,-1743.8615724182855,-1973.360559871792,-1748.0602503177574,412.0858497449001,2,-1314.3182674432098,-1327.6846072609633,-1387.0450902157136,-1334.875817853313,-1293.4254201829963,-1347.5442218442297,-1434.5191186475904,-1483.427518701086,-1506.9490642351495,-1516.5452584587488,-1394.6334384843,79.98389465862853,1748.0602503177574,2,polynomial_ridge_change,development,2024-06-01,1.0,,,,,,,,,
0.034756827354431155,0.020303912364636245,0.0015574932098388673,0.0010702338834536218,100.0,"{""polynomialfeatures__degree"": 1, ""ridge__alpha"": 100}",-1590.1161702827787,-2086.2336001374606,-1485.2651808169503,-1820.1750989221048,-2332.5190840794803,-1645.2077992136467,-2152.7976033524537,-2334.4462189009173,-1526.343484062753,-2139.8755571132556,-1911.2979796881802,317.7440679572523,4,-1540.8815839369072,-1528.3399060166282,-1588.3624777432249,-1561.509991913293,-1562.2026892477113,-1600.4739013298517,-1631.1354951888734,-1652.3707814242548,-1681.459748588892,-1669.6887038200389,-1601.6425279209675,51.820145720652185,1911.2979796881802,2,polynomial_ridge_change,development,2024-06-01,1.0,,,,,,,,,
0.028911876678466796,0.013701576393655272,0.0020721435546875,0.0019967299980685827,1000.0,"{""polynomialfeatures__degree"": 1, ""ridge__alpha"": 1000}",-1731.5677865479192,-2502.976171285329,-1750.0634724959473,-2310.9887643592083,-2769.4532848251,-2015.8804501653424,-2355.319826402585,-2950.850436998526,-1810.985980695048,-2762.0775508770635,-2296.0163724652066,429.78296913776376,7,-1914.9927405727353,-1882.7218222048355,-1951.5824375900884,-1923.4131599866223,-1951.3289493917334,-2006.0779891958155,-2003.3330661342914,-2021.1865402246224,-2068.8611466824004,-2047.4666216545,-1977.0964473637646,58.14224965707922,2296.0163724652066,2,polynomial_ridge_change,development,2024-06-01,1.0,,,,,,,,,
0.039470553398132324,0.011562123823825007,0.003644084930419922,0.003167577687409151,1.0,"{""polynomialfeatures__degree"": 2, ""ridge__alpha"": 1}",-3382.8676435624598,-3536.9667377335663,-4424.498348941647,-2943.268317179321,-4319.327499152964,-1710.2493543083972,-2535.3585584162006,-2568.8483867633936,-2150.0107397679844,-1569.6077053833972,-2914.1003291209336,946.9908355019157,8,-362.757587482128,-508.5956562842126,-584.5895499054486,-685.4171662085852,-772.4392543493522,-848.7124989052378,-848.8756313308247,-888.9495634536684,-932.6007858374174,-990.1050963254054,-742.3042790082281,192.22294736151343,2914.1003291209336,2,polynomial_ridge_change,development,2024-06-01,2.0,,,,,,,,,
0.03153934478759766,0.008300661963977954,0.002570056915283203,0.0017125443968013891,10.0,"{""polynomialfeatures__degree"": 2, ""ridge__alpha"": 10}",-1684.3859927412839,-2495.0825429839965,-2520.7695735557068,-2338.068481725201,-3258.7216896872956,-1792.4183810917323,-1781.258887870689,-1997.421615331492,-1995.153466628106,-1590.1885498350712,-2145.3469181450573,486.0294809219922,6,-769.7039402585415,-823.1774617277836,-858.6703315956867,-892.3544521234156,-907.9370622324063,-969.8816167576318,-981.2159370146862,-998.9112862211339,-1020.8709812105598,-1046.8803445310584,-926.9603413672903,86.53687040219985,2145.3469181450573,2,polynomial_ridge_change,development,2024-06-01,2.0,,,,,,,,,
0.0326369047164917,0.005674417363677869,0.0035706043243408205,0.003555892034957481,100.0,"{""polynomialfeatures__degree"": 2, ""ridge__alpha"": 100}",-1440.9763987682497,-1742.4451562367467,-1103.1518892539516,-1288.0781730946146,-2346.7488872687754,-1874.0456273072512,-2057.4577053604626,-1869.3709995964484,-1669.6775521049549,-2060.0562205678148,-1745.200860955927,361.934991505881,1,-1204.7503027495334,-1203.1446221444126,-1260.6583027877216,-1248.7654876867482,-1249.9271120577735,-1285.4777268372816,-1302.4160970342784,-1324.055932799425,-1331.1883829861108,-1332.8757052628766,-1274.3259672346162,46.25029409120577,1745.200860955927,2,polynomial_ridge_change,development,2024-06-01,2.0,,,,,,,,,
0.02848517894744873,0.004763817261193524,0.002051258087158203,0.0008582037373658664,1000.0,"{""polynomialfeatures__degree"": 2, ""ridge__alpha"": 1000}",-1593.5185893780308,-2361.2760186836927,-1331.2634202332993,-1820.0452081896208,-2380.0817937964553,-1938.1464644531018,-2214.046719508549,-2405.713045357043,-1740.963769409016,-2545.2032782575875,-2033.0258307266395,385.6794356250988,5,-1740.2580184996768,-1705.9626002490966,-1768.5011212907448,-1722.991010807423,-1737.1134852643092,-1777.9982101492253,-1790.1870521084898,-1818.094265133381,-1834.300005044121,-1823.2023357038545,-1771.860810425032,42.419203646413244,2033.0258307266395,2,polynomial_ridge_change,development,2024-06-01,2.0,,,,,,,,,
0.04018139839172363,0.014655972456469565,0.022641992568969725,0.010081664126102058,1.0,"{""ridge__alpha"": 1, ""splinetransformer__degree"": 2, ""splinetransformer__n_knots"": 3}",-2580.047399781286,-2514.5419103109834,-2256.160155280161,-1497.6095295589992,-2690.433805382356,-1448.1533927766184,-1816.1236091583844,-2203.5655562916113,-1572.088977045967,-1866.9266866827056,-2044.5651022269074,442.3416576195855,11,-901.6178231417128,-978.7335725838416,-1073.7048112472653,-1037.3557877628314,-1035.8438718699222,-1153.8977377260842,-1139.4983421580355,-1180.2196848501708,-1193.740232950423,-1204.9281031916798,-1089.9539967481967,96.16703014580733,2044.5651022269074,2,spline_ridge_change,development,2024-06-01,,2.0,3.0,,,,,,,
0.033531928062438966,0.009590487804710546,0.017246437072753907,0.007411230030207356,1.0,"{""ridge__alpha"": 1, ""splinetransformer__degree"": 2, ""splinetransformer__n_knots"": 5}",-6145.867440458034,-2763.6044867987566,-2450.471463300503,-5523.223036558017,-6562.35556378757,-2121.9297127343502,-1763.2766207924385,-1717.3457770570901,-1602.2499138106589,-2240.4882108926136,-3289.081222619003,1869.5442222511115,15,-527.7916490044489,-645.3817799361776,-750.5737723383825,-746.1921586661974,-870.6267502710682,-1034.782279816198,-1024.009525099813,-1052.8502683057206,-1047.456036326021,-1064.200762493556,-876.3864982257583,187.15083758534695,3289.081222619003,2,spline_ridge_change,development,2024-06-01,,2.0,5.0,,,,,,,
0.031709909439086914,0.009781998283024331,0.021038413047790527,0.012552575855822092,1.0,"{""ridge__alpha"": 1, ""splinetransformer__degree"": 2, ""splinetransformer__n_knots"": 7}",-10050.23256303504,-7542.79387757889,-3005.140379967261,-4054.2941171007187,-8188.859998905962,-3716.4472371698516,-1812.2611206286463,-2522.767562034606,-2154.1627449025477,-2562.0621752895004,-4560.902177661303,2776.2102083841505,17,-184.16099167166192,-298.23897675222184,-479.9363305291452,-576.5039285451641,-647.947526347322,-859.8953494700203,-913.5184952153269,-981.7754800121546,-1001.925617910117,-1041.0017184525407,-698.4904414905675,291.86694149897806,4560.902177661303,2,spline_ridge_change,development,2024-06-01,,2.0,7.0,,,,,,,
0.029285550117492676,0.009820793497265183,0.02617325782775879,0.0113509233823591,1.0,"{""ridge__alpha"": 1, ""splinetransformer__degree"": 3, ""splinetransformer__n_knots"": 3}",-3269.0290268339636,-2161.1965507823775,-2538.222023161595,-3936.178029828061,-3399.422638344751,-1287.2821000945053,-1848.3065358482127,-1876.7353456135952,-1132.3047233131601,-2424.733982485321,-2387.3410956305543,872.4910155068009,14,-673.7410887010527,-768.0508290650148,-850.4131710795151,-872.8815066953463,-918.3689549362572,-1079.732013383462,-1088.2641725129565,-1137.083532609641,-1126.6798788891826,-1120.3765369512878,-963.5591684823715,159.8883568966949,2387.3410956305543,2,spline_ridge_change,development,2024-06-01,,3.0,3.0,,,,,,,
0.027353310585021974,0.008519639153576189,0.02767369747161865,0.008592813723915285,1.0,"{""ridge__alpha"": 1, ""splinetransformer__degree"": 3, ""splinetransformer__n_knots"": 5}",-7733.922580124781,-5860.746444239606,-3542.7018573451483,-5892.234670683887,-6789.649022837068,-2548.863791187449,-1870.6277139218346,-2281.376265278932,-1936.6667489697684,-2241.011333640848,-4069.780042822932,2141.7925514661783,16,-439.4783790387624,-467.70896286739514,-676.3448182920878,-724.8294340225343,-831.2101923034412,-995.8655773962693,-990.9612519651795,-1029.877711129334,-1028.4557559707089,-1070.3214501010855,-825.5053533086799,225.5531514249419,4069.780042822932,2,spline_ridge_change,development,2024-06-01,,3.0,5.0,,,,,,,
0.032320809364318845,0.013543685945959488,0.02812328338623047,0.01444253212798955,1.0,"{""ridge__alpha"": 1, ""splinetransformer__degree"": 3, ""splinetransformer__n_knots"": 7}",-8999.448073963797,-5036.576637988978,-5897.740565201442,-8335.481837886662,-4873.946413750682,-3527.143448348148,-1810.951706733477,-2048.718246249667,-2790.838101093422,-2685.336364496903,-4600.618139571318,2400.762258782017,18,-217.94842024592734,-315.03304818726343,-474.9686694828292,-543.6953780847177,-605.2452269912437,-723.7319440298318,-807.4610252494181,-841.848129473376,-864.9620129491896,-941.0373420898183,-633.5931196783615,231.96264321941382,4600.618139571318,2,spline_ridge_change,development,2024-06-01,,3.0,7.0,,,,,,,
0.029321742057800294,0.010532930671615228,0.02073192596435547,0.009226240537927841,100.0,"{""ridge__alpha"": 100, ""splinetransformer__degree"": 2, ""splinetransformer__n_knots"": 3}",-1857.9440734516727,-2005.495032188973,-1519.749041702562,-1351.5794326773205,-2154.702699715139,-1487.8848974851892,-1802.2814067335887,-1941.4857110673245,-1389.6636476997228,-1899.2087407985819,-1740.9994683520076,266.8085926850136,2,-1183.017004601866,-1228.5843919878141,-1291.3787624918173,-1272.9619824538026,-1250.5143917804003,-1291.2370902911955,-1293.322090169145,-1315.4847669547205,-1334.0004421828753,-1340.496993659898,-1280.0997916573535,46.08300179802082,1740.9994683520076,2,spline_ridge_change,development,2024-06-01,,2.0,3.0,,,,,,,
0.03180062770843506,0.008912687749037768,0.02791881561279297,0.010958741020867767,100.0,"{""ridge__alpha"": 100, ""splinetransformer__degree"": 2, ""splinetransformer__n_knots"": 5}",-1954.963792645601,-1928.8041315732844,-1725.0228840595828,-2056.854397898582,-2284.992561721669,-1266.232326706536,-1736.0783613006795,-1834.0521334616471,-1427.645901442357,-1801.2550409650084,-1801.5901531774948,278.6027876046871,3,-1040.4962888162481,-1073.8345679713107,-1161.019911323073,-1142.6921974473753,-1143.140353414003,-1207.7438372309907,-1203.4585138227098,-1235.794260044119,-1235.4686860901625,-1240.6532514343162,-1168.4301867594309,66.10078813952204,1801.5901531774948,2,spline_ridge_change,development,2024-06-01,,2.0,5.0,,,,,,,
0.032021164894104004,0.009798013642493655,0.02931258678436279,0.007078029185771693,100.0,"{""ridge__alpha"": 100, ""splinetransformer__degree"": 2, ""splinetransformer__n_knots"": 7}",-1820.5506954169712,-2206.7490417201548,-1892.6776771974219,-2097.4042650727647,-2522.974223183925,-1678.1956087460348,-1770.5541160908226,-1858.2520470312236,-1599.4859866940285,-1810.3737776204787,-1925.7217438773828,262.0969051505035,5,-944.5226873055199,-959.7910398803513,-1041.9786569106436,-1030.3027199766775,-1035.4232987449313,-1142.682180550532,-1159.6700315504638,-1183.8983386565974,-1185.7265100182115,-1206.0979186959448,-1089.0093382289874,92.76052691907454,1925.7217438773828,2,spline_ridge_change,development,2024-06-01,,2.0,7.0,,,,,,,
0.03600556850433349,0.010503280278106496,0.028575491905212403,0.010606149894585757,100.0,"{""ridge__alpha"": 100, ""splinetransformer__degree"": 3, ""splinetransformer__n_knots"": 3}",-1993.4534114323171,-1642.716308692571,-1758.1308797887802,-1405.3599836560534,-2049.961493648938,-1536.8608173747114,-1661.2566008330189,-1936.1858858969183,-1326.5328905238032,-1694.9061036806495,-1700.5364375527763,229.22942219434944,1,-1148.1665084292083,-1216.2783635154783,-1241.5629965804303,-1252.5505303423897,-1242.4165007094157,-1284.1902394499498,-1268.41273301275,-1291.7056312251136,-1303.4474684026427,-1299.946936689806,-1254.8677908357183,44.72599002770664,1700.5364375527763,2,spline_ridge_change,development,2024-06-01,,3.0,3.0,,,,,,,
0.03287954330444336,0.012349645644090877,0.0240659236907959,0.006901617430725008,100.0,"{""ridge__alpha"": 100, ""splinetransformer__degree"": 3, ""splinetransformer__n_knots"": 5}",-2040.1969871278907,-2020.7089278778083,-2146.758388632792,-2100.5972084945447,-2622.139025556506,-1207.7113164011837,-1826.5043590837806,-1793.6894031081065,-1342.2053978255801,-1714.3928664437917,-1881.490388055198,386.64783688776566,4,-1008.9660518374645,-1051.3245640418643,-1134.6590300044916,-1109.081551067838,-1110.0384413952854,-1189.124541189143,-1189.357286399538,-1230.4284515182178,-1225.2584760891018,-1229.3067710208518,-1147.7545164563796,73.88196593523449,1881.490388055198,2,spline_ridge_change,development,2024-06-01,,3.0,5.0,,,,,,,
0.031137752532958984,0.006594932531987808,0.023952960968017578,0.010930951726001711,100.0,"{""ridge__alpha"": 100, ""splinetransformer__degree"": 3, ""splinetransformer__n_knots"": 7}",-2042.9267929294354,-2490.936326776857,-2585.8737063757676,-2279.1702386760753,-3272.222699165473,-1903.922042291643,-1723.339608061401,-1821.930166252614,-1537.1052573047739,-1819.0095034490544,-2147.6436341283097,492.86096341093224,13,-917.1353140843223,-958.3441593666403,-1042.8802216023332,-1026.6548370516973,-1033.003573428848,-1119.6067800385438,-1129.4704966613324,-1163.2122870747435,-1156.2262669326883,-1175.5075715819683,-1072.204150782312,85.45290930227667,2147.6436341283097,2,spline_ridge_change,development,2024-06-01,,3.0,7.0,,,,,,,
0.02410285472869873,0.011463777795830476,0.0223599910736084,0.009344633137607692,1000.0,"{""ridge__alpha"": 1000, ""splinetransformer__degree"": 2, ""splinetransformer__n_knots"": 3}",-1604.2089975391282,-2380.716487937844,-1654.386188651606,-2039.288606270844,-2464.0087002077976,-1849.1162411080052,-2160.0822891083517,-2563.071618904207,-1611.4417933278492,-2395.578916016157,-2072.1899839071793,354.7788401053911,12,-1734.788846923282,-1701.0096224385256,-1756.920934968776,-1724.5733653559107,-1732.4992346590443,-1762.986439305248,-1758.6572958792572,-1772.6860443486535,-1800.4720629560923,-1787.1553762611516,-1753.1749223095944,28.666232648562744,2072.1899839071793,2,spline_ridge_change,development,2024-06-01,,2.0,3.0,,,,,,,
0.025140905380249025,0.010299678541553538,0.021484875679016115,0.009326227684246872,1000.0,"{""ridge__alpha"": 1000, ""splinetransformer__degree"": 2, ""splinetransformer__n_knots"": 5}",-1571.229852594309,-2335.375573422825,-1676.734324088476,-2056.543137301373,-2333.61746634367,-1828.2745858779006,-2071.0054344296627,-2442.8127857613176,-1681.2922808564501,-2341.250826084928,-2033.8136266760914,308.63031734845043,9,-1699.933758175997,-1666.065529838687,-1712.4026413066963,-1673.3668852766727,-1668.584807440205,-1691.791596270119,-1685.1297468685311,-1699.539667971752,-1722.1598499588388,-1718.1014521040438,-1693.7075935211542,19.269424586665064,2033.8136266760914,2,spline_ridge_change,development,2024-06-01,,2.0,5.0,,,,,,,
0.028541159629821778,0.010044062284712926,0.01894385814666748,0.007390726895942897,1000.0,"{""ridge__alpha"": 1000, ""splinetransformer__degree"": 2, ""splinetransformer__n_knots"": 7}",-1579.3117879911351,-2309.1317235181345,-1711.7247652126764,-2086.4572500232093,-2265.4606996487105,-1808.8486692857125,-2044.8987091503197,-2428.7831979709385,-1740.934191814802,-2371.4035607259902,-2034.6954555341629,291.37871440146574,10,-1671.800412068071,-1629.7367533814022,-1679.0846076836115,-1634.1041459248522,-1631.48425017966,-1654.408602868178,-1642.2242565484153,-1658.4917116084407,-1685.0912199485222,-1685.2657293510692,-1657.1691689562224,21.072221958270404,2034.6954555341629,2,spline_ridge_change,development,2024-06-01,,2.0,7.0,,,,,,,
0.02346010208129883,0.006706690036268872,0.025205445289611817,0.011403176464032484,1000.0,"{""ridge__alpha"": 1000, ""splinetransformer__degree"": 3, ""splinetransformer__n_knots"": 3}",-1507.1417396854613,-2253.256328410513,-1632.9770507524652,-1992.3252524832703,-2336.5599804946755,-1891.396708112222,-2089.910060082508,-2406.519741571167,-1591.7996346737807,-2169.678656761767,-1987.156515302783,305.6126679566601,6,-1704.2681626830488,-1667.5177153449429,-1706.8888972825112,-1675.2734183582613,-1674.6565785259972,-1702.2546122121669,-1695.7870691882874,-1706.6757670714642,-1724.019941051654,-1716.5544805484938,-1697.3896642266827,17.957543207993137,1987.156515302783,2,spline_ridge_change,development,2024-06-01,,3.0,3.0,,,,,,,
0.026971054077148438,0.010115927637439464,0.030188488960266113,0.01244149896241571,1000.0,"{""ridge__alpha"": 1000, ""splinetransformer__degree"": 3, ""splinetransformer__n_knots"": 5}",-1519.0397965418113,-2254.3233297293577,-1743.9474929887601,-2036.3041521683692,-2280.422821421971,-1906.7975130364205,-2042.4553438062103,-2363.110541085445,-1622.2909464090044,-2229.430435953905,-1999.8122373141257,279.1346335266265,7,-1668.9332215946,-1631.4174806560184,-1681.9551979236044,-1642.9016059988505,-1639.2129115398081,-1665.8560164612115,-1649.9901313092791,-1665.6434610350184,-1683.7329544903398,-1679.2474521680808,-1660.8890433176814,17.875693877697525,1999.8122373141257,2,spline_ridge_change,development,2024-06-01,,3.0,5.0,,,,,,,
0.032066941261291504,0.004654144188223847,0.016033530235290527,0.011423448112940611,1000.0,"{""ridge__alpha"": 1000, ""splinetransformer__degree"": 3, ""splinetransformer__n_knots"": 7}",-1550.2105810467722,-2212.38876791983,-1913.1862144587722,-2105.18204257228,-2241.358964770426,-1800.7887382032998,-2016.0939154396463,-2369.5363458309416,-1657.8043448091212,-2271.343861666972,-2013.789377671806,262.6021126374486,8,-1643.0491771023928,-1607.7094812523774,-1654.9722140143806,-1612.5633442178416,-1604.651693498698,-1630.1762336119684,-1623.086553868667,-1639.2006370307229,-1657.7833918973563,-1654.4599184607505,-1632.7652644955156,19.14040084693155,2013.789377671806,2,spline_ridge_change,development,2024-06-01,,3.0,7.0,,,,,,,
0.4435455083847046,0.061785834573247614,0.024285888671875,0.01622876534644931,,"{""max_depth"": 3, ""min_samples_leaf"": 5, ""n_estimators"": 100}",-1885.2168314055853,-1970.2805267387532,-987.4262859134706,-1225.778518576124,-1753.5515864766596,-1682.0707689460603,-1556.604485639864,-2076.000879854894,-1720.6983511110072,-1606.9208787872412,-1646.4549113449655,313.93529484677947,5,-1151.8500174025212,-1212.2339562678592,-1297.9749590207773,-1245.436115564194,-1250.3875351811544,-1250.9440407454401,-1267.2586776696273,-1287.2676123130307,-1338.2899122672843,-1351.6847954239117,-1265.33276218558,55.54625767978268,1646.4549113449655,2,random_forest_change,development,2024-06-01,,,,3,5.0,100.0,,,,
0.8362961769104004,0.10905195060103508,0.04082598686218262,0.02203107603640737,,"{""max_depth"": 3, ""min_samples_leaf"": 5, ""n_estimators"": 200}",-1881.1972477009997,-1963.8433256672336,-972.1379505965821,-1251.8470563882372,-1769.2772698884437,-1695.920494967019,-1597.2051921904233,-2023.6423715394933,-1756.0500952665789,-1583.9312631057612,-1649.5052267310773,307.2968353473296,6,-1157.4994168440942,-1205.4959376773575,-1286.7748651967393,-1251.3306729192998,-1236.3243296571354,-1251.1391065663981,-1265.780429549745,-1291.986774239045,-1337.0571573304612,-1347.7952628613718,-1263.1183952841645,54.326147177208924,1649.5052267310773,2,random_forest_change,development,2024-06-01,,,,3,5.0,200.0,,,,
0.38773701190948484,0.05463038650405452,0.023551058769226075,0.018348076734359432,,"{""max_depth"": 3, ""min_samples_leaf"": 12, ""n_estimators"": 100}",-1793.9161063437532,-2002.3304426559753,-1178.8248815489144,-1476.007573887625,-2082.7736070001943,-1632.1929788349153,-1570.7352119913194,-2219.690273955326,-1726.2453326016846,-1741.5251913628006,-1742.4241600182509,290.5745860707714,11,-1392.3090870064007,-1414.5246071941742,-1481.5158684890548,-1438.023808448325,-1437.538273978223,-1470.6069981964254,-1428.9617112562064,-1446.24629840154,-1467.1809286727507,-1467.9071605261101,-1444.4814742169212,26.592059654175472,1742.4241600182509,2,random_forest_change,development,2024-06-01,,,,3,12.0,100.0,,,,
0.8766162633895874,0.09932186921355086,0.05084645748138428,0.021058937047344402,,"{""max_depth"": 3, ""min_samples_leaf"": 12, ""n_estimators"": 200}",-1774.085561441175,-2005.9313146183315,-1198.074528286122,-1513.8583118096055,-2072.8839982958148,-1634.1685980485272,-1589.1969993899856,-2185.827698500032,-1751.8509497480136,-1719.4329530992425,-1744.531091323685,275.785901356262,12,-1396.2610989768898,-1412.4984963224051,-1479.580303842267,-1442.6320252602343,-1436.476681341029,-1458.943010202833,-1428.4425240994676,-1438.8484521462815,-1459.7729962971864,-1464.647902741569,-1441.8103491230163,23.905693360949186,1744.531091323685,2,random_forest_change,development,2024-06-01,,,,3,12.0,200.0,,,,
0.4258246421813965,0.023222141447841387,0.015089464187622071,0.006146171643148221,,"{""max_depth"": 5, ""min_samples_leaf"": 5, ""n_estimators"": 100}",-1937.9269113321068,-2024.734319235394,-927.041715429561,-1241.286945760483,-1760.8413036358554,-1640.8752537686548,-1565.1268208869085,-2010.0601414680077,-1636.6365244493657,-1654.56247429449,-1639.909241026083,325.79744325161266,3,-1048.9232609602193,-1074.347693258487,-1141.788087698482,-1088.5574602058475,-1086.447042324639,-1077.1174895055144,-1097.2096324271881,-1120.2882509677777,-1144.8892733897258,-1148.0785487968742,-1102.7646739534753,32.43593813737985,1639.909241026083,2,random_forest_change,development,2024-06-01,,,,5,5.0,100.0,,,,
0.8481367349624633,0.08092853639882029,0.022242140769958497,0.008212816134222761,,"{""max_depth"": 5, ""min_samples_leaf"": 5, ""n_estimators"": 200}",-1938.9873868102416,-1989.6770483820007,-942.2183913684221,-1230.5581112483644,-1773.3575339890976,-1670.909618721027,-1575.1904237801239,-1914.9913410859717,-1664.5939169466503,-1613.26885900835,-1631.375263134025,310.7000222527123,1,-1043.0455556939146,-1074.3149873560405,-1135.4832986266058,-1094.6818423829895,-1072.2577506533319,-1079.4784512180247,-1085.5991970025752,-1110.8382672009323,-1136.1855219483502,-1149.5344287588766,-1098.141930084164,32.3032828079967,1631.375263134025,2,random_forest_change,development,2024-06-01,,,,5,5.0,200.0,,,,
0.38797404766082766,0.04398478564766698,0.017131447792053223,0.011699175045205365,,"{""max_depth"": 5, ""min_samples_leaf"": 12, ""n_estimators"": 100}",-1793.9161063437532,-2002.3304426559753,-1179.7782227477346,-1483.956171968979,-2080.5125030093836,-1620.8170146565233,-1556.6108120827096,-2191.188733070025,-1684.3635046465497,-1718.758321571963,-1731.2231832753598,286.57697193645697,7,-1392.3090870064007,-1414.5246071941742,-1478.4321216228561,-1419.4795235518602,-1413.3955959811449,-1433.2844651337773,-1377.5278492925338,-1389.7422913606756,-1389.4504659950937,-1364.0866974326984,-1407.2232704571215,30.948313782521613,1731.2231832753598,2,random_forest_change,development,2024-06-01,,,,5,12.0,100.0,,,,
0.7987407922744751,0.07501311480974476,0.03239960670471191,0.020952893512504525,,"{""max_depth"": 5, ""min_samples_leaf"": 12, ""n_estimators"": 200}",-1774.085561441175,-2006.226577776227,-1199.0470491862477,-1521.2478009886297,-2082.282134124196,-1623.8623147429946,-1576.1858374671494,-2134.539000760084,-1707.973241463146,-1728.7882301854322,-1735.423774813528,269.55596055353175,10,-1396.2610989768898,-1412.3771990251078,-1475.254345680904,-1423.9065450466958,-1411.0975826814606,-1424.1375913968625,-1379.4086167215696,-1380.2709928723236,-1383.5462821621743,-1366.4245667053024,-1405.268482126929,30.068917234032664,1735.423774813528,2,random_forest_change,development,2024-06-01,,,,5,12.0,200.0,,,,
0.3984855651855469,0.07722699525008223,0.015985941886901854,0.010484654284541216,,"{""max_depth"": null, ""min_samples_leaf"": 5, ""n_estimators"": 100}",-1940.4088882825363,-2024.540905334589,-919.660550220884,-1240.2645526701083,-1775.348040713515,-1720.9660649907692,-1550.5978477072251,-1940.6615655157427,-1586.1065566329132,-1721.2067544751183,-1641.9761726543402,323.96284725869157,4,-1042.85769449557,-1054.4161399956174,-1114.7187785728725,-1055.1770694666543,-1037.267466601412,-1000.7620110384938,-1011.1030305599759,-1012.9141904766175,-1023.0309593084881,-1014.1653926220131,-1036.6412733137715,31.60309808694435,1641.9761726543402,2,random_forest_change,development,2024-06-01,,,,,5.0,100.0,,,,
0.8218382596969604,0.06983202859155226,0.029311347007751464,0.009365297826599318,,"{""max_depth"": null, ""min_samples_leaf"": 5, ""n_estimators"": 200}",-1941.9910680370813,-1978.6389198678728,-938.1109362859364,-1240.3933373104865,-1776.2135387765713,-1717.1645859990276,-1587.4687043700894,-1869.1152513949862,-1640.464456298648,-1670.520795720473,-1636.008159406117,306.3891136364491,2,-1036.629612482413,-1057.3795142270599,-1108.7640468607592,-1057.8859095888467,-1023.4924047695748,-1005.7911597751108,-1006.7579064480502,-1011.3433095115741,-1017.7699579020873,-1014.8753551666209,-1034.0689176732099,30.82927220446943,1636.008159406117,2,random_forest_change,development,2024-06-01,,,,,5.0,200.0,,,,
0.39831106662750243,0.07073222012616057,0.020944428443908692,0.012525819650233768,,"{""max_depth"": null, ""min_samples_leaf"": 12, ""n_estimators"": 100}",-1793.9161063437532,-2002.3304426559753,-1179.7782227477346,-1483.956171968979,-2080.5125030093836,-1620.8170146565233,-1557.335464860488,-2193.5784049203653,-1686.8254031865665,-1724.832476221957,-1732.3882210571726,286.8557720342814,8,-1392.3090870064007,-1414.5246071941742,-1478.4321216228561,-1419.4795235518602,-1413.3955959811449,-1433.2844651337773,-1377.1666541747247,-1388.1967913696878,-1384.7272959763052,-1357.1762216676261,-1405.8692363678558,32.36014685814515,1732.3882210571726,2,random_forest_change,development,2024-06-01,,,,,12.0,100.0,,,,
0.698537540435791,0.08999051990292642,0.02313985824584961,0.010459029241147057,,"{""max_depth"": null, ""min_samples_leaf"": 12, ""n_estimators"": 200}",-1774.085561441175,-2006.226577776227,-1199.0470491862477,-1521.2478009886297,-2082.282134124196,-1623.8623147429946,-1576.8343035619212,-2135.5280896201925,-1708.6618638956072,-1724.7348834594516,-1735.2510578796641,269.67038199896564,9,-1396.2610989768898,-1412.3771990251078,-1475.254345680904,-1423.9065450466958,-1411.0975826814606,-1424.1375913968625,-1379.2366541165277,-1379.0984318978346,-1380.4088469882524,-1358.0246164440364,-1403.980291225457,31.564227436013365,1735.2510578796641,2,random_forest_change,development,2024-06-01,,,,,12.0,200.0,,,,
0.19440600872039795,0.01596086769825147,0.003677630424499512,0.0017639888527308323,,"{""learning_rate"": 0.01, ""max_depth"": 2, ""n_estimators"": 100, ""reg_lambda"": 1}",-1673.3352864583333,-2195.8180338541665,-1403.255859375,-1696.96875,-2196.4680989583335,-1621.3658854166667,-1885.3479817708333,-2378.4638671875,-1688.146484375,-2217.513671875,-1895.6683919270831,310.97323103720015,20,-1520.217998798077,-1528.8191840277777,-1586.4228324142157,-1551.164370888158,-1543.157459077381,-1580.5124830163043,-1583.180234375,-1602.8689477237654,-1635.4403735632184,-1645.8577998991937,-1577.764168378309,40.395226689450624,1895.6683919270831,2,xgboost_change,development,2024-06-01,,,,2,,100.0,0.01,1.0,,
0.17305281162261962,0.01494991561579764,0.0023392677307128907,0.0007303788174850844,,"{""learning_rate"": 0.01, ""max_depth"": 2, ""n_estimators"": 100, ""reg_lambda"": 30}",-1653.0270182291667,-2351.8798828125,-1517.515625,-2012.744140625,-2449.2106119791665,-1911.2213541666667,-2064.8590494791665,-2706.6018880208335,-1806.099609375,-2514.5276692708335,-2098.7686848958333,373.51192569186026,24,-1773.6717748397436,-1748.5891493055556,-1778.799019607843,-1728.4039542214912,-1738.025638640873,-1769.949898097826,-1772.7411458333333,-1781.8365162037037,-1826.8965741738505,-1819.0967741935483,-1773.8010445117768,29.921185662291194,2098.7686848958333,2,xgboost_change,development,2024-06-01,,,,2,,100.0,0.01,30.0,,
0.2766500234603882,0.01469598247599434,0.0027966737747192384,0.0007485352624493193,,"{""learning_rate"": 0.01, ""max_depth"": 2, ""n_estimators"": 200, ""reg_lambda"": 1}",-1794.0940755208333,-2145.2757161458335,-1232.0478515625,-1419.6123046875,-2058.8942057291665,-1488.7027994791667,-1632.673828125,-2129.0735677083335,-1615.5029296875,-1869.28515625,-1738.5162434895833,297.9549190765168,16,-1244.3992387820513,-1292.7292100694444,-1370.8452435661766,-1339.8090391995613,-1313.0005890376983,-1354.0906080163043,-1359.6625,-1377.2571132330247,-1395.0157147988505,-1414.5775579637098,-1346.138681466682,48.20728719524458,1738.5162434895833,2,xgboost_change,development,2024-06-01,,,,2,,200.0,0.01,1.0,,
0.2710775375366211,0.015576127970669448,0.0030022859573364258,0.0013820532498087983,,"{""learning_rate"": 0.01, ""max_depth"": 2, ""n_estimators"": 200, ""reg_lambda"": 30}",-1639.0286458333333,-2196.2646484375,-1386.748046875,-1748.9866536458333,-2237.5166015625,-1759.638671875,-1838.9733072916667,-2403.99609375,-1681.802734375,-2195.4365234375,-1908.8391927083335,311.0591485721473,22,-1581.215044070513,-1570.0015190972222,-1591.4148284313726,-1547.4364377741229,-1542.078342013889,-1580.1603826992753,-1579.2,-1584.4069492669753,-1609.0514996408046,-1607.5694934475807,-1579.2534496441758,20.853685861924514,1908.8391927083335,2,xgboost_change,development,2024-06-01,,,,2,,200.0,0.01,30.0,,
0.17348916530609132,0.019389994915020175,0.003011274337768555,0.0011808747636140528,,"{""learning_rate"": 0.01, ""max_depth"": 4, ""n_estimators"": 100, ""reg_lambda"": 1}",-1695.4407552083333,-2206.693359375,-1395.9130859375,-1716.3623046875,-2203.6279296875,-1570.3916015625,-1891.6402994791667,-2292.5032552083335,-1645.1982421875,-2136.3587239583335,-1875.4129557291665,298.9040284184508,19,-1440.870843349359,-1444.7454861111112,-1485.2841605392157,-1438.5916598135964,-1426.369109623016,-1456.0383548460145,-1452.472109375,-1471.10457658179,-1491.2284707255747,-1508.0632980510752,-1461.4768069015752,25.07275658402456,1875.4129557291665,2,xgboost_change,development,2024-06-01,,,,4,,100.0,0.01,1.0,,
0.1709372282028198,0.010811177104709453,0.003225231170654297,0.0010704745223924317,,"{""learning_rate"": 0.01, ""max_depth"": 4, ""n_estimators"": 100, ""reg_lambda"": 30}",-1655.3860677083333,-2367.427734375,-1514.2493489583333,-2007.8997395833333,-2466.7395833333335,-1891.1995442708333,-2079.4879557291665,-2694.1796875,-1774.1809895833333,-2524.6604817708335,-2097.5411132812496,379.31323644807276,23,-1762.695813301282,-1733.9871527777777,-1759.1261106004902,-1697.3506030701753,-1700.5648871527778,-1731.3647531702898,-1728.6423697916666,-1734.3301745756173,-1765.5160290948277,-1751.157930107527,-1736.4735823642434,22.755400825550232,2097.5411132812496,2,xgboost_change,development,2024-06-01,,,,4,,100.0,0.01,30.0,,
0.29917306900024415,0.02013396269305273,0.003195023536682129,0.0016709493527523832,,"{""learning_rate"": 0.01, ""max_depth"": 4, ""n_estimators"": 200, ""reg_lambda"": 1}",-1863.0924479166667,-2152.1744791666665,-1248.8343098958333,-1451.5426432291667,-2072.6839192708335,-1413.2828776041667,-1633.8411458333333,-1977.5660807291667,-1576.0579427083333,-1922.2122395833333,-1731.12880859375,292.2177724050158,15,-1136.2836037660256,-1166.5417100694444,-1231.6014476102941,-1184.1265762061403,-1152.5274367559523,-1166.8001302083333,-1168.1679947916666,-1191.1514033564815,-1187.832974137931,-1209.2644489247311,-1179.4297725827,26.22942468607952,1731.12880859375,2,xgboost_change,development,2024-06-01,,,,4,,200.0,0.01,1.0,,
0.27977306842803956,0.016720008007934953,0.003006601333618164,0.0009366739596377443,,"{""learning_rate"": 0.01, ""max_depth"": 4, ""n_estimators"": 200, ""reg_lambda"": 30}",-1644.7740885416667,-2217.3131510416665,-1370.771484375,-1762.5104166666667,-2279.44921875,-1715.5582682291667,-1859.3955078125,-2391.7906901041665,-1622.4000651041667,-2191.580078125,-1905.554296875,323.74272846550315,21,-1561.563000801282,-1540.6255642361111,-1552.3592601102941,-1493.2945449561403,-1484.1367807539682,-1511.576171875,-1497.4399479166666,-1498.270134066358,-1506.9191136853449,-1496.2945018481182,-1514.2479020249284,25.79470545746438,1905.554296875,2,xgboost_change,development,2024-06-01,,,,4,,200.0,0.01,30.0,,
0.15207691192626954,0.015191008320878911,0.0033048152923583984,0.0010006439137628439,,"{""learning_rate"": 0.05, ""max_depth"": 2, ""n_estimators"": 100, ""reg_lambda"": 1}",-1829.8063151041667,-2085.4264322916665,-1069.7789713541667,-1301.5358072916667,-1976.3678385416667,-1404.0794270833333,-1602.1412760416667,-1960.2223307291667,-1603.0953776041667,-1911.9342447916667,-1674.4388020833333,317.86294412155974,7,-916.3001802884615,-973.7054253472222,-1061.6249234068628,-1033.488007127193,-1012.5983692956349,-1046.234573143116,-1064.1581510416668,-1105.1481963734568,-1117.7274604885058,-1137.571026545699,-1046.8556313057818,63.96557584963596,1674.4388020833333,2,xgboost_change,development,2024-06-01,,,,2,,100.0,0.05,1.0,,
0.1526277780532837,0.007823686331645568,0.003060746192932129,0.0013471008990147005,,"{""learning_rate"": 0.05, ""max_depth"": 2, ""n_estimators"": 100, ""reg_lambda"": 30}",-1730.1513671875,-2143.5804036458335,-1240.2568359375,-1450.9583333333333,-2023.1083984375,-1370.6692708333333,-1668.6793619791667,-2070.9055989583335,-1557.0563151041667,-1959.3460286458333,-1721.47119140625,300.9237543167836,13,-1229.9998998397436,-1251.877907986111,-1315.5335477941176,-1265.6501850328948,-1237.1070188492063,-1272.3585258152175,-1256.211953125,-1272.8825472608025,-1294.3359599497126,-1306.8152721774193,-1270.2772817830223,26.932151093818387,1721.47119140625,2,xgboost_change,development,2024-06-01,,,,2,,100.0,0.05,30.0,,
0.2706956148147583,0.01701513534133567,0.003426527976989746,0.0010791441065520083,,"{""learning_rate"": 0.05, ""max_depth"": 2, ""n_estimators"": 200, ""reg_lambda"": 1}",-1732.2008463541667,-2141.4365234375,-1153.2360026041667,-1378.7307942708333,-2103.2034505208335,-1423.9664713541667,-1497.064453125,-1859.6604817708333,-1601.6653645833333,-1974.1936848958333,-1686.5358072916667,314.0937343705491,8,-689.3322315705128,-679.6508680555555,-816.9622012867648,-798.1243489583334,-786.7622767857143,-818.5338541666666,-871.9854166666667,-888.4410927854939,-885.6150772270115,-921.2745085685484,-815.6681876071268,77.54192278271853,1686.5358072916667,2,xgboost_change,development,2024-06-01,,,,2,,200.0,0.05,1.0,,
0.2808971405029297,0.01144108707798481,0.0030679702758789062,0.0010663582195965858,,"{""learning_rate"": 0.05, ""max_depth"": 2, ""n_estimators"": 200, ""reg_lambda"": 30}",-1761.50390625,-2175.0445963541665,-1103.5924479166667,-1247.6591796875,-1904.09375,-1323.4134114583333,-1674.5817057291667,-1881.6344401041667,-1429.8284505208333,-1972.1412760416667,-1647.34931640625,335.58989217959106,5,-951.4393028846154,-984.7147135416667,-1085.3053002450981,-1045.3053042763158,-1008.4089161706349,-1035.8191802536232,-1038.76453125,-1066.4628665123457,-1073.915387033046,-1094.0054603494623,-1038.4140962516808,43.28874483352814,1647.34931640625,2,xgboost_change,development,2024-06-01,,,,2,,200.0,0.05,30.0,,
0.1563579797744751,0.018765314168595653,0.002992105484008789,0.001013155956656182,,"{""learning_rate"": 0.05, ""max_depth"": 4, ""n_estimators"": 100, ""reg_lambda"": 1}",-1879.5143229166667,-2101.1178385416665,-1166.4348958333333,-1410.384765625,-1950.2633463541667,-1436.888671875,-1547.6409505208333,-1875.2900390625,-1629.388671875,-2037.9287109375,-1703.4852213541665,294.37206284232144,10,-787.3326822916666,-806.2059461805555,-829.5587469362745,-808.4164610745614,-787.8722408234127,-780.664600317029,-804.1272395833333,-818.9684124228395,-826.6977146192529,-819.3032804099462,-806.9147324658873,16.27438291634117,1703.4852213541665,2,xgboost_change,development,2024-06-01,,,,4,,100.0,0.05,1.0,,
0.17228639125823975,0.007262514494727689,0.0028221607208251953,0.0008916931674748796,,"{""learning_rate"": 0.05, ""max_depth"": 4, ""n_estimators"": 100, ""reg_lambda"": 30}",-1793.8857421875,-2160.7265625,-1236.1334635416667,-1499.4264322916667,-2073.9013671875,-1375.00390625,-1697.7151692708333,-1931.5908203125,-1475.287109375,-1957.177734375,-1720.0848307291667,298.0187755070627,12,-1185.9170673076924,-1183.0123697916667,-1238.8238357843138,-1171.5713747258771,-1138.875713045635,-1156.6467108242753,-1145.581875,-1144.7871576003085,-1137.697826867816,-1131.2853032594087,-1163.4199234206994,31.064629830993365,1720.0848307291667,2,xgboost_change,development,2024-06-01,,,,4,,100.0,0.05,30.0,,
0.2726985216140747,0.01437357075434288,0.003127002716064453,0.0011325761821139107,,"{""learning_rate"": 0.05, ""max_depth"": 4, ""n_estimators"": 200, ""reg_lambda"": 1}",-1815.869140625,-2104.576171875,-1217.6487630208333,-1479.6770833333333,-2030.2809244791667,-1499.0240885416667,-1432.9270833333333,-1783.9352213541667,-1660.1315104166667,-2103.3811848958335,-1712.7451171875,291.3492417962283,11,-544.7201021634615,-508.0837673611111,-554.7365196078431,-531.7475671600877,-508.33792162698415,-491.23278985507244,-523.3602604166666,-530.5502989969136,-525.4056663074713,-528.6915532594086,-524.6866446755021,17.518520866672986,1712.7451171875,2,xgboost_change,development,2024-06-01,,,,4,,200.0,0.05,1.0,,
0.2871870994567871,0.015714041370875016,0.0029173851013183593,0.0012075164015516843,,"{""learning_rate"": 0.05, ""max_depth"": 4, ""n_estimators"": 200, ""reg_lambda"": 30}",-1829.5442708333333,-2152.1279296875,-1105.3889973958333,-1267.5182291666667,-1925.41015625,-1270.9541015625,-1573.6487630208333,-1789.9921875,-1399.2861328125,-1996.52734375,-1631.0398111979166,339.34638335310234,1,-892.3501101762821,-897.2544270833333,-959.4421338848039,-905.9355126096491,-850.5620349702381,-857.4119678442029,-860.2915104166667,-858.1888744212963,-855.427734375,-844.3320102486559,-878.1196316030127,33.93457019918118,1631.0398111979166,2,xgboost_change,development,2024-06-01,,,,4,,200.0,0.05,30.0,,
0.15213220119476317,0.011893384357770173,0.0030337810516357423,0.0010926218497692962,,"{""learning_rate"": 0.1, ""max_depth"": 2, ""n_estimators"": 100, ""reg_lambda"": 1}",-1791.5120442708333,-2168.642578125,-1147.0104166666667,-1337.0953776041667,-2086.1321614583335,-1293.0930989583333,-1555.4964192708333,-1900.1090494791667,-1723.6389973958333,-1955.1015625,-1695.7831705729163,332.6486954954406,9,-681.6888020833334,-712.8971354166666,-816.6117876838235,-821.1996984649123,-797.5282428075396,-809.6291893115942,-870.3521875,-890.9072145061729,-908.7892420977012,-935.0001470094086,-824.4603646881153,77.26529270240067,1695.7831705729163,2,xgboost_change,development,2024-06-01,,,,2,,100.0,0.1,1.0,,
0.1688847780227661,0.006270266207149063,0.0032250642776489257,0.0009180168639470622,,"{""learning_rate"": 0.1, ""max_depth"": 2, ""n_estimators"": 100, ""reg_lambda"": 30}",-1744.361328125,-2078.5712890625,-1019.0211588541666,-1344.6090494791667,-1943.9928385416667,-1304.9205729166667,-1696.474609375,-1865.3499348958333,-1431.6259765625,-2031.5065104166667,-1646.0433268229167,336.31834674165367,3,-954.2431390224359,-982.574609375,-1072.890816482843,-1037.556606359649,-1007.9602244543651,-1041.6911514945652,-1028.6645833333334,-1069.7788146219136,-1077.962890625,-1088.674059139785,-1036.1996894908889,41.77354288820466,1646.0433268229167,2,xgboost_change,development,2024-06-01,,,,2,,100.0,0.1,30.0,,
0.303649377822876,0.018783877190012906,0.0030595064163208008,0.0009310993480187797,,"{""learning_rate"": 0.1, ""max_depth"": 2, ""n_estimators"": 200, ""reg_lambda"": 1}",-1744.9768880208333,-2276.1396484375,-1155.2630208333333,-1453.349609375,-2152.9251302083335,-1474.7135416666667,-1480.9905598958333,-1798.5361328125,-1743.1881510416667,-1995.5888671875,-1727.5671549479164,329.65782067291747,14,-447.63842147435895,-454.46393229166665,-568.0407475490196,-548.3126027960526,-555.8567088293651,-572.5509227807971,-641.7366145833333,-654.7543885030864,-667.051095545977,-688.0659862231183,-579.8471420576775,79.82476998118537,1727.5671549479164,2,xgboost_change,development,2024-06-01,,,,2,,200.0,0.1,1.0,,
0.3001543045043945,0.015676525164155637,0.0028130054473876954,0.0005003017775487189,,"{""learning_rate"": 0.1, ""max_depth"": 2, ""n_estimators"": 200, ""reg_lambda"": 30}",-1720.3854166666667,-2100.8225911458335,-1088.2838541666667,-1301.4768880208333,-2024.1282552083333,-1409.6819661458333,-1615.6305338541667,-1800.5348307291667,-1457.3333333333333,-2057.3759765625,-1657.5653645833336,326.99518209887447,6,-719.6863481570513,-731.8847222222222,-840.5716911764706,-822.4301672149123,-801.0699714781746,-814.6842164855072,-831.4513020833333,-872.9658323688271,-872.045483117816,-880.0098916330645,-818.679962593738,52.79378825757063,1657.5653645833336,2,xgboost_change,development,2024-06-01,,,,2,,200.0,0.1,30.0,,
0.15885815620422364,0.010217764829191648,0.0036764621734619142,0.0014193298424956772,,"{""learning_rate"": 0.1, ""max_depth"": 4, ""n_estimators"": 100, ""reg_lambda"": 1}",-1770.71484375,-2166.0478515625,-1276.439453125,-1497.0589192708333,-2192.076171875,-1508.5345052083333,-1405.8922526041667,-2016.8951822916667,-1668.9208984375,-2019.189453125,-1752.176953125,313.7089733520794,17,-545.904547275641,-519.3823784722222,-552.5407858455883,-519.9978070175439,-520.5230034722222,-497.09643908514494,-538.3665885416667,-547.031780478395,-540.893835308908,-561.5172211021505,-534.3254386599483,18.5237016112595,1752.176953125,2,xgboost_change,development,2024-06-01,,,,4,,100.0,0.1,1.0,,
0.1589953660964966,0.007790916811249049,0.002741885185241699,0.0005712513737565243,,"{""learning_rate"": 0.1, ""max_depth"": 4, ""n_estimators"": 100, ""reg_lambda"": 30}",-1867.6438802083333,-2055.9401041666665,-1065.7548828125,-1358.2958984375,-2003.2867838541667,-1238.6162109375,-1572.3655598958333,-1805.0950520833333,-1468.1754557291667,-2036.2223307291667,-1647.1396158854168,338.3586347781892,4,-899.0390625,-901.5138454861111,-951.9932215073529,-896.162931743421,-855.5891927083334,-855.9810631793479,-850.6769791666667,-861.3489101080247,-856.2260237068965,-869.036143313172,-879.7567373419326,30.55308762241665,1647.1396158854168,2,xgboost_change,development,2024-06-01,,,,4,,100.0,0.1,30.0,,
0.29712872505187987,0.018352712164025113,0.003398609161376953,0.0011426163567838559,,"{""learning_rate"": 0.1, ""max_depth"": 4, ""n_estimators"": 200, ""reg_lambda"": 1}",-1728.119140625,-2208.404296875,-1377.3444010416667,-1602.0185546875,-2232.1005859375,-1624.8463541666667,-1403.0641276041667,-1907.8463541666667,-1704.56640625,-2051.55078125,-1783.9861002604168,290.8942919862917,18,-287.8563701923077,-261.6225694444444,-287.8936121323529,-245.35663377192984,-241.31442212301587,-228.7656533061594,-271.4955729166667,-267.9543788580247,-265.8629220545977,-285.71759492607526,-264.38397297255744,19.480307470413713,1783.9861002604168,2,xgboost_change,development,2024-06-01,,,,4,,200.0,0.1,1.0,,
0.23774733543395996,0.049418166020715346,0.0028606653213500977,0.0013416570129345486,,"{""learning_rate"": 0.1, ""max_depth"": 4, ""n_estimators"": 200, ""reg_lambda"": 30}",-1823.8577473958333,-2091.103515625,-1106.7522786458333,-1282.5784505208333,-2075.4072265625,-1413.0260416666667,-1426.4602864583333,-1696.8118489583333,-1424.6490885416667,-2113.8723958333335,-1645.4518880208332,347.8445927943853,2,-655.5527844551282,-613.2345486111111,-681.7771905637255,-630.498869243421,-593.3639322916666,-572.8030457427536,-590.8557291666667,-595.4407793209876,-573.023819145115,-583.5642431115591,-609.0114941652134,34.57289274007777,1645.4518880208332,2,xgboost_change,development,2024-06-01,,,,4,,200.0,0.1,30.0,,
2.7076451778411865,0.7851498957643052,0.00195615291595459,0.0001747166111263966,,"{""regressor__mlpregressor__alpha"": 0.01, ""regressor__mlpregressor__hidden_layer_sizes"": [16]}",-1985.7774572481624,-3999.5631642439935,-2542.215646607909,-3258.502241547816,-3395.718366459412,-2196.1315482363584,-3022.1498979407497,-3089.139378930168,-4398.467623045391,-3243.6683117451344,-3113.1333636005097,707.2829792977948,9,-5.557063665208914,-6.70686587289553,-7.573480207014155,-9.489865473815595,-13.206787539560624,-19.27587424878526,-17.52508101844932,-92.81499830744553,-61.4515702809044,-197.63756632678226,-43.12391529408616,58.25048626999156,3113.1333636005097,2,neural_network_change,development,2024-06-01,,,,,,,,,0.01,"(16,)"
2.487104320526123,0.6732023891297024,0.00186614990234375,0.0005001226785646547,,"{""regressor__mlpregressor__alpha"": 0.01, ""regressor__mlpregressor__hidden_layer_sizes"": [32]}",-1812.5139183150416,-3125.673597990564,-1862.8340081787326,-2232.484305095141,-4325.665339055707,-2068.2213671688023,-1382.6189092170396,-2271.9558985222666,-2854.40927487352,-1860.1445098972574,-2379.652112831407,809.4359694883609,8,-4.862839168574562,-4.745952638722115,-5.635460247905191,-5.994929154813259,-6.749674489081256,-6.606602455220813,-7.159109529035874,-7.2194546056050095,-7.537748032648141,-7.823304875933763,-6.433507519753998,1.0280607610720824,2379.652112831407,2,neural_network_change,development,2024-06-01,,,,,,,,,0.01,"(32,)"
9.593460869789123,2.5611200555012226,0.0018888473510742187,0.00024418393231526023,,"{""regressor__mlpregressor__alpha"": 0.01, ""regressor__mlpregressor__hidden_layer_sizes"": [32, 16]}",-1563.2261333274103,-2193.082351093742,-2621.4377664028184,-1924.6322463938493,-4485.570662729285,-1307.4944342865358,-1640.5788266276431,-2305.6735072987126,-2366.3904272915656,-2194.0285854293666,-2260.2114940880924,836.3582708518935,7,-3.097085177269503,-3.496238274461939,-3.075180692720417,-3.6337490845543106,-3.331651962401497,-4.054006629574439,-3.753280004185508,-4.4940476921225505,-4.333287629418334,-4.549672302828948,-3.7818199449537446,0.5244250329124465,2260.2114940880924,2,neural_network_change,development,2024-06-01,,,,,,,,,0.01,"(32, 16)"
1.5956218004226685,0.6489461459128035,0.0019814729690551757,7.032818289377704e-05,,"{""regressor__mlpregressor__alpha"": 1, ""regressor__mlpregressor__hidden_layer_sizes"": [16]}",-1610.2853955201383,-2931.0005432452617,-1848.3151100578343,-2090.740677989093,-2642.270427129306,-1804.4123124858754,-1969.8559323826673,-1905.2206653898309,-2523.6202750200405,-1836.219693702562,-2116.1941032922605,409.4546101638401,5,-395.1209752352725,-461.86205979731125,-451.56561517161873,-499.74123629951606,-500.0984710599712,-588.6556050049625,-565.4324457587483,-575.2913274267984,-593.1128550120002,-631.2403192330388,-526.2120909999237,71.85636496849804,2116.1941032922605,2,neural_network_change,development,2024-06-01,,,,,,,,,1.0,"(16,)"
2.6878750801086424,0.9323756160751243,0.0019736289978027344,8.923781606378946e-05,,"{""regressor__mlpregressor__alpha"": 1, ""regressor__mlpregressor__hidden_layer_sizes"": [32]}",-1436.4007751347756,-2403.5347001263053,-1860.4526572455998,-2252.6868195041075,-3169.6652003520344,-2087.1158731342553,-1374.777144322287,-1699.692148672418,-2321.1777874899467,-1708.5637297289643,-2031.4066835710696,509.7871305035086,4,-393.3970460396991,-391.41609602609964,-411.4428841976148,-411.29480826036666,-413.4537725918705,-455.88749601430254,-462.3239852999114,-447.0691048437778,-484.64171552150367,-445.15413393737856,-431.6081042732524,29.987303886084696,2031.4066835710696,2,neural_network_change,development,2024-06-01,,,,,,,,,1.0,"(32,)"
12.900798773765564,3.6049286559153524,0.0018983125686645509,7.613578809583364e-05,,"{""regressor__mlpregressor__alpha"": 1, ""regressor__mlpregressor__hidden_layer_sizes"": [32, 16]}",-1771.796514429637,-3070.028154986556,-2016.3348353029712,-1953.0562064022488,-3615.953106941192,-1767.0774122271916,-2095.0801404346244,-2094.965311634485,-2359.181934619552,-1717.438098538947,-2246.0911715517404,590.4547308893327,6,-210.34205401485835,-225.03207316759847,-215.13650672153636,-219.39280307549504,-216.27070617523765,-233.0769615349637,-211.86193809112888,-227.0710735351628,-230.94386810752496,-216.38159750765197,-220.55095819311578,7.573560328057834,2246.0911715517404,2,neural_network_change,development,2024-06-01,,,,,,,,,1.0,"(32, 16)"
0.5702866077423095,0.23589914838468462,0.001960492134094238,6.449321280691702e-05,,"{""regressor__mlpregressor__alpha"": 10, ""regressor__mlpregressor__hidden_layer_sizes"": [16]}",-1558.5749415697846,-1681.7592275947075,-937.0905934943281,-1250.810399383423,-1808.3481051519987,-1669.2317161415838,-1857.3501048891667,-1842.4281539459364,-1605.477015414507,-1799.2730479647744,-1601.034330555021,279.7703275677721,2,-1270.4153364157708,-1267.0992197244534,-1302.1060316513422,-1239.594712515806,-1206.790711076501,-1236.3893415134542,-1228.8985216304093,-1246.0748791931255,-1261.7668413316976,-1269.9279982132825,-1252.9063593265842,25.48835788558766,1601.034330555021,2,neural_network_change,development,2024-06-01,,,,,,,,,10.0,"(16,)"
0.8549042463302612,0.314707879052883,0.0018414497375488282,0.0001712501819746581,,"{""regressor__mlpregressor__alpha"": 10, ""regressor__mlpregressor__hidden_layer_sizes"": [32]}",-1569.9430032845412,-1666.5149081833297,-942.849419565137,-1260.257024272328,-1826.3685434996794,-1709.7671713245236,-1852.455792897693,-1829.5906983745008,-1611.6437584345415,-1776.180273906024,-1604.55705937423,276.2796761691835,3,-1256.457489589033,-1269.4575820644748,-1294.8434476856762,-1245.5995231627242,-1191.0922771196674,-1231.8574378124856,-1229.3669284926707,-1255.605933217945,-1248.2726722516454,-1259.742407691849,-1248.229569908817,26.02608713343768,1604.55705937423,2,neural_network_change,development,2024-06-01,,,,,,,,,10.0,"(32,)"
2.146933937072754,0.7026402315390529,0.001712203025817871,0.00031212602225133925,,"{""regressor__mlpregressor__alpha"": 10, ""regressor__mlpregressor__hidden_layer_sizes"": [32, 16]}",-1563.0965676820076,-1665.2608961489816,-929.624754404845,-1252.0422421893618,-1783.555803143383,-1489.192391167356,-1852.78396454047,-1793.9134281471713,-1665.0074024340167,-1712.800286130722,-1570.7277735988314,270.54627384892456,1,-1294.5670667617476,-1308.8190316209036,-1299.616989102395,-1238.5857640595138,-1194.1164564384421,-1220.7721199978907,-1223.7647229533331,-1227.2384083016243,-1247.0802928113967,-1256.972383668374,-1251.153323571562,36.4218187499078,1570.7277735988314,2,neural_network_change,development,2024-06-01,,,,,,,,,10.0,"(32, 16)"
0.026482057571411134,0.0128747908100845,0.0037805795669555663,0.005083777041433874,0.01,"{""ridge__alpha"": 0.01}",-1825.0301947080552,-1998.705541271771,-1959.7166776461054,-1647.1762910556063,-1975.6484097304929,-4404.753884917808,-3746.974221442808,-1770.3018581558244,-2033.9643807988843,-2489.751322665334,-2385.202278239269,883.2915613418385,4,-1813.2497870795814,-1805.9881949466023,-1826.9694609542953,-1832.3154442311002,-1798.079845429338,-1780.3978574531448,-1975.8614246455727,-2098.6648015122873,-2071.38104904809,-2070.1323421010875,-1907.30402074011,124.08727484502978,2385.202278239269,3,ridge_change,development,2024-06-01,,,,,,,,,,
0.025784611701965332,0.010873935439728475,0.0012495756149291993,0.0008916762961587273,0.1,"{""ridge__alpha"": 0.1}",-1824.529338870867,-1996.1155242065786,-1958.9771649743197,-1646.6092909054958,-1975.9696424858241,-4400.534237160864,-3746.7368472908747,-1770.2650653703774,-2034.6138741617033,-2489.295236248621,-2384.3646221675526,882.4754424251056,3,-1813.0735325530777,-1805.7874777283514,-1826.4443109734418,-1832.0190020573255,-1797.7403798376229,-1779.8689055068821,-1975.8869889356918,-2098.475437979736,-2071.3015485554347,-2070.0941309022814,-1907.0691715029848,124.20966627577282,2384.3646221675526,3,ridge_change,development,2024-06-01,,,,,,,,,,
0.026534008979797363,0.011226707289728015,0.002390742301940918,0.002071368711422644,1.0,"{""ridge__alpha"": 1}",-1819.811036965515,-1971.3700563905113,-1952.0759048770353,-1641.0041615470861,-1978.6606718279206,-4360.39576720003,-3744.313264802958,-1769.7947404146144,-2040.9640543406967,-2484.8671917183224,-2376.3256850084695,874.7898761658869,2,-1812.3276727918872,-1805.8689496291938,-1822.4217689896639,-1829.3789397368885,-1794.5778488074886,-1777.2239974405072,-1976.1507835779253,-2097.601078428535,-2071.0735814853174,-2070.342251429202,-1905.6966872316611,125.1174819653926,2376.3256850084695,3,ridge_change,development,2024-06-01,,,,,,,,,,
0.02996642589569092,0.017317859773696185,0.0021695852279663085,0.0018345754224921964,10.0,"{""ridge__alpha"": 10}",-1860.8925717718,-1873.6667414771885,-1949.6358430016382,-1592.943460792554,-1976.918630678875,-4244.86720063039,-3733.8883709136703,-1758.6070740148134,-2148.600261157746,-2451.3235524245806,-2359.1343706863254,851.1253429023734,1,-1835.8588640888884,-1831.6636890929503,-1827.6295210472026,-1832.5939692217594,-1802.4101873341629,-1794.2650044861002,-2000.2398201285346,-2100.7778161307037,-2074.252707227498,-2077.355937449241,-1917.704751620704,121.78380924436682,2359.1343706863254,3,ridge_change,development,2024-06-01,,,,,,,,,,
0.02521021366119385,0.014224986636108234,0.0035574674606323243,0.0045812742766814015,100.0,"{""ridge__alpha"": 100}",-2016.057550059116,-2034.4243646225343,-2228.34437916826,-1941.444724012547,-2174.765050890705,-4177.400182916576,-4275.738204069984,-1801.4977274809607,-2496.5270538086793,-2462.5235285113836,-2560.8722765540747,858.0037695951683,5,-2014.646568194816,-2021.2109347163303,-2011.1908916381976,-2033.4740369027006,-2017.8286849737694,-2029.4468575434294,-2184.8434917776044,-2308.095032170047,-2268.492997109223,-2270.6617794850317,-2115.989127451115,119.58107255879204,2560.8722765540747,3,ridge_change,development,2024-06-01,,,,,,,,,,
0.019156408309936524,0.009972366713196916,0.0010428190231323241,0.00037570906349283035,1000.0,"{""ridge__alpha"": 1000}",-2084.182420180938,-2207.390870319472,-2371.8689528291993,-2121.9719346584134,-2318.7711719513195,-4088.1682772217996,-4540.902489520636,-1949.7298848591745,-2708.615585359861,-2492.413099323346,-2688.4014686224155,844.3741215751602,6,-2127.108584556701,-2123.061056832354,-2135.0489090113924,-2158.7615185184554,-2153.361751364333,-2167.017021305834,-2316.596196799845,-2478.0139393212417,-2438.500823709938,-2452.453340507274,-2254.9923141927366,142.0124038673787,2688.4014686224155,3,ridge_change,development,2024-06-01,,,,,,,,,,
0.02879335880279541,0.014449585064131323,0.0023339509963989256,0.002760613202325956,0.01,"{""ridge__alpha"": 0.01}",-1750.020002268957,-2096.316767507115,-2003.5760302404535,-1731.9878672449024,-1744.8796363044482,-4492.577575248114,-3894.351209265375,-1903.6535144162237,-2155.697490483508,-2482.3835759314716,-2425.5443668910566,920.0839238428466,4,-1792.6835790781188,-1784.5507151412314,-1807.0193644076614,-1814.8467221480337,-1787.884582413647,-1744.243532352327,-1958.294763941378,-2085.0644520695846,-2066.1020467474204,-2068.2364124409223,-1890.8926170740324,130.49246800581432,2425.5443668910566,3,seasonal_ridge_change,development,2024-06-01,,,,,,,,,,
0.020855140686035157,0.010736271198170269,0.002186012268066406,0.0016123079241738224,0.1,"{""ridge__alpha"": 0.1}",-1749.0316147565038,-2094.158973964055,-2003.4474868179302,-1731.5288349981747,-1744.1074079428424,-4490.74829482822,-3894.839459265135,-1903.9455287634119,-2157.071117559448,-2482.0623159798743,-2425.0941034875596,919.9400123554236,3,-1792.6247399747574,-1784.197279922347,-1806.7618251149377,-1814.6538941740816,-1787.7507331858076,-1743.9355459804908,-1958.291275388196,-2084.929137403451,-2066.0957266447112,-2068.2682689959934,-1890.7508426784775,130.58186454606786,2425.0941034875596,3,seasonal_ridge_change,development,2024-06-01,,,,,,,,,,
0.025602316856384276,0.010700851770213802,0.00230560302734375,0.001519532922209113,1.0,"{""ridge__alpha"": 1}",-1739.996659497773,-2073.375946133134,-2002.3997570932188,-1726.9423454752093,-1736.957283284349,-4473.520023430124,-3899.343622729659,-1906.5571328895421,-2170.3163824911353,-2478.9793908292654,-2420.838854385341,918.6216884657618,2,-1792.0317157617865,-1780.7868234689574,-1804.2935847085523,-1813.206095190532,-1786.4565767760769,-1742.8117398629174,-1958.4196544799922,-2083.6275399025826,-2066.023767209953,-2068.5686847668258,-1889.6226182128175,131.2236302872231,2420.838854385341,3,seasonal_ridge_change,development,2024-06-01,,,,,,,,,,
0.027274513244628908,0.013128680320334018,0.002864694595336914,0.004084662239243909,10.0,"{""ridge__alpha"": 10}",-1718.7232253098227,-1980.9436530884548,-2027.1664512433235,-1685.258985948196,-1710.941154747019,-4364.559485747833,-3920.337362597596,-1911.947343707794,-2266.22037217723,-2457.169596866035,-2404.326763143331,905.2348389995764,1,-1808.4638527012075,-1787.5447733599908,-1801.7644521901996,-1820.5245877593948,-1796.0619039363366,-1767.7341607721894,-1976.1089312594988,-2088.2921720507584,-2073.6599979550488,-2077.0628539316817,-1899.7217685916307,129.63169935756966,2404.326763143331,3,seasonal_ridge_change,development,2024-06-01,,,,,,,,,,
0.023895812034606934,0.008855393933387535,0.002739238739013672,0.0019516136814195768,100.0,"{""ridge__alpha"": 100}",-1904.2668796683927,-2003.2921434882603,-2268.6489919776373,-1926.7513764594212,-2024.9811272532668,-4154.137108320235,-4229.1096365443,-1909.549251043279,-2443.8266752801355,-2419.5187964146135,-2528.4081986449537,853.5561523675109,5,-1965.095849922812,-1943.343944349821,-1936.7693222197784,-1961.7417734891405,-1951.484455665278,-1947.685237841065,-2117.6283475509604,-2239.9837710877437,-2214.2221879452263,-2218.274484905478,-2049.62293749773,124.6273593828454,2528.4081986449537,3,seasonal_ridge_change,development,2024-06-01,,,,,,,,,,
0.02219126224517822,0.00850903689018685,0.0015002012252807618,0.001072411327524109,1000.0,"{""ridge__alpha"": 1000}",-2064.1116937085912,-2171.9678029223883,-2370.5426984393125,-2118.1608880253407,-2290.9128778960244,-4052.687853684833,-4525.165147995781,-1978.4795326197407,-2697.706954900956,-2476.9730773493357,-2674.6708527542305,838.004637192995,6,-2118.7090493512187,-2110.1786350361604,-2116.259884590265,-2140.4881252743853,-2134.8663170696536,-2144.9025037776464,-2290.6067700845583,-2452.98071065015,-2416.599754849764,-2430.0229587829635,-2235.5614709466763,138.52687721923516,2674.6708527542305,3,seasonal_ridge_change,development,2024-06-01,,,,,,,,,,
0.026679849624633788,0.010641383702224873,0.002786540985107422,0.0028343908313457136,1.0,"{""polynomialfeatures__degree"": 1, ""ridge__alpha"": 1}",-1739.996659497773,-2073.375946133134,-2002.3997570932177,-1726.9423454752093,-1736.957283284349,-4473.520023430124,-3899.343622729659,-1906.5571328895421,-2170.3163824911353,-2478.979390829268,-2420.8388543853407,918.621688465762,2,-1792.0317157617865,-1780.7868234689568,-1804.2935847085519,-1813.2060951905319,-1786.4565767760764,-1742.811739862918,-1958.4196544799927,-2083.6275399025835,-2066.023767209953,-2068.568684766826,-1889.6226182128175,131.2236302872234,2420.8388543853407,3,polynomial_ridge_change,development,2024-06-01,1.0,,,,,,,,,
0.030458641052246094,0.013020963451650302,0.0018629789352416991,0.0020149116144131687,10.0,"{""polynomialfeatures__degree"": 1, ""ridge__alpha"": 10}",-1718.7232253098227,-1980.9436530884548,-2027.1664512433235,-1685.258985948196,-1710.941154747018,-4364.5594857478345,-3920.337362597596,-1911.947343707794,-2266.220372177231,-2457.169596866035,-2404.326763143331,905.2348389995768,1,-1808.4638527012082,-1787.5447733599908,-1801.7644521901996,-1820.5245877593952,-1796.0619039363366,-1767.734160772189,-1976.1089312594988,-2088.2921720507584,-2073.6599979550488,-2077.0628539316817,-1899.7217685916307,129.63169935756963,2404.326763143331,3,polynomial_ridge_change,development,2024-06-01,1.0,,,,,,,,,
0.038599038124084474,0.019531167058985707,0.001184988021850586,0.000613351401283501,100.0,"{""polynomialfeatures__degree"": 1, ""ridge__alpha"": 100}",-1904.2668796683927,-2003.2921434882603,-2268.6489919776373,-1926.7513764594212,-2024.9811272532668,-4154.137108320235,-4229.109636544298,-1909.549251043279,-2443.8266752801355,-2419.518796414615,-2528.4081986449537,853.5561523675105,3,-1965.0958499228127,-1943.343944349821,-1936.7693222197784,-1961.7417734891399,-1951.484455665278,-1947.6852378410651,-2117.6283475509604,-2239.9837710877437,-2214.222187945226,-2218.2744849054775,-2049.62293749773,124.62735938284526,2528.4081986449537,3,polynomial_ridge_change,development,2024-06-01,1.0,,,,,,,,,
0.03219413757324219,0.01352144163341056,0.0009565114974975586,6.29515758754917e-05,1000.0,"{""polynomialfeatures__degree"": 1, ""ridge__alpha"": 1000}",-2064.1116937085912,-2171.9678029223883,-2370.5426984393125,-2118.1608880253407,-2290.9128778960244,-4052.687853684833,-4525.16514799578,-1978.4795326197407,-2697.706954900956,-2476.9730773493357,-2674.6708527542305,838.0046371929948,6,-2118.7090493512187,-2110.1786350361604,-2116.259884590265,-2140.4881252743853,-2134.8663170696536,-2144.9025037776464,-2290.6067700845583,-2452.98071065015,-2416.599754849764,-2430.0229587829635,-2235.5614709466763,138.52687721923516,2674.6708527542305,3,polynomial_ridge_change,development,2024-06-01,1.0,,,,,,,,,
0.03932492733001709,0.005697916782841752,0.003458547592163086,0.00235754758898887,1.0,"{""polynomialfeatures__degree"": 2, ""ridge__alpha"": 1}",-3604.6376073960673,-3640.139420904668,-3035.302557173185,-3694.3808755377445,-3137.372639485116,-5755.863065808815,-7488.317740663323,-3747.7867673828464,-1884.947050323038,-2508.4489559643953,-3849.71966806392,1544.0641250302012,8,-658.3756499087455,-938.7666131846937,-1168.2114037874235,-1224.3020544752555,-1365.841937967637,-1387.156956076558,-1518.035455128195,-1633.1977958440084,-1760.839773566893,-1740.288558346774,-1339.5016198286182,335.61660237330017,3849.71966806392,3,polynomial_ridge_change,development,2024-06-01,2.0,,,,,,,,,
0.03195481300354004,0.011270304349070375,0.003186535835266113,0.002287421525581434,10.0,"{""polynomialfeatures__degree"": 2, ""ridge__alpha"": 10}",-2848.2057301442546,-2736.482702347046,-2412.5084296286245,-2601.8919151819523,-2112.5022981627626,-4350.770068344758,-4833.813053825249,-3291.3034895475794,-1985.1626363385512,-2491.817927068148,-2966.4458250588923,890.671898852551,7,-988.6884082218621,-1203.9342934430415,-1323.8382089316694,-1354.057330200109,-1433.1750302877865,-1445.5098178825706,-1594.365540016381,-1704.6422252831312,-1794.7178839804758,-1771.3173136398443,-1461.424605188687,246.01541475938342,2966.4458250588923,3,polynomial_ridge_change,development,2024-06-01,2.0,,,,,,,,,
0.036617398262023926,0.009079011762066049,0.0025341272354125976,0.001552782227556773,100.0,"{""polynomialfeatures__degree"": 2, ""ridge__alpha"": 100}",-2038.6987350638472,-2273.585004638056,-2173.130113012599,-2381.8984625611192,-2086.45801681812,-3683.2312370946893,-3989.333708745528,-2382.6719763950387,-2136.5128297875162,-2393.5263351136527,-2553.9046419230167,655.9108824188951,4,-1569.3196413260773,-1620.2187934644683,-1657.0043000161947,-1675.7488734513422,-1708.2390474358122,-1707.26372607183,-1852.4895432250407,-1918.6675387902615,-1957.5798954646164,-1950.4839682257252,-1761.7015327471368,137.14487624416148,2553.9046419230167,3,polynomial_ridge_change,development,2024-06-01,2.0,,,,,,,,,
0.02866041660308838,0.007965458313067865,0.0029210329055786135,0.0017508474673945567,1000.0,"{""polynomialfeatures__degree"": 2, ""ridge__alpha"": 1000}",-2023.3941811076209,-2078.8995889516423,-2296.050033607519,-2162.4535923860094,-2261.7543388019926,-3896.166806470552,-4594.864050859855,-1894.158911311418,-2589.7516489798704,-2529.8646134276933,-2632.735776590417,845.8317079377633,5,-2015.1321836298496,-2008.993314720795,-2008.8742533991617,-2029.7956239965947,-2039.6667687658696,-2047.2712463396192,-2195.488522037898,-2323.4590042565187,-2295.8301357979644,-2309.150463987237,-2127.3661516931506,129.92075272655978,2632.735776590417,3,polynomial_ridge_change,development,2024-06-01,2.0,,,,,,,,,
0.033077573776245116,0.010152652705067478,0.019864654541015624,0.00906582143698398,1.0,"{""ridge__alpha"": 1, ""splinetransformer__degree"": 2, ""splinetransformer__n_knots"": 3}",-2608.857362301676,-3545.087832027908,-2416.834736386525,-2576.9640532694016,-1826.6860305852679,-3977.4419072919613,-4582.573590108223,-2321.319987040844,-2095.8247862074677,-2554.9270915118395,-2850.6517376731113,840.1745177117048,13,-1385.2319468910157,-1463.325392540977,-1505.3677887700096,-1555.8396014113735,-1602.1620516787275,-1605.6730570193338,-1757.7705269653788,-1914.9689017486626,-1916.559393992573,-1923.2668498948294,-1663.016551091288,191.00914022858842,2850.6517376731113,3,spline_ridge_change,development,2024-06-01,,2.0,3.0,,,,,,,
0.03433859348297119,0.007380946913070615,0.019664573669433593,0.007934817651300233,1.0,"{""ridge__alpha"": 1, ""splinetransformer__degree"": 2, ""splinetransformer__n_knots"": 5}",-3007.2249884734797,-3415.0884281629246,-5600.278015330503,-8059.255271108231,-2317.333956429907,-6243.844062996221,-5635.012249152365,-2222.639188357671,-2195.938641364735,-2473.7650200951152,-4117.037982147116,1987.7549210748634,15,-944.0267271405015,-1052.9618797775518,-1113.7895935577324,-1304.2035406475597,-1421.232749080173,-1449.5188015122649,-1611.4705944172033,-1790.332254382316,-1808.2487401273884,-1817.1715516746374,-1431.2956432317328,308.27381137074383,4117.037982147116,3,spline_ridge_change,development,2024-06-01,,2.0,5.0,,,,,,,
0.034832882881164554,0.006396853945513143,0.02254657745361328,0.008297585718987107,1.0,"{""ridge__alpha"": 1, ""splinetransformer__degree"": 2, ""splinetransformer__n_knots"": 7}",-4242.857417398142,-6072.31693256058,-7487.1851334742905,-9217.60903178582,-5577.495137104208,-7436.602376556314,-5512.032731354712,-2972.1708449312378,-2372.1784644271174,-2856.399082660413,-5374.684715225283,2154.967035937477,18,-645.9288051935798,-870.890447208337,-927.1246937293455,-1083.0406360803022,-1221.5684537539498,-1309.8540091142145,-1439.0014024944564,-1636.006779584549,-1690.4549220284907,-1716.415314673649,-1254.0285463860873,352.31308030118265,5374.684715225283,3,spline_ridge_change,development,2024-06-01,,2.0,7.0,,,,,,,
0.03375003337860107,0.010613650147607637,0.024778342247009276,0.011378696823771482,1.0,"{""ridge__alpha"": 1, ""splinetransformer__degree"": 3, ""splinetransformer__n_knots"": 3}",-3256.5614996079553,-3516.059182294255,-2785.80452372165,-4934.229064069547,-1823.5285292928809,-4667.801212401603,-5409.121492992753,-2344.212901540455,-2155.0477789760757,-2590.051498813225,-3348.24176837104,1191.1385513910238,14,-1176.7699718842755,-1310.2752071778878,-1306.62647162854,-1418.6727617942727,-1538.7988631657531,-1535.6603834829484,-1693.3109069583231,-1896.007860953428,-1899.1084527510498,-1913.841459360129,-1568.9072339156605,257.78269498527857,3348.24176837104,3,spline_ridge_change,development,2024-06-01,,3.0,3.0,,,,,,,
0.035112309455871585,0.009256198770553354,0.027609801292419432,0.013545604237047515,1.0,"{""ridge__alpha"": 1, ""splinetransformer__degree"": 3, ""splinetransformer__n_knots"": 5}",-5401.987623893252,-4106.322963667769,-5592.956871368795,-10680.428712027824,-3597.782023904913,-5596.10265579669,-6459.362022557042,-2442.7439843918787,-2227.290799068007,-2698.1355670403245,-4880.31132237165,2396.105439142353,16,-877.9921970124586,-1030.6705597693035,-1034.9705567836777,-1201.1711689902447,-1342.8087512625625,-1379.7741852827007,-1570.9142298250324,-1793.8370666686887,-1802.9143798214952,-1815.2945838219769,-1385.0347679238141,332.00075586004294,4880.31132237165,3,spline_ridge_change,development,2024-06-01,,3.0,5.0,,,,,,,
0.028426241874694825,0.008590255245479033,0.02485778331756592,0.009181659469415375,1.0,"{""ridge__alpha"": 1, ""splinetransformer__degree"": 3, ""splinetransformer__n_knots"": 7}",-6385.16008850689,-5561.470307539507,-4456.520266190309,-8084.115044159608,-6506.947365005503,-8257.140892564306,-5498.5981621706005,-3201.6987729317793,-2509.254048840057,-2627.362742506071,-5308.826769041463,1981.9909436050175,17,-551.9659932254664,-738.6511154819458,-824.8895603658134,-1000.393092190876,-1165.1595817862558,-1232.0733614331364,-1411.3401299188088,-1579.6100726240907,-1611.4537847469214,-1642.4416339077181,-1175.7978325681033,369.2619675880741,5308.826769041463,3,spline_ridge_change,development,2024-06-01,,3.0,7.0,,,,,,,
0.03254127502441406,0.014130687240232524,0.02092125415802002,0.011435239372330272,100.0,"{""ridge__alpha"": 100, ""splinetransformer__degree"": 2, ""splinetransformer__n_knots"": 3}",-1722.4841014586807,-2071.6838318060377,-2224.3474228795726,-1699.0470363658424,-2038.8578149830246,-3734.787237170481,-3849.5410783384104,-2101.231565736792,-2243.6401114461382,-2495.316495969278,-2418.0936696154254,722.6188888975918,1,-1701.599139809648,-1665.2175050845751,-1669.9658679216227,-1724.290563123559,-1702.2210298357443,-1711.16873440683,-1866.64898971842,-1998.6511248735226,-2008.2706829684291,-2015.3472834973893,-1806.3380921239739,141.84334257649954,2418.0936696154254,3,spline_ridge_change,development,2024-06-01,,2.0,3.0,,,,,,,
0.03339991569519043,0.009509942372685857,0.01712987422943115,0.010891191794843156,100.0,"{""ridge__alpha"": 100, ""splinetransformer__degree"": 2, ""splinetransformer__n_knots"": 5}",-1912.1049867700033,-1982.8570415965794,-2376.17289386057,-2175.6590593230394,-2152.2107556799115,-3557.30121634749,-4010.20363276933,-2061.953767272063,-2323.753143195712,-2544.5347884216803,-2509.675128523638,669.114380342115,3,-1540.9302227773805,-1534.4182938268436,-1552.2271748578,-1632.1174532693879,-1645.7437701567833,-1673.398181531302,-1823.9090868693822,-1978.563507103456,-1974.3253659123588,-1988.9268132201503,-1734.4559869524844,179.6187037529874,2509.675128523638,3,spline_ridge_change,development,2024-06-01,,2.0,5.0,,,,,,,
0.03335516452789307,0.012300450825558903,0.020360612869262697,0.011829505959659375,100.0,"{""ridge__alpha"": 100, ""splinetransformer__degree"": 2, ""splinetransformer__n_knots"": 7}",-2160.282053494329,-1928.143181962582,-2329.4142294005264,-2268.9830184856532,-2430.8379640280546,-3336.689421901928,-4587.846886432148,-2351.150608399985,-2285.860784922553,-2521.4758866432567,-2620.068403567101,742.5054070300753,11,-1339.5205920198325,-1400.3218167646687,-1423.2828052392813,-1473.8649616547166,-1539.9354904475865,-1570.8867727980833,-1693.6789604499604,-1863.5502663874067,-1888.5024099631084,-1905.898007688214,-1609.9442083412857,203.31455638513853,2620.068403567101,3,spline_ridge_change,development,2024-06-01,,2.0,7.0,,,,,,,
0.02513167858123779,0.0075523539929231,0.024968504905700684,0.01109628055623305,100.0,"{""ridge__alpha"": 100, ""splinetransformer__degree"": 3, ""splinetransformer__n_knots"": 3}",-1946.3628051094493,-2389.144539301895,-2142.376580750919,-1865.5757880721746,-1904.569218872298,-3495.501749543879,-3682.290313901171,-2158.752035093523,-2265.625605310505,-2500.6673041442846,-2435.0865940100102,610.066232074338,2,-1635.047037177108,-1642.239331630361,-1658.2365355822653,-1709.2657071866927,-1703.99738775044,-1708.041590376686,-1860.3740135157575,-1991.344997036012,-2001.8435083162992,-2012.4629360767988,-1792.2853044648418,149.54745601521938,2435.0865940100102,3,spline_ridge_change,development,2024-06-01,,3.0,3.0,,,,,,,
0.028890371322631836,0.005768685654308748,0.02203965187072754,0.006427861986396197,100.0,"{""ridge__alpha"": 100, ""splinetransformer__degree"": 3, ""splinetransformer__n_knots"": 5}",-2061.626075463659,-2120.102536817936,-2284.5300340954564,-2237.0002282654714,-2145.5343609742945,-3298.912039446053,-4527.7382107982485,-2106.8225401331306,-2274.7063146338733,-2545.411505411425,-2560.2383846039547,741.541629888567,7,-1518.0522850788286,-1533.0435308249214,-1516.053068397383,-1593.615471471545,-1636.1828174339862,-1652.7097954583219,-1787.1918637844244,-1953.4664251995137,-1961.4383227180183,-1970.625357800662,-1712.2378938167603,180.10570273875513,2560.2383846039547,3,spline_ridge_change,development,2024-06-01,,3.0,5.0,,,,,,,
0.03134984970092773,0.005340901695701855,0.02388896942138672,0.011590936247957475,100.0,"{""ridge__alpha"": 100, ""splinetransformer__degree"": 3, ""splinetransformer__n_knots"": 7}",-2389.1966896726844,-1990.055401942871,-2274.5042626380055,-2220.584869235389,-2381.3741937587497,-3403.512303601001,-5371.36409700381,-2216.5959618195216,-2252.4437736434447,-2475.5282228128576,-2697.515977612833,960.64850697761,12,-1361.3043290808707,-1415.7123569318353,-1409.4391533640187,-1498.5605280318282,-1545.6068302233207,-1585.1095202773474,-1706.9457687031343,-1889.8902886616033,-1903.84375145236,-1914.6708776718256,-1623.1083404398144,205.47357840561165,2697.515977612833,3,spline_ridge_change,development,2024-06-01,,3.0,7.0,,,,,,,
0.03172945976257324,0.008313747742716404,0.016625809669494628,0.006753137884484152,1000.0,"{""ridge__alpha"": 1000, ""splinetransformer__degree"": 2, ""splinetransformer__n_knots"": 3}",-1979.254013658916,-2046.9480950746063,-2344.1599263953517,-2045.6589141711545,-2242.0920545082568,-3965.948705318515,-4330.977077812469,-1877.529588252745,-2555.8381145633625,-2460.24126202665,-2584.8647751782028,812.1139883803971,10,-2038.3614436328144,-2021.718823917375,-2010.6408657001384,-2039.2644896628947,-2024.901547251425,-2032.595786919965,-2174.5543570021837,-2319.6185174000566,-2283.102357052074,-2288.45506145646,-2123.321324999539,122.13836558880993,2584.8647751782028,3,spline_ridge_change,development,2024-06-01,,2.0,3.0,,,,,,,
0.03190557956695557,0.008261962193915489,0.02035086154937744,0.011321248043534784,1000.0,"{""ridge__alpha"": 1000, ""splinetransformer__degree"": 2, ""splinetransformer__n_knots"": 5}",-1943.2056080592472,-2015.9851998600934,-2353.1027551182815,-1972.2746341362679,-2258.6111297687517,-3872.8485479041556,-4297.294352371104,-1865.2960959033298,-2573.1516935777436,-2491.072428721463,-2564.284244542044,799.0348660674637,9,-1998.7392860872242,-1978.1288371514092,-1964.9482096458757,-2000.2380227117396,-1983.1072661063563,-2003.3394875508257,-2145.9012783446246,-2288.0275121057007,-2255.3481638481935,-2262.3999012454833,-2088.0177964797435,127.60769459419254,2564.284244542044,3,spline_ridge_change,development,2024-06-01,,2.0,5.0,,,,,,,
0.031513547897338866,0.005567079339034882,0.01859781742095947,0.008215681787775216,1000.0,"{""ridge__alpha"": 1000, ""splinetransformer__degree"": 2, ""splinetransformer__n_knots"": 7}",-1966.318734568317,-1991.5791863578427,-2340.118031786511,-2070.6631887796175,-2310.2801817893196,-3821.3643582537443,-4242.636106017634,-1867.4070118874054,-2558.4696668736324,-2452.849328455058,-2562.1685794769082,770.6584318857774,8,-1945.9628262755937,-1937.883074706344,-1919.9981942305772,-1949.8552572764866,-1948.059992607875,-1970.9778943833676,-2108.0983351138034,-2250.0283317195663,-2221.7454387832126,-2229.1081478961455,-2048.171749299297,131.10651591298426,2562.1685794769082,3,spline_ridge_change,development,2024-06-01,,2.0,7.0,,,,,,,
0.025408673286437988,0.002475666140162518,0.02595508098602295,0.009117304591366364,1000.0,"{""ridge__alpha"": 1000, ""splinetransformer__degree"": 3, ""splinetransformer__n_knots"": 3}",-1965.02384504314,-1999.0685066533806,-2310.184006712219,-1971.309441239544,-2153.175345998084,-3878.7671365697,-4230.1923061631505,-1869.3542316033381,-2556.9073541964194,-2474.2341364507897,-2540.821631062977,790.7262228925863,6,-2011.2427605798705,-1998.1351000198513,-1982.933540815605,-2010.3931763959513,-1993.5837604033818,-2002.4638724096096,-2151.2554021827386,-2282.223278868998,-2249.522461299823,-2256.8174853896703,-2093.8570838365504,119.6786246231582,2540.821631062977,3,spline_ridge_change,development,2024-06-01,,3.0,3.0,,,,,,,
0.03044445514678955,0.004608600961033346,0.02371249198913574,0.011316679866136435,1000.0,"{""ridge__alpha"": 1000, ""splinetransformer__degree"": 3, ""splinetransformer__n_knots"": 5}",-1930.0766847671002,-1995.6815915021118,-2333.8139580290394,-1985.7209174530108,-2226.469943013275,-3809.8344250727982,-4185.218089574966,-1820.4174279647461,-2547.378216395459,-2473.5446740111715,-2530.815592778368,771.8145103969032,4,-1979.7944955009812,-1966.9650386560672,-1940.708986222295,-1975.0732822032678,-1962.1216194414578,-1980.1398186793376,-2118.651184125768,-2258.674167681423,-2225.886048877764,-2232.8593696899716,-2064.087401107833,123.5443268694955,2530.815592778368,3,spline_ridge_change,development,2024-06-01,,3.0,5.0,,,,,,,
0.02560122013092041,0.006293304585460938,0.017023968696594238,0.010192971866286057,1000.0,"{""ridge__alpha"": 1000, ""splinetransformer__degree"": 3, ""splinetransformer__n_knots"": 7}",-1940.7313165759176,-1973.1067042829843,-2318.4679179633786,-2049.053468011669,-2294.9864047322676,-3780.3498177945985,-4192.525799421233,-1830.4740120580173,-2551.9766884571677,-2465.818684393586,-2539.7490813690824,762.1685890301065,5,-1936.1204995340465,-1923.0319348913677,-1895.251791086592,-1933.920873057239,-1929.175187939732,-1957.787272365271,-2090.5295103457065,-2236.4689919429143,-2206.818530959107,-2213.1320311112695,-2032.2236623233246,131.9356206581529,2539.7490813690824,3,spline_ridge_change,development,2024-06-01,,3.0,7.0,,,,,,,
0.4309403419494629,0.07453377300878083,0.05151815414428711,0.028187166972311176,,"{""max_depth"": 3, ""min_samples_leaf"": 5, ""n_estimators"": 100}",-1896.3305983598912,-1900.5022355836834,-2270.6617127446566,-1981.2543869961858,-2309.136297198596,-3853.921992106179,-4162.160369761871,-2000.183328751208,-2130.33939922211,-2454.889268870969,-2495.937958959535,778.8551743749218,6,-1469.334659955603,-1514.9961535428058,-1520.4234414957714,-1566.7918586849144,-1595.5987202881463,-1645.5131455611313,-1806.852397266945,-1996.2708744649747,-1984.3887365113926,-1978.432014924275,-1707.860200269596,202.0571441090867,2495.937958959535,3,random_forest_change,development,2024-06-01,,,,3,5.0,100.0,,,,
0.8405927896499634,0.06450091401495717,0.02781991958618164,0.011604841625066442,,"{""max_depth"": 3, ""min_samples_leaf"": 5, ""n_estimators"": 200}",-1934.6846088261627,-1884.1743559589522,-2285.164575154915,-1962.3974069736676,-2270.0963403921924,-3791.259337235932,-4160.878358168611,-2002.9175819001077,-2107.2443016638376,-2342.609173728991,-2474.142604000337,770.2045575275121,1,-1495.154260635622,-1525.8671360003555,-1511.7480273363374,-1581.805142077878,-1604.5916703862563,-1652.649750248154,-1809.2885530985666,-1979.850822453968,-1977.1924318107356,-1973.8668632615859,-1711.2014657309458,193.36031179895986,2474.142604000337,3,random_forest_change,development,2024-06-01,,,,3,5.0,200.0,,,,
0.38477210998535155,0.05799283936450604,0.02074244022369385,0.011722702857055277,,"{""max_depth"": 3, ""min_samples_leaf"": 12, ""n_estimators"": 100}",-1928.381229552136,-1830.7204500253563,-2355.502533453315,-2065.4630385083096,-2403.520361144349,-3733.396741380135,-4348.683521926455,-2128.3817210660527,-2094.199323575836,-2433.6370366649644,-2532.188595729691,789.2660483172284,12,-1763.7982078824075,-1717.5335257449938,-1664.9360263520982,-1707.1683215347,-1734.3244278683671,-1781.4802702427762,-1908.2462863621124,-2055.008717287908,-2057.264024938014,-2048.8900823492013,-1843.8649890562579,150.087951272571,2532.188595729691,3,random_forest_change,development,2024-06-01,,,,3,12.0,100.0,,,,
0.8294031858444214,0.06503279961040884,0.024909424781799316,0.013789239109939339,,"{""max_depth"": 3, ""min_samples_leaf"": 12, ""n_estimators"": 200}",-1937.8647172375688,-1849.52852634666,-2353.5678519679145,-2031.5575900474553,-2378.5144217910806,-3744.856769264763,-4340.73719626397,-2078.4590750991156,-2110.5627888540344,-2413.5072011311604,-2523.915613800372,791.4448785735179,9,-1778.1111055831545,-1725.7272771190956,-1686.2022528421967,-1720.1504229735788,-1733.5557339898767,-1776.4200862655755,-1911.9841458967878,-2064.2920647552173,-2062.3393132519004,-2050.765626112571,-1850.9548028789952,147.79189276388502,2523.915613800372,3,random_forest_change,development,2024-06-01,,,,3,12.0,200.0,,,,
0.40294883251190183,0.053117640630129075,0.03374485969543457,0.02137046146831581,,"{""max_depth"": 5, ""min_samples_leaf"": 5, ""n_estimators"": 100}",-1879.6175146229725,-1887.519949895576,-2264.5754644387926,-1983.2611659993552,-2293.5424185600364,-3851.8032323279767,-4113.404112619398,-2080.3244826839677,-2090.4061111819465,-2447.4044358297615,-2489.185888815978,768.1803859697019,4,-1345.7558884538664,-1344.5585320009861,-1343.0424525856843,-1346.5210888347046,-1388.7202329292297,-1448.906154705101,-1590.4360001720654,-1732.6118052141967,-1748.2314446800644,-1739.6612317738134,-1502.8444831349711,170.9973329388098,2489.185888815978,3,random_forest_change,development,2024-06-01,,,,5,5.0,100.0,,,,
0.8244239091873169,0.09413655324684302,0.05441524982452393,0.033758843507800236,,"{""max_depth"": 5, ""min_samples_leaf"": 5, ""n_estimators"": 200}",-1901.6922281773502,-1873.10049438442,-2277.2902476352574,-1976.7008467762814,-2267.6283207766296,-3785.134060635571,-4165.614584270787,-2100.7954137723814,-2052.247540549431,-2364.8663073699463,-2476.5070044348054,769.8599473320161,2,-1365.7185392086117,-1367.338217549985,-1329.0080033573752,-1375.3871664174533,-1405.5471902345462,-1442.0486607674532,-1585.165702151906,-1728.0239199593884,-1737.278952658332,-1727.0492432796702,-1506.2565595584722,161.05473951607675,2476.5070044348054,3,random_forest_change,development,2024-06-01,,,,5,5.0,200.0,,,,
0.3807171106338501,0.047082852925713244,0.013006019592285156,0.005916681983851253,,"{""max_depth"": 5, ""min_samples_leaf"": 12, ""n_estimators"": 100}",-1928.381229552136,-1830.7204500253563,-2355.0745354578526,-2067.040177476021,-2399.7268863038153,-3714.9877304277675,-4346.556039842989,-2131.005953112401,-2056.401869451734,-2470.416091087285,-2530.031096273736,787.6517169366957,11,-1763.7982078824075,-1717.5335257449938,-1664.2803305962086,-1704.3868996134515,-1719.2016157516532,-1762.289524051255,-1870.6020779522757,-1966.413032347062,-1950.9370656529768,-1931.631849898066,-1805.1074129490353,107.77266695314067,2530.031096273736,3,random_forest_change,development,2024-06-01,,,,5,12.0,100.0,,,,
0.8164279937744141,0.1011961402242248,0.045145082473754886,0.021112275484476653,,"{""max_depth"": 5, ""min_samples_leaf"": 12, ""n_estimators"": 200}",-1937.8647172375688,-1849.52852634666,-2353.1113325023434,-2033.7516632138286,-2375.3221341673175,-3731.7599951199336,-4330.686954467904,-2088.239840559734,-2097.111554178215,-2433.118162384521,-2523.049488017803,786.9746442755724,8,-1778.1111055831545,-1725.7272771190956,-1685.0264041779599,-1716.0080779298376,-1717.9450179552766,-1751.307180021596,-1865.6444939954217,-1965.5354315488783,-1946.5139405705168,-1927.1382562361216,-1807.8957185137856,102.02517754446507,2523.049488017803,3,random_forest_change,development,2024-06-01,,,,5,12.0,200.0,,,,
0.4990718364715576,0.3173572770616526,0.0250352144241333,0.01409151226032536,,"{""max_depth"": null, ""min_samples_leaf"": 5, ""n_estimators"": 100}",-1880.0302281455624,-1896.955941231766,-2264.2816918412486,-1985.4971109378482,-2306.911917544125,-3882.2328949782955,-4103.6359877963805,-2079.0318248001618,-2040.3634926450748,-2511.4096858739845,-2495.035077579445,773.0565156051342,5,-1345.7703702380663,-1327.7319688518269,-1325.2464816488007,-1314.933140068667,-1332.889237833427,-1353.0939552639975,-1481.9927743288727,-1576.7527440938297,-1563.9106394671307,-1538.9942459812198,-1416.1315557775838,104.518030253716,2495.035077579445,3,random_forest_change,development,2024-06-01,,,,,5.0,100.0,,,,
1.1035868883132935,0.3645025804074617,0.041059041023254396,0.020767426494725176,,"{""max_depth"": null, ""min_samples_leaf"": 5, ""n_estimators"": 200}",-1901.5785067373315,-1872.6003569194447,-2276.7889545534126,-1967.7415779203147,-2266.902619064864,-3806.4917496135145,-4127.355388461944,-2100.8085569371883,-2013.049296691309,-2439.6956698352383,-2477.3012676734556,767.4216910535739,3,-1364.92641368366,-1354.9953040392065,-1314.9510688955768,-1337.6495328905794,-1343.8352275642185,-1353.0879877462246,-1476.5010215174732,-1573.9137139347065,-1547.5863741501048,-1528.1731464781717,-1419.5619790899923,94.98077086670705,2477.3012676734556,3,random_forest_change,development,2024-06-01,,,,,5.0,200.0,,,,
0.41085841655731203,0.055685395887759705,0.02410118579864502,0.011439575250306732,,"{""max_depth"": null, ""min_samples_leaf"": 12, ""n_estimators"": 100}",-1928.381229552136,-1830.7204500253563,-2355.0745354578526,-2067.040177476021,-2399.7268863038153,-3714.9877304277675,-4346.556039842989,-2131.005953112401,-2055.9968809146326,-2470.7847346915755,-2530.027461780455,787.6732982112321,10,-1763.7982078824075,-1717.5335257449938,-1664.2803305962086,-1704.3868996134515,-1719.2016157516532,-1762.289524051255,-1870.2095665423785,-1960.226710513398,-1940.2915162926065,-1924.2604787964192,-1802.6478375784773,104.53596957152644,2530.027461780455,3,random_forest_change,development,2024-06-01,,,,,12.0,100.0,,,,
0.7052258014678955,0.10271439565004623,0.02889246940612793,0.017319713843056802,,"{""max_depth"": null, ""min_samples_leaf"": 12, ""n_estimators"": 200}",-1937.8647172375688,-1849.52852634666,-2353.1113325023434,-2033.7516632138286,-2375.3221341673175,-3731.7599951199336,-4330.686954467904,-2087.0498438828,-2094.0997616991967,-2428.7097680776496,-2522.18846967152,787.2551579772244,7,-1778.1111055831545,-1725.7272771190956,-1685.0264041779599,-1716.0080779298376,-1717.9450179552766,-1751.307180021596,-1865.448238290473,-1961.9410800414353,-1938.341282517926,-1918.4014832577136,-1805.8257146894466,99.34755157438488,2522.18846967152,3,random_forest_change,development,2024-06-01,,,,,12.0,200.0,,,,
0.18420047760009767,0.030255556870815957,0.0029121160507202147,0.0007918484900107789,,"{""learning_rate"": 0.01, ""max_depth"": 2, ""n_estimators"": 100, ""reg_lambda"": 1}",-1911.9674479166667,-1895.740234375,-2299.0520833333335,-1983.3678385416667,-2266.4290364583335,-3915.2005208333335,-4355.95703125,-1849.017578125,-2360.4381510416665,-2288.2233072916665,-2512.539322916667,837.0578270232553,4,-1803.6725260416667,-1821.2403645833333,-1820.0210631127452,-1856.2252261513158,-1863.8628782242063,-1890.7456691576087,-2038.5184114583333,-2213.8537808641977,-2197.3893229166665,-2189.0770119287636,-1969.4606254438836,163.28997128007902,2512.539322916667,3,xgboost_change,development,2024-06-01,,,,2,,100.0,0.01,1.0,,
0.1751410484313965,0.005351022800636236,0.0031711578369140623,0.0013005291208357114,,"{""learning_rate"": 0.01, ""max_depth"": 2, ""n_estimators"": 100, ""reg_lambda"": 30}",-2015.9544270833333,-2010.716796875,-2342.7044270833335,-2072.9381510416665,-2321.11328125,-3979.9166666666665,-4453.338541666667,-1995.947265625,-2549.16015625,-2298.2141927083335,-2604.0003906249995,831.1167021492842,16,-1984.0609975961538,-1978.7516493055555,-1963.5647977941176,-1996.710697642544,-2001.5024801587301,-2020.1448426177535,-2153.76859375,-2316.5200135030864,-2297.64691091954,-2306.225554435484,-2101.8896537722962,143.12037503028483,2604.0003906249995,3,xgboost_change,development,2024-06-01,,,,2,,100.0,0.01,30.0,,
0.2948479413986206,0.010815991245323573,0.0031769990921020506,0.0004945971678996104,,"{""learning_rate"": 0.01, ""max_depth"": 2, ""n_estimators"": 200, ""reg_lambda"": 1}",-1845.2311197916667,-1816.8658854166667,-2293.6458333333335,-1969.439453125,-2298.4212239583335,-3905.90625,-4312.998046875,-1953.359375,-2221.6438802083335,-2393.1686197916665,-2501.06796875,831.3446328846103,2,-1582.9028946314102,-1620.4500868055557,-1618.342715992647,-1674.5213130482457,-1678.5713665674602,-1731.031448143116,-1893.2131510416666,-2067.318262924383,-2066.8439071479884,-2052.07570984543,-1798.5270856147902,190.39145282559127,2501.06796875,3,xgboost_change,development,2024-06-01,,,,2,,200.0,0.01,1.0,,
0.30265820026397705,0.015322500579056993,0.00304257869720459,0.0008223636902736121,,"{""learning_rate"": 0.01, ""max_depth"": 2, ""n_estimators"": 200, ""reg_lambda"": 30}",-1953.5436197916667,-1921.1979166666667,-2348.07421875,-2021.826171875,-2312.7018229166665,-3896.8470052083335,-4420.738932291667,-2020.2083333333333,-2404.0462239583335,-2260.4153645833335,-2555.9599609375,826.2173494280187,10,-1847.793169070513,-1845.6912326388888,-1827.6619944852941,-1862.0905290570176,-1868.4456535218253,-1897.085399682971,-2031.6409635416667,-2202.978370949074,-2195.362989403736,-2191.2111895161293,-1976.9961491867114,153.3732379432274,2555.9599609375,3,xgboost_change,development,2024-06-01,,,,2,,200.0,0.01,30.0,,
0.15768897533416748,0.011371024928148373,0.002080059051513672,0.0004786455101457792,,"{""learning_rate"": 0.01, ""max_depth"": 4, ""n_estimators"": 100, ""reg_lambda"": 1}",-1895.3450520833333,-1890.5716145833333,-2317.978515625,-2008.33203125,-2300.0247395833335,-3896.3671875,-4278.458984375,-1851.6217447916667,-2306.1002604166665,-2303.2063802083335,-2504.8006510416662,816.1566209125542,3,-1755.6360677083333,-1735.9639756944443,-1706.502489276961,-1734.1619380482457,-1722.3870597718253,-1765.137115036232,-1895.2724739583334,-2046.32315779321,-2038.871924389368,-2025.6464003696237,-1842.5902602046576,136.37196523724083,2504.8006510416662,3,xgboost_change,development,2024-06-01,,,,4,,100.0,0.01,1.0,,
0.16610848903656006,0.013316718440438116,0.0029449224472045898,0.0006994600199513639,,"{""learning_rate"": 0.01, ""max_depth"": 4, ""n_estimators"": 100, ""reg_lambda"": 30}",-2017.482421875,-2015.4088541666667,-2344.513671875,-2077.1380208333335,-2322.2630208333335,-3984.3190104166665,-4433.1484375,-2008.7649739583333,-2511.609375,-2269.548828125,-2598.4196614583334,827.0541914974737,15,-1979.794170673077,-1969.0584201388888,-1945.9070542279412,-1970.9936266447369,-1963.9974888392858,-1986.8176517210145,-2119.10390625,-2252.594256365741,-2236.6031115301726,-2235.343813004032,-2066.0213499394895,123.43912813865863,2598.4196614583334,3,xgboost_change,development,2024-06-01,,,,4,,100.0,0.01,30.0,,
0.28287496566772463,0.012032861505445473,0.0030682563781738283,0.0008117189700342057,,"{""learning_rate"": 0.01, ""max_depth"": 4, ""n_estimators"": 200, ""reg_lambda"": 1}",-1818.935546875,-1827.6243489583333,-2338.2200520833335,-2009.8756510416667,-2313.3248697916665,-3891.2161458333335,-4231.448567708333,-1999.7330729166667,-2118.158203125,-2427.380859375,-2497.591731770833,809.4357444479091,1,-1490.7040765224358,-1487.9522135416667,-1445.4684053308824,-1490.726288377193,-1475.787357390873,-1512.248924365942,-1664.9740885416666,-1805.8172743055557,-1807.1122485632184,-1792.1793934811828,-1597.2970270420617,144.84053981558145,2497.591731770833,3,xgboost_change,development,2024-06-01,,,,4,,200.0,0.01,1.0,,
0.2911752462387085,0.024413891907476396,0.004433917999267578,0.002455314578249554,,"{""learning_rate"": 0.01, ""max_depth"": 4, ""n_estimators"": 200, ""reg_lambda"": 30}",-1954.5865885416667,-1921.0188802083333,-2358.7109375,-2031.53515625,-2324.8522135416665,-3914.9973958333335,-4376.375,-2017.17578125,-2350.5032552083335,-2236.720703125,-2548.6475911458333,820.1776004782114,8,-1833.7813501602564,-1828.2966145833334,-1797.9750306372548,-1815.521792763158,-1804.8456101190477,-1832.8845391757247,-1961.833203125,-2083.291787229938,-2074.5618265086205,-2061.3513734879034,-1909.4343127790235,115.61403402376251,2548.6475911458333,3,xgboost_change,development,2024-06-01,,,,4,,200.0,0.01,30.0,,
0.15481808185577392,0.019974870159892046,0.0033492088317871095,0.0007528676867575498,,"{""learning_rate"": 0.05, ""max_depth"": 2, ""n_estimators"": 100, ""reg_lambda"": 1}",-1791.8203125,-1912.3092447916667,-2290.4915364583335,-1984.7044270833333,-2415.8938802083335,-3942.4186197916665,-4158.6640625,-2298.1647135416665,-2095.5572916666665,-2616.0846354166665,-2550.6108723958337,786.594331873935,9,-1293.8626302083333,-1285.285373263889,-1315.8067555147059,-1405.4115953947369,-1365.2742125496031,-1439.0439594655797,-1635.8804166666666,-1788.4041039737654,-1786.426095545977,-1792.474378360215,-1510.7869520943473,205.27878168848162,2550.6108723958337,3,xgboost_change,development,2024-06-01,,,,2,,100.0,0.05,1.0,,
0.17597756385803223,0.013777129471296471,0.0030307769775390625,0.000992177741022409,,"{""learning_rate"": 0.05, ""max_depth"": 2, ""n_estimators"": 100, ""reg_lambda"": 30}",-1805.3997395833333,-1818.34765625,-2371.6848958333335,-1944.2259114583333,-2327.0944010416665,-3895.52734375,-4393.050130208333,-2128.8196614583335,-2216.8046875,-2399.8821614583335,-2530.0836588541665,839.788574391486,6,-1569.9530749198718,-1564.9547743055555,-1544.290287990196,-1610.3845600328948,-1607.5677083333333,-1670.6141021286232,-1820.4838541666666,-1992.8194685570988,-2000.758934985632,-1995.7913936491937,-1737.7618159069066,184.60272347461776,2530.0836588541665,3,xgboost_change,development,2024-06-01,,,,2,,100.0,0.05,30.0,,
0.3030513525009155,0.010246917854552732,0.004117441177368164,0.001427266855186031,,"{""learning_rate"": 0.05, ""max_depth"": 2, ""n_estimators"": 200, ""reg_lambda"": 1}",-1887.7819010416667,-2089.2884114583335,-2242.4544270833335,-2008.919921875,-2405.2669270833335,-4012.2578125,-4219.467447916667,-2476.2122395833335,-2201.6712239583335,-2672.884765625,-2621.6205078125,779.4222414757644,17,-1017.5063601762821,-1042.4535590277778,-1060.7678462009803,-1132.2074081688597,-1132.983630952381,-1176.5977411684783,-1404.103984375,-1524.396773726852,-1530.35079920977,-1533.5299059139784,-1255.4898008920359,205.82018101387632,2621.6205078125,3,xgboost_change,development,2024-06-01,,,,2,,200.0,0.05,1.0,,
0.2904334306716919,0.015840087172416077,0.0028620481491088865,0.0008386686037282605,,"{""learning_rate"": 0.05, ""max_depth"": 2, ""n_estimators"": 200, ""reg_lambda"": 30}",-1809.4270833333333,-1865.2649739583333,-2379.2200520833335,-1960.265625,-2338.615234375,-3902.3365885416665,-4518.793619791667,-2408.9401041666665,-2111.3671875,-2535.7571614583335,-2582.9987630208334,857.0600400724318,13,-1339.8588241185898,-1360.5377604166667,-1350.2250306372548,-1413.1673519736842,-1394.5115637400793,-1457.0213711503623,-1617.0560677083333,-1772.1201292438273,-1780.1909797054598,-1766.204826108871,-1525.0893904803129,178.56960618978528,2582.9987630208334,3,xgboost_change,development,2024-06-01,,,,2,,200.0,0.05,30.0,,
0.1670694589614868,0.019249516284194374,0.0025597333908081053,0.0006165789338903675,,"{""learning_rate"": 0.05, ""max_depth"": 4, ""n_estimators"": 100, ""reg_lambda"": 1}",-1844.8359375,-2015.7825520833333,-2329.109375,-1999.9915364583333,-2421.1653645833335,-4060.4856770833335,-4201.62890625,-2384.5416666666665,-2105.51171875,-2599.5885416666665,-2596.264127604167,797.8716452832983,14,-1155.3744491185898,-1115.4249565972223,-1100.5041360294117,-1108.8145216557018,-1100.547588045635,-1111.513813405797,-1302.2576041666666,-1387.3543836805557,-1401.1121138649426,-1373.8883568548388,-1215.6791923419362,126.0406040091378,2596.264127604167,3,xgboost_change,development,2024-06-01,,,,4,,100.0,0.05,1.0,,
0.17153546810150147,0.012158804149944684,0.003191423416137695,0.0012516196262996554,,"{""learning_rate"": 0.05, ""max_depth"": 4, ""n_estimators"": 100, ""reg_lambda"": 30}",-1817.7486979166667,-1838.5104166666667,-2365.3528645833335,-1945.1145833333333,-2376.1673177083335,-3891.0989583333335,-4342.93359375,-2093.3014322916665,-2113.1139322916665,-2411.7063802083335,-2519.504817708333,830.3634143753252,5,-1534.7398838141025,-1525.820095486111,-1496.0111443014705,-1522.018948739035,-1495.481677827381,-1531.974467844203,-1664.708671875,-1774.7100935570988,-1772.3412131824712,-1738.039797547043,-1605.5845994173917,111.965731867596,2519.504817708333,3,xgboost_change,development,2024-06-01,,,,4,,100.0,0.05,30.0,,
0.292216420173645,0.009718119618733896,0.0025317192077636717,0.0006801372100597212,,"{""learning_rate"": 0.05, ""max_depth"": 4, ""n_estimators"": 200, ""reg_lambda"": 1}",-1922.4635416666667,-2327.08984375,-2320.8873697916665,-2153.3626302083335,-2370.4537760416665,-4069.234375,-4208.383463541667,-2370.216796875,-2279.7174479166665,-2679.6907552083335,-2670.15,756.4181723540253,22,-837.7750901442307,-788.1418836805556,-762.0896905637255,-751.4137541118421,-733.3829675099206,-742.2994508605072,-901.540625,-963.9883294753087,-994.5889906609195,-980.937731014785,-845.6158513021794,100.06523832898904,2670.15,3,xgboost_change,development,2024-06-01,,,,4,,200.0,0.05,1.0,,
0.28569052219390867,0.01520798730262632,0.0032027006149291993,0.0007421720797266816,,"{""learning_rate"": 0.05, ""max_depth"": 4, ""n_estimators"": 200, ""reg_lambda"": 30}",-1794.5123697916667,-1863.76953125,-2386.1321614583335,-1988.3138020833333,-2366.646484375,-3881.3736979166665,-4358.60546875,-2301.1731770833335,-2045.2994791666667,-2595.3522135416665,-2558.117838541667,823.3639098020561,11,-1293.6839943910256,-1285.4746961805556,-1259.0309053308824,-1268.2913925438597,-1238.417472718254,-1254.9256963315217,-1388.491484375,-1468.2938368055557,-1444.1447557471265,-1410.3462281586021,-1331.1100462582383,82.5760792301725,2558.117838541667,3,xgboost_change,development,2024-06-01,,,,4,,200.0,0.05,30.0,,
0.14833588600158693,0.009300173456926058,0.0036456108093261717,0.0009745362719264042,,"{""learning_rate"": 0.1, ""max_depth"": 2, ""n_estimators"": 100, ""reg_lambda"": 1}",-2056.9192708333335,-2106.8326822916665,-2491.048828125,-1928.3209635416667,-2438.9114583333335,-4140.84765625,-4099.106770833333,-2378.6510416666665,-2096.412109375,-2647.7649739583335,-2638.4815755208333,770.6312475519721,20,-1016.0147235576923,-1046.3625434027779,-1062.0349264705883,-1137.1779057017543,-1144.6654575892858,-1177.9823369565217,-1399.2789322916667,-1510.5340470679012,-1517.237203663793,-1500.39016297043,-1251.1678239672412,196.16789611936593,2638.4815755208333,3,xgboost_change,development,2024-06-01,,,,2,,100.0,0.1,1.0,,
0.16259655952453614,0.013212517335644344,0.003311920166015625,0.0021737552179183464,,"{""learning_rate"": 0.1, ""max_depth"": 2, ""n_estimators"": 100, ""reg_lambda"": 30}",-1761.599609375,-1840.9147135416667,-2329.4765625,-2004.1770833333333,-2433.6953125,-3959.6126302083335,-4424.225911458333,-2202.0657552083335,-2100.962890625,-2618.529296875,-2567.5259765625,854.8979417037984,12,-1344.805388621795,-1348.0868489583333,-1347.9972043504902,-1405.694490131579,-1378.7234312996031,-1465.7974694293478,-1636.2935677083333,-1776.4989149305557,-1788.6318247126437,-1761.8950562836021,-1525.4424196426285,183.16411801351663,2567.5259765625,3,xgboost_change,development,2024-06-01,,,,2,,100.0,0.1,30.0,,
0.2914743900299072,0.014329598840786068,0.003031492233276367,0.0012137269658188893,,"{""learning_rate"": 0.1, ""max_depth"": 2, ""n_estimators"": 200, ""reg_lambda"": 1}",-2150.03515625,-2226.3984375,-2537.7864583333335,-2027.8704427083333,-2410.3561197916665,-4266.318359375,-4142.512369791667,-2406.4720052083335,-2330.9498697916665,-2624.7701822916665,-2712.346940104167,764.8144611612751,23,-687.3020332532051,-757.8618489583333,-776.2681525735294,-817.2599026864035,-848.9076450892857,-851.3589787137681,-1112.138125,-1180.9004388503085,-1194.8628996048851,-1180.091796875,-940.6951821604719,191.1328744217027,2712.346940104167,3,xgboost_change,development,2024-06-01,,,,2,,200.0,0.1,1.0,,
0.26843891143798826,0.018319944973450283,0.003464007377624512,0.0012124812245469631,,"{""learning_rate"": 0.1, ""max_depth"": 2, ""n_estimators"": 200, ""reg_lambda"": 30}",-1907.0345052083333,-2076.107421875,-2302.1640625,-2065.0774739583335,-2426.8645833333335,-3965.1946614583335,-4456.369791666667,-2385.9381510416665,-2132.4127604166665,-2636.6223958333335,-2635.378580729167,819.9170181453688,19,-1100.1300580929487,-1112.65703125,-1124.5368795955883,-1151.3343955592106,-1146.2661830357142,-1201.4113451086957,-1383.5234635416666,-1536.8814380787037,-1510.688824533046,-1495.506825436828,-1276.2936444232405,173.6000376819922,2635.378580729167,3,xgboost_change,development,2024-06-01,,,,2,,200.0,0.1,30.0,,
0.15576326847076416,0.017393759190555105,0.003216242790222168,0.0012795056038051957,,"{""learning_rate"": 0.1, ""max_depth"": 4, ""n_estimators"": 100, ""reg_lambda"": 1}",-2071.6647135416665,-2279.6126302083335,-2425.4010416666665,-2029.4915364583333,-2402.6875,-4100.109375,-4121.039713541667,-2345.4563802083335,-1983.3958333333333,-2679.8815104166665,-2643.8740234375,759.7827336654005,21,-820.7824519230769,-778.2858940972222,-768.2616038602941,-785.4829358552631,-763.8520895337301,-744.8068953804348,-936.4904166666666,-951.174575617284,-951.5376930675287,-961.9490087365591,-846.2623564738058,87.03270512480519,2643.8740234375,3,xgboost_change,development,2024-06-01,,,,4,,100.0,0.1,1.0,,
0.15725748538970946,0.0085074710608203,0.0029727935791015623,0.0007637411599199353,,"{""learning_rate"": 0.1, ""max_depth"": 4, ""n_estimators"": 100, ""reg_lambda"": 30}",-1751.2076822916667,-1908.7005208333333,-2426.0384114583335,-1911.7141927083333,-2355.068359375,-3892.9309895833335,-4250.39453125,-2310.2610677083335,-2013.5924479166667,-2658.5286458333335,-2547.8436848958336,810.052638588659,7,-1302.8465044070513,-1270.9009114583334,-1256.5510110294117,-1281.5673314144738,-1222.6458333333333,-1256.8495810688405,-1408.6922916666667,-1496.6694396219136,-1463.6870734554598,-1444.6820606518818,-1340.5092038107364,96.30023193934348,2547.8436848958336,3,xgboost_change,development,2024-06-01,,,,4,,100.0,0.1,30.0,,
0.271049427986145,0.01583022110381477,0.0038113832473754884,0.0008441155530046464,,"{""learning_rate"": 0.1, ""max_depth"": 4, ""n_estimators"": 200, ""reg_lambda"": 1}",-2167.80078125,-2528.3958333333335,-2414.1881510416665,-2074.26953125,-2516.984375,-4170.1875,-4222.63671875,-2475.0481770833335,-2246.8990885416665,-2857.8567708333335,-2767.4266927083336,743.9515133541094,24,-498.77974759615387,-449.23298611111113,-432.865234375,-411.3585868969298,-383.7831101190476,-378.5591598731884,-498.455390625,-517.4509789737655,-541.7616065014367,-551.6976856518817,-466.3944486723514,60.520800470678964,2767.4266927083336,3,xgboost_change,development,2024-06-01,,,,4,,200.0,0.1,1.0,,
0.21487705707550048,0.06299078169409646,0.0035508394241333006,0.001305412691399184,,"{""learning_rate"": 0.1, ""max_depth"": 4, ""n_estimators"": 200, ""reg_lambda"": 30}",-1889.3125,-2136.443359375,-2405.017578125,-2055.8893229166665,-2304.5944010416665,-3881.59375,-4283.671223958333,-2595.1627604166665,-2074.0364583333335,-2600.009765625,-2622.5731119791662,767.4697027310532,18,-1006.0529346955128,-981.4914930555556,-967.7132352941177,-944.985779879386,-896.2632688492064,-925.1941802536232,-1037.645234375,-1094.7643229166667,-1068.0862068965516,-1031.7045530913979,-995.3901209307018,60.52376679547073,2622.5731119791662,3,xgboost_change,development,2024-06-01,,,,4,,200.0,0.1,30.0,,
3.252160739898682,0.7622967061185434,0.0018450260162353516,0.000247415293819408,,"{""regressor__mlpregressor__alpha"": 0.01, ""regressor__mlpregressor__hidden_layer_sizes"": [16]}",-3682.819859951009,-3704.5127279141175,-3775.471921748192,-4016.540410632378,-3240.7219021776727,-6371.2285372328515,-8667.1910317619,-7495.385855468208,-5151.936412518288,-3967.817364305298,-5007.362602370992,1778.157021116776,9,-7.936787594992777,-8.525019805223808,-11.136525975178907,-13.644425074872663,-21.447701893414123,-21.430010132527546,-24.412596100208564,-227.04421799263673,-282.5052720621858,-216.57126229962168,-83.46538189308626,105.14647059262133,5007.362602370992,3,neural_network_change,development,2024-06-01,,,,,,,,,0.01,"(16,)"
3.469202160835266,0.5115314873999766,0.0019619941711425783,0.0001199840545890797,,"{""regressor__mlpregressor__alpha"": 0.01, ""regressor__mlpregressor__hidden_layer_sizes"": [32]}",-2942.254311290451,-4907.436736607867,-2078.8488198094115,-3370.0227023242637,-3211.5527716791717,-4828.144350409879,-5719.357721103544,-5715.342710976282,-3672.3947845253592,-3158.2602728847996,-3960.361518161103,1184.7431436741615,8,-6.035754962960103,-6.295409264394079,-7.379592194935814,-6.597218577036026,-7.753891412583182,-7.585705069054434,-9.175099772383982,-10.14967612634769,-12.064679012771142,-10.963341788349513,-8.400036818081595,1.9761953807691328,3960.361518161103,3,neural_network_change,development,2024-06-01,,,,,,,,,0.01,"(32,)"
13.793594479560852,3.186880134801461,0.0018983840942382812,7.876349644281571e-05,,"{""regressor__mlpregressor__alpha"": 0.01, ""regressor__mlpregressor__hidden_layer_sizes"": [32, 16]}",-2866.072272723222,-3787.3966474574627,-1777.1541717670796,-3053.575321424219,-2515.374811214664,-3450.94245033689,-4758.915355281343,-3128.2394645406116,-2996.044797452049,-3519.7781307044206,-3185.3493422901965,749.0816222279153,7,-3.3838139373689886,-3.618532693853518,-3.1466099351634385,-3.364497941313235,-3.4257799750993154,-3.501550292942145,-4.565219370081613,-4.987399703586876,-4.843856376013593,-6.129632780594865,-4.096689300601758,0.9318740822789623,3185.3493422901965,3,neural_network_change,development,2024-06-01,,,,,,,,,0.01,"(32, 16)"
1.8504055976867675,0.9524758530425756,0.0019273042678833007,0.0002674638459243114,,"{""regressor__mlpregressor__alpha"": 1, ""regressor__mlpregressor__hidden_layer_sizes"": [16]}",-2368.3269941412836,-3116.887287307791,-2434.3703089961105,-2622.362127895986,-2712.9949718040793,-3841.822283490568,-3957.5117686414887,-3862.8140454913228,-1964.5616695458546,-3150.8805324546447,-3003.253198976913,665.0057052119075,5,-543.6417221116108,-584.9388524944582,-607.1108343256606,-721.5122500659406,-668.6508018077719,-739.5721932923531,-924.8982357306896,-935.490095593023,-911.6507033641526,-1030.1808088961266,-766.7646497681787,162.6658806294994,3003.253198976913,3,neural_network_change,development,2024-06-01,,,,,,,,,1.0,"(16,)"
2.8485792875289917,1.061455424354561,0.0019292831420898438,8.11256834204769e-05,,"{""regressor__mlpregressor__alpha"": 1, ""regressor__mlpregressor__hidden_layer_sizes"": [32]}",-2592.917002445092,-3649.851624821879,-1926.6370157764784,-2872.7381195519156,-2168.615260712417,-4201.370856312454,-3050.740970100025,-3763.665696011267,-2564.2950835346214,-2435.655226698924,-2922.648685596507,701.7885281700936,4,-466.9293769166044,-519.3368003834258,-568.236746434841,-546.671980655347,-572.436434876398,-581.6435976260155,-662.1181988404121,-673.0141115672974,-736.7363385132179,-711.6549926517569,-603.8778578465315,83.28676305951518,2922.648685596507,3,neural_network_change,development,2024-06-01,,,,,,,,,1.0,"(32,)"
14.06804916858673,3.6752851812065024,0.0018332958221435546,0.0002896783420577517,,"{""regressor__mlpregressor__alpha"": 1, ""regressor__mlpregressor__hidden_layer_sizes"": [32, 16]}",-2683.9283851180844,-3152.4022329134264,-1683.424968202088,-2726.0603737516517,-2955.353069374933,-3735.106781407592,-3227.6249995764215,-3478.4946660060573,-3240.947032810536,-3369.228547065714,-3025.2571056226507,542.4658544620133,6,-249.7087336150428,-247.82870689819262,-267.25427029138604,-216.12713603699063,-236.65862520588158,-237.31192365028915,-294.27790980250796,-302.8835006729226,-294.30775760184696,-303.386813683987,-264.97453774590474,30.19440189991927,3025.2571056226507,3,neural_network_change,development,2024-06-01,,,,,,,,,1.0,"(32, 16)"
0.49428529739379884,0.1649382207820098,0.0019549131393432617,5.865186694475761e-05,,"{""regressor__mlpregressor__alpha"": 10, ""regressor__mlpregressor__hidden_layer_sizes"": [16]}",-1768.606542612101,-2039.802095440106,-2101.415182176292,-1680.7332608972658,-1804.41767950725,-4003.1441620330042,-3659.0062809838296,-1984.3447537548818,-2367.8528763069103,-2532.9388377972487,-2394.2261671508895,763.9323378825289,3,-1746.5124866028293,-1743.063451703418,-1728.6506068860642,-1745.5089862144669,-1697.5497465389844,-1681.5897233076942,-1837.0732158194994,-1824.2287559798172,-1850.0715523982306,-1847.937803735539,-1770.2186329186545,60.478996556461084,2394.2261671508895,3,neural_network_change,development,2024-06-01,,,,,,,,,10.0,"(16,)"
0.9317645311355591,0.4979993997793554,0.0019353389739990234,8.363078069610943e-05,,"{""regressor__mlpregressor__alpha"": 10, ""regressor__mlpregressor__hidden_layer_sizes"": [32]}",-1765.4413587223353,-1972.3836719324306,-2062.1857722535265,-1729.0620384411402,-1833.2905935877473,-4043.2546889760815,-3606.6832332862396,-2021.7731802775913,-2390.198348821688,-2500.435185472443,-2392.4708071771224,760.2630125285185,2,-1737.8070684253112,-1712.7024128346368,-1710.3319830239361,-1737.5483258992904,-1710.2839543484556,-1687.0014448145653,-1816.2456928017084,-1828.6872862171228,-1847.54562919567,-1835.2906816977506,-1762.3444479258446,58.873196469883716,2392.4708071771224,3,neural_network_change,development,2024-06-01,,,,,,,,,10.0,"(32,)"
2.722713494300842,1.1076905087427282,0.001953434944152832,8.652413897457542e-05,,"{""regressor__mlpregressor__alpha"": 10, ""regressor__mlpregressor__hidden_layer_sizes"": [32, 16]}",-1808.1033674147366,-1878.702324958488,-2163.3446879523945,-1832.5034917642054,-1793.9408179186394,-3969.4651115972033,-3609.4455339364176,-1933.3125545500163,-2372.711471261173,-2464.6534126977444,-2382.618277405102,742.5051203881014,1,-1873.4180004773104,-1838.8328429517285,-1803.8884255400947,-1742.126402332495,-1751.735974877141,-1685.126115906291,-1814.5438395169222,-1811.6332615897118,-1822.4717335312469,-1827.592900684373,-1797.1369497407316,52.26789020527864,2382.618277405102,3,neural_network_change,development,2024-06-01,,,,,,,,,10.0,"(32, 16)"
0.0318035364151001,0.024348851788730294,0.006113195419311523,0.0071277397312429274,0.01,"{""ridge__alpha"": 0.01}",-522.924939322243,-291.5545184979976,-335.4883615880162,-353.53422116287,-345.6845179348047,-533.0829899426287,-392.35941548760064,-347.5140840112354,-299.9964006986291,-316.6292254540551,-373.876867410008,81.72723678830084,5,-305.8592689699724,-330.0222203065389,-315.1358247368497,-315.27949508520703,-315.97682282826713,-318.060905357899,-333.51037107097653,-334.9153524918967,-335.4157391274962,-332.7587393021026,-323.6934739277206,10.17499580086063,373.876867410008,4,ridge_change,development,2024-06-01,,,,,,,,,,
0.02511913776397705,0.017720607450955692,0.001696324348449707,0.0015742282595665616,0.1,"{""ridge__alpha"": 0.1}",-522.7088022554514,-291.6984153134501,-335.56962105296884,-353.527916236124,-345.761795208607,-532.719651493567,-392.4096267948317,-347.670202015227,-299.95129632271954,-316.24987935163625,-373.8267206044583,81.62312309893372,4,-305.8400882205606,-330.02873303491276,-315.1770899408827,-315.3121123416807,-316.0076297739248,-318.0811931688575,-333.5310534038135,-334.9314059821501,-335.4393689845319,-332.77075324481666,-323.7119428096131,10.176706389507766,373.8267206044583,4,ridge_change,development,2024-06-01,,,,,,,,,,
0.027013731002807618,0.015915984954508793,0.001112985610961914,0.00034067203200152847,1.0,"{""ridge__alpha"": 1}",-520.5610983359439,-293.04351442472677,-336.22221052623144,-353.4302709726321,-346.58383219919534,-529.168995124788,-392.98212694327094,-349.5422056789153,-299.5760277064646,-312.5677588007324,-373.36780407129015,80.61067086743158,3,-305.7637961754563,-330.02634894189606,-315.55474051073634,-315.54271521510185,-316.26926965634516,-318.2553596249653,-333.69336992628007,-335.03313946037997,-335.63858527856394,-332.88094473187243,-323.86582695215975,10.17019458706499,373.36780407129015,4,ridge_change,development,2024-06-01,,,,,,,,,,
0.03578770160675049,0.02082306911545535,0.0011359214782714843,0.000481489625524184,10.0,"{""ridge__alpha"": 10}",-507.31413478749397,-301.99071394692925,-339.3358252702244,-351.1312478884511,-351.09884941407427,-500.69905564763263,-396.75434219572236,-365.66298093612505,-295.74972901826186,-281.96549748534306,-369.17023765902576,74.9714269170412,2,-307.02625929535907,-331.7882448030786,-320.26274775171504,-319.9679298789009,-319.86940213364466,-321.2822404950286,-335.5949044641408,-336.832886017861,-337.73852369163563,-334.3925520955866,-326.4755690626951,9.68519413039092,369.17023765902576,4,ridge_change,development,2024-06-01,,,,,,,,,,
0.026250362396240234,0.020360675271702527,0.0011503458023071288,0.0005758427893670309,100.0,"{""ridge__alpha"": 100}",-497.8341922151057,-337.8204130353529,-330.7728835817016,-353.6010783940235,-347.135552557374,-472.5151483613533,-396.2828323059468,-423.883438572609,-288.1950262775943,-227.32053300509173,-367.5361098306153,77.97430673990107,1,-321.6908063427879,-344.34205598481645,-341.4787839633417,-340.59732134225493,-340.05927936093053,-338.1715698227718,-349.7611250880501,-352.66706936732027,-355.80615392504376,-350.66736385494437,-343.52415290522623,9.24735158933211,367.5361098306153,4,ridge_change,development,2024-06-01,,,,,,,,,,
0.021913576126098632,0.011421966667994174,0.0008712291717529296,4.092179709175634e-05,1000.0,"{""ridge__alpha"": 1000}",-511.16833273905354,-333.0226532695304,-347.34188266883297,-372.19207193710787,-343.5355867603185,-474.43062019233497,-381.3182572378362,-474.1566743219851,-294.83533208845074,-220.59777430537065,-375.2599185520821,84.9063826031537,6,-354.51417797581246,-373.4122297439353,-368.71211254039565,-367.1308904677046,-367.29464388927585,-364.4516654275454,-372.92544982853656,-374.3595726739487,-380.3427411391003,-374.34307447151224,-369.7486558157767,6.724688759828866,375.2599185520821,4,ridge_change,development,2024-06-01,,,,,,,,,,
0.025846695899963378,0.012486419148070386,0.0015603303909301758,0.001316129241072072,0.01,"{""ridge__alpha"": 0.01}",-558.4829038254738,-351.79858953625717,-324.03185779950974,-312.03424918788625,-327.32786699001167,-523.106272045428,-313.17848674905713,-351.9817684767247,-297.1732656757431,-315.1992054256112,-367.4314465711703,88.53635575496992,5,-285.95995394410176,-315.07003910821425,-310.19839853419774,-310.1464485835806,-309.60785232792466,-309.6729641841587,-324.47703196300415,-320.57758266722436,-322.915317517178,-320.39705923383985,-312.9022648063424,10.564531315094216,367.4314465711703,4,seasonal_ridge_change,development,2024-06-01,,,,,,,,,,
0.024883079528808593,0.01285003907026022,0.0033447742462158203,0.0027109694942515465,0.1,"{""ridge__alpha"": 0.1}",-558.1808440515357,-351.5149824555953,-324.001851386165,-311.9604921182715,-327.3437659472864,-522.8207976595304,-313.2021881185855,-352.035867680984,-297.14254843314393,-314.9998779086754,-367.32032157597735,88.44320606597284,4,-285.98191072198085,-315.09134334006956,-310.20603418057954,-310.1638737719259,-309.62894903366663,-309.68831527740616,-324.4865560626953,-320.58904512424306,-322.9243135603366,-320.4030128637435,-312.9163353936647,10.560744007988,367.32032157597735,4,seasonal_ridge_change,development,2024-06-01,,,,,,,,,,
0.02570791244506836,0.008479902095466047,0.004143261909484863,0.0037651246991743034,1.0,"{""ridge__alpha"": 1}",-555.2259702971701,-348.8053432894328,-323.6258716462284,-311.2142963374572,-327.5887420438996,-520.0320381652144,-313.5259327298427,-352.94842837103147,-296.9191422588887,-313.01167556682395,-366.28974407059894,87.52337792099867,3,-286.19054275063655,-315.2256226703245,-310.22651139046553,-310.27005420381124,-309.7629369844303,-309.8178166114785,-324.53451030704554,-320.65052205566644,-322.9798278284826,-320.44970008273697,-313.0108044885078,10.517220871813771,366.28974407059894,4,seasonal_ridge_change,development,2024-06-01,,,,,,,,,,
0.028658127784729003,0.017728653863858364,0.004034113883972168,0.00846243588942402,10.0,"{""ridge__alpha"": 10}",-534.7033966799235,-338.0095449036556,-320.54454396094815,-311.3463425261319,-328.8003978354158,-497.2758606555846,-316.3316108535864,-360.5312699035849,-294.6206852386877,-295.8549916323714,-359.801864418989,80.64905467273078,2,-288.0671221016034,-316.4457028112907,-310.9453349882695,-311.3243466688267,-310.95868947870673,-311.12981426759006,-325.38229291704135,-321.3800437437243,-323.67726060810793,-321.30164109885084,-314.06122486840115,10.214796824800002,359.801864418989,4,seasonal_ridge_change,development,2024-06-01,,,,,,,,,,
0.028260278701782226,0.014600082173806985,0.000988602638244629,0.0003992216305962565,100.0,"{""ridge__alpha"": 100}",-494.7552502924046,-329.27770871705684,-305.10012114106144,-326.9527957228449,-326.47395556164764,-467.67823337050686,-334.0623026894739,-389.8229040872113,-277.0404311021059,-233.49411287270436,-348.46578155570177,76.84098256668024,1,-309.13915291923234,-331.9091957332361,-329.7701997938549,-326.8608789991173,-326.1005440575573,-325.3801108920731,-335.56240587042885,-334.1351501611788,-335.57097006277354,-331.5108266169124,-328.59394351063645,7.3950265178784536,348.46578155570177,4,seasonal_ridge_change,development,2024-06-01,,,,,,,,,,
0.0215808629989624,0.012645498952757746,0.0023827314376831054,0.0032977589509076474,1000.0,"{""ridge__alpha"": 1000}",-509.90111042055037,-330.4337531490398,-338.7707406095117,-363.59953705212087,-339.60489829394965,-471.5529549214879,-366.9693355716365,-463.97520788252973,-289.8581909335437,-213.15095347373213,-368.7816682308102,85.580909245517,6,-351.1859011045683,-369.97944233532996,-365.10932729549575,-362.4349155036687,-361.75273021589385,-358.98137685289373,-367.39555437308377,-367.0165189347509,-371.9039326482352,-365.8060203797564,-364.15657196436763,5.65676273633435,368.7816682308102,4,seasonal_ridge_change,development,2024-06-01,,,,,,,,,,
0.035689711570739746,0.01346389063596165,0.0023823976516723633,0.0022691043363918667,1.0,"{""polynomialfeatures__degree"": 1, ""ridge__alpha"": 1}",-555.2259702971702,-348.80534328943287,-323.6258716462284,-311.2142963374572,-327.5887420438996,-520.0320381652143,-313.52593272984245,-352.94842837103147,-296.9191422588887,-313.01167556682395,-366.28974407059894,87.52337792099868,3,-286.19054275063655,-315.2256226703245,-310.2265113904656,-310.27005420381124,-309.76293698443044,-309.8178166114786,-324.5345103070456,-320.65052205566644,-322.9798278284826,-320.4497000827369,-313.01080448850786,10.517220871813766,366.28974407059894,4,polynomial_ridge_change,development,2024-06-01,1.0,,,,,,,,,
0.03525960445404053,0.01570204348234883,0.003580665588378906,0.002057050970972038,10.0,"{""polynomialfeatures__degree"": 1, ""ridge__alpha"": 10}",-534.7033966799237,-338.00954490365547,-320.5445439609482,-311.3463425261318,-328.8003978354158,-497.27586065558467,-316.33161085358637,-360.5312699035851,-294.6206852386877,-295.8549916323714,-359.801864418989,80.64905467273086,2,-288.0671221016034,-316.4457028112907,-310.9453349882695,-311.32434666882665,-310.95868947870673,-311.1298142675901,-325.38229291704135,-321.38004374372434,-323.6772606081078,-321.30164109885084,-314.06122486840115,10.214796824799995,359.801864418989,4,polynomial_ridge_change,development,2024-06-01,1.0,,,,,,,,,
0.0323908805847168,0.007679646403641435,0.002474689483642578,0.003877013892043249,100.0,"{""polynomialfeatures__degree"": 1, ""ridge__alpha"": 100}",-494.7552502924047,-329.27770871705684,-305.10012114106144,-326.9527957228449,-326.47395556164753,-467.67823337050686,-334.0623026894739,-389.8229040872113,-277.04043110210597,-233.49411287270428,-348.46578155570177,76.84098256668027,1,-309.13915291923234,-331.9091957332361,-329.7701997938549,-326.8608789991173,-326.10054405755716,-325.3801108920731,-335.56240587042885,-334.13515016117884,-335.57097006277354,-331.5108266169124,-328.59394351063645,7.3950265178784615,348.46578155570177,4,polynomial_ridge_change,development,2024-06-01,1.0,,,,,,,,,
0.03172645568847656,0.007713395700306133,0.002788281440734863,0.0014248110021176505,1000.0,"{""polynomialfeatures__degree"": 1, ""ridge__alpha"": 1000}",-509.90111042055037,-330.4337531490398,-338.7707406095117,-363.59953705212087,-339.6048982939495,-471.5529549214879,-366.9693355716365,-463.97520788252973,-289.85819093354377,-213.15095347373213,-368.7816682308102,85.58090924551699,5,-351.1859011045683,-369.97944233532996,-365.10932729549575,-362.4349155036687,-361.75273021589385,-358.98137685289373,-367.39555437308377,-367.0165189347509,-371.9039326482352,-365.8060203797564,-364.15657196436763,5.65676273633435,368.7816682308102,4,polynomial_ridge_change,development,2024-06-01,1.0,,,,,,,,,
0.04055664539337158,0.006024669785697712,0.0037367820739746095,0.0027178683403467777,1.0,"{""polynomialfeatures__degree"": 2, ""ridge__alpha"": 1}",-964.9431684621668,-2426.3770875517016,-905.7031832805163,-512.7242402237325,-381.9985710040182,-669.8521697533378,-634.3932729211941,-574.0335704846399,-448.17948028946586,-476.93905514137845,-799.5143799112151,571.3407885353593,8,-149.13582507020618,-189.39084517696807,-204.03313345629573,-214.00568097553068,-214.4265470077812,-203.75738194309844,-211.5398756601139,-216.4317799419318,-236.7360439456965,-239.11634286767523,-207.85734560452974,24.08278519396958,799.5143799112151,4,polynomial_ridge_change,development,2024-06-01,2.0,,,,,,,,,
0.0322150707244873,0.011540446806057859,0.004162454605102539,0.002183941644700001,10.0,"{""polynomialfeatures__degree"": 2, ""ridge__alpha"": 10}",-457.99260590224156,-795.6536955470048,-563.0764888672464,-426.82119367538445,-258.7097441350399,-582.0207772666105,-342.06229921133746,-542.8840445389891,-383.60931264524953,-395.12633818212936,-474.7956499971233,144.37241721774765,7,-201.89081318634396,-224.91781361592197,-224.84934174080473,-232.5236932235855,-232.05906000028122,-225.2155211709897,-238.4609327911214,-235.05330447042843,-252.7648421391544,-251.41496933874723,-231.91502916773783,13.832111652026521,474.7956499971233,4,polynomial_ridge_change,development,2024-06-01,2.0,,,,,,,,,
0.030657315254211427,0.009352374491968383,0.0037406206130981444,0.0019750267251554972,100.0,"{""polynomialfeatures__degree"": 2, ""ridge__alpha"": 100}",-507.2860721117438,-390.610897425053,-375.3204205951634,-321.93155590823,-312.6796314983112,-439.9749957985589,-376.6694009156021,-470.4199736552582,-312.8784179012827,-229.1396699470024,-373.69110357562056,79.3033409441014,6,-272.42965357062957,-279.1125940495512,-281.08825451935996,-284.11065590687826,-281.9618735719418,-279.3569976167318,-285.3071545286822,-285.39009344161633,-297.05646719599326,-293.8513502860038,-283.9665094687388,6.805231994874965,373.69110357562056,4,polynomial_ridge_change,development,2024-06-01,2.0,,,,,,,,,
0.026860499382019044,0.005882426343682728,0.001917576789855957,0.0008495947727668883,1000.0,"{""polynomialfeatures__degree"": 2, ""ridge__alpha"": 1000}",-505.55210408721786,-373.2920725668818,-352.7119853560693,-347.0403209866519,-353.7282797318647,-452.97789350597094,-365.9046745092591,-440.58154627621076,-294.61717177609466,-185.0839905270568,-367.14900393232773,84.3534697546133,4,-337.25016961116205,-354.3524132241751,-349.4406656398125,-348.81131972350994,-346.959427055071,-343.30850246737987,-348.54736588169055,-347.5794077780206,-353.1413198868196,-348.46121712011836,-347.785180838776,4.565080847116352,367.14900393232773,4,polynomial_ridge_change,development,2024-06-01,2.0,,,,,,,,,
0.0305574893951416,0.008643846968995221,0.020428228378295898,0.011017805289820224,1.0,"{""ridge__alpha"": 1, ""splinetransformer__degree"": 2, ""splinetransformer__n_knots"": 3}",-713.0533578825533,-575.3261836783885,-453.1322665185581,-363.0125758398599,-476.67300185152936,-549.1127986183177,-401.35482911881905,-452.7344344395049,-302.7373918415197,-243.9938401595883,-453.1130679948639,130.16023657559563,11,-232.4640505573082,-267.16506479750507,-261.83258965497333,-271.3604498771976,-277.93613693215116,-268.84431956371606,-290.8534999917159,-294.34873372878656,-302.5489159338365,-300.35292106443507,-276.77066821016257,20.24821276568948,453.1130679948639,4,spline_ridge_change,development,2024-06-01,,2.0,3.0,,,,,,,
0.03157386779785156,0.006447904382623487,0.02505955696105957,0.008726958516746949,1.0,"{""ridge__alpha"": 1, ""splinetransformer__degree"": 2, ""splinetransformer__n_knots"": 5}",-1135.9073014341445,-1849.85734277541,-670.0280525622059,-653.1697450043856,-609.5723756203975,-693.7276532510383,-317.14355017994075,-551.0697102609009,-655.2843119402995,-219.54002008721696,-735.530006311594,437.31816062461746,14,-136.94424756303417,-196.32640857278057,-214.65627659058737,-232.6965135417374,-252.73857918648375,-243.32938347687815,-253.36017719667169,-250.38066498404257,-262.90780193565416,-259.6927926919797,-230.30328457398497,36.95326133978543,735.530006311594,4,spline_ridge_change,development,2024-06-01,,2.0,5.0,,,,,,,
0.027561497688293458,0.0064537227490430605,0.022632575035095213,0.01285238824600812,1.0,"{""ridge__alpha"": 1, ""splinetransformer__degree"": 2, ""splinetransformer__n_knots"": 7}",-1495.3708908013305,-2314.415555527569,-1404.6640011078082,-902.9320468573991,-1716.3209308128387,-1224.9918739670622,-480.9878068819375,-620.7979884570196,-420.9052460731027,-311.04812545693017,-1089.2434465942997,620.7674320293421,16,-100.72820245304197,-165.13000577472062,-165.42145480570062,-192.1361869814987,-211.11240891941853,-214.07776493389284,-220.2377374845006,-219.1642013900016,-238.3943778045538,-236.81745022081884,-196.32197907681484,40.151211523441255,1089.2434465942997,4,spline_ridge_change,development,2024-06-01,,2.0,7.0,,,,,,,
0.028258490562438964,0.007930002428659802,0.022829055786132812,0.015678635451465705,1.0,"{""ridge__alpha"": 1, ""splinetransformer__degree"": 3, ""splinetransformer__n_knots"": 3}",-1004.8618502796613,-847.1517834489874,-637.2120181986659,-424.6681768420826,-326.6182604422398,-626.1756589761644,-411.73314967510873,-500.35280061954717,-312.62459530412866,-236.2675659935869,-532.7665859780172,234.0090603946996,12,-179.74187212351129,-246.63611008056134,-253.81477671852625,-261.6423277357198,-262.845753831755,-255.89475255595687,-269.04078534839186,-271.0605504556189,-285.2294180512326,-283.09557626395105,-256.9001923165225,28.220168178836257,532.7665859780172,4,spline_ridge_change,development,2024-06-01,,3.0,3.0,,,,,,,
0.031844687461853025,0.010366456193355002,0.01953916549682617,0.009704495708136283,1.0,"{""ridge__alpha"": 1, ""splinetransformer__degree"": 3, ""splinetransformer__n_knots"": 5}",-1597.6858949455257,-1037.5762161534465,-546.1658489638693,-683.2957595458083,-1170.7048400630172,-1192.3629930061677,-387.4510744934707,-601.0883354305037,-391.97542839932294,-355.4396237493468,-796.3746014750478,404.46467193461433,15,-114.39579727844807,-195.22813990575673,-198.94349090949257,-219.47429722882293,-229.58275201347772,-226.4393202325019,-232.3858689610861,-234.0795394403581,-250.12889628769753,-254.06460855725848,-215.47227108149,38.154459033679046,796.3746014750478,4,spline_ridge_change,development,2024-06-01,,3.0,5.0,,,,,,,
0.02763047218322754,0.01109267251087216,0.019076156616210937,0.013079273604573644,1.0,"{""ridge__alpha"": 1, ""splinetransformer__degree"": 3, ""splinetransformer__n_knots"": 7}",-1480.1667798811152,-73222.10564037763,-723.0331925971119,-1391.5255773352667,-1063.3162396752525,-1111.2400733334337,-543.5766635792064,-752.6335549531723,-351.3534412428523,-331.4313816348051,-8097.038254460985,21711.67245603062,18,-98.92187217218313,-125.70431808737611,-145.23466539406834,-158.61466952647535,-188.55992923901846,-198.71041998232658,-205.31704835555178,-211.05415258052278,-227.0323699103643,-223.70839576293923,-178.2857841010826,41.60455815009065,8097.038254460985,4,spline_ridge_change,development,2024-06-01,,3.0,7.0,,,,,,,
0.03043227195739746,0.0065096964681854,0.019527292251586913,0.006901175314152333,100.0,"{""ridge__alpha"": 100, ""splinetransformer__degree"": 2, ""splinetransformer__n_knots"": 3}",-483.66891853883845,-306.8784067647044,-337.62085689819656,-310.4543429978218,-319.6559746539738,-466.3102180841206,-359.560789353045,-414.96260442246336,-275.9183731464402,-205.9211036917496,-348.09515885513537,81.49531319673693,1,-274.88577680215866,-293.2474623013389,-292.0928118511732,-289.46614748998326,-290.15396438889866,-287.51354307396997,-302.4676404926082,-304.25497420128244,-308.8754056388405,-306.43556873045696,-294.93932949707107,9.954608153753872,348.09515885513537,4,spline_ridge_change,development,2024-06-01,,2.0,3.0,,,,,,,
0.03352608680725098,0.010538072299701894,0.01649210453033447,0.0073513877281551065,100.0,"{""ridge__alpha"": 100, ""splinetransformer__degree"": 2, ""splinetransformer__n_knots"": 5}",-531.123627300909,-349.6059679332565,-366.4260220211097,-353.17324363352196,-274.84903084128723,-502.38718862896184,-376.3134417596877,-464.088204956654,-444.09456118161756,-161.39393480150366,-382.345522305851,104.70317693124028,10,-247.3135464258126,-275.72134940727614,-273.6702285225994,-274.0389612667125,-276.2618626121697,-271.09922048012976,-282.49907932342825,-284.0818779929492,-290.17222664526867,-288.26966287150947,-276.31280155478555,11.464392507590436,382.345522305851,4,spline_ridge_change,development,2024-06-01,,2.0,5.0,,,,,,,
0.03582377433776855,0.007454729864827971,0.015656065940856934,0.007798762204361972,100.0,"{""ridge__alpha"": 100, ""splinetransformer__degree"": 2, ""splinetransformer__n_knots"": 7}",-573.487708084385,-401.73464255703743,-310.0740971802741,-405.16956459018303,-244.72603199182163,-455.55953549344,-367.64783433477095,-487.4821824802148,-287.3387748902294,-184.2616224955913,-371.74819940979484,111.96651510283506,9,-227.4762635023581,-255.87700305441456,-251.16186584696013,-253.51574477669112,-260.96357371012823,-255.04283936643185,-259.64009617156535,-260.47540072800797,-267.8956630456979,-266.48025442770535,-255.85287046299604,10.738512613771697,371.74819940979484,4,spline_ridge_change,development,2024-06-01,,2.0,7.0,,,,,,,
0.024153542518615723,0.008374064885223015,0.01765475273132324,0.010169459979529295,100.0,"{""ridge__alpha"": 100, ""splinetransformer__degree"": 3, ""splinetransformer__n_knots"": 3}",-494.1071501558235,-338.76515565202266,-355.871388226851,-314.85872650536317,-330.8987761157914,-464.3130998618881,-347.87675120084106,-419.98033174711423,-289.0990077833282,-179.12391305468682,-353.489430030371,85.6051272122461,3,-271.91549049336,-290.3862171646028,-290.867968583387,-286.3211181899576,-288.2185403407205,-287.6950440868528,-296.59893762722606,-298.1319825387791,-302.80142044810293,-301.2903989460863,-291.42271184190747,8.548427403482302,353.489430030371,4,spline_ridge_change,development,2024-06-01,,3.0,3.0,,,,,,,
0.02599020004272461,0.005567059349229122,0.02882547378540039,0.013170048575699363,100.0,"{""ridge__alpha"": 100, ""splinetransformer__degree"": 3, ""splinetransformer__n_knots"": 5}",-558.5270695715693,-302.01357437143014,-380.5899770455166,-379.9323642695202,-281.6632859159034,-492.53778528798836,-361.5974630691826,-482.02587069856696,-272.07190042209726,-190.46045718218525,-370.141974783396,108.46144488696623,8,-242.60292707462997,-273.89223225458943,-270.92167226542887,-270.97658566709083,-274.18279101396956,-268.27403976127283,-275.9489698028711,-278.26908736760356,-284.2911840147914,-283.7120242962401,-272.3071513518488,11.094246618830923,370.141974783396,4,spline_ridge_change,development,2024-06-01,,3.0,5.0,,,,,,,
0.037091636657714845,0.011820388191683557,0.021338891983032227,0.011427958060201688,100.0,"{""ridge__alpha"": 100, ""splinetransformer__degree"": 3, ""splinetransformer__n_knots"": 7}",-653.6477308701213,-8078.835970417577,-374.8799219977073,-426.80269460554115,-260.51321491813565,-484.38922488652753,-362.29447756047193,-508.34014678215266,-251.0808501551077,-193.26752976178923,-1159.405176195513,2310.1493208046954,17,-220.08915637833977,-258.6410837401771,-253.66223852998675,-255.96784756260712,-260.7561865163875,-253.8596223255203,-259.6608306145799,-259.22548805090275,-266.0695767218649,-263.5498059249232,-255.14818363652893,12.264494240798802,1159.405176195513,4,spline_ridge_change,development,2024-06-01,,3.0,7.0,,,,,,,
0.026825785636901855,0.009420786257514292,0.02395474910736084,0.013897502199269164,1000.0,"{""ridge__alpha"": 1000, ""splinetransformer__degree"": 2, ""splinetransformer__n_knots"": 3}",-503.1278608033211,-328.96898841430084,-327.18534129088084,-345.1002037737572,-331.24218963577414,-466.77898012875676,-359.60200668050265,-431.32763249295186,-270.3004833791465,-205.8283933924741,-356.9462079991866,84.72632229247209,6,-330.1727198472574,-347.55989286289565,-343.45250465226206,-340.79302322456033,-339.46649903029004,-336.7022584656975,-345.47391585283293,-345.7587867543701,-348.36378641097645,-341.9457469573953,-341.96891340585375,5.249150845790413,356.9462079991866,4,spline_ridge_change,development,2024-06-01,,2.0,3.0,,,,,,,
0.028209400177001954,0.009152386232317582,0.02500805854797363,0.013435167220931252,1000.0,"{""ridge__alpha"": 1000, ""splinetransformer__degree"": 2, ""splinetransformer__n_knots"": 5}",-506.2795155007305,-324.1081654181417,-344.8362447852244,-341.7041624653464,-340.0873140930069,-476.5513964400577,-366.7047640321703,-431.5042941812333,-245.9811259639404,-165.71172429647513,-354.34687071763267,96.34200413775791,4,-324.4260511386084,-342.6067623389909,-337.3143949521727,-335.3845315421233,-334.12397366339843,-332.4097962564697,-339.2563791343558,-340.25515910626444,-343.8671551154601,-337.48323309389195,-336.7127436341736,5.327696813125787,354.34687071763267,4,spline_ridge_change,development,2024-06-01,,2.0,5.0,,,,,,,
0.029239439964294435,0.004976815697496938,0.024863004684448242,0.01067498214766985,1000.0,"{""ridge__alpha"": 1000, ""splinetransformer__degree"": 2, ""splinetransformer__n_knots"": 7}",-511.4013727173987,-315.62226317728914,-339.83576417934154,-349.0035527407199,-338.73824094591083,-477.8928928343972,-369.04254759492636,-431.21419727822826,-274.85342729430977,-188.11470285115192,-359.57189616136736,90.39688328433017,7,-319.9424623649124,-337.9182086379969,-331.0504263741422,-329.17400696429064,-329.3371365423748,-326.701048393546,-332.4677261582213,-333.97552837848934,-337.48897777764734,-331.7263325374783,-330.97818541290997,4.983485371581465,359.57189616136736,4,spline_ridge_change,development,2024-06-01,,2.0,7.0,,,,,,,
0.032050347328186034,0.010586553168476105,0.023880577087402342,0.014199221094188046,1000.0,"{""ridge__alpha"": 1000, ""splinetransformer__degree"": 3, ""splinetransformer__n_knots"": 3}",-496.31740115522297,-328.0195773357857,-340.33459898206615,-335.12726004203336,-338.4177169673249,-459.72998644802465,-356.54493043042027,-423.6587353136884,-279.0165963685352,-203.01639532408709,-356.0183198367189,81.3206159215217,5,-326.09910493992965,-342.90401655438,-337.8417212039422,-335.9826015223549,-334.22617851450696,-332.3803075687114,-339.61676252427407,-340.1166588978638,-343.21534109639674,-337.92210958283164,-337.0304802405191,4.904065986468717,356.0183198367189,4,spline_ridge_change,development,2024-06-01,,3.0,3.0,,,,,,,
0.03592522144317627,0.009867602663749381,0.023097467422485352,0.009457188179169762,1000.0,"{""ridge__alpha"": 1000, ""splinetransformer__degree"": 3, ""splinetransformer__n_knots"": 5}",-493.5740276431195,-285.71759640795227,-346.95534362772486,-336.6420720545315,-342.91790666881997,-476.1636164012486,-361.757308534066,-420.46501638224066,-268.8454172710112,-195.31434377694663,-352.83526487676613,87.42867450306336,2,-320.15261267826133,-337.5852891725798,-331.76187871698494,-329.85181367197356,-328.9066030756258,-326.878822155241,-333.9021420698851,-335.0080932599281,-338.42353670825713,-332.4382342144598,-331.49090257231967,5.133730178555823,352.83526487676613,4,spline_ridge_change,development,2024-06-01,,3.0,5.0,,,,,,,
0.022745275497436525,0.007133609532044042,0.022150135040283202,0.015826323839204275,1000.0,"{""ridge__alpha"": 1000, ""splinetransformer__degree"": 3, ""splinetransformer__n_knots"": 7}",-509.61199309743046,-2188.7512121133595,-350.00298066670763,-350.0849730934987,-339.95056946566115,-488.6022611027349,-365.2358994526857,-427.4161285742878,-262.40055690194595,-188.76972429865995,-547.0826298766972,554.7316664201962,13,-315.0557055905916,-333.7947001792371,-327.1544553204588,-325.0026014830064,-324.8906916296445,-322.8652670040255,-328.73332056692067,-330.15741319736514,-334.0322152487697,-327.6654228218595,-326.9351793041879,5.265161492231169,547.0826298766972,4,spline_ridge_change,development,2024-06-01,,3.0,7.0,,,,,,,
0.44906017780303953,0.07569926991238207,0.035468029975891116,0.015876424234732005,,"{""max_depth"": 3, ""min_samples_leaf"": 5, ""n_estimators"": 100}",-504.75721031457397,-329.4710472786778,-411.9724732819236,-331.69609394249164,-285.0568362034051,-471.13012274985203,-305.5449415225966,-378.6905736978895,-311.2782400479198,-208.6917768980242,-353.8289315937355,84.59146310887559,7,-237.67972925609442,-264.8288039137432,-258.23833026906584,-271.38395424351296,-270.3621651181685,-264.23242248485474,-272.25398977089594,-272.2792483035585,-278.85391732046634,-280.07234505443756,-267.01849057347977,11.602650270611498,353.8289315937355,4,random_forest_change,development,2024-06-01,,,,3,5.0,100.0,,,,
0.805045485496521,0.08647931847083618,0.06477515697479248,0.03161198672178229,,"{""max_depth"": 3, ""min_samples_leaf"": 5, ""n_estimators"": 200}",-510.435287924781,-333.1287317768694,-404.03794133189217,-339.023769672113,-284.34289293866215,-463.57155977524803,-314.33846706534786,-380.0718285376415,-308.2177436163026,-214.60356957067037,-355.17717922095284,82.61962915283269,8,-237.11899375922565,-265.8885245223616,-262.20251526311955,-271.2264238586317,-270.59685020220394,-264.0583670286001,-274.2690659854175,-272.7388785628918,-279.6658587587058,-279.5830391300029,-267.73485170711604,11.643495158394868,355.17717922095284,4,random_forest_change,development,2024-06-01,,,,3,5.0,200.0,,,,
0.4066910743713379,0.08702747411185366,0.029198718070983887,0.014867389104024775,,"{""max_depth"": 3, ""min_samples_leaf"": 12, ""n_estimators"": 100}",-498.626989953742,-353.9666435526915,-318.731102183802,-327.986253296443,-256.2056831670888,-472.6804355277695,-325.96235408915146,-372.33686041831015,-313.1516078862519,-212.47078448208404,-345.21187145573344,82.78617014746357,3,-286.9689368463849,-303.2610887453674,-296.2648342342304,-293.8331642705701,-295.0174724301743,-281.4811950404351,-294.6291013056653,-293.4235753154216,-293.9861270354202,-294.3062387942561,-293.3171734017925,5.4247224513930705,345.21187145573344,4,random_forest_change,development,2024-06-01,,,,3,12.0,100.0,,,,
0.8111201047897338,0.0753585189465588,0.05274059772491455,0.019055891723446496,,"{""max_depth"": 3, ""min_samples_leaf"": 12, ""n_estimators"": 200}",-501.3252360861448,-352.91325887948113,-316.12888344517427,-327.6749180262272,-253.2352560021803,-472.7775255618914,-331.87426129922295,-379.1691494149289,-306.4551442054762,-217.1137321889502,-345.8667365109677,83.39944249750992,6,-285.4419400081875,-300.82674417002545,-294.49285831510866,-293.2160080596366,-293.17603690033707,-282.23258125939554,-295.34101824413483,-290.861785228093,-294.05695646013214,-293.1788706563421,-292.2824799301393,4.9262450801136675,345.8667365109677,4,random_forest_change,development,2024-06-01,,,,3,12.0,200.0,,,,
0.3957575082778931,0.0552150297857279,0.05801613330841064,0.02797969394251359,,"{""max_depth"": 5, ""min_samples_leaf"": 5, ""n_estimators"": 100}",-502.8795805205996,-329.3645465253582,-400.60501394211724,-332.22364670865454,-290.1825519919169,-479.11655508894864,-328.9171420988216,-377.2635110278477,-321.9267920621309,-208.49355462402391,-357.0972894590419,82.71657390026255,9,-220.38190463835053,-241.78553110784034,-230.80268041647614,-239.01880870467173,-237.58702279586774,-231.76647465405884,-237.4363542240842,-235.26874468499932,-237.60602317897303,-240.95038833078235,-235.26039327361045,5.984791640114769,357.0972894590419,4,random_forest_change,development,2024-06-01,,,,5,5.0,100.0,,,,
0.8307193756103516,0.08180740990456979,0.033715462684631346,0.018082034584854002,,"{""max_depth"": 5, ""min_samples_leaf"": 5, ""n_estimators"": 200}",-506.2092153808806,-336.2089687380048,-396.05310721148044,-338.8792438173557,-283.9206555463076,-473.28753169656216,-328.69951645204316,-383.77787179524194,-322.2348552594565,-210.1058375503021,-357.93768034476346,82.28501329534322,10,-216.8946344594722,-240.5987631045204,-231.72682868368346,-239.81346754213155,-238.32766255725986,-228.5871333490343,-237.16755242449892,-233.38214353853883,-237.34739242470528,-239.96401349900643,-234.38095915828512,6.920021931319675,357.93768034476346,4,random_forest_change,development,2024-06-01,,,,5,5.0,200.0,,,,
0.40450522899627683,0.07296571394574092,0.02608623504638672,0.0174031223484391,,"{""max_depth"": 5, ""min_samples_leaf"": 12, ""n_estimators"": 100}",-498.626989953742,-353.9666435526915,-319.07651433319074,-327.351021085462,-256.88859948628266,-471.70073304030984,-319.3892842891626,-368.2512895987034,-315.2725373336607,-215.85411953745083,-344.63777322106563,81.99967108469875,1,-286.9689368463849,-303.2610887453674,-295.9321806234494,-292.76309609052413,-291.8239908827702,-277.64708530602695,-289.5987738366349,-285.5537881396592,-284.6385597300735,-283.21253734014965,-289.140003754104,6.863958535159717,344.63777322106563,4,random_forest_change,development,2024-06-01,,,,5,12.0,100.0,,,,
0.8247967004776001,0.09245715286524236,0.032638931274414064,0.019184381180364158,,"{""max_depth"": 5, ""min_samples_leaf"": 12, ""n_estimators"": 200}",-501.3252360861448,-352.98922293176867,-316.2296844811815,-326.66691242235623,-253.4357440838478,-473.0666436288811,-326.6647850283569,-375.3024888319322,-313.88734414939154,-215.828836571289,-345.539689821515,83.2796575098062,4,-285.4419400081875,-300.7883623330802,-294.1602398723608,-291.5662577113151,-290.3628566758948,-278.53482783497896,-289.9072721518133,-283.2798246522233,-283.9646146591993,-282.9600342066844,-288.09662301057375,6.192214301656263,345.539689821515,4,random_forest_change,development,2024-06-01,,,,5,12.0,200.0,,,,
0.4065671682357788,0.06329458148343821,0.041175675392150876,0.013182011264261162,,"{""max_depth"": null, ""min_samples_leaf"": 5, ""n_estimators"": 100}",-503.44530548320927,-330.8554323055111,-399.4936557497226,-335.5724190544792,-285.1604485124546,-482.44975383829546,-328.0729228094211,-375.5422368066517,-328.4057871909795,-217.72667292765937,-358.6724634678384,81.64587402815494,11,-219.20504862572844,-238.57372327806166,-225.120578471655,-233.9233629514345,-231.12475537557847,-221.83071569447796,-225.33875226726406,-220.5802828452261,-222.55199558762953,-225.28045773532642,-226.35296728323823,5.936667350342871,358.6724634678384,4,random_forest_change,development,2024-06-01,,,,,5.0,100.0,,,,
0.8438928604125977,0.0735502047037336,0.04560589790344238,0.02959041050983861,,"{""max_depth"": null, ""min_samples_leaf"": 5, ""n_estimators"": 200}",-506.4541808794777,-336.5941001193474,-395.9866852626737,-336.6007424483965,-280.99195942554326,-477.4723851056781,-326.55321517786047,-384.07434830633116,-329.874731196274,-217.56379279168664,-359.2166140713269,81.71229492852443,12,-215.93588586079235,-237.1107128532883,-226.31481546664457,-233.51742016548062,-230.28461055292001,-220.44136017291126,-225.20908439618128,-219.74958040317705,-222.6311726376217,-225.16579645850172,-225.6360438967519,6.172640910332328,359.2166140713269,4,random_forest_change,development,2024-06-01,,,,,5.0,200.0,,,,
0.3812816858291626,0.049711142136864,0.022141647338867188,0.013869807566094107,,"{""max_depth"": null, ""min_samples_leaf"": 12, ""n_estimators"": 100}",-498.626989953742,-353.9666435526915,-319.07651433319074,-327.351021085462,-256.88859948628266,-471.70073304030984,-319.3892842891626,-368.2512895987034,-315.38197991069154,-215.97190798991178,-344.6604963240148,81.97726221317123,2,-286.9689368463849,-303.2610887453674,-295.9321806234494,-292.76309609052413,-291.8239908827702,-277.64708530602695,-289.5987738366349,-285.5537881396592,-284.5609812221137,-283.08642648398865,-289.1196348176919,6.880047292801911,344.6604963240148,4,random_forest_change,development,2024-06-01,,,,,12.0,100.0,,,,
0.6949372053146362,0.12099500635542819,0.02283787727355957,0.015369080534901878,,"{""max_depth"": null, ""min_samples_leaf"": 12, ""n_estimators"": 200}",-501.3252360861448,-352.98922293176867,-316.2296844811815,-326.66691242235623,-253.4357440838478,-473.0666436288811,-326.70935534085703,-375.3517208563237,-313.7678743512158,-216.14058853470019,-345.5682982717277,83.23644457503299,5,-285.4419400081875,-300.7883623330802,-294.1602398723608,-291.5662577113151,-290.3628566758948,-278.53482783497896,-289.9108377768133,-283.28607695562124,-283.8756483176062,-282.8379037086359,-288.0764951194494,6.208031721751352,345.5682982717277,4,random_forest_change,development,2024-06-01,,,,,12.0,200.0,,,,
0.18403611183166504,0.05619005596904535,0.0046198368072509766,0.0038298683119645507,,"{""learning_rate"": 0.01, ""max_depth"": 2, ""n_estimators"": 100, ""reg_lambda"": 1}",-512.5137125651041,-336.5805257161458,-347.6816813151042,-350.5435791015625,-287.1960042317708,-467.9086100260417,-340.3715006510417,-408.9143880208333,-287.7972412109375,-210.87886555989584,-355.0386108398438,84.24776063299353,15,-288.6153595753205,-314.74404296875,-311.1941157322304,-313.5466222930373,-316.3178439670139,-311.0486405966938,-320.8286588541667,-320.45543077256946,-323.7093295393319,-322.1084351898522,-314.2568479488966,9.564289263351938,355.0386108398438,4,xgboost_change,development,2024-06-01,,,,2,,100.0,0.01,1.0,,
0.20247886180877686,0.01218304088088163,0.0034212112426757813,0.0010036779346857668,,"{""learning_rate"": 0.01, ""max_depth"": 2, ""n_estimators"": 100, ""reg_lambda"": 30}",-508.1388753255208,-327.2604166666667,-350.845703125,-350.8525390625,-313.0823160807292,-471.3316243489583,-354.3798421223958,-433.9874674479167,-287.470703125,-206.7659912109375,-360.4115478515625,84.86794547371122,20,-323.43999148637823,-343.27447916666665,-336.73017195159315,-338.226746676261,-339.59010339161705,-333.6967914968297,-343.6421256510417,-342.72929024402004,-346.46512717762215,-341.5110703335013,-338.9305897575531,6.261387035375252,360.4115478515625,4,xgboost_change,development,2024-06-01,,,,2,,100.0,0.01,30.0,,
0.325283408164978,0.023947754502917862,0.0035098791122436523,0.0010053241571451868,,"{""learning_rate"": 0.01, ""max_depth"": 2, ""n_estimators"": 200, ""reg_lambda"": 1}",-508.15576171875,-342.4684651692708,-336.2048746744792,-353.4996744791667,-264.1077880859375,-467.2908528645833,-322.7950846354167,-391.673583984375,-296.3104248046875,-223.46053059895834,-350.5967041015625,82.32568292115286,9,-256.73612154447113,-287.05621202256947,-283.76370059742646,-284.7342122395833,-286.61624193948415,-279.49713046308875,-291.68744466145836,-290.668026017554,-293.81360003591954,-295.06983471942203,-284.9642524240977,10.45698090625501,350.5967041015625,4,xgboost_change,development,2024-06-01,,,,2,,200.0,0.01,1.0,,
0.30272209644317627,0.021857261817980835,0.00472564697265625,0.0034410205629555254,,"{""learning_rate"": 0.01, ""max_depth"": 2, ""n_estimators"": 200, ""reg_lambda"": 30}",-502.7856852213542,-330.02197265625,-341.803955078125,-340.5403645833333,-288.4340006510417,-469.6930338541667,-340.0730794270833,-404.3743896484375,-277.974609375,-211.86246744791666,-350.7563557942708,83.26768504277165,10,-295.91598432491986,-319.18685438368055,-313.18942440257354,-315.14706260279604,-316.27399166046627,-309.68585116621375,-320.869248046875,-318.5843822337963,-321.2723122081537,-316.7869098622312,-314.69120208917064,7.097673578907557,350.7563557942708,4,xgboost_change,development,2024-06-01,,,,2,,200.0,0.01,30.0,,
0.16306023597717284,0.0190294578316178,0.0033802509307861326,0.00048117197700253244,,"{""learning_rate"": 0.01, ""max_depth"": 4, ""n_estimators"": 100, ""reg_lambda"": 1}",-510.347412109375,-334.5930989583333,-346.5174967447917,-345.6806233723958,-282.7731526692708,-471.6230061848958,-336.7239990234375,-384.7140299479167,-288.873291015625,-206.89510091145834,-350.87412109375003,84.19038932290715,11,-280.2207594651442,-302.84828016493054,-296.4935518152574,-296.9603978207237,-293.999271453373,-287.1908613564312,-296.8887890625,-294.0530116705247,-296.03405902029454,-294.5238759030578,-293.9212857732237,5.849815829192101,350.87412109375003,4,xgboost_change,development,2024-06-01,,,,4,,100.0,0.01,1.0,,
0.1801311492919922,0.014467237333522015,0.0033950567245483398,0.0008667035162683384,,"{""learning_rate"": 0.01, ""max_depth"": 4, ""n_estimators"": 100, ""reg_lambda"": 30}",-508.9967854817708,-327.2397054036458,-351.4612630208333,-350.859130859375,-313.5530192057292,-469.8712565104167,-352.2545572916667,-421.1516520182292,-288.6973063151042,-208.2679443359375,-359.2352620442708,83.40210942447972,17,-322.94165665064105,-342.34758029513887,-334.7302724800858,-334.5233561197917,-334.34764074900795,-328.50383548460144,-336.2992936197917,-334.3926896460262,-337.3728700835129,-333.41221700688845,-333.8871412135486,4.900410790011985,359.2352620442708,4,xgboost_change,development,2024-06-01,,,,4,,100.0,0.01,30.0,,
0.29279437065124514,0.01084261732864976,0.0027837276458740233,0.0007189854241518385,,"{""learning_rate"": 0.01, ""max_depth"": 4, ""n_estimators"": 200, ""reg_lambda"": 1}",-501.6867268880208,-344.4733479817708,-341.6695556640625,-350.5169677734375,-260.7157389322917,-471.6236572265625,-328.7600504557292,-377.853271484375,-312.2179361979167,-216.23185221354166,-350.5749104817708,81.49730087701373,8,-241.1480431189904,-264.25981987847223,-256.7788756127451,-256.5959215666118,-251.39410109747024,-242.7504352072011,-253.92968098958335,-249.8880328896605,-252.5057302891523,-253.44120673723117,-252.26918473871183,6.385469212600215,350.5749104817708,4,xgboost_change,development,2024-06-01,,,,4,,200.0,0.01,1.0,,
0.28106069564819336,0.017494409021289976,0.0035432815551757813,0.0008122359612752662,,"{""learning_rate"": 0.01, ""max_depth"": 4, ""n_estimators"": 200, ""reg_lambda"": 30}",-503.0851236979167,-329.94091796875,-343.30126953125,-338.8324381510417,-289.4061279296875,-472.8972981770833,-340.560546875,-389.2119140625,-281.206298828125,-207.17061360677084,-349.56125488281253,83.39060617008576,6,-295.26124298878204,-316.12428385416666,-308.1916025199142,-307.91087582236844,-306.28406730530753,-300.08609672214675,-307.72015625,-304.6037868923611,-305.2906620420259,-302.42434790826616,-305.38971223053386,5.25170282007444,349.56125488281253,4,xgboost_change,development,2024-06-01,,,,4,,200.0,0.01,30.0,,
0.14577968120574952,0.01567259750140334,0.002870631217956543,0.0008441861003219299,,"{""learning_rate"": 0.05, ""max_depth"": 2, ""n_estimators"": 100, ""reg_lambda"": 1}",-508.8567708333333,-342.3263346354167,-351.4444580078125,-348.0177001953125,-263.6852213541667,-456.396240234375,-322.8450113932292,-375.5323893229167,-308.6806640625,-226.40629069010416,-350.41910807291663,79.01962287822047,7,-202.04174178685898,-229.26527235243054,-228.2146666283701,-234.6752501370614,-236.3748759920635,-232.36002604166666,-244.59498046875,-242.3714644820602,-250.87058021282328,-254.8955314390121,-235.5664389541097,14.017991792759606,350.41910807291663,4,xgboost_change,development,2024-06-01,,,,2,,100.0,0.05,1.0,,
0.16423189640045166,0.007376021001215077,0.0034512758255004885,0.0010446863090147838,,"{""learning_rate"": 0.05, ""max_depth"": 2, ""n_estimators"": 100, ""reg_lambda"": 30}",-496.95751953125,-334.6161295572917,-321.996337890625,-324.1742757161458,-251.62430826822916,-461.5536702473958,-323.4266357421875,-369.6494547526042,-296.9111735026042,-224.20064290364584,-340.5110148111979,80.15116051431394,1,-254.47798978365384,-279.855517578125,-272.47219669117646,-274.28296326754383,-273.80763656374006,-269.3970858808877,-277.98955729166664,-277.23585491415895,-280.4573708019037,-278.4783161122312,-273.84544888850877,7.259032022648147,340.5110148111979,4,xgboost_change,development,2024-06-01,,,,2,,100.0,0.05,30.0,,
0.3042844295501709,0.010324872799497224,0.00334622859954834,0.0008354176904098501,,"{""learning_rate"": 0.05, ""max_depth"": 2, ""n_estimators"": 200, ""reg_lambda"": 1}",-493.7884521484375,-358.9148763020833,-333.4687093098958,-366.2183837890625,-284.6522216796875,-462.7412109375,-364.4213460286458,-393.4749755859375,-301.8001302083333,-241.15889485677084,-360.06392008463547,73.16191890314194,18,-157.1883764022436,-175.036181640625,-179.1284897748162,-188.2686917489035,-193.70965866815476,-189.7672207597373,-199.55095377604167,-201.11644302179783,-209.73447321749282,-214.74495180191533,-190.8245440811728,16.26431918765973,360.06392008463547,4,xgboost_change,development,2024-06-01,,,,2,,200.0,0.05,1.0,,
0.3017809629440308,0.017713698946112855,0.0035845756530761717,0.0010500614011703904,,"{""learning_rate"": 0.05, ""max_depth"": 2, ""n_estimators"": 200, ""reg_lambda"": 30}",-494.5495198567708,-339.8028157552083,-321.4578450520833,-346.8885904947917,-244.60896809895834,-455.456787109375,-331.2151692708333,-362.9795735677083,-302.3159993489583,-247.33378092447916,-344.66090494791666,75.56565461983783,4,-214.89498197115384,-239.56590169270834,-235.26337028952207,-238.8419339364035,-239.4012470548115,-236.4860556782156,-242.74671875,-245.0968936873071,-248.7679653825431,-248.85877383652553,-238.99238422791905,9.195968920798542,344.66090494791666,4,xgboost_change,development,2024-06-01,,,,2,,200.0,0.05,30.0,,
0.1669458866119385,0.017636202334163766,0.002889251708984375,0.0009555142844308903,,"{""learning_rate"": 0.05, ""max_depth"": 4, ""n_estimators"": 100, ""reg_lambda"": 1}",-506.8885498046875,-348.7403157552083,-359.7996012369792,-363.2279052734375,-264.821533203125,-471.2439778645833,-330.1968587239583,-381.0301513671875,-336.6394449869792,-238.745361328125,-360.13336995442705,77.28283689735854,19,-176.05915089142627,-190.70328233506945,-186.17017558976715,-189.51378752055922,-181.41734095982142,-175.09577389039856,-190.70171549479167,-182.65009825906637,-190.4002026086566,-191.7881620673723,-185.4499689616929,5.969817007864648,360.13336995442705,4,xgboost_change,development,2024-06-01,,,,4,,100.0,0.05,1.0,,
0.16231846809387207,0.011411174946356127,0.003279900550842285,0.0011771129808761847,,"{""learning_rate"": 0.05, ""max_depth"": 4, ""n_estimators"": 100, ""reg_lambda"": 30}",-498.2557779947917,-332.6170654296875,-326.4969482421875,-328.7440592447917,-255.3355712890625,-470.932373046875,-327.3874104817708,-362.9666341145833,-315.5982259114583,-225.19612630208334,-344.3530192057292,79.99513193368091,3,-250.59592222556088,-268.82840711805557,-258.3331131280637,-257.6942588404605,-255.1010935949901,-246.74789826766303,-257.28722005208334,-252.92901837384258,-254.31799456716954,-253.04623708417338,-255.48811632520628,5.554429827988919,344.3530192057292,4,xgboost_change,development,2024-06-01,,,,4,,100.0,0.05,30.0,,
0.29773876667022703,0.01573229557191962,0.0042824983596801754,0.002440072032314512,,"{""learning_rate"": 0.05, ""max_depth"": 4, ""n_estimators"": 200, ""reg_lambda"": 1}",-481.1314290364583,-379.7828369140625,-349.8927408854167,-401.0024007161458,-275.0956624348958,-474.310791015625,-379.5752360026042,-395.9748128255208,-328.64697265625,-243.09549967447916,-370.8508382161458,72.29998991044435,23,-125.71713491586539,-126.07395833333334,-125.42681047028186,-127.24158785635964,-122.24934895833333,-117.95092419610508,-128.44631184895835,-124.98174069251543,-129.1569262975934,-130.22293451780914,-125.7467678087155,3.3910169788557276,370.8508382161458,4,xgboost_change,development,2024-06-01,,,,4,,200.0,0.05,1.0,,
0.2784400463104248,0.022273029691451392,0.0030000925064086912,0.0008195349067426805,,"{""learning_rate"": 0.05, ""max_depth"": 4, ""n_estimators"": 200, ""reg_lambda"": 30}",-494.6261800130208,-343.873046875,-329.2777913411458,-350.428466796875,-242.8472900390625,-473.7727457682292,-356.3811442057292,-358.2687581380208,-326.4898274739583,-237.66215006510416,-351.36274007161455,78.38896756554601,13,-206.37116261017627,-221.53126627604166,-211.56985294117646,-212.51596765350877,-209.95853097098214,-199.01361172441122,-208.688369140625,-205.25905731577933,-206.64606063667384,-204.2773201234879,-208.5831199392863,5.689946726001021,351.36274007161455,4,xgboost_change,development,2024-06-01,,,,4,,200.0,0.05,30.0,,
0.1586061716079712,0.019791487529547257,0.0025613784790039064,0.0004502810652065868,,"{""learning_rate"": 0.1, ""max_depth"": 2, ""n_estimators"": 100, ""reg_lambda"": 1}",-515.9652506510416,-325.8162434895833,-310.8615315755208,-362.8820393880208,-271.7445475260417,-444.4647623697917,-342.8874918619792,-375.7894694010417,-325.2650960286458,-235.25602213541666,-351.0932454427083,77.04305348452421,12,-150.38835887419873,-176.60035807291666,-178.33457318474265,-181.82312225877192,-192.64525204613096,-191.36231176403984,-199.70595377604167,-203.03721185378086,-214.97602651311064,-216.19701623403898,-190.5070184577773,18.793931453978164,351.0932454427083,4,xgboost_change,development,2024-06-01,,,,2,,100.0,0.1,1.0,,
0.17547237873077393,0.010483459557633365,0.0032386302947998045,0.0008251260357799535,,"{""learning_rate"": 0.1, ""max_depth"": 2, ""n_estimators"": 100, ""reg_lambda"": 30}",-500.7350260416667,-336.9924723307292,-316.8451741536458,-342.8538818359375,-262.3067220052083,-458.1270345052083,-311.8195393880208,-355.47705078125,-314.1858723958333,-233.76993815104166,-343.31127115885414,76.97697945885358,2,-216.42964367988782,-236.88579644097223,-230.8907781862745,-236.29242907072367,-240.77290659102184,-234.9372947803442,-245.009765625,-245.14659589602624,-253.20839787625718,-252.0948499453965,-239.16684580919042,10.264517745066835,343.31127115885414,4,xgboost_change,development,2024-06-01,,,,2,,100.0,0.1,30.0,,
0.2977292060852051,0.012201213462099734,0.003992009162902832,0.0018425272055877997,,"{""learning_rate"": 0.1, ""max_depth"": 2, ""n_estimators"": 200, ""reg_lambda"": 1}",-496.4264729817708,-352.1421712239583,-309.4171956380208,-397.1636555989583,-281.7029215494792,-454.0229085286458,-394.2444661458333,-421.8076171875,-329.822021484375,-247.41422526041666,-368.4163655598958,74.46825175376831,22,-104.27778821113782,-113.76519097222223,-126.1424680223652,-127.42677494517544,-140.42686244419642,-141.70866593070653,-150.15260416666666,-155.244197892554,-164.84135629938936,-167.0760694934476,-139.10619783778614,19.988094434236483,368.4163655598958,4,xgboost_change,development,2024-06-01,,,,2,,200.0,0.1,1.0,,
0.31434195041656493,0.026276117491760387,0.003715109825134277,0.0019408629082076885,,"{""learning_rate"": 0.1, ""max_depth"": 2, ""n_estimators"": 200, ""reg_lambda"": 30}",-493.2554931640625,-351.1988932291667,-321.408447265625,-367.1704915364583,-261.8489990234375,-460.336669921875,-353.6335856119792,-376.2834065755208,-290.8536783854167,-246.05790201822916,-352.20475667317703,75.19196367681913,14,-170.01833558693912,-187.99717881944446,-185.68256931678923,-190.81357935855263,-196.57373821924602,-191.8048927196558,-203.82312825520833,-203.94026994116513,-210.3961953349497,-209.0373771421371,-195.00872646940874,11.755913836497022,352.20475667317703,4,xgboost_change,development,2024-06-01,,,,2,,200.0,0.1,30.0,,
0.1682063579559326,0.01563710543533222,0.0030242204666137695,0.000715027107017224,,"{""learning_rate"": 0.1, ""max_depth"": 4, ""n_estimators"": 100, ""reg_lambda"": 1}",-492.8412679036458,-357.1274007161458,-329.9840087890625,-377.841552734375,-276.8321533203125,-463.3747965494792,-373.6024576822917,-398.6357421875,-358.3959554036458,-224.60921223958334,-365.3244547526042,74.97003529072803,21,-123.04595477764423,-122.585888671875,-124.70005648743873,-121.45385313870614,-124.42887369791667,-122.58450803894928,-124.41756510416667,-127.966552734375,-123.52042923850574,-126.4674085391465,-124.11710904287239,1.8482222579002991,365.3244547526042,4,xgboost_change,development,2024-06-01,,,,4,,100.0,0.1,1.0,,
0.18141939640045165,0.005885897356220973,0.0022925138473510742,0.0004446741109442136,,"{""learning_rate"": 0.1, ""max_depth"": 4, ""n_estimators"": 100, ""reg_lambda"": 30}",-491.2955322265625,-333.3796793619792,-322.2340087890625,-345.1952718098958,-234.90946451822916,-482.5880940755208,-342.467041015625,-359.1608479817708,-327.5249430338542,-225.05025227864584,-346.38051350911456,82.4544478107486,5,-206.23620292467947,-216.40440538194446,-208.93422564338235,-213.94714569627192,-214.5711883060516,-198.21969117980072,-212.713095703125,-204.87724247685185,-205.78330134249282,-206.86215505292338,-208.85486537075235,5.288541079544736,346.38051350911456,4,xgboost_change,development,2024-06-01,,,,4,,100.0,0.1,30.0,,
0.30775938034057615,0.013307641021265014,0.003716301918029785,0.0011260885161809438,,"{""learning_rate"": 0.1, ""max_depth"": 4, ""n_estimators"": 200, ""reg_lambda"": 1}",-479.2043863932292,-391.9208170572917,-328.275390625,-414.751708984375,-287.4053141276042,-465.1240641276042,-409.72412109375,-411.7709147135417,-366.0771077473958,-218.39412434895834,-377.264794921875,76.03618986947222,24,-73.498779296875,-62.16735568576389,-66.9251158471201,-65.13884748492325,-63.11492823040675,-64.33029395946558,-67.09445638020833,-70.18498324170525,-64.99110430136494,-68.87159515709006,-66.6317459584923,3.2804672374948445,377.264794921875,4,xgboost_change,development,2024-06-01,,,,4,,200.0,0.1,1.0,,
0.2437267541885376,0.06449550025760474,0.003226828575134277,0.0007308956947262576,,"{""learning_rate"": 0.1, ""max_depth"": 4, ""n_estimators"": 200, ""reg_lambda"": 30}",-485.15576171875,-361.1160074869792,-318.5823974609375,-379.1784261067708,-236.144287109375,-476.943603515625,-383.135498046875,-378.5599365234375,-317.1218668619792,-215.6959228515625,-355.16337076822913,83.70930514849087,16,-156.41076973157053,-156.07930230034722,-154.76006242340685,-157.86735454358552,-155.24953884548611,-140.29803909080616,-153.02542643229165,-146.97615861304013,-147.00168653466235,-145.42257329469086,-151.30909118098876,5.616025230368934,355.16337076822913,4,xgboost_change,development,2024-06-01,,,,4,,200.0,0.1,30.0,,
4.150627255439758,1.4109259036968078,0.001831221580505371,0.0002520765270777135,,"{""regressor__mlpregressor__alpha"": 0.01, ""regressor__mlpregressor__hidden_layer_sizes"": [16]}",-762.7770511975867,-856.0989944141643,-727.1028478892031,-429.35240477661256,-727.2264328938345,-847.8657838146347,-731.6604291843782,-1202.3686815599392,-858.426648960295,-789.6447640930546,-793.2524038783703,180.12491820313923,9,-1.4375677273243617,-2.267274353986694,-2.1893870049809676,-3.115385620783567,-3.593067312294893,-4.085282842250453,-8.265230546869516,-11.679480631728477,-29.848243498342857,-34.30894648211535,-10.078986602067712,11.437621644488708,793.2524038783703,4,neural_network_change,development,2024-06-01,,,,,,,,,0.01,"(16,)"
4.277753496170044,1.0815206240330435,0.0019275426864624023,6.345312842667117e-05,,"{""regressor__mlpregressor__alpha"": 0.01, ""regressor__mlpregressor__hidden_layer_sizes"": [32]}",-681.333222926682,-807.4238809472164,-562.5799726383112,-328.8013192071506,-477.4191624159787,-649.1492322366038,-789.325736978345,-765.8484149455581,-661.2864445978224,-458.2587918515549,-618.1426178745222,150.31148831356387,8,-1.1697185105705477,-1.3552484601910793,-1.3292928551327974,-1.5149866656677164,-1.4349913398727516,-1.6132293320160174,-1.84828194356749,-1.6193748267607848,-1.9686436970231855,-1.7517363949284304,-1.56055040257308,0.23629149027556826,618.1426178745222,4,neural_network_change,development,2024-06-01,,,,,,,,,0.01,"(32,)"
15.566805005073547,2.5302200323650417,0.0019059896469116211,8.126185555849979e-05,,"{""regressor__mlpregressor__alpha"": 0.01, ""regressor__mlpregressor__hidden_layer_sizes"": [32, 16]}",-590.4913770367739,-529.274176445693,-576.7561300311858,-441.58578518172425,-389.3472265565626,-712.4492800614543,-681.7818107964407,-522.6280196201036,-644.4638690262249,-398.5273109758137,-548.7304985731977,108.02993971691463,7,-0.41673284648576997,-0.639948561136306,-0.46749893975441537,-0.7338220889980237,-0.6778421886077677,-0.6673785807260754,-0.7007330137044907,-0.6633737292929288,-0.8226081667974477,-0.6956003268231935,-0.648553844232642,0.11424943289242351,548.7304985731977,4,neural_network_change,development,2024-06-01,,,,,,,,,0.01,"(32, 16)"
1.3674833536148072,0.512569476632995,0.0018155336380004882,0.0002118057693551814,,"{""regressor__mlpregressor__alpha"": 1, ""regressor__mlpregressor__hidden_layer_sizes"": [16]}",-561.5346706319168,-425.7180676000978,-501.5706051464421,-278.4246971656007,-326.82955981137405,-565.9706909748543,-470.6509608380725,-543.197601715924,-464.3031301728867,-380.7854287418484,-451.89854127990174,93.71169207723636,4,-108.3519000829487,-135.4967104417327,-125.05029424995908,-125.99944028530301,-129.50008166747241,-113.18714290168627,-133.066565291595,-133.41981445040682,-138.21698234440038,-134.8631093441417,-127.7152041059646,9.393321377549752,451.89854127990174,4,neural_network_change,development,2024-06-01,,,,,,,,,1.0,"(16,)"
2.5972872018814086,0.9353176300980665,0.0017817258834838868,5.30740803046788e-05,,"{""regressor__mlpregressor__alpha"": 1, ""regressor__mlpregressor__hidden_layer_sizes"": [32]}",-465.878098493044,-626.8136472657467,-615.8078177649592,-308.85556051603834,-298.4508415572861,-536.4318759525904,-553.8577278281194,-478.7103643753641,-475.61479879986126,-318.6947606163739,-467.91154931693836,116.47593836315404,5,-94.66666615555403,-107.78028692430047,-102.25386478987473,-104.60281093798554,-109.39389769554938,-102.64925514618169,-110.46393588043045,-113.86999292958555,-111.54743768935698,-110.30844531833164,-106.75365934671504,5.4393550226020535,467.91154931693836,4,neural_network_change,development,2024-06-01,,,,,,,,,1.0,"(32,)"
13.885477066040039,4.393915403163002,0.0018785238265991212,0.0003425117764118629,,"{""regressor__mlpregressor__alpha"": 1, ""regressor__mlpregressor__hidden_layer_sizes"": [32, 16]}",-483.725063940247,-612.9415525063234,-581.6370247199171,-372.29977488873624,-396.862261816003,-698.6028085172767,-623.5670640496647,-490.9767147457021,-547.7895587952383,-335.1609938054664,-514.3562817784575,113.49803449231662,6,-44.66066920805766,-50.10246404843905,-47.175954063873725,-49.47780081832818,-45.117163936905925,-45.35350464081592,-47.160807846965554,-45.17155012449538,-46.090622704906636,-44.058941282110084,-46.43694786748981,1.9287257861275569,514.3562817784575,4,neural_network_change,development,2024-06-01,,,,,,,,,1.0,"(32, 16)"
0.6392114877700805,0.25886288685982894,0.0019065618515014648,3.073585390331183e-05,,"{""regressor__mlpregressor__alpha"": 10, ""regressor__mlpregressor__hidden_layer_sizes"": [16]}",-495.70382851746353,-319.59505800266015,-306.74782904028456,-297.75431861007746,-287.9344628471897,-464.5224402735644,-306.534364983781,-384.7365528367124,-295.1123113086481,-256.0622813680722,-341.47034477884534,76.10994717347131,1,-289.0359384304957,-309.39719345023866,-304.00121555223893,-299.179238109929,-293.0330113354834,-287.85777934544785,-296.6110189317864,-290.59808547361393,-291.0903095228213,-288.49098099179633,-294.9294771143852,6.897774926229171,341.47034477884534,4,neural_network_change,development,2024-06-01,,,,,,,,,10.0,"(16,)"
0.7529189825057984,0.359356501992574,0.001871633529663086,0.0001884513537628245,,"{""regressor__mlpregressor__alpha"": 10, ""regressor__mlpregressor__hidden_layer_sizes"": [32]}",-489.0531162852347,-319.8131610433481,-311.3202274874987,-305.93618701041237,-287.58986543500026,-466.6317597123006,-304.31120318129666,-379.44916607719784,-296.7133241961087,-256.30307021961136,-341.71210806480093,74.20860028340859,2,-288.55100872616924,-309.5255376062746,-300.6040722712272,-296.03181054163315,-290.73341747536443,-286.8918686402643,-294.3029449256425,-285.81312192728535,-287.6326141400264,-286.13351753702904,-292.62199137909164,7.28165339031486,341.71210806480093,4,neural_network_change,development,2024-06-01,,,,,,,,,10.0,"(32,)"
3.4877415895462036,1.2616524485636766,0.001953411102294922,3.23307900771211e-05,,"{""regressor__mlpregressor__alpha"": 10, ""regressor__mlpregressor__hidden_layer_sizes"": [32, 16]}",-493.05116288064056,-315.7007009818639,-310.6305135111723,-305.46634352225755,-287.55777476091225,-488.1771453227902,-306.48539018910355,-384.9708168474301,-306.12139866046783,-249.94691670822058,-344.8108163384859,79.34002097404704,3,-294.5273396705398,-316.00117676439515,-306.8124363007697,-304.63255997735655,-292.8663962113145,-284.75571662930344,-294.7418922236334,-286.46850428088203,-283.75734053704144,-285.290736283572,-294.9854098878808,10.375974205301313,344.8108163384859,4,neural_network_change,development,2024-06-01,,,,,,,,,10.0,"(32, 16)"
0.026614785194396973,0.014301762157512634,0.0024241209030151367,0.0021055102176556323,0.01,"{""ridge__alpha"": 0.01}",-1128.838154737543,-1711.5743478619922,-1121.3087325596791,-1079.6225692987398,-1196.9708110588952,-1592.350865795285,-849.4603394804953,-1273.1331644357454,-1215.572440227571,-1173.865234194075,-1234.2696659650019,236.39197978008707,4,-1117.0802795165857,-1109.6312606895067,-1170.7631518625508,-1156.6198403250046,-1137.7264293122091,-1143.6681549724547,-1183.4823579414428,-1159.5349816991609,-1147.4169713404926,-1150.672350370492,-1147.65957780299,21.31511006562679,1234.2696659650019,5,ridge_change,development,2024-06-01,,,,,,,,,,
0.03501384258270264,0.022251428052200907,0.0025739192962646483,0.002812073485075697,0.1,"{""ridge__alpha"": 0.1}",-1128.535648661665,-1711.3157691376903,-1120.9161458533054,-1078.4216427650588,-1196.9374300185525,-1592.3020850056018,-849.4189610937992,-1273.2146847473516,-1216.1461388304585,-1173.878811945656,-1234.108731805914,236.44729661469668,3,-1116.9183757222972,-1109.5709036538,-1170.7042060190022,-1156.650127685735,-1137.7150956647183,-1143.61866868653,-1183.4546320844338,-1159.5165768050838,-1147.434895478329,-1150.7016112815872,-1147.6285093081517,21.34020685412578,1234.108731805914,5,ridge_change,development,2024-06-01,,,,,,,,,,
0.026663994789123534,0.01362695333963698,0.0017877817153930664,0.0020451217470238738,1.0,"{""ridge__alpha"": 1}",-1125.6892378200257,-1708.8076782121977,-1117.1845917454114,-1066.4033834931663,-1196.4970785272835,-1591.9036875113425,-852.2241569221438,-1273.8058068099679,-1221.814929170765,-1174.2017839241526,-1232.8532334136457,236.52864204810945,2,-1115.4494234450362,-1109.2810293597108,-1170.4613631750597,-1156.922517816642,-1137.612936047878,-1143.126924270607,-1183.1411297185239,-1159.3467851759706,-1147.5837276220843,-1150.9380019330622,-1147.3863838564573,21.547968043514224,1232.8532334136457,5,ridge_change,development,2024-06-01,,,,,,,,,,
0.027407526969909668,0.015562600661637203,0.0016156911849975586,0.0013390639359650953,10.0,"{""ridge__alpha"": 10}",-1098.7811537455602,-1695.670379431475,-1090.209924702802,-997.7564072412882,-1193.81007337338,-1596.3725620530477,-878.2205095440946,-1278.3664544423327,-1269.8797489739497,-1176.607175687838,-1227.567438919577,239.4899460914213,1,-1125.5958262288427,-1116.6275843526607,-1175.390878640845,-1159.3659669800788,-1137.9832917933222,-1141.650406461801,-1181.624037113905,-1160.4227682461076,-1151.9849372823667,-1154.8304952079777,-1150.5476192307906,19.464854175253514,1227.567438919577,5,ridge_change,development,2024-06-01,,,,,,,,,,
0.022979927062988282,0.012623218246694753,0.002893948554992676,0.004185329523105509,100.0,"{""ridge__alpha"": 100}",-1052.7705861650757,-1720.201176526768,-1061.131458446145,-1026.8044522152343,-1235.082912950216,-1704.8883993473353,-972.5720435139943,-1267.2228592090553,-1436.1254766198072,-1290.6849115831671,-1276.74842765768,256.71544775305466,5,-1243.2013545200455,-1204.483401758718,-1259.1954567228693,-1228.9450773594017,-1202.3559660443382,-1196.4591867862541,-1234.8557527691837,-1215.5813282678157,-1210.001318562015,-1217.0901686334155,-1221.2169011424055,18.9596889362972,1276.74842765768,5,ridge_change,development,2024-06-01,,,,,,,,,,
0.02642185688018799,0.009049684432834815,0.0022807598114013674,0.0020963073787881384,1000.0,"{""ridge__alpha"": 1000}",-1171.6995863986403,-1752.7758241244464,-1118.5622286996977,-1183.4663821182714,-1306.2956799468282,-1896.4266616213743,-1091.9788721475109,-1203.1173878563384,-1539.5915689823921,-1376.161375404223,-1364.0075567299723,264.31517593320086,6,-1387.2076453235736,-1353.8666049391957,-1400.363014861967,-1367.6544920712288,-1347.5635247800467,-1343.3284367922047,-1385.866985688799,-1361.800612946097,-1350.8716254639924,-1360.6123723192225,-1365.913531518633,18.178538112960904,1364.0075567299723,5,ridge_change,development,2024-06-01,,,,,,,,,,
0.026249122619628907,0.016181381106050316,0.0025482416152954102,0.0027624277740596875,0.01,"{""ridge__alpha"": 0.01}",-927.5054985233304,-1455.1379493700722,-1275.170101649129,-843.9955206347771,-1300.2958329407604,-1592.2661183807065,-1229.5796527326581,-975.8579107461692,-1018.1045176987058,-1290.1703234773502,-1190.808342615366,229.59894204510127,4,-1022.3714335001895,-1003.0141668219569,-1041.2758926847082,-1053.6932979664462,-1025.61297120184,-1041.0519776743417,-1086.5370262608742,-1080.1433301488862,-1075.5180650147568,-1079.741092345784,-1050.8959253619782,27.398545610411137,1190.808342615366,5,seasonal_ridge_change,development,2024-06-01,,,,,,,,,,
0.02425274848937988,0.009931921892504386,0.0035827159881591797,0.004841321117941865,0.1,"{""ridge__alpha"": 0.1}",-927.9885019842317,-1456.0398941574574,-1273.1650131698686,-842.5453309313056,-1300.2415957055143,-1592.4696110982948,-1227.8943619349577,-976.7279063842952,-1018.9563239841196,-1289.9153056761481,-1190.594384502619,229.64317041792617,3,-1022.4070364799659,-1002.9707215633232,-1041.299309429348,-1053.7170425896732,-1025.4725467658475,-1040.9411205374686,-1086.4660893074074,-1080.0958699949078,-1075.4974123556763,-1079.7049403587664,-1050.8572089382385,27.398892047715734,1190.594384502619,5,seasonal_ridge_change,development,2024-06-01,,,,,,,,,,
0.020766472816467284,0.013430561194942263,0.0024538755416870115,0.0045098256540075056,1.0,"{""ridge__alpha"": 1}",-932.5845979396681,-1464.5089329312857,-1254.0163977498344,-828.4304712805412,-1299.6489384418194,-1594.4562127022034,-1206.538872634191,-985.056973419506,-1027.3222990441382,-1287.4821113789183,-1188.0045807522106,230.27339020183706,2,-1022.7960605979121,-1002.7428933967726,-1041.4936056548397,-1053.8705716841173,-1024.3602013617553,-1039.8318019706314,-1085.9110951048908,-1079.7781125117697,-1075.2601096926146,-1079.376288691739,-1050.5420740667043,27.378575220844194,1188.0045807522106,5,seasonal_ridge_change,development,2024-06-01,,,,,,,,,,
0.022957372665405273,0.011963751880544219,0.002498888969421387,0.0026839027364881493,10.0,"{""ridge__alpha"": 10}",-985.5204704580989,-1522.294718969367,-1125.677229255695,-747.3792717412101,-1290.8524816175566,-1613.4372857676435,-1062.5291223925406,-1060.5416458875077,-1093.5117726124488,-1265.8180201778725,-1176.756201887994,242.50055723959935,1,-1043.823919438924,-1026.5461498047514,-1066.3954293458805,-1065.8469377013143,-1031.5492370913644,-1045.729594177466,-1090.231593673141,-1081.0402548046222,-1074.8287129000278,-1080.599370222018,-1060.659119915951,21.13179176518046,1176.756201887994,5,seasonal_ridge_change,development,2024-06-01,,,,,,,,,,
0.027081751823425294,0.015016209438289302,0.000848078727722168,4.8663965379275914e-05,100.0,"{""ridge__alpha"": 100}",-1040.0631716546634,-1685.8443342116568,-1062.8070700352944,-907.3619873976637,-1228.132339790698,-1675.9390698761306,-837.6960714455166,-1258.552619369447,-1285.9098526589596,-1315.514306205967,-1229.7820822646,272.01833003283934,5,-1176.5274199964397,-1143.789709259627,-1187.4539646907006,-1165.683765495359,-1135.3590988715687,-1133.156319772322,-1167.533920176855,-1139.5865644550365,-1143.031936009885,-1141.8840358016903,-1153.4006734529482,18.17628188408741,1229.7820822646,5,seasonal_ridge_change,development,2024-06-01,,,,,,,,,,
0.017612814903259277,0.009557885362725402,0.0010362863540649414,0.0004912064594853128,1000.0,"{""ridge__alpha"": 1000}",-1147.2008564574246,-1751.350909324847,-1114.5822083146986,-1152.424699746796,-1282.7260632879406,-1878.975509715037,-1042.2803196237237,-1231.2163470721337,-1493.629216109023,-1394.8523377398872,-1348.923846739151,266.91551362646857,6,-1362.1618184065924,-1325.2670058252986,-1370.9535127593633,-1339.6309552209698,-1316.6673969622307,-1312.8850132904797,-1354.2211588149955,-1327.1554811289373,-1320.640072737525,-1326.6913176032622,-1335.6273732749655,19.167807690130477,1348.923846739151,5,seasonal_ridge_change,development,2024-06-01,,,,,,,,,,
0.035560441017150876,0.015138284317690025,0.004653334617614746,0.004234554493965713,1.0,"{""polynomialfeatures__degree"": 1, ""ridge__alpha"": 1}",-932.5845979396681,-1464.5089329312862,-1254.0163977498353,-828.4304712805421,-1299.6489384418192,-1594.4562127022027,-1206.5388726341905,-985.0569734195066,-1027.3222990441366,-1287.4821113789178,-1188.0045807522106,230.27339020183692,2,-1022.7960605979121,-1002.7428933967726,-1041.4936056548393,-1053.8705716841173,-1024.3602013617553,-1039.831801970632,-1085.9110951048908,-1079.7781125117692,-1075.2601096926148,-1079.376288691739,-1050.5420740667043,27.378575220844162,1188.0045807522106,5,polynomial_ridge_change,development,2024-06-01,1.0,,,,,,,,,
0.02739584445953369,0.0105388450792881,0.004792213439941406,0.0074812294028939194,10.0,"{""polynomialfeatures__degree"": 1, ""ridge__alpha"": 10}",-985.5204704580983,-1522.2947189693675,-1125.677229255695,-747.3792717412094,-1290.8524816175566,-1613.4372857676435,-1062.5291223925408,-1060.5416458875077,-1093.511772612449,-1265.8180201778732,-1176.756201887994,242.50055723959957,1,-1043.8239194389241,-1026.5461498047516,-1066.3954293458805,-1065.8469377013143,-1031.5492370913641,-1045.729594177466,-1090.2315936731413,-1081.040254804622,-1074.8287129000275,-1080.599370222018,-1060.659119915951,21.131791765180427,1176.756201887994,5,polynomial_ridge_change,development,2024-06-01,1.0,,,,,,,,,
0.03358943462371826,0.014779061910181086,0.001267695426940918,0.000618505379107959,100.0,"{""polynomialfeatures__degree"": 1, ""ridge__alpha"": 100}",-1040.0631716546634,-1685.8443342116568,-1062.8070700352946,-907.361987397664,-1228.132339790698,-1675.9390698761306,-837.6960714455166,-1258.552619369447,-1285.9098526589594,-1315.514306205967,-1229.7820822645997,272.0183300328393,3,-1176.52741999644,-1143.7897092596272,-1187.4539646907006,-1165.6837654953588,-1135.3590988715684,-1133.156319772322,-1167.5339201768547,-1139.5865644550363,-1143.0319360098845,-1141.8840358016903,-1153.400673452948,18.176281884087455,1229.7820822645997,5,polynomial_ridge_change,development,2024-06-01,1.0,,,,,,,,,
0.02770404815673828,0.008914877825236332,0.0010777711868286133,0.00044873304466633274,1000.0,"{""polynomialfeatures__degree"": 1, ""ridge__alpha"": 1000}",-1147.2008564574246,-1751.350909324847,-1114.5822083146986,-1152.424699746796,-1282.7260632879406,-1878.975509715037,-1042.2803196237237,-1231.2163470721337,-1493.629216109023,-1394.8523377398872,-1348.923846739151,266.91551362646857,5,-1362.1618184065924,-1325.2670058252986,-1370.9535127593633,-1339.6309552209698,-1316.6673969622304,-1312.8850132904797,-1354.2211588149958,-1327.1554811289373,-1320.640072737525,-1326.6913176032622,-1335.6273732749655,19.167807690130523,1348.923846739151,5,polynomial_ridge_change,development,2024-06-01,1.0,,,,,,,,,
0.033634281158447264,0.008963461189890628,0.0023583412170410157,0.0013561221584126478,1.0,"{""polynomialfeatures__degree"": 2, ""ridge__alpha"": 1}",-1791.2623118284891,-2263.3935459207228,-1504.8978618076917,-2388.1286159026704,-3684.530159739507,-3215.8297111893844,-1751.023568578911,-3410.2467644587064,-6897.528934516362,-1346.9575940159937,-2825.3799067958435,1564.4526397749626,8,-443.1562834851695,-514.9006803971442,-632.7778360965034,-650.5609011366181,-668.7453618106575,-730.0963636889236,-777.1094294709276,-753.270220420163,-748.5286109825305,-768.9325769680926,-668.807826445673,107.34846528963196,2825.3799067958435,5,polynomial_ridge_change,development,2024-06-01,2.0,,,,,,,,,
0.03330585956573486,0.010224231001734732,0.0032399654388427734,0.0011832971529722337,10.0,"{""polynomialfeatures__degree"": 2, ""ridge__alpha"": 10}",-1302.3360381944458,-1761.59115116525,-1198.1041661518937,-1402.9611379753715,-2579.9955835875776,-2978.878143874392,-1428.6606688521097,-2901.636317666038,-2937.3029120682695,-1188.30443481721,-1967.9770554352558,741.9010609121412,7,-626.5205351357423,-650.0080608904219,-743.5863530157751,-746.6569717172904,-743.3874926821987,-773.998246212773,-811.0701828800815,-791.1466360145754,-790.4757096008337,-792.6905081160386,-746.9540696265731,58.913594725608625,1967.9770554352558,5,polynomial_ridge_change,development,2024-06-01,2.0,,,,,,,,,
0.031366395950317386,0.011276231376856703,0.0034014701843261717,0.0025789886848700473,100.0,"{""polynomialfeatures__degree"": 2, ""ridge__alpha"": 100}",-801.0668503498109,-1818.11215732857,-988.2867097675284,-896.1166352878845,-1703.6578145421784,-2056.360800724626,-1010.706544751319,-1814.0069183627668,-1801.6050886357846,-1058.5172899038469,-1394.8436809654315,456.1299021669704,6,-928.7669207147587,-904.7709612342591,-975.4963571075835,-949.9847431373121,-915.3730846805055,-928.7518546006255,-975.2544099609094,-950.2835345051454,-954.609771547646,-957.228794701877,-944.0520432190622,22.70389876599512,1394.8436809654315,5,polynomial_ridge_change,development,2024-06-01,2.0,,,,,,,,,
0.02635176181793213,0.00742310693738305,0.001756572723388672,0.001160051831676043,1000.0,"{""polynomialfeatures__degree"": 2, ""ridge__alpha"": 1000}",-1057.731601507866,-1757.5502910846064,-1005.7359466185444,-1125.4567089817695,-1313.5457217996918,-1892.0671135419825,-948.3581298072828,-1240.8113900137087,-1669.6823328272103,-1215.3590050638738,-1322.6298241246536,316.4953751798719,4,-1279.2422843939846,-1241.346041039956,-1290.6209877250847,-1250.1704567353067,-1223.7541926466538,-1213.8877300662261,-1262.5969030018616,-1236.5397980787961,-1224.6263769626369,-1233.7095712169871,-1245.6494341867494,23.733558378253907,1322.6298241246536,5,polynomial_ridge_change,development,2024-06-01,2.0,,,,,,,,,
0.03510780334472656,0.005713982788852144,0.01993527412414551,0.004785345838574288,1.0,"{""ridge__alpha"": 1, ""splinetransformer__degree"": 2, ""splinetransformer__n_knots"": 3}",-1326.9466947641022,-2031.7538520230291,-1061.730806479042,-1102.2631286707726,-1273.3817634487239,-1383.466653308582,-1217.8870455638632,-1221.8328693254437,-1102.8840799205757,-1257.8790834976865,-1298.002597700182,263.2828735230396,10,-778.2823616576272,-758.8530533512143,-898.0186720497899,-897.6217339540914,-891.5569366507202,-907.6064739497948,-925.8264001001309,-922.5626112713198,-928.1805946292975,-926.830876540714,-883.53397141547,59.03827982933704,1298.002597700182,5,spline_ridge_change,development,2024-06-01,,2.0,3.0,,,,,,,
0.03070194721221924,0.008840404394564846,0.02334737777709961,0.012795098480881758,1.0,"{""ridge__alpha"": 1, ""splinetransformer__degree"": 2, ""splinetransformer__n_knots"": 5}",-2351.3263800980167,-1876.2329104878193,-2902.34101727007,-2106.6509276931997,-1477.9937149747,-3291.239995740531,-1147.436088936856,-2752.0257975417394,-1443.9157648342173,-1152.73833334402,-2050.190093092117,721.00160293754,15,-577.5592834579559,-588.98106542507,-630.0968737077529,-683.5709760566004,-728.0667339817235,-735.7887044038224,-809.3213732376379,-791.022340445963,-806.9446546773339,-814.8020762891986,-716.615408168306,87.540877776696,2050.190093092117,5,spline_ridge_change,development,2024-06-01,,2.0,5.0,,,,,,,
0.025684356689453125,0.007539258631425481,0.02022705078125,0.009234895996578195,1.0,"{""ridge__alpha"": 1, ""splinetransformer__degree"": 2, ""splinetransformer__n_knots"": 7}",-5310.266808133102,-5596.246317906388,-1357.3824698997705,-3131.6054009437066,-2402.844085124836,-5977.3624456264415,-1340.502650853147,-5373.432877398553,-4607.030952880638,-1760.4897804548498,-3685.7163789221436,1783.7769462308156,17,-386.5899457100706,-491.56633161923577,-517.1319459658646,-551.8669451937201,-620.4737586822289,-624.2896966823939,-664.2856074671996,-654.7522406635334,-690.8937949179806,-717.4302175810109,-591.9280484483238,97.99244988095944,3685.7163789221436,5,spline_ridge_change,development,2024-06-01,,2.0,7.0,,,,,,,
0.02692112922668457,0.00855585405653684,0.024463796615600587,0.009460004307803433,1.0,"{""ridge__alpha"": 1, ""splinetransformer__degree"": 3, ""splinetransformer__n_knots"": 3}",-1260.85950218789,-1996.982048716049,-1257.4854652484617,-1605.5066075450147,-1227.0469403557101,-3489.407289032733,-1408.4763937485632,-1435.3974200825678,-1237.9254238190588,-1151.073002604997,-1607.0160093341044,670.434780344351,13,-700.8748874467628,-680.0456217547678,-740.2692029557907,-762.973003717845,-801.4372906262766,-818.773479287651,-858.633566681204,-864.2927454393655,-875.955752403746,-873.8446892777465,-797.7100239591157,69.461819375808,1607.0160093341044,5,spline_ridge_change,development,2024-06-01,,3.0,3.0,,,,,,,
0.027814054489135744,0.00694032099355165,0.024206256866455077,0.0065627961439598485,1.0,"{""ridge__alpha"": 1, ""splinetransformer__degree"": 3, ""splinetransformer__n_knots"": 5}",-2582.4712702576862,-2894.3316051925704,-3108.019466780736,-2362.9505720394804,-3835.0069232356423,-4539.390621796096,-1568.5765496362965,-8611.902687999638,-1565.7890712678352,-1177.0537471444768,-3224.5492515350456,2051.542139856967,16,-533.4535093185021,-561.3833182897491,-587.5518167728852,-625.8105336055868,-667.0210498234577,-674.1481943538033,-720.6463229207873,-724.7708980304797,-779.0428209801728,-778.1185400544856,-665.194700414991,82.54269740423851,3224.5492515350456,5,spline_ridge_change,development,2024-06-01,,3.0,5.0,,,,,,,
0.03337891101837158,0.013358916242679908,0.025834035873413087,0.01246901315711702,1.0,"{""ridge__alpha"": 1, ""splinetransformer__degree"": 3, ""splinetransformer__n_knots"": 7}",-3566.267488283998,-3776.896813103381,-2604.862034244654,-3243.2558689514503,-4572.150057988912,-5399.568789092683,-1709.5020312708139,-16707.754471128097,-2055.215104579295,-1250.93400497477,-4488.640666361805,4251.2160472130145,18,-368.617404525363,-477.3759262418439,-486.39732968224246,-533.4222825352288,-554.4893600675093,-600.1986652631448,-678.4479721083416,-666.7491605083536,-702.66713510559,-695.7769827235364,-576.4142218761154,106.18116708933125,4488.640666361805,5,spline_ridge_change,development,2024-06-01,,3.0,7.0,,,,,,,
0.034398221969604494,0.009359302669741396,0.029820752143859864,0.008834618690168454,100.0,"{""ridge__alpha"": 100, ""splinetransformer__degree"": 2, ""splinetransformer__n_knots"": 3}",-1108.2298874222304,-1673.5559354344612,-954.3645544427109,-808.7690763664644,-1232.9978666524937,-1554.9118819180346,-936.67852222904,-1108.0392916094563,-1329.7840294607897,-1172.801760546609,-1188.013280608229,258.2766898225783,2,-958.0040932529612,-936.2732815953403,-1013.8790602618911,-998.292740835121,-966.2467819546443,-970.3510492862172,-1004.3902607723095,-993.8811096407998,-997.9882227815478,-1004.7630588871116,-984.4069659267941,23.855095780402436,1188.013280608229,5,spline_ridge_change,development,2024-06-01,,2.0,3.0,,,,,,,
0.03893215656280517,0.018109698318433964,0.020565319061279296,0.012483418655362932,100.0,"{""ridge__alpha"": 100, ""splinetransformer__degree"": 2, ""splinetransformer__n_knots"": 5}",-1225.5813681461307,-1718.5377219749432,-1067.505891894278,-972.5429731138856,-1280.2432064380273,-2060.376077822987,-905.4251913626595,-1018.4256458958407,-1332.1168861343638,-1166.3501027084146,-1274.710506549153,341.76414147663996,6,-883.9260812749271,-846.8162205649087,-920.4166521313612,-916.8081265702186,-910.1658003697063,-914.9690468763058,-964.4568447739631,-945.9306211474824,-941.9101193555341,-940.9191756967476,-918.6318688761155,32.151722171468656,1274.710506549153,5,spline_ridge_change,development,2024-06-01,,2.0,5.0,,,,,,,
0.04378411769866943,0.013393683621411571,0.011887717247009277,0.008670981999535959,100.0,"{""ridge__alpha"": 100, ""splinetransformer__degree"": 2, ""splinetransformer__n_knots"": 7}",-1396.0681859283143,-1705.3421497068912,-1208.9125432409407,-1360.3827731311364,-1424.2012112064642,-2517.7263243369293,-896.5605391192981,-2233.524965673128,-1624.4462694730717,-1253.6715435949234,-1562.0836505411096,462.44170114336924,12,-814.12588200511,-787.3728196790922,-821.9407974057443,-814.6526463562614,-824.4762938920728,-821.6683398447245,-868.8050120171011,-847.5077164038196,-864.8612486997722,-865.9733582590151,-833.1384114562712,25.87030347064385,1562.0836505411096,5,spline_ridge_change,development,2024-06-01,,2.0,7.0,,,,,,,
0.030068683624267577,0.012050313900473526,0.020320534706115723,0.008117738434684059,100.0,"{""ridge__alpha"": 100, ""splinetransformer__degree"": 3, ""splinetransformer__n_knots"": 3}",-1136.69775978646,-1728.586025808332,-915.2864882224367,-802.011986167955,-1208.9393391902447,-1643.2020591230146,-947.8919583571329,-1088.0836729285013,-1170.191407791469,-1165.7785462557358,-1180.6669243631284,281.7410674876522,1,-919.9776149047765,-902.2964785554543,-991.6102633834877,-976.1060745943979,-952.5373301934288,-959.9954044985394,-987.0634093520529,-980.6842334621423,-983.3955190459657,-982.3825911442882,-963.6048919134533,28.85210118508652,1180.6669243631284,5,spline_ridge_change,development,2024-06-01,,3.0,3.0,,,,,,,
0.03483827114105224,0.01338501548387219,0.024889039993286132,0.012618351567662124,100.0,"{""ridge__alpha"": 100, ""splinetransformer__degree"": 3, ""splinetransformer__n_knots"": 5}",-1400.7878746723454,-1819.6086930047895,-1137.3348784343063,-1189.946487174966,-1208.6565500411932,-2480.820042680886,-969.5185668645463,-1106.45221356815,-1345.9353918583076,-1164.7611762500258,-1382.3821874549517,426.6863931377763,11,-859.9652052319475,-844.7970936136081,-898.0839805064063,-892.204740409781,-889.7213894236774,-892.6642543577877,-931.067158040874,-925.2527236186211,-931.7601605377283,-931.1145744396174,-899.6631280180048,29.07336227446669,1382.3821874549517,5,spline_ridge_change,development,2024-06-01,,3.0,5.0,,,,,,,
0.039998960494995114,0.01401852193236993,0.019964885711669923,0.014315039191294615,100.0,"{""ridge__alpha"": 100, ""splinetransformer__degree"": 3, ""splinetransformer__n_knots"": 7}",-1657.3259017569162,-1841.463612803588,-1317.7902269439262,-1542.4862421498756,-1394.3777199149101,-2713.8339699783005,-973.7364077067687,-3055.007713833474,-1457.1662445277516,-1164.1420577333874,-1711.73300973489,634.2107114877341,14,-805.0051728517675,-776.478486612389,-816.2834063397016,-812.9840489710232,-821.2199549597076,-830.8617290804463,-883.1388636336743,-868.984637913204,-876.2482527730459,-876.6986031128924,-836.7903156247852,34.995614660075624,1711.73300973489,5,spline_ridge_change,development,2024-06-01,,3.0,7.0,,,,,,,
0.03756802082061768,0.014616594795905343,0.015605998039245606,0.007805180303900555,1000.0,"{""ridge__alpha"": 1000, ""splinetransformer__degree"": 2, ""splinetransformer__n_knots"": 3}",-1058.0769963693263,-1738.916903142928,-1067.0190033861866,-1049.3158349477633,-1194.121505025312,-1757.120452257076,-906.7817890458097,-1237.3019766280993,-1479.4768850134553,-1324.4956433345906,-1281.2626989150547,278.62511989211856,8,-1256.836180854504,-1211.2212364178333,-1263.6265801842844,-1233.9474646746592,-1206.8635004165662,-1197.1080255986967,-1239.0204048344726,-1208.6774230085293,-1207.527371550195,-1212.9125406485568,-1223.7740728188298,21.86716745850134,1281.2626989150547,5,spline_ridge_change,development,2024-06-01,,2.0,3.0,,,,,,,
0.03230340480804443,0.009702150126232111,0.015634655952453613,0.007628175168086288,1000.0,"{""ridge__alpha"": 1000, ""splinetransformer__degree"": 2, ""splinetransformer__n_knots"": 5}",-1043.8462650345664,-1740.714694882891,-1047.4481132705268,-1050.6700269256398,-1173.4036713125008,-1759.1815909967597,-889.6267560171145,-1190.3215025922088,-1458.2510409766212,-1282.3553603975463,-1263.5819022406379,283.7593966967888,4,-1232.6611664002698,-1185.2202389183813,-1240.448660078282,-1211.3246769042103,-1183.7954388100532,-1171.7481821603565,-1215.27793239826,-1183.138074680686,-1179.5169218391352,-1184.9658381937782,-1198.8097130383412,22.933475483364646,1263.5819022406379,5,spline_ridge_change,development,2024-06-01,,2.0,5.0,,,,,,,
0.0312175989151001,0.011255885659631914,0.01933300495147705,0.007289922429322798,1000.0,"{""ridge__alpha"": 1000, ""splinetransformer__degree"": 2, ""splinetransformer__n_knots"": 7}",-1071.5121065545354,-1723.6447894084922,-1072.383719834368,-1054.9951041661525,-1189.7666592263388,-1794.950509262525,-869.1786645198923,-1214.4695105324301,-1486.3590789512543,-1261.6166715954987,-1273.8876814051487,286.8714926891244,5,-1219.412391265887,-1170.1744049297952,-1219.6841242648122,-1189.2887498597395,-1162.4850923213928,-1145.6589428697407,-1191.8504130302672,-1157.8120631697684,-1151.5487225937427,-1158.781506179294,-1176.669641048444,25.648768548587395,1273.8876814051487,5,spline_ridge_change,development,2024-06-01,,2.0,7.0,,,,,,,
0.0278062105178833,0.007566350688814953,0.020989465713500976,0.009547932287097965,1000.0,"{""ridge__alpha"": 1000, ""splinetransformer__degree"": 3, ""splinetransformer__n_knots"": 3}",-1039.2945068257075,-1751.8998769463108,-1055.3556962267705,-1004.6762727550455,-1164.8968194167799,-1738.348300216033,-878.3649944963781,-1245.208397105864,-1405.4267975141229,-1299.6888435539743,-1258.3160505056987,283.5784691254964,3,-1229.2221790160447,-1184.8904002258232,-1244.1773063605715,-1214.2612665025545,-1184.224804412364,-1171.332493042066,-1210.3125154738473,-1180.3506329504692,-1182.1406008780516,-1187.6229915899155,-1198.8535190451707,22.933352374987884,1258.3160505056987,5,spline_ridge_change,development,2024-06-01,,3.0,3.0,,,,,,,
0.028051877021789552,0.007020845599167236,0.02112843990325928,0.009717883434424123,1000.0,"{""ridge__alpha"": 1000, ""splinetransformer__degree"": 3, ""splinetransformer__n_knots"": 5}",-1084.7456822691295,-1757.1026279177713,-1058.909785489196,-1035.0352749244232,-1127.0704897396217,-1900.9407765766698,-888.9637376860164,-1193.8421746213523,-1459.137585749255,-1270.7247769684334,-1277.647291194187,312.4176899741866,7,-1216.0619414220423,-1169.0088136263896,-1224.6013952553078,-1194.9376514644819,-1168.869715192869,-1156.2065278627256,-1199.2467075845786,-1167.9957820726206,-1162.7917438996842,-1172.085890511199,-1183.18061688919,22.573947845263937,1277.647291194187,5,spline_ridge_change,development,2024-06-01,,3.0,5.0,,,,,,,
0.02721707820892334,0.010413771145142438,0.022121238708496093,0.014159121009300488,1000.0,"{""ridge__alpha"": 1000, ""splinetransformer__degree"": 3, ""splinetransformer__n_knots"": 7}",-1138.9585779595038,-1720.3277217909651,-1065.0327455573263,-1003.7254643425673,-1156.1040976738448,-1932.9236651025703,-886.7958834143886,-1259.88320019644,-1456.6709059171578,-1256.3819178916067,-1287.6804179846372,310.5115021119913,9,-1198.5083630659126,-1150.1388965775725,-1201.2020734960274,-1172.1275333815784,-1146.8101496751515,-1134.2312497570529,-1179.607277181613,-1146.8737503553937,-1140.6659069091063,-1149.0850161784192,-1161.9250216577827,22.968357898520104,1287.6804179846372,5,spline_ridge_change,development,2024-06-01,,3.0,7.0,,,,,,,
0.44851958751678467,0.08970520993837945,0.02974410057067871,0.023284415685422378,,"{""max_depth"": 3, ""min_samples_leaf"": 5, ""n_estimators"": 100}",-808.9581731512404,-1472.139325783983,-1015.1036948236991,-749.1010753110392,-964.1349957891738,-1693.058915516753,-749.1113369903127,-1219.105601738969,-1229.8710712687719,-1129.7683184926555,-1103.0352508866597,296.4250590026506,4,-844.2548406478512,-804.5078469717812,-852.7997204080445,-863.3302931130647,-841.6670738169919,-848.7507428077629,-891.2884775043952,-881.9157157308426,-896.7648466444069,-908.6482655580609,-863.3927823203201,29.858552093769614,1103.0352508866597,5,random_forest_change,development,2024-06-01,,,,3,5.0,100.0,,,,
0.8339117050170899,0.07757546313090342,0.043149924278259276,0.022859450737617217,,"{""max_depth"": 3, ""min_samples_leaf"": 5, ""n_estimators"": 200}",-810.7301491789664,-1493.3450365910894,-997.2494820307071,-766.9854359646548,-957.1200677907009,-1684.690753454158,-766.4927958970165,-1215.7506065155624,-1240.0645039631142,-1150.9361431881364,-1108.3364974574108,294.6649839330173,6,-846.9914212683432,-806.4403045705147,-860.5505885496242,-872.0223128601947,-846.7715867636913,-848.9301562140624,-888.3430681865226,-877.701431947298,-893.7142895469567,-908.1162427420129,-864.9581402649221,27.933672155985054,1108.3364974574108,5,random_forest_change,development,2024-06-01,,,,3,5.0,200.0,,,,
0.38385300636291503,0.06511326046822627,0.023731088638305663,0.017619677401405336,,"{""max_depth"": 3, ""min_samples_leaf"": 12, ""n_estimators"": 100}",-889.9651490945956,-1524.3574193683771,-952.9096993043999,-755.5763945002358,-909.0006340690285,-1744.2305868250826,-770.3182032303915,-1195.8391201469979,-1209.193496796993,-1149.9764424814575,-1110.136714581756,307.7725459055067,7,-979.4463610967595,-920.1767451288692,-967.3799616712672,-965.0760081455319,-925.1438383046195,-922.3237454347543,-969.7601357003633,-943.6221078420668,-951.8909583748845,-960.062026731663,-950.4881888430779,20.501816837952205,1110.136714581756,5,random_forest_change,development,2024-06-01,,,,3,12.0,100.0,,,,
0.8281702756881714,0.081292071766526,0.06947340965270996,0.04315700959737166,,"{""max_depth"": 3, ""min_samples_leaf"": 12, ""n_estimators"": 200}",-884.4481407745601,-1534.356149045792,-941.7441533591924,-756.9098305478152,-904.1573100751202,-1723.6404850876054,-783.5162263038297,-1213.699881927463,-1217.1514075427074,-1157.7494234271387,-1111.7373008091222,305.6038133749859,8,-995.2349995426188,-925.8850510802907,-973.3196448096819,-969.5395475838184,-927.646272495678,-921.6763241597951,-966.4837910192036,-941.8200134431266,-953.5362093106304,-962.4984660388802,-953.7640319483723,22.8493327172913,1111.7373008091222,5,random_forest_change,development,2024-06-01,,,,3,12.0,200.0,,,,
0.38020484447479247,0.05875839513090815,0.016350555419921874,0.007043734921448647,,"{""max_depth"": 5, ""min_samples_leaf"": 5, ""n_estimators"": 100}",-805.6626645523602,-1457.0594881247816,-1008.7869514761287,-741.1987358769478,-977.7828280855687,-1675.1811318288085,-694.1941072058213,-1234.890069228473,-1255.2219636278014,-1067.0790206388695,-1091.7056960645562,300.7187941379904,1,-788.7619617369078,-744.1564344065843,-784.6663402628069,-783.2651544679403,-743.2057456720568,-744.5909025366709,-767.4213642346347,-742.7823648040757,-771.1864914455356,-775.4819591293647,-764.5518718696577,18.04607689810035,1091.7056960645562,5,random_forest_change,development,2024-06-01,,,,5,5.0,100.0,,,,
0.8478576898574829,0.08317011381783325,0.04786691665649414,0.019582226673971775,,"{""max_depth"": 5, ""min_samples_leaf"": 5, ""n_estimators"": 200}",-809.2437893432767,-1481.4775632331168,-996.5198146179249,-755.2507087602386,-972.0173426597248,-1671.9322124638372,-711.5367679508172,-1246.4086667155973,-1259.6044565774082,-1091.8519157626715,-1099.5843238084612,300.16461657049126,3,-790.6682182599907,-745.7867262540052,-789.0463979910089,-786.043694040734,-749.122608920958,-742.2340945508603,-765.5241681040467,-747.2119426536954,-772.4295363716133,-780.0422437696199,-766.8109630916533,18.397860206513954,1099.5843238084612,5,random_forest_change,development,2024-06-01,,,,5,5.0,200.0,,,,
0.3920712947845459,0.05089941754495127,0.024294257164001465,0.01914898622433426,,"{""max_depth"": 5, ""min_samples_leaf"": 12, ""n_estimators"": 100}",-889.9651490945956,-1524.3574193683771,-949.1049935734651,-749.9305308522335,-918.2246993693143,-1751.7593991793237,-781.8986272884476,-1208.615709937054,-1203.0401600203938,-1161.3196797629769,-1113.821636844618,308.6741365126657,10,-979.4463610967595,-920.1767451288692,-966.9236985113216,-961.9184860454566,-920.1540766397204,-917.4733867443697,-953.5088656851987,-921.639853927081,-924.9404874545169,-928.2297177632706,-939.4411678996563,22.22021902030162,1113.821636844618,5,random_forest_change,development,2024-06-01,,,,5,12.0,100.0,,,,
0.8287976741790771,0.1051976688826371,0.031026434898376466,0.021214142637679855,,"{""max_depth"": 5, ""min_samples_leaf"": 12, ""n_estimators"": 200}",-884.4481407745601,-1534.356149045792,-940.5260373774314,-754.3636517273304,-915.1614208161182,-1722.1138839190842,-787.9524275955031,-1229.6875864425476,-1217.788894018295,-1158.3347050669718,-1114.4732896783632,305.05577209747184,12,-995.2349995426188,-925.8850510802907,-972.820918053087,-966.4982894522312,-921.0489988144462,-915.7252139675313,-952.6775531041176,-923.3377869680247,-929.9491820315534,-933.4544634065167,-943.6632456420418,25.349425332146136,1114.4732896783632,5,random_forest_change,development,2024-06-01,,,,5,12.0,200.0,,,,
0.3805544376373291,0.04585887209979466,0.03108065128326416,0.021951269099391154,,"{""max_depth"": null, ""min_samples_leaf"": 5, ""n_estimators"": 100}",-807.5912408510612,-1452.589700678847,-1004.5242396130883,-734.9282602373405,-973.9540960089638,-1664.8593545334033,-748.8417774490339,-1241.8675721625868,-1272.4553413395524,-1068.3233952094151,-1096.9934978083293,293.4725545179994,2,-787.5357066095564,-742.3869346284456,-773.12724449177,-771.739289563457,-735.1312051788691,-726.863680780878,-742.4385968123232,-709.2159360837082,-733.6799866668828,-727.9870164522598,-745.010559726815,23.352105547771025,1096.9934978083293,5,random_forest_change,development,2024-06-01,,,,,5.0,100.0,,,,
0.7950880050659179,0.0779550553729255,0.06682884693145752,0.03444696897711113,,"{""max_depth"": null, ""min_samples_leaf"": 5, ""n_estimators"": 200}",-808.1959834215182,-1482.8714611522698,-1005.4592076766452,-755.1687327558278,-982.1023863910553,-1662.2041707997614,-756.431256307948,-1255.0447152303097,-1267.9192838258534,-1096.0880080437753,-1107.1485205604963,293.1449475192242,5,-789.0329713593463,-742.7230367148154,-779.1706557597137,-776.1139086131944,-737.0482356494224,-723.3461295710622,-742.3650496515377,-715.9909522513037,-735.3426083956598,-736.5725587745086,-747.7706106740565,23.553999175036598,1107.1485205604963,5,random_forest_change,development,2024-06-01,,,,,5.0,200.0,,,,
0.4144920825958252,0.05664516114206941,0.01925027370452881,0.014040949239396576,,"{""max_depth"": null, ""min_samples_leaf"": 12, ""n_estimators"": 100}",-889.9651490945956,-1524.3574193683771,-949.1049935734651,-749.9305308522335,-918.2246993693143,-1751.7593991793237,-781.8986272884476,-1208.615709937054,-1203.0401600203938,-1160.6610127811066,-1113.7557701464311,308.6640641848714,9,-979.4463610967595,-920.1767451288692,-966.9236985113216,-961.9184860454566,-920.1540766397204,-917.4733867443697,-953.5088656851987,-921.639853927081,-924.9404874545169,-927.7964472429632,-939.3978408476256,22.242449203671605,1113.7557701464311,5,random_forest_change,development,2024-06-01,,,,,12.0,100.0,,,,
0.7038678169250489,0.0754129862974307,0.020497584342956544,0.012803614210652146,,"{""max_depth"": null, ""min_samples_leaf"": 12, ""n_estimators"": 200}",-884.4481407745601,-1534.356149045792,-940.5260373774314,-754.3636517273304,-915.1614208161182,-1722.1138839190842,-787.9524275955031,-1230.0118210354403,-1216.8247873244215,-1158.6090317823525,-1114.4367351398034,305.0394893334685,11,-995.2349995426188,-925.8850510802907,-972.820918053087,-966.4982894522312,-921.0489988144462,-915.7252139675313,-952.6775531041176,-923.3060351811502,-929.9122037528116,-932.9158127180192,-943.6025075666305,25.37615454526782,1114.4367351398034,5,random_forest_change,development,2024-06-01,,,,,12.0,200.0,,,,
0.9472554445266723,0.3796498471088524,0.0036128997802734376,0.0019656942447533127,,"{""learning_rate"": 0.01, ""max_depth"": 2, ""n_estimators"": 100, ""reg_lambda"": 1}",-942.01171875,-1568.73779296875,-994.0520833333334,-749.640625,-889.5089518229166,-1837.3359375,-655.8317057291666,-1178.7195638020833,-1324.2054036458333,-1233.6168619791667,-1137.366064453125,349.89489547866856,5,-1070.9225010016025,-1039.969943576389,-1096.1131280637255,-1084.291049890351,-1052.1216362847222,-1033.7529579936595,-1093.0804036458333,-1063.3263527199074,-1079.4240862966954,-1092.2275390625,-1070.5229598535384,21.400124836508553,1137.366064453125,5,xgboost_change,development,2024-06-01,,,,2,,100.0,0.01,1.0,,
0.1724170446395874,0.004836548609057974,0.003992557525634766,0.0016496463666537723,,"{""learning_rate"": 0.01, ""max_depth"": 2, ""n_estimators"": 100, ""reg_lambda"": 30}",-1053.5283203125,-1668.642578125,-1036.9189453125,-946.39111328125,-968.99169921875,-1863.6183268229167,-791.3955078125,-1198.8712565104167,-1377.5774739583333,-1273.2654622395833,-1217.9200683593751,320.37416240080114,20,-1221.5427934695513,-1185.1824652777777,-1231.768746170343,-1204.1897443804824,-1172.4972563244048,-1148.4267861186595,-1204.4003645833334,-1173.8884307484568,-1178.3777613146551,-1184.7999411962367,-1190.5074289583904,23.717729607847428,1217.9200683593751,5,xgboost_change,development,2024-06-01,,,,2,,100.0,0.01,30.0,,
0.28609142303466795,0.01642530348820873,0.0029567480087280273,0.0008090335480044061,,"{""learning_rate"": 0.01, ""max_depth"": 2, ""n_estimators"": 200, ""reg_lambda"": 1}",-872.1640625,-1537.1796875,-953.4049479166666,-751.9762369791666,-898.5341796875,-1785.6617838541667,-707.0675455729166,-1202.0867513020833,-1264.2701822916667,-1167.16015625,-1113.9505533854167,330.26248948486995,1,-924.7193509615385,-894.2347439236111,-955.9778262867648,-946.7934313322369,-913.4642082093254,-907.995018115942,-961.0617708333333,-942.7061390817901,-964.0170842313219,-977.1754137264785,-938.8144986702342,25.987621319184225,1113.9505533854167,5,xgboost_change,development,2024-06-01,,,,2,,200.0,0.01,1.0,,
0.2832587242126465,0.008382142973534007,0.003271675109863281,0.0010703977247671034,,"{""learning_rate"": 0.01, ""max_depth"": 2, ""n_estimators"": 200, ""reg_lambda"": 30}",-987.1520182291666,-1601.8684895833333,-986.162109375,-782.5042317708334,-877.1346028645834,-1843.6180013020833,-678.9627278645834,-1210.33251953125,-1304.72216796875,-1200.78564453125,-1147.3242513020834,346.42816096477213,9,-1111.3424228766025,-1074.8970052083334,-1117.1401271446077,-1094.151127330044,-1058.796363467262,-1034.7451454936595,-1095.8673828125,-1063.687198591821,-1074.480816720546,-1081.242901545699,-1080.6350491191074,23.730744145179326,1147.3242513020834,5,xgboost_change,development,2024-06-01,,,,2,,200.0,0.01,30.0,,
0.16569738388061522,0.014893140550311962,0.003670501708984375,0.0011308505906300226,,"{""learning_rate"": 0.01, ""max_depth"": 4, ""n_estimators"": 100, ""reg_lambda"": 1}",-932.3624674479166,-1574.0721028645833,-979.658203125,-712.3263346354166,-957.25732421875,-1783.9137369791667,-667.3753255208334,-1143.1650390625,-1323.66162109375,-1198.2014973958333,-1127.199365234375,338.6783903292214,4,-1041.826397235577,-997.0656684027778,-1047.3889399509803,-1027.8307976973683,-984.8940197172619,-970.9010982789855,-1007.808671875,-979.082634066358,-989.4613079202586,-995.3106623823925,-1004.157019752696,25.12372742907727,1127.199365234375,5,xgboost_change,development,2024-06-01,,,,4,,100.0,0.01,1.0,,
0.16509730815887452,0.005347835920922441,0.003165316581726074,0.0012661849223414255,,"{""learning_rate"": 0.01, ""max_depth"": 4, ""n_estimators"": 100, ""reg_lambda"": 30}",-1050.2021484375,-1668.3818359375,-1039.28662109375,-927.8963216145834,-985.6943359375,-1857.0392252604167,-777.65478515625,-1193.9586588541667,-1412.9484049479167,-1247.2093098958333,-1216.0271647135419,322.9143267225452,19,-1217.907426883013,-1175.5455295138888,-1221.4161305147059,-1192.6063596491229,-1158.6992807539682,-1137.783061594203,-1190.4867838541666,-1156.102611400463,-1158.9794697377874,-1166.250210013441,-1177.5776863914757,26.115748547292057,1216.0271647135419,5,xgboost_change,development,2024-06-01,,,,4,,100.0,0.01,30.0,,
0.3012800693511963,0.023156859519297666,0.004966902732849121,0.002884213147471728,,"{""learning_rate"": 0.01, ""max_depth"": 4, ""n_estimators"": 200, ""reg_lambda"": 1}",-861.7864583333334,-1550.6656901041667,-936.4256184895834,-717.3038736979166,-974.1277669270834,-1747.2872721354167,-742.9899088541666,-1223.6575520833333,-1273.1201171875,-1114.5055338541667,-1114.1869791666666,322.3039664426581,2,-885.6206179887821,-831.1950954861111,-878.8615962009804,-851.8838575932018,-808.1088634672619,-806.7189622961956,-835.9941666666666,-814.8536844135803,-829.549423042385,-826.9455225134409,-836.9731789668606,26.02170304485519,1114.1869791666666,5,xgboost_change,development,2024-06-01,,,,4,,200.0,0.01,1.0,,
0.2886524677276611,0.029760709432851747,0.002554965019226074,0.0009559649795704133,,"{""learning_rate"": 0.01, ""max_depth"": 4, ""n_estimators"": 200, ""reg_lambda"": 30}",-982.5885416666666,-1608.5406901041667,-989.0450846354166,-760.29296875,-895.708984375,-1833.7732747395833,-674.8312174479166,-1197.2076822916667,-1328.951171875,-1144.5232747395833,-1141.5462890625,347.50925585545787,7,-1105.259014423077,-1057.2564887152778,-1098.3721660539215,-1072.283083196272,-1029.2332744295634,-1011.8122452445652,-1061.8723307291666,-1026.260452835648,-1032.6964125359195,-1039.318369875672,-1053.4363838039085,29.718885265799546,1141.5462890625,5,xgboost_change,development,2024-06-01,,,,4,,200.0,0.01,30.0,,
0.15038349628448486,0.008614885558900826,0.0032720088958740233,0.0009042444392262722,,"{""learning_rate"": 0.05, ""max_depth"": 2, ""n_estimators"": 100, ""reg_lambda"": 1}",-807.7083333333334,-1562.4742838541667,-1024.0633138020833,-819.13671875,-1087.400390625,-1842.8147786458333,-866.8352864583334,-1334.2332356770833,-1208.6661783854167,-1108.0673828125,-1166.1399902343749,318.3173605806831,12,-735.9119841746794,-697.6381293402778,-764.130859375,-765.6934450383771,-754.9002356150794,-768.4477609827899,-795.40359375,-791.7428023726852,-811.4311691810345,-822.4654527889785,-770.7765432618902,35.018375259510094,1166.1399902343749,5,xgboost_change,development,2024-06-01,,,,2,,100.0,0.05,1.0,,
0.15600104331970216,0.01235795267456241,0.003173089027404785,0.0009595576809185611,,"{""learning_rate"": 0.05, ""max_depth"": 2, ""n_estimators"": 100, ""reg_lambda"": 30}",-917.72509765625,-1530.4988606770833,-944.39453125,-692.04833984375,-903.2174479166666,-1846.646484375,-779.2200520833334,-1287.2547200520833,-1286.4558919270833,-1205.123046875,-1139.258447265625,342.60237541507905,6,-936.6569010416666,-899.0574869791667,-948.3000727634804,-941.2645970394736,-900.595718625992,-895.9651975769928,-952.0876953125,-927.6461709104939,-937.7247552981322,-943.9840284778226,-928.328262402572,20.511463669779456,1139.258447265625,5,xgboost_change,development,2024-06-01,,,,2,,100.0,0.05,30.0,,
0.2723382949829102,0.014146794988582633,0.0031720876693725588,0.0009099915217526858,,"{""learning_rate"": 0.05, ""max_depth"": 2, ""n_estimators"": 200, ""reg_lambda"": 1}",-805.49072265625,-1556.4602864583333,-1240.3165690104167,-1005.3543294270834,-1123.7630208333333,-1814.4654947916667,-908.33740234375,-1423.4630533854167,-1174.169921875,-1012.0183919270834,-1206.3839192708333,296.0056301121326,16,-573.3804587339744,-538.8784505208333,-615.4078201593137,-613.9147820723684,-620.370597718254,-613.1409080615942,-637.5800651041667,-636.7698808834876,-659.5582233297414,-665.6099630376344,-617.4611149621368,36.0975620761543,1206.3839192708333,5,xgboost_change,development,2024-06-01,,,,2,,200.0,0.05,1.0,,
0.2750873327255249,0.013683892400384864,0.0033002614974975584,0.0009604606158117498,,"{""learning_rate"": 0.05, ""max_depth"": 2, ""n_estimators"": 200, ""reg_lambda"": 30}",-839.8287760416666,-1558.2726236979167,-1004.40869140625,-740.0213216145834,-1034.5208333333333,-1877.3064778645833,-842.8194986979166,-1307.3199869791667,-1248.4189453125,-1154.7755533854167,-1160.7692708333334,334.983728175947,10,-795.9466646634615,-748.7419704861111,-811.0331456801471,-804.5497532894736,-779.8093843005952,-777.599609375,-809.3779817708333,-794.572265625,-817.0948949353449,-818.6075163810484,-795.7333186507014,20.662817769998824,1160.7692708333334,5,xgboost_change,development,2024-06-01,,,,2,,200.0,0.05,30.0,,
0.15031592845916747,0.009499108895436894,0.0035369396209716797,0.0020296010534199774,,"{""learning_rate"": 0.05, ""max_depth"": 4, ""n_estimators"": 100, ""reg_lambda"": 1}",-756.52001953125,-1582.0963541666667,-1031.4910481770833,-844.3199869791666,-1118.0616861979167,-1763.7198893229167,-907.3385416666666,-1351.6041666666667,-1294.7879231770833,-1060.7960611979167,-1171.0735677083335,308.33412250178105,13,-669.4358723958334,-600.3159505208333,-630.9853132659314,-599.5013534813596,-585.0266462053571,-578.2132019927536,-582.70765625,-579.0114414544753,-588.5526670258621,-584.417958249328,-599.8168060841734,27.556659770966835,1171.0735677083335,5,xgboost_change,development,2024-06-01,,,,4,,100.0,0.05,1.0,,
0.16574528217315673,0.01316547641260624,0.0034619808197021485,0.0012664436175826596,,"{""learning_rate"": 0.05, ""max_depth"": 4, ""n_estimators"": 100, ""reg_lambda"": 30}",-921.775390625,-1527.2234700520833,-935.4104817708334,-629.1280924479166,-943.94482421875,-1848.6533203125,-786.4864908854166,-1234.4617513020833,-1291.67919921875,-1103.7713216145833,-1122.2534342447916,345.84716962402075,3,-921.0224108573718,-863.4703776041666,-908.6768152573529,-883.5411184210526,-832.5463014632936,-833.4617583786232,-858.686171875,-836.6355613425926,-840.5784729705459,-837.9723202284946,-861.6591308398495,30.821889874446395,1122.2534342447916,5,xgboost_change,development,2024-06-01,,,,4,,100.0,0.05,30.0,,
0.2839066982269287,0.010414370947713626,0.002758312225341797,0.0005025493315927172,,"{""learning_rate"": 0.05, ""max_depth"": 4, ""n_estimators"": 200, ""reg_lambda"": 1}",-746.6495768229166,-1566.25146484375,-1137.8562825520833,-1044.41259765625,-1123.36669921875,-1709.3987630208333,-976.427734375,-1494.0138346354167,-1188.2233072916667,-1028.19091796875,-1201.4791178385417,282.69411946742406,15,-490.34813201121796,-404.7890625,-422.97424555759807,-397.79917077850877,-390.01793464781747,-384.8738111413044,-386.0514453125,-378.3841748649691,-388.1543642241379,-382.90508442540323,-402.6297425463457,31.73645970300926,1201.4791178385417,5,xgboost_change,development,2024-06-01,,,,4,,200.0,0.05,1.0,,
0.28555960655212403,0.02943390025357574,0.0033667802810668944,0.001925205180506812,,"{""learning_rate"": 0.05, ""max_depth"": 4, ""n_estimators"": 200, ""reg_lambda"": 30}",-844.9153645833334,-1548.8984375,-1016.5958658854166,-705.29931640625,-1037.5916341145833,-1864.9187825520833,-899.8458658854166,-1256.6389973958333,-1202.4020182291667,-1043.8995768229167,-1142.1005859374998,328.4546690228954,8,-764.1775590945513,-696.6835286458333,-744.0487323835785,-710.922423245614,-677.8994760664683,-666.65625,-668.6086067708334,-653.7047646604939,-648.8938465337644,-639.027595766129,-687.0622783167265,39.4637580706351,1142.1005859374998,5,xgboost_change,development,2024-06-01,,,,4,,200.0,0.05,30.0,,
0.14995455741882324,0.01294656699362986,0.00303494930267334,0.0005593485358602327,,"{""learning_rate"": 0.1, ""max_depth"": 2, ""n_estimators"": 100, ""reg_lambda"": 1}",-783.5343424479166,-1620.41162109375,-1095.3806966145833,-952.37841796875,-1164.6848958333333,-1874.7333984375,-977.0192057291666,-1541.2158203125,-1296.6598307291667,-1100.74072265625,-1240.6758951822917,323.6915893749117,22,-584.3995142227565,-541.3467664930556,-608.0499770220588,-597.2103207236842,-611.2342354910714,-632.0376047327899,-632.0251692708333,-650.1017433449074,-677.9177330280172,-687.6320459509409,-622.1955110280115,41.555643677798685,1240.6758951822917,5,xgboost_change,development,2024-06-01,,,,2,,100.0,0.1,1.0,,
0.16466889381408692,0.010217634795911772,0.0030176639556884766,0.000515359856272096,,"{""learning_rate"": 0.1, ""max_depth"": 2, ""n_estimators"": 100, ""reg_lambda"": 30}",-844.5545247395834,-1557.0279947916667,-1028.7550455729167,-742.8214518229166,-1025.7578125,-1894.2721354166667,-873.55712890625,-1304.1534830729167,-1301.8629557291667,-1196.123046875,-1176.8885579427083,335.705864306657,14,-785.7934695512821,-739.4727213541667,-813.020143995098,-803.248869243421,-774.9489552331349,-784.4282863451087,-812.308671875,-797.2230902777778,-814.3884810524426,-817.8956023185484,-794.2728291245979,22.965147760568478,1176.8885579427083,5,xgboost_change,development,2024-06-01,,,,2,,100.0,0.1,30.0,,
0.3077580690383911,0.010309188054053344,0.002841639518737793,0.0006258481529777754,,"{""learning_rate"": 0.1, ""max_depth"": 2, ""n_estimators"": 200, ""reg_lambda"": 1}",-788.96484375,-1582.3720703125,-1204.4375,-1136.9791666666667,-1202.61376953125,-1808.4723307291667,-1078.20947265625,-1761.3382161458333,-1189.17041015625,-1043.6949869791667,-1279.6252766927084,313.12541279926995,24,-380.0415665064103,-354.34398871527776,-417.02265242034315,-419.2991536458333,-437.89370969742066,-459.45471014492756,-445.35229166666664,-471.0750747492284,-491.3677936422414,-493.49871891801075,-436.934966010636,43.2116857761724,1279.6252766927084,5,xgboost_change,development,2024-06-01,,,,2,,200.0,0.1,1.0,,
0.28033783435821535,0.010958772868956667,0.0025343894958496094,0.0005893188750039868,,"{""learning_rate"": 0.1, ""max_depth"": 2, ""n_estimators"": 200, ""reg_lambda"": 30}",-785.5250651041666,-1572.93310546875,-1209.9908854166667,-823.5987955729166,-1068.9313151041667,-1874.3640950520833,-967.57421875,-1456.7879231770833,-1185.17919921875,-1132.9645182291667,-1207.7849121093748,323.8304085194268,17,-627.5232622195513,-594.0638020833334,-661.1081495098039,-647.9820278234649,-635.6383308531746,-632.0761011096015,-647.7013151041666,-640.5458019868827,-657.0393206716954,-653.9348853326613,-639.7612996694336,18.440282519005457,1207.7849121093748,5,xgboost_change,development,2024-06-01,,,,2,,200.0,0.1,30.0,,
0.16688690185546876,0.02502975765151598,0.004802346229553223,0.0023471099243300704,,"{""learning_rate"": 0.1, ""max_depth"": 4, ""n_estimators"": 100, ""reg_lambda"": 1}",-707.0657552083334,-1600.4850260416667,-1163.9446614583333,-1004.8797200520834,-1088.0789388020833,-1761.9879557291667,-1057.689453125,-1557.1638997395833,-1202.57177734375,-1095.0611979166667,-1223.8928385416666,304.01143976752036,21,-480.3476812900641,-399.78133680555555,-420.3033662683824,-397.97880688048247,-383.00416976686506,-399.1891842164855,-384.90860677083333,-372.18501639660496,-403.35710757902297,-373.25681493615593,-401.4312090910452,29.78092218144503,1223.8928385416666,5,xgboost_change,development,2024-06-01,,,,4,,100.0,0.1,1.0,,
0.17321641445159913,0.01321052286583426,0.003496408462524414,0.0008480885533579774,,"{""learning_rate"": 0.1, ""max_depth"": 4, ""n_estimators"": 100, ""reg_lambda"": 30}",-860.1998697916666,-1537.08251953125,-1044.2734375,-703.7039388020834,-1055.201171875,-1828.4983723958333,-982.9111328125,-1307.0113932291667,-1231.61767578125,-1107.3653971354167,-1165.7864908854167,311.7820425185362,11,-762.7257612179487,-696.8514973958333,-762.6720473345588,-725.213318941886,-683.5873790922619,-677.4729110054348,-665.2194140625,-659.622600790895,-664.4369163074713,-650.2871513776881,-694.8088997526478,39.48597671193349,1165.7864908854167,5,xgboost_change,development,2024-06-01,,,,4,,100.0,0.1,30.0,,
0.28275337219238283,0.028058333988279952,0.003462958335876465,0.0008771997118718777,,"{""learning_rate"": 0.1, ""max_depth"": 4, ""n_estimators"": 200, ""reg_lambda"": 1}",-713.5701497395834,-1625.4267578125,-1301.0880533854167,-1199.1407877604167,-1116.1018880208333,-1729.474609375,-1050.0944010416667,-1680.2234700520833,-1122.59521484375,-1031.7639973958333,-1256.9479329427083,311.47297890786496,23,-275.6511418269231,-203.60904947916666,-210.95657169117646,-204.3448122258772,-200.56761532738096,-198.68789628623188,-194.82990885416666,-193.66330295138889,-204.01817304238506,-189.20003780241936,-207.55285094871164,23.46550884415927,1256.9479329427083,5,xgboost_change,development,2024-06-01,,,,4,,200.0,0.1,1.0,,
0.24136726856231688,0.05427423422912432,0.003331708908081055,0.000969551739124118,,"{""learning_rate"": 0.1, ""max_depth"": 4, ""n_estimators"": 200, ""reg_lambda"": 30}",-790.35205078125,-1564.0634765625,-1217.02734375,-797.2801106770834,-1065.3390299479167,-1834.0135091145833,-1117.29638671875,-1464.1541341145833,-1150.23876953125,-1078.9739583333333,-1207.873876953125,312.41869361621696,18,-583.2937950721154,-521.7637152777778,-565.5098039215686,-532.3619277686404,-498.86607142857144,-478.54316689311594,-466.600703125,-451.1673056520062,-455.1436893857759,-437.4400936659946,-499.0690272190567,47.57029988155872,1207.873876953125,5,xgboost_change,development,2024-06-01,,,,4,,200.0,0.1,30.0,,
3.7122422456741333,1.7216484188861974,0.0026238203048706056,0.0008576560629240051,,"{""regressor__mlpregressor__alpha"": 0.01, ""regressor__mlpregressor__hidden_layer_sizes"": [16]}",-1132.7627812723306,-2373.0217972940754,-2264.02883171565,-3203.7950758729785,-2246.963419559788,-5067.211499109885,-21929.5348474357,-6673.9733695563655,-4939.358387785476,-3638.6462727298353,-5346.929628233209,5746.449800044791,9,-4.326019056223278,-7.852444357152934,-6.598718720269508,-7.485540702213385,-14.180659167764091,-18.981439028711264,-28.714987934648768,-75.47468662800965,-34.37149567617,-95.38255084785743,-29.336854211902033,29.89153271092688,5346.929628233209,5,neural_network_change,development,2024-06-01,,,,,,,,,0.01,"(16,)"
3.6785399436950685,0.7634264903525143,0.0026946067810058594,0.0008533817352394806,,"{""regressor__mlpregressor__alpha"": 0.01, ""regressor__mlpregressor__hidden_layer_sizes"": [32]}",-1077.7320585627504,-1952.2314146191973,-1467.7565362137618,-2155.5303498311678,-1456.587736034591,-1998.0640815624383,-1488.7945162357194,-2624.205162526531,-3460.550636471439,-1817.627764816375,-1949.9080256873972,651.7647037800733,8,-4.001000628092627,-3.77971158519346,-4.489930398965097,-4.534731885487896,-4.935979750836995,-4.703987470991126,-5.160799082396382,-5.037786650793732,-5.955531824409765,-5.579784783892225,-4.817924406105931,0.6324896367806205,1949.9080256873972,5,neural_network_change,development,2024-06-01,,,,,,,,,0.01,"(32,)"
12.569546461105347,3.6147298847612985,0.0023192405700683595,0.0004903485912804373,,"{""regressor__mlpregressor__alpha"": 0.01, ""regressor__mlpregressor__hidden_layer_sizes"": [32, 16]}",-1089.2791923996099,-2074.923784636564,-1672.4392544511427,-1780.016963764366,-1381.5126516481803,-2365.2165668808216,-1366.862091872721,-2923.5191649681583,-2073.9220570730886,-1954.2624568663084,-1868.1954184560964,509.33362906227603,7,-1.8230996520055318,-1.9788885530494251,-1.7873770078722908,-2.943287507623928,-2.4070734386109724,-2.8432516825903775,-2.448031199517233,-2.022355700321233,-2.5191906508080137,-2.7360565964473773,-2.350861198884638,0.403119788531631,1868.1954184560964,5,neural_network_change,development,2024-06-01,,,,,,,,,0.01,"(32, 16)"
1.5755151987075806,0.7226321242015646,0.0017989873886108398,0.000278992838056659,,"{""regressor__mlpregressor__alpha"": 1, ""regressor__mlpregressor__hidden_layer_sizes"": [16]}",-970.6612292253782,-1910.6796030183525,-1415.2846131999397,-1446.786462628218,-1365.8920126785372,-1789.1441892505452,-1426.5815531845321,-1823.9801942460344,-2284.3167943909352,-1711.049299647649,-1614.4375951470124,346.3442515696175,5,-360.69472365405215,-363.1516567593931,-420.35017190801983,-379.52451433452876,-438.5743421258587,-440.389140219065,-488.4054837222251,-512.3903775914521,-461.6213009176178,-488.875802760434,-435.3977513992646,51.447598783003855,1614.4375951470124,5,neural_network_change,development,2024-06-01,,,,,,,,,1.0,"(16,)"
3.464087986946106,1.411912221963992,0.0021151065826416015,0.0005462455013585052,,"{""regressor__mlpregressor__alpha"": 1, ""regressor__mlpregressor__hidden_layer_sizes"": [32]}",-869.146114548828,-1242.8736204759846,-1380.439483395292,-1551.074286173207,-1898.6699141620147,-2001.9997389695372,-1670.386849157164,-1994.8586598529134,-957.6988053084924,-1310.4095933156561,-1487.7557065359092,386.57314838224846,4,-321.5755946940956,-308.8339302911044,-353.3412131982681,-338.2141644303977,-359.4399719538531,-343.9304421991558,-397.36821865922934,-358.9139562301712,-301.3534208674175,-336.24092939530055,-341.9211841918993,26.46686632676183,1487.7557065359092,5,neural_network_change,development,2024-06-01,,,,,,,,,1.0,"(32,)"
15.2829185962677,3.5523032463570843,0.00198667049407959,0.0003935951373375679,,"{""regressor__mlpregressor__alpha"": 1, ""regressor__mlpregressor__hidden_layer_sizes"": [32, 16]}",-873.3749683653459,-1710.3821180941095,-1538.3813527525024,-1850.583680905352,-1776.2309780638577,-1942.1511474215351,-1124.665855907371,-1878.740730329284,-2375.8516640587036,-1703.058447597655,-1677.3420943495717,401.4062466720966,6,-177.42419096759136,-177.31166790011395,-161.78101631358493,-164.1390068741102,-174.3543341724748,-177.4558983695644,-170.42308492997287,-174.7104261327977,-132.58192903862314,-130.19779659388553,-164.03793512927192,17.135533400749793,1677.3420943495717,5,neural_network_change,development,2024-06-01,,,,,,,,,1.0,"(32, 16)"
0.6722236394882202,0.36739404106254775,0.0019230604171752929,0.00016819539239130657,,"{""regressor__mlpregressor__alpha"": 10, ""regressor__mlpregressor__hidden_layer_sizes"": [16]}",-959.4921826416912,-1575.9417199003192,-1106.6265300698603,-744.1525298388751,-1237.2204342609364,-1669.164116084992,-1059.2467677924396,-1043.6679303097446,-1229.0871238539467,-1185.9096962021606,-1181.0509030954968,260.55654655953407,3,-1003.2540493510681,-960.8034594011723,-1013.8015562954638,-1020.10413202213,-960.6488982559302,-958.3803532448749,-987.3844127505921,-967.429909109549,-974.5461558905599,-967.5981874191974,-981.3951113740537,22.087647249126636,1181.0509030954968,5,neural_network_change,development,2024-06-01,,,,,,,,,10.0,"(16,)"
1.2150947332382203,0.3792242363228661,0.002100348472595215,0.00034735340580538317,,"{""regressor__mlpregressor__alpha"": 10, ""regressor__mlpregressor__hidden_layer_sizes"": [32]}",-936.4816814798636,-1606.8416061326925,-1125.678803150294,-753.3376551147916,-1263.0873734540048,-1571.2378448324434,-1027.318174349158,-1067.8319479237205,-1287.5298409731806,-1164.1093903561584,-1180.3454317766304,251.82621720973953,2,-1001.3561384145809,-956.8636315340651,-1003.6636010370812,-1008.9192646486874,-956.9129793549048,-944.7844869943727,-990.6795305508313,-974.9827408568993,-971.6747362980765,-968.1067206966496,-977.7943830386148,21.12379431527278,1180.3454317766304,5,neural_network_change,development,2024-06-01,,,,,,,,,10.0,"(32,)"
2.6097483158111574,1.2794887616546382,0.0019117116928100586,0.0002525701607521697,,"{""regressor__mlpregressor__alpha"": 10, ""regressor__mlpregressor__hidden_layer_sizes"": [32, 16]}",-995.6721792407121,-1612.3548930596871,-1103.8880671832687,-735.0082045321027,-1261.3670284149696,-1579.9536520378751,-1002.2069989352946,-1034.3939903606263,-1181.4844757891863,-1217.0825318805719,-1172.3412021434294,253.94959101454353,1,-1037.7119646635595,-960.5775788609598,-1017.206653629113,-1019.4802374531884,-960.9567602049303,-939.4801074278339,-1000.0086136714823,-962.7913833392894,-940.4662489196564,-939.3312877491695,-977.8010835919183,35.38420920859406,1172.3412021434294,5,neural_network_change,development,2024-06-01,,,,,,,,,10.0,"(32, 16)"
