month,origin_month,actual_kb,predicted_kb,padd,model,split,fold
2014-07-01,2014-06-01,59765.0,63140.0,1,persistence,cv,1
2014-08-01,2014-07-01,57773.0,59765.0,1,persistence,cv,1
2014-09-01,2014-08-01,55712.0,57773.0,1,persistence,cv,1
2014-10-01,2014-09-01,50685.0,55712.0,1,persistence,cv,1
2014-11-01,2014-10-01,53624.0,50685.0,1,persistence,cv,1
2014-12-01,2014-11-01,62085.0,53624.0,1,persistence,cv,1
2015-01-01,2014-12-01,69032.0,62085.0,1,persistence,cv,1
2015-02-01,2015-01-01,68142.0,69032.0,1,persistence,cv,1
2015-03-01,2015-02-01,64542.0,68142.0,1,persistence,cv,1
2015-04-01,2015-03-01,63272.0,64542.0,1,persistence,cv,1
2015-05-01,2015-04-01,61203.0,63272.0,1,persistence,cv,1
2015-06-01,2015-05-01,61350.0,61203.0,1,persistence,cv,1
2015-07-01,2015-06-01,58703.0,61350.0,1,persistence,cv,2
2015-08-01,2015-07-01,60374.0,58703.0,1,persistence,cv,2
2015-09-01,2015-08-01,62622.0,60374.0,1,persistence,cv,2
2015-10-01,2015-09-01,59687.0,62622.0,1,persistence,cv,2
2015-11-01,2015-10-01,58578.0,59687.0,1,persistence,cv,2
2015-12-01,2015-11-01,60722.0,58578.0,1,persistence,cv,2
2016-01-01,2015-12-01,70309.0,60722.0,1,persistence,cv,2
2016-02-01,2016-01-01,71066.0,70309.0,1,persistence,cv,2
2016-03-01,2016-02-01,65920.0,71066.0,1,persistence,cv,2
2016-04-01,2016-03-01,69091.0,65920.0,1,persistence,cv,2
2016-05-01,2016-04-01,69708.0,69091.0,1,persistence,cv,2
2016-06-01,2016-05-01,73138.0,69708.0,1,persistence,cv,2
2016-07-01,2016-06-01,72616.0,73138.0,1,persistence,cv,3
2016-08-01,2016-07-01,65184.0,72616.0,1,persistence,cv,3
2016-09-01,2016-08-01,58842.0,65184.0,1,persistence,cv,3
2016-10-01,2016-09-01,60975.0,58842.0,1,persistence,cv,3
2016-11-01,2016-10-01,63052.0,60975.0,1,persistence,cv,3
2016-12-01,2016-11-01,65379.0,63052.0,1,persistence,cv,3
2017-01-01,2016-12-01,74583.0,65379.0,1,persistence,cv,3
2017-02-01,2017-01-01,72957.0,74583.0,1,persistence,cv,3
2017-03-01,2017-02-01,65469.0,72957.0,1,persistence,cv,3
2017-04-01,2017-03-01,68482.0,65469.0,1,persistence,cv,3
2017-05-01,2017-04-01,70684.0,68482.0,1,persistence,cv,3
2017-06-01,2017-05-01,67745.0,70684.0,1,persistence,cv,3
2017-07-01,2017-06-01,64144.0,67745.0,1,persistence,cv,4
2017-08-01,2017-07-01,60660.0,64144.0,1,persistence,cv,4
2017-09-01,2017-08-01,59007.0,60660.0,1,persistence,cv,4
2017-10-01,2017-09-01,54456.0,59007.0,1,persistence,cv,4
2017-11-01,2017-10-01,58907.0,54456.0,1,persistence,cv,4
2017-12-01,2017-11-01,60642.0,58907.0,1,persistence,cv,4
2018-01-01,2017-12-01,65037.0,60642.0,1,persistence,cv,4
2018-02-01,2018-01-01,63106.0,65037.0,1,persistence,cv,4
2018-03-01,2018-02-01,58372.0,63106.0,1,persistence,cv,4
2018-04-01,2018-03-01,64718.0,58372.0,1,persistence,cv,4
2018-05-01,2018-04-01,68311.0,64718.0,1,persistence,cv,4
2018-06-01,2018-05-01,66777.0,68311.0,1,persistence,cv,4
2018-07-01,2018-06-01,64871.0,66777.0,1,persistence,cv,5
2018-08-01,2018-07-01,66651.0,64871.0,1,persistence,cv,5
2018-09-01,2018-08-01,70204.0,66651.0,1,persistence,cv,5
2018-10-01,2018-09-01,66430.0,70204.0,1,persistence,cv,5
2018-11-01,2018-10-01,60886.0,66430.0,1,persistence,cv,5
2018-12-01,2018-11-01,62894.0,60886.0,1,persistence,cv,5
2019-01-01,2018-12-01,72680.0,62894.0,1,persistence,cv,5
2019-02-01,2019-01-01,65841.0,72680.0,1,persistence,cv,5
2019-03-01,2019-02-01,62461.0,65841.0,1,persistence,cv,5
2019-04-01,2019-03-01,60742.0,62461.0,1,persistence,cv,5
2019-05-01,2019-04-01,65734.0,60742.0,1,persistence,cv,5
2019-06-01,2019-05-01,59764.0,65734.0,1,persistence,cv,5
2019-07-01,2019-06-01,61114.0,59764.0,1,persistence,cv,6
2019-08-01,2019-07-01,65254.0,61114.0,1,persistence,cv,6
2019-09-01,2019-08-01,64954.0,65254.0,1,persistence,cv,6
2019-10-01,2019-09-01,60265.0,64954.0,1,persistence,cv,6
2019-11-01,2019-10-01,61239.0,60265.0,1,persistence,cv,6
2019-12-01,2019-11-01,65614.0,61239.0,1,persistence,cv,6
2020-01-01,2019-12-01,68129.0,65614.0,1,persistence,cv,6
2020-02-01,2020-01-01,63763.0,68129.0,1,persistence,cv,6
2020-03-01,2020-02-01,70994.0,63763.0,1,persistence,cv,6
2020-04-01,2020-03-01,70212.0,70994.0,1,persistence,cv,6
2020-05-01,2020-04-01,74366.0,70212.0,1,persistence,cv,6
2020-06-01,2020-05-01,73145.0,74366.0,1,persistence,cv,6
2020-07-01,2020-06-01,69204.0,73145.0,1,persistence,cv,7
2020-08-01,2020-07-01,62131.0,69204.0,1,persistence,cv,7
2020-09-01,2020-08-01,61839.0,62131.0,1,persistence,cv,7
2020-10-01,2020-09-01,61701.0,61839.0,1,persistence,cv,7
2020-11-01,2020-10-01,67299.0,61701.0,1,persistence,cv,7
2020-12-01,2020-11-01,68522.0,67299.0,1,persistence,cv,7
2021-01-01,2020-12-01,67084.0,68522.0,1,persistence,cv,7
2021-02-01,2021-01-01,68408.0,67084.0,1,persistence,cv,7
2021-03-01,2021-02-01,65099.0,68408.0,1,persistence,cv,7
2021-04-01,2021-03-01,63466.0,65099.0,1,persistence,cv,7
2021-05-01,2021-04-01,66423.0,63466.0,1,persistence,cv,7
2021-06-01,2021-05-01,69877.0,66423.0,1,persistence,cv,7
2021-07-01,2021-06-01,62682.0,69877.0,1,persistence,cv,8
2021-08-01,2021-07-01,55205.0,62682.0,1,persistence,cv,8
2021-09-01,2021-08-01,59038.0,55205.0,1,persistence,cv,8
2021-10-01,2021-09-01,53113.0,59038.0,1,persistence,cv,8
2021-11-01,2021-10-01,56872.0,53113.0,1,persistence,cv,8
2021-12-01,2021-11-01,61830.0,56872.0,1,persistence,cv,8
2022-01-01,2021-12-01,65541.0,61830.0,1,persistence,cv,8
2022-02-01,2022-01-01,61884.0,65541.0,1,persistence,cv,8
2022-03-01,2022-02-01,56984.0,61884.0,1,persistence,cv,8
2022-04-01,2022-03-01,52786.0,56984.0,1,persistence,cv,8
2022-05-01,2022-04-01,53989.0,52786.0,1,persistence,cv,8
2022-06-01,2022-05-01,53605.0,53989.0,1,persistence,cv,8
2022-07-01,2022-06-01,52870.0,53605.0,1,persistence,cv,9
2022-08-01,2022-07-01,54121.0,52870.0,1,persistence,cv,9
2022-09-01,2022-08-01,54334.0,54121.0,1,persistence,cv,9
2022-10-01,2022-09-01,50932.0,54334.0,1,persistence,cv,9
2022-11-01,2022-10-01,51102.0,50932.0,1,persistence,cv,9
2022-12-01,2022-11-01,56398.0,51102.0,1,persistence,cv,9
2023-01-01,2022-12-01,61972.0,56398.0,1,persistence,cv,9
2023-02-01,2023-01-01,64330.0,61972.0,1,persistence,cv,9
2023-03-01,2023-02-01,52690.0,64330.0,1,persistence,cv,9
2023-04-01,2023-03-01,53256.0,52690.0,1,persistence,cv,9
2023-05-01,2023-04-01,55471.0,53256.0,1,persistence,cv,9
2023-06-01,2023-05-01,56992.0,55471.0,1,persistence,cv,9
2023-07-01,2023-06-01,56885.0,56992.0,1,persistence,cv,10
2023-08-01,2023-07-01,57442.0,56885.0,1,persistence,cv,10
2023-09-01,2023-08-01,58791.0,57442.0,1,persistence,cv,10
2023-10-01,2023-09-01,55791.0,58791.0,1,persistence,cv,10
2023-11-01,2023-10-01,53460.0,55791.0,1,persistence,cv,10
2023-12-01,2023-11-01,60085.0,53460.0,1,persistence,cv,10
2024-01-01,2023-12-01,64127.0,60085.0,1,persistence,cv,10
2024-02-01,2024-01-01,64192.0,64127.0,1,persistence,cv,10
2024-03-01,2024-02-01,54901.0,64192.0,1,persistence,cv,10
2024-04-01,2024-03-01,54857.0,54901.0,1,persistence,cv,10
2024-05-01,2024-04-01,56490.0,54857.0,1,persistence,cv,10
2024-06-01,2024-05-01,56776.0,56490.0,1,persistence,cv,10
2014-07-01,2014-06-01,59765.0,61053.0,1,seasonal_naive,cv,1
2014-08-01,2014-07-01,57773.0,58551.0,1,seasonal_naive,cv,1
2014-09-01,2014-08-01,55712.0,58106.0,1,seasonal_naive,cv,1
2014-10-01,2014-09-01,50685.0,54703.0,1,seasonal_naive,cv,1
2014-11-01,2014-10-01,53624.0,55972.0,1,seasonal_naive,cv,1
2014-12-01,2014-11-01,62085.0,61079.0,1,seasonal_naive,cv,1
2015-01-01,2014-12-01,69032.0,64454.0,1,seasonal_naive,cv,1
2015-02-01,2015-01-01,68142.0,59912.0,1,seasonal_naive,cv,1
2015-03-01,2015-02-01,64542.0,57657.0,1,seasonal_naive,cv,1
2015-04-01,2015-03-01,63272.0,54935.0,1,seasonal_naive,cv,1
2015-05-01,2015-04-01,61203.0,62577.0,1,seasonal_naive,cv,1
2015-06-01,2015-05-01,61350.0,63140.0,1,seasonal_naive,cv,1
2015-07-01,2015-06-01,58703.0,59765.0,1,seasonal_naive,cv,2
2015-08-01,2015-07-01,60374.0,57773.0,1,seasonal_naive,cv,2
2015-09-01,2015-08-01,62622.0,55712.0,1,seasonal_naive,cv,2
2015-10-01,2015-09-01,59687.0,50685.0,1,seasonal_naive,cv,2
2015-11-01,2015-10-01,58578.0,53624.0,1,seasonal_naive,cv,2
2015-12-01,2015-11-01,60722.0,62085.0,1,seasonal_naive,cv,2
2016-01-01,2015-12-01,70309.0,69032.0,1,seasonal_naive,cv,2
2016-02-01,2016-01-01,71066.0,68142.0,1,seasonal_naive,cv,2
2016-03-01,2016-02-01,65920.0,64542.0,1,seasonal_naive,cv,2
2016-04-01,2016-03-01,69091.0,63272.0,1,seasonal_naive,cv,2
2016-05-01,2016-04-01,69708.0,61203.0,1,seasonal_naive,cv,2
2016-06-01,2016-05-01,73138.0,61350.0,1,seasonal_naive,cv,2
2016-07-01,2016-06-01,72616.0,58703.0,1,seasonal_naive,cv,3
2016-08-01,2016-07-01,65184.0,60374.0,1,seasonal_naive,cv,3
2016-09-01,2016-08-01,58842.0,62622.0,1,seasonal_naive,cv,3
2016-10-01,2016-09-01,60975.0,59687.0,1,seasonal_naive,cv,3
2016-11-01,2016-10-01,63052.0,58578.0,1,seasonal_naive,cv,3
2016-12-01,2016-11-01,65379.0,60722.0,1,seasonal_naive,cv,3
2017-01-01,2016-12-01,74583.0,70309.0,1,seasonal_naive,cv,3
2017-02-01,2017-01-01,72957.0,71066.0,1,seasonal_naive,cv,3
2017-03-01,2017-02-01,65469.0,65920.0,1,seasonal_naive,cv,3
2017-04-01,2017-03-01,68482.0,69091.0,1,seasonal_naive,cv,3
2017-05-01,2017-04-01,70684.0,69708.0,1,seasonal_naive,cv,3
2017-06-01,2017-05-01,67745.0,73138.0,1,seasonal_naive,cv,3
2017-07-01,2017-06-01,64144.0,72616.0,1,seasonal_naive,cv,4
2017-08-01,2017-07-01,60660.0,65184.0,1,seasonal_naive,cv,4
2017-09-01,2017-08-01,59007.0,58842.0,1,seasonal_naive,cv,4
2017-10-01,2017-09-01,54456.0,60975.0,1,seasonal_naive,cv,4
2017-11-01,2017-10-01,58907.0,63052.0,1,seasonal_naive,cv,4
2017-12-01,2017-11-01,60642.0,65379.0,1,seasonal_naive,cv,4
2018-01-01,2017-12-01,65037.0,74583.0,1,seasonal_naive,cv,4
2018-02-01,2018-01-01,63106.0,72957.0,1,seasonal_naive,cv,4
2018-03-01,2018-02-01,58372.0,65469.0,1,seasonal_naive,cv,4
2018-04-01,2018-03-01,64718.0,68482.0,1,seasonal_naive,cv,4
2018-05-01,2018-04-01,68311.0,70684.0,1,seasonal_naive,cv,4
2018-06-01,2018-05-01,66777.0,67745.0,1,seasonal_naive,cv,4
2018-07-01,2018-06-01,64871.0,64144.0,1,seasonal_naive,cv,5
2018-08-01,2018-07-01,66651.0,60660.0,1,seasonal_naive,cv,5
2018-09-01,2018-08-01,70204.0,59007.0,1,seasonal_naive,cv,5
2018-10-01,2018-09-01,66430.0,54456.0,1,seasonal_naive,cv,5
2018-11-01,2018-10-01,60886.0,58907.0,1,seasonal_naive,cv,5
2018-12-01,2018-11-01,62894.0,60642.0,1,seasonal_naive,cv,5
2019-01-01,2018-12-01,72680.0,65037.0,1,seasonal_naive,cv,5
2019-02-01,2019-01-01,65841.0,63106.0,1,seasonal_naive,cv,5
2019-03-01,2019-02-01,62461.0,58372.0,1,seasonal_naive,cv,5
2019-04-01,2019-03-01,60742.0,64718.0,1,seasonal_naive,cv,5
2019-05-01,2019-04-01,65734.0,68311.0,1,seasonal_naive,cv,5
2019-06-01,2019-05-01,59764.0,66777.0,1,seasonal_naive,cv,5
2019-07-01,2019-06-01,61114.0,64871.0,1,seasonal_naive,cv,6
2019-08-01,2019-07-01,65254.0,66651.0,1,seasonal_naive,cv,6
2019-09-01,2019-08-01,64954.0,70204.0,1,seasonal_naive,cv,6
2019-10-01,2019-09-01,60265.0,66430.0,1,seasonal_naive,cv,6
2019-11-01,2019-10-01,61239.0,60886.0,1,seasonal_naive,cv,6
2019-12-01,2019-11-01,65614.0,62894.0,1,seasonal_naive,cv,6
2020-01-01,2019-12-01,68129.0,72680.0,1,seasonal_naive,cv,6
2020-02-01,2020-01-01,63763.0,65841.0,1,seasonal_naive,cv,6
2020-03-01,2020-02-01,70994.0,62461.0,1,seasonal_naive,cv,6
2020-04-01,2020-03-01,70212.0,60742.0,1,seasonal_naive,cv,6
2020-05-01,2020-04-01,74366.0,65734.0,1,seasonal_naive,cv,6
2020-06-01,2020-05-01,73145.0,59764.0,1,seasonal_naive,cv,6
2020-07-01,2020-06-01,69204.0,61114.0,1,seasonal_naive,cv,7
2020-08-01,2020-07-01,62131.0,65254.0,1,seasonal_naive,cv,7
2020-09-01,2020-08-01,61839.0,64954.0,1,seasonal_naive,cv,7
2020-10-01,2020-09-01,61701.0,60265.0,1,seasonal_naive,cv,7
2020-11-01,2020-10-01,67299.0,61239.0,1,seasonal_naive,cv,7
2020-12-01,2020-11-01,68522.0,65614.0,1,seasonal_naive,cv,7
2021-01-01,2020-12-01,67084.0,68129.0,1,seasonal_naive,cv,7
2021-02-01,2021-01-01,68408.0,63763.0,1,seasonal_naive,cv,7
2021-03-01,2021-02-01,65099.0,70994.0,1,seasonal_naive,cv,7
2021-04-01,2021-03-01,63466.0,70212.0,1,seasonal_naive,cv,7
2021-05-01,2021-04-01,66423.0,74366.0,1,seasonal_naive,cv,7
2021-06-01,2021-05-01,69877.0,73145.0,1,seasonal_naive,cv,7
2021-07-01,2021-06-01,62682.0,69204.0,1,seasonal_naive,cv,8
2021-08-01,2021-07-01,55205.0,62131.0,1,seasonal_naive,cv,8
2021-09-01,2021-08-01,59038.0,61839.0,1,seasonal_naive,cv,8
2021-10-01,2021-09-01,53113.0,61701.0,1,seasonal_naive,cv,8
2021-11-01,2021-10-01,56872.0,67299.0,1,seasonal_naive,cv,8
2021-12-01,2021-11-01,61830.0,68522.0,1,seasonal_naive,cv,8
2022-01-01,2021-12-01,65541.0,67084.0,1,seasonal_naive,cv,8
2022-02-01,2022-01-01,61884.0,68408.0,1,seasonal_naive,cv,8
2022-03-01,2022-02-01,56984.0,65099.0,1,seasonal_naive,cv,8
2022-04-01,2022-03-01,52786.0,63466.0,1,seasonal_naive,cv,8
2022-05-01,2022-04-01,53989.0,66423.0,1,seasonal_naive,cv,8
2022-06-01,2022-05-01,53605.0,69877.0,1,seasonal_naive,cv,8
2022-07-01,2022-06-01,52870.0,62682.0,1,seasonal_naive,cv,9
2022-08-01,2022-07-01,54121.0,55205.0,1,seasonal_naive,cv,9
2022-09-01,2022-08-01,54334.0,59038.0,1,seasonal_naive,cv,9
2022-10-01,2022-09-01,50932.0,53113.0,1,seasonal_naive,cv,9
2022-11-01,2022-10-01,51102.0,56872.0,1,seasonal_naive,cv,9
2022-12-01,2022-11-01,56398.0,61830.0,1,seasonal_naive,cv,9
2023-01-01,2022-12-01,61972.0,65541.0,1,seasonal_naive,cv,9
2023-02-01,2023-01-01,64330.0,61884.0,1,seasonal_naive,cv,9
2023-03-01,2023-02-01,52690.0,56984.0,1,seasonal_naive,cv,9
2023-04-01,2023-03-01,53256.0,52786.0,1,seasonal_naive,cv,9
2023-05-01,2023-04-01,55471.0,53989.0,1,seasonal_naive,cv,9
2023-06-01,2023-05-01,56992.0,53605.0,1,seasonal_naive,cv,9
2023-07-01,2023-06-01,56885.0,52870.0,1,seasonal_naive,cv,10
2023-08-01,2023-07-01,57442.0,54121.0,1,seasonal_naive,cv,10
2023-09-01,2023-08-01,58791.0,54334.0,1,seasonal_naive,cv,10
2023-10-01,2023-09-01,55791.0,50932.0,1,seasonal_naive,cv,10
2023-11-01,2023-10-01,53460.0,51102.0,1,seasonal_naive,cv,10
2023-12-01,2023-11-01,60085.0,56398.0,1,seasonal_naive,cv,10
2024-01-01,2023-12-01,64127.0,61972.0,1,seasonal_naive,cv,10
2024-02-01,2024-01-01,64192.0,64330.0,1,seasonal_naive,cv,10
2024-03-01,2024-02-01,54901.0,52690.0,1,seasonal_naive,cv,10
2024-04-01,2024-03-01,54857.0,53256.0,1,seasonal_naive,cv,10
2024-05-01,2024-04-01,56490.0,55471.0,1,seasonal_naive,cv,10
2024-06-01,2024-05-01,56776.0,56992.0,1,seasonal_naive,cv,10
2014-07-01,2014-06-01,59765.0,63507.119226190465,1,forecast_flow_identity,cv,1
2014-08-01,2014-07-01,57773.0,59430.59422619046,1,forecast_flow_identity,cv,1
2014-09-01,2014-08-01,55712.0,56438.783122119814,1,forecast_flow_identity,cv,1
2014-10-01,2014-09-01,50685.0,53326.744226190465,1,forecast_flow_identity,cv,1
2014-11-01,2014-10-01,53624.0,53322.25570276498,1,forecast_flow_identity,cv,1
2014-12-01,2014-11-01,62085.0,56512.85505952382,1,forecast_flow_identity,cv,1
2015-01-01,2014-12-01,69032.0,66296.00505952383,1,forecast_flow_identity,cv,1
2015-02-01,2015-01-01,68142.0,69177.60301260662,1,forecast_flow_identity,cv,1
2015-03-01,2015-02-01,64542.0,64338.71241789822,1,forecast_flow_identity,cv,1
2015-04-01,2015-03-01,63272.0,63948.57653344987,1,forecast_flow_identity,cv,1
2015-05-01,2015-04-01,61203.0,66216.3299178982,1,forecast_flow_identity,cv,1
2015-06-01,2015-05-01,61350.0,61100.330565707925,1,forecast_flow_identity,cv,1
2015-07-01,2015-06-01,58703.0,60976.08575123153,1,forecast_flow_identity,cv,2
2015-08-01,2015-07-01,60374.0,58475.1857512315,1,forecast_flow_identity,cv,2
2015-09-01,2015-08-01,62622.0,58536.657178611145,1,forecast_flow_identity,cv,2
2015-10-01,2015-09-01,59687.0,59641.74158456483,1,forecast_flow_identity,cv,2
2015-11-01,2015-10-01,58578.0,62724.03863022404,1,forecast_flow_identity,cv,2
2015-12-01,2015-11-01,60722.0,62698.46491789815,1,forecast_flow_identity,cv,2
2016-01-01,2015-12-01,70309.0,65757.38991789818,1,forecast_flow_identity,cv,2
2016-02-01,2016-01-01,71066.0,69760.05036098309,1,forecast_flow_identity,cv,2
2016-03-01,2016-02-01,65920.0,67780.45238711001,1,forecast_flow_identity,cv,2
2016-04-01,2016-03-01,69091.0,64514.35231010649,1,forecast_flow_identity,cv,2
2016-05-01,2016-04-01,69708.0,70627.10738711002,1,forecast_flow_identity,cv,2
2016-06-01,2016-05-01,73138.0,69792.97005204194,1,forecast_flow_identity,cv,2
2016-07-01,2016-06-01,72616.0,72233.52655377667,1,forecast_flow_identity,cv,3
2016-08-01,2016-07-01,65184.0,72596.42655377668,1,forecast_flow_identity,cv,3
2016-09-01,2016-08-01,58842.0,65116.4740843,1,forecast_flow_identity,cv,3
2016-10-01,2016-09-01,60975.0,55600.56822044333,1,forecast_flow_identity,cv,3
2016-11-01,2016-10-01,63052.0,63559.06924559035,1,forecast_flow_identity,cv,3
2016-12-01,2016-11-01,65379.0,68144.00405377669,1,forecast_flow_identity,cv,3
2017-01-01,2016-12-01,74583.0,71311.87905377668,1,forecast_flow_identity,cv,3
2017-02-01,2017-01-01,72957.0,73869.61089173156,1,forecast_flow_identity,cv,3
2017-03-01,2017-02-01,65469.0,70067.3492816092,1,forecast_flow_identity,cv,3
2017-04-01,2017-03-01,68482.0,65453.30575639599,1,forecast_flow_identity,cv,3
2017-05-01,2017-04-01,70684.0,69135.98928160922,1,forecast_flow_identity,cv,3
2017-06-01,2017-05-01,67745.0,70831.33478865409,1,forecast_flow_identity,cv,3
2017-07-01,2017-06-01,64144.0,65851.55261494256,1,forecast_flow_identity,cv,4
2017-08-01,2017-07-01,60660.0,61389.40261494253,1,forecast_flow_identity,cv,4
2017-09-01,2017-08-01,59007.0,58305.796078976666,1,forecast_flow_identity,cv,4
2017-10-01,2017-09-01,54456.0,56370.62761494253,1,forecast_flow_identity,cv,4
2017-11-01,2017-10-01,58907.0,55305.3799499444,1,forecast_flow_identity,cv,4
2017-12-01,2017-11-01,60642.0,63197.342614942536,1,forecast_flow_identity,cv,4
2018-01-01,2017-12-01,65037.0,66712.61761494252,1,forecast_flow_identity,cv,4
2018-02-01,2018-01-01,63106.0,63425.84727845753,1,forecast_flow_identity,cv,4
2018-03-01,2018-02-01,58372.0,58686.63023809523,1,forecast_flow_identity,cv,4
2018-04-01,2018-03-01,64718.0,59240.982488479276,1,forecast_flow_identity,cv,4
2018-05-01,2018-04-01,68311.0,66234.42773809524,1,forecast_flow_identity,cv,4
2018-06-01,2018-05-01,66777.0,68391.06394009216,1,forecast_flow_identity,cv,4
2018-07-01,2018-06-01,64871.0,64390.36357142857,1,forecast_flow_identity,cv,5
2018-08-01,2018-07-01,66651.0,62062.28857142858,1,forecast_flow_identity,cv,5
2018-09-01,2018-08-01,70204.0,65178.52603686635,1,forecast_flow_identity,cv,5
2018-10-01,2018-09-01,66430.0,67993.49857142853,1,forecast_flow_identity,cv,5
2018-11-01,2018-10-01,60886.0,68788.2034562212,1,forecast_flow_identity,cv,5
2018-12-01,2018-11-01,62894.0,64851.05940476191,1,forecast_flow_identity,cv,5
2019-01-01,2018-12-01,72680.0,69594.7094047619,1,forecast_flow_identity,cv,5
2019-02-01,2019-01-01,65841.0,70941.48502410084,1,forecast_flow_identity,cv,5
2019-03-01,2019-02-01,62461.0,60573.32827791461,1,forecast_flow_identity,cv,5
2019-04-01,2019-03-01,60742.0,63800.10478507867,1,forecast_flow_identity,cv,5
2019-05-01,2019-04-01,65734.0,62237.91911124796,1,forecast_flow_identity,cv,5
2019-06-01,2019-05-01,59764.0,65301.82978507863,1,forecast_flow_identity,cv,5
2019-07-01,2019-06-01,61114.0,56719.82911124794,1,forecast_flow_identity,cv,6
2019-08-01,2019-07-01,65254.0,58704.32911124798,1,forecast_flow_identity,cv,6
2019-09-01,2019-08-01,64954.0,64185.787849594766,1,forecast_flow_identity,cv,6
2019-10-01,2019-09-01,60265.0,61833.67327791461,1,forecast_flow_identity,cv,6
2019-11-01,2019-10-01,61239.0,60298.649946368976,1,forecast_flow_identity,cv,6
2019-12-01,2019-11-01,65614.0,64232.54744458127,1,forecast_flow_identity,cv,6
2020-01-01,2019-12-01,68129.0,73691.94744458125,1,forecast_flow_identity,cv,6
2020-02-01,2020-01-01,63763.0,65702.59207949307,1,forecast_flow_identity,cv,6
2020-03-01,2020-02-01,70994.0,58621.886268472896,1,forecast_flow_identity,cv,6
2020-04-01,2020-03-01,70212.0,73316.76090497377,1,forecast_flow_identity,cv,6
2020-05-01,2020-04-01,74366.0,72122.43043513958,1,forecast_flow_identity,cv,6
2020-06-01,2020-05-01,73145.0,72859.59558239314,1,forecast_flow_identity,cv,6
2020-07-01,2020-06-01,69204.0,71668.08626847292,1,forecast_flow_identity,cv,7
2020-08-01,2020-07-01,62131.0,68314.63626847291,1,forecast_flow_identity,cv,7
2020-09-01,2020-08-01,61839.0,61274.357679167355,1,forecast_flow_identity,cv,7
2020-10-01,2020-09-01,61701.0,58929.6237684729,1,forecast_flow_identity,cv,7
2020-11-01,2020-10-01,67299.0,61844.464937231845,1,forecast_flow_identity,cv,7
2020-12-01,2020-11-01,68522.0,69970.87210180624,1,forecast_flow_identity,cv,7
2021-01-01,2020-12-01,67084.0,75679.99710180625,1,forecast_flow_identity,cv,7
2021-02-01,2021-01-01,68408.0,64145.82018539116,1,forecast_flow_identity,cv,7
2021-03-01,2021-02-01,65099.0,66043.49491584566,1,forecast_flow_identity,cv,7
2021-04-01,2021-03-01,63466.0,67226.12572501191,1,forecast_flow_identity,cv,7
2021-05-01,2021-04-01,66423.0,66605.46824917899,1,forecast_flow_identity,cv,7
2021-06-01,2021-05-01,69877.0,64614.65959597967,1,forecast_flow_identity,cv,7
2021-07-01,2021-06-01,62682.0,68643.03574917896,1,forecast_flow_identity,cv,8
2021-08-01,2021-07-01,55205.0,60574.610749178966,1,forecast_flow_identity,cv,8
2021-09-01,2021-08-01,59038.0,53885.35717662482,1,forecast_flow_identity,cv,8
2021-10-01,2021-09-01,53113.0,56347.339915845645,1,forecast_flow_identity,cv,8
2021-11-01,2021-10-01,56872.0,54288.517660495796,1,forecast_flow_identity,cv,8
2021-12-01,2021-11-01,61830.0,59018.44908251233,1,forecast_flow_identity,cv,8
2022-01-01,2021-12-01,65541.0,66665.67408251234,1,forecast_flow_identity,cv,8
2022-02-01,2022-01-01,61884.0,63071.138993325905,1,forecast_flow_identity,cv,8
2022-03-01,2022-02-01,56984.0,59785.84357142862,1,forecast_flow_identity,cv,8
2022-04-01,2022-03-01,52786.0,57761.316359446995,1,forecast_flow_identity,cv,8
2022-05-01,2022-04-01,53989.0,55971.02523809526,1,forecast_flow_identity,cv,8
2022-06-01,2022-05-01,53605.0,51749.93410138249,1,forecast_flow_identity,cv,8
2022-07-01,2022-06-01,52870.0,49893.87857142858,1,forecast_flow_identity,cv,9
2022-08-01,2022-07-01,54121.0,49856.34249999999,1,forecast_flow_identity,cv,9
2022-09-01,2022-08-01,54334.0,54691.14055299538,1,forecast_flow_identity,cv,9
2022-10-01,2022-09-01,50932.0,49795.39273809524,1,forecast_flow_identity,cv,9
2022-11-01,2022-10-01,51102.0,51991.488709677404,1,forecast_flow_identity,cv,9
2022-12-01,2022-11-01,56398.0,53276.861666666635,1,forecast_flow_identity,cv,9
2023-01-01,2022-12-01,61972.0,59572.611666666664,1,forecast_flow_identity,cv,9
2023-02-01,2023-01-01,64330.0,58481.88506488692,1,forecast_flow_identity,cv,9
2023-03-01,2023-02-01,52690.0,62370.19242405583,1,forecast_flow_identity,cv,9
2023-04-01,2023-03-01,53256.0,51393.62170069918,1,forecast_flow_identity,cv,9
2023-05-01,2023-04-01,55471.0,56422.20139367819,1,forecast_flow_identity,cv,9
2023-06-01,2023-05-01,56992.0,54092.169090656294,1,forecast_flow_identity,cv,9
2023-07-01,2023-06-01,56885.0,54306.959924055845,1,forecast_flow_identity,cv,10
2023-08-01,2023-07-01,57442.0,55328.90992405581,1,forecast_flow_identity,cv,10
2023-09-01,2023-08-01,58791.0,59189.25134872081,1,forecast_flow_identity,cv,10
2023-10-01,2023-09-01,55791.0,55726.82806034482,1,forecast_flow_identity,cv,10
2023-11-01,2023-10-01,53460.0,57174.38863618307,1,forecast_flow_identity,cv,10
2023-12-01,2023-11-01,60085.0,56786.0049240558,1,forecast_flow_identity,cv,10
2024-01-01,2023-12-01,64127.0,63965.42992405582,1,forecast_flow_identity,cv,10
2024-02-01,2024-01-01,64192.0,62052.088362135146,1,forecast_flow_identity,cv,10
2024-03-01,2024-02-01,54901.0,60985.22632183908,1,forecast_flow_identity,cv,10
2024-04-01,2024-03-01,54857.0,52959.99321468298,1,forecast_flow_identity,cv,10
2024-05-01,2024-04-01,56490.0,57766.90798850577,1,forecast_flow_identity,cv,10
2024-06-01,2024-05-01,56776.0,55856.178130462395,1,forecast_flow_identity,cv,10
2014-07-01,2014-06-01,59765.0,60048.28994912633,1,constrained_level,cv,1
2014-08-01,2014-07-01,57773.0,58116.199189449486,1,constrained_level,cv,1
2014-09-01,2014-08-01,55712.0,57668.53050055695,1,constrained_level,cv,1
2014-10-01,2014-09-01,50685.0,55592.707692767726,1,constrained_level,cv,1
2014-11-01,2014-10-01,53624.0,51854.04705141839,1,constrained_level,cv,1
2014-12-01,2014-11-01,62085.0,57592.69537070747,1,constrained_level,cv,1
2015-01-01,2014-12-01,69032.0,63100.05539366263,1,constrained_level,cv,1
2015-02-01,2015-01-01,68142.0,66421.36292426061,1,constrained_level,cv,1
2015-03-01,2015-02-01,64542.0,61938.982582989454,1,constrained_level,cv,1
2015-04-01,2015-03-01,63272.0,61243.42267772913,1,constrained_level,cv,1
2015-05-01,2015-04-01,61203.0,60052.570350529124,1,constrained_level,cv,1
2015-06-01,2015-05-01,61350.0,59171.75779587093,1,constrained_level,cv,1
2015-07-01,2015-06-01,58703.0,61284.39060478877,1,constrained_level,cv,2
2015-08-01,2015-07-01,60374.0,57825.773847541415,1,constrained_level,cv,2
2015-09-01,2015-08-01,62622.0,61571.95707624332,1,constrained_level,cv,2
2015-10-01,2015-09-01,59687.0,62046.54563220727,1,constrained_level,cv,2
2015-11-01,2015-10-01,58578.0,58617.56088993367,1,constrained_level,cv,2
2015-12-01,2015-11-01,60722.0,58569.784842391055,1,constrained_level,cv,2
2016-01-01,2015-12-01,70309.0,61637.95558432884,1,constrained_level,cv,2
2016-02-01,2016-01-01,71066.0,69805.33172284462,1,constrained_level,cv,2
2016-03-01,2016-02-01,65920.0,66577.46964700366,1,constrained_level,cv,2
2016-04-01,2016-03-01,69091.0,63459.815734389646,1,constrained_level,cv,2
2016-05-01,2016-04-01,69708.0,66007.55656797027,1,constrained_level,cv,2
2016-06-01,2016-05-01,73138.0,66365.65697981475,1,constrained_level,cv,2
2016-07-01,2016-06-01,72616.0,69767.97816391564,1,constrained_level,cv,3
2016-08-01,2016-07-01,65184.0,69569.75372708235,1,constrained_level,cv,3
2016-09-01,2016-08-01,58842.0,63519.55876118707,1,constrained_level,cv,3
2016-10-01,2016-09-01,60975.0,56512.05659358841,1,constrained_level,cv,3
2016-11-01,2016-10-01,63052.0,61869.343193180524,1,constrained_level,cv,3
2016-12-01,2016-11-01,65379.0,63664.56521864206,1,constrained_level,cv,3
2017-01-01,2016-12-01,74583.0,66320.47705919734,1,constrained_level,cv,3
2017-02-01,2017-01-01,72957.0,74325.94979894515,1,constrained_level,cv,3
2017-03-01,2017-02-01,65469.0,67898.38073641744,1,constrained_level,cv,3
2017-04-01,2017-03-01,68482.0,63507.95787826856,1,constrained_level,cv,3
2017-05-01,2017-04-01,70684.0,67675.84862580881,1,constrained_level,cv,3
2017-06-01,2017-05-01,67745.0,69586.42944873976,1,constrained_level,cv,3
2017-07-01,2017-06-01,64144.0,66114.50171891773,1,constrained_level,cv,4
2017-08-01,2017-07-01,60660.0,63858.18963155412,1,constrained_level,cv,4
2017-09-01,2017-08-01,59007.0,61931.8167955158,1,constrained_level,cv,4
2017-10-01,2017-09-01,54456.0,59147.04416855957,1,constrained_level,cv,4
2017-11-01,2017-10-01,58907.0,57607.832818779054,1,constrained_level,cv,4
2017-12-01,2017-11-01,60642.0,63583.0411214342,1,constrained_level,cv,4
2018-01-01,2017-12-01,65037.0,65714.97127498584,1,constrained_level,cv,4
2018-02-01,2018-01-01,63106.0,66162.6507039191,1,constrained_level,cv,4
2018-03-01,2018-02-01,58372.0,60464.49507309191,1,constrained_level,cv,4
2018-04-01,2018-03-01,64718.0,58860.69913313264,1,constrained_level,cv,4
2018-05-01,2018-04-01,68311.0,66681.88527515836,1,constrained_level,cv,4
2018-06-01,2018-05-01,66777.0,68309.69601127724,1,constrained_level,cv,4
2018-07-01,2018-06-01,64871.0,65287.500766211,1,constrained_level,cv,5
2018-08-01,2018-07-01,66651.0,63782.80406908205,1,constrained_level,cv,5
2018-09-01,2018-08-01,70204.0,66393.1651049831,1,constrained_level,cv,5
2018-10-01,2018-09-01,66430.0,69526.30022785165,1,constrained_level,cv,5
2018-11-01,2018-10-01,60886.0,65013.81843575837,1,constrained_level,cv,5
2018-12-01,2018-11-01,62894.0,60724.09247266075,1,constrained_level,cv,5
2019-01-01,2018-12-01,72680.0,66776.38227735514,1,constrained_level,cv,5
2019-02-01,2019-01-01,65841.0,73596.23214032497,1,constrained_level,cv,5
2019-03-01,2019-02-01,62461.0,60765.14969580053,1,constrained_level,cv,5
2019-04-01,2019-03-01,60742.0,63701.734091845996,1,constrained_level,cv,5
2019-05-01,2019-04-01,65734.0,61898.76039359909,1,constrained_level,cv,5
2019-06-01,2019-05-01,59764.0,68892.27052599547,1,constrained_level,cv,5
2019-07-01,2019-06-01,61114.0,58401.734068477665,1,constrained_level,cv,6
2019-08-01,2019-07-01,65254.0,61279.79879688201,1,constrained_level,cv,6
2019-09-01,2019-08-01,64954.0,65594.37015170764,1,constrained_level,cv,6
2019-10-01,2019-09-01,60265.0,61914.77355458588,1,constrained_level,cv,6
2019-11-01,2019-10-01,61239.0,58918.06313409355,1,constrained_level,cv,6
2019-12-01,2019-11-01,65614.0,62245.34295162333,1,constrained_level,cv,6
2020-01-01,2019-12-01,68129.0,66085.57685598552,1,constrained_level,cv,6
2020-02-01,2020-01-01,63763.0,66897.17475520732,1,constrained_level,cv,6
2020-03-01,2020-02-01,70994.0,61574.92659454411,1,constrained_level,cv,6
2020-04-01,2020-03-01,70212.0,67514.082505883,1,constrained_level,cv,6
2020-05-01,2020-04-01,74366.0,59616.13117581798,1,constrained_level,cv,6
2020-06-01,2020-05-01,73145.0,66645.14369046905,1,constrained_level,cv,6
2020-07-01,2020-06-01,69204.0,70154.24021024369,1,constrained_level,cv,7
2020-08-01,2020-07-01,62131.0,66052.7618092075,1,constrained_level,cv,7
2020-09-01,2020-08-01,61839.0,60845.62504597501,1,constrained_level,cv,7
2020-10-01,2020-09-01,61701.0,62608.341707756794,1,constrained_level,cv,7
2020-11-01,2020-10-01,67299.0,62461.10855488061,1,constrained_level,cv,7
2020-12-01,2020-11-01,68522.0,66846.45242505771,1,constrained_level,cv,7
2021-01-01,2020-12-01,67084.0,68245.02508438121,1,constrained_level,cv,7
2021-02-01,2021-01-01,68408.0,65363.131735136405,1,constrained_level,cv,7
2021-03-01,2021-02-01,65099.0,65395.37215879216,1,constrained_level,cv,7
2021-04-01,2021-03-01,63466.0,61966.770647750454,1,constrained_level,cv,7
2021-05-01,2021-04-01,66423.0,62149.521251669634,1,constrained_level,cv,7
2021-06-01,2021-05-01,69877.0,64311.01264790281,1,constrained_level,cv,7
2021-07-01,2021-06-01,62682.0,70179.42028653373,1,constrained_level,cv,8
2021-08-01,2021-07-01,55205.0,61006.8683187422,1,constrained_level,cv,8
2021-09-01,2021-08-01,59038.0,56440.583768786644,1,constrained_level,cv,8
2021-10-01,2021-09-01,53113.0,60738.54548601159,1,constrained_level,cv,8
2021-11-01,2021-10-01,56872.0,56891.053165239595,1,constrained_level,cv,8
2021-12-01,2021-11-01,61830.0,60083.38979507984,1,constrained_level,cv,8
2022-01-01,2021-12-01,65541.0,65199.39146241909,1,constrained_level,cv,8
2022-02-01,2022-01-01,61884.0,67128.78851400118,1,constrained_level,cv,8
2022-03-01,2022-02-01,56984.0,60293.57335781155,1,constrained_level,cv,8
2022-04-01,2022-03-01,52786.0,58434.63810277429,1,constrained_level,cv,8
2022-05-01,2022-04-01,53989.0,54455.546647744544,1,constrained_level,cv,8
2022-06-01,2022-05-01,53605.0,58475.12137585731,1,constrained_level,cv,8
2022-07-01,2022-06-01,52870.0,55487.52936309011,1,constrained_level,cv,9
2022-08-01,2022-07-01,54121.0,53562.83459623148,1,constrained_level,cv,9
2022-09-01,2022-08-01,54334.0,56280.33220954746,1,constrained_level,cv,9
2022-10-01,2022-09-01,50932.0,56551.29820415894,1,constrained_level,cv,9
2022-11-01,2022-10-01,51102.0,54721.04538003952,1,constrained_level,cv,9
2022-12-01,2022-11-01,56398.0,54219.6072422573,1,constrained_level,cv,9
2023-01-01,2022-12-01,61972.0,59092.58964339415,1,constrained_level,cv,9
2023-02-01,2023-01-01,64330.0,62488.69001174657,1,constrained_level,cv,9
2023-03-01,2023-02-01,52690.0,64204.23423032259,1,constrained_level,cv,9
2023-04-01,2023-03-01,53256.0,55612.78992342556,1,constrained_level,cv,9
2023-05-01,2023-04-01,55471.0,55623.752134778944,1,constrained_level,cv,9
2023-06-01,2023-05-01,56992.0,57802.30592932485,1,constrained_level,cv,9
2023-07-01,2023-06-01,56885.0,57669.32855646462,1,constrained_level,cv,10
2023-08-01,2023-07-01,57442.0,56773.02619251187,1,constrained_level,cv,10
2023-09-01,2023-08-01,58791.0,57865.57450629039,1,constrained_level,cv,10
2023-10-01,2023-09-01,55791.0,59447.15428866457,1,constrained_level,cv,10
2023-11-01,2023-10-01,53460.0,56755.89192332482,1,constrained_level,cv,10
2023-12-01,2023-11-01,60085.0,55728.348743556926,1,constrained_level,cv,10
2024-01-01,2023-12-01,64127.0,63275.16292393668,1,constrained_level,cv,10
2024-02-01,2024-01-01,64192.0,64583.72839035528,1,constrained_level,cv,10
2024-03-01,2024-02-01,54901.0,64288.1860330321,1,constrained_level,cv,10
2024-04-01,2024-03-01,54857.0,55737.56553711263,1,constrained_level,cv,10
2024-05-01,2024-04-01,56490.0,56064.756912611614,1,constrained_level,cv,10
2024-06-01,2024-05-01,56776.0,58812.369010785376,1,constrained_level,cv,10
2014-07-01,2014-06-01,59765.0,60941.30250622094,1,ridge_change,cv,1
2014-08-01,2014-07-01,57773.0,59053.10960827595,1,ridge_change,cv,1
2014-09-01,2014-08-01,55712.0,58482.11212553286,1,ridge_change,cv,1
2014-10-01,2014-09-01,50685.0,56122.068599187245,1,ridge_change,cv,1
2014-11-01,2014-10-01,53624.0,52140.99242267428,1,ridge_change,cv,1
2014-12-01,2014-11-01,62085.0,58197.32109291444,1,ridge_change,cv,1
2015-01-01,2014-12-01,69032.0,63909.87760159781,1,ridge_change,cv,1
2015-02-01,2015-01-01,68142.0,67424.60445053538,1,ridge_change,cv,1
2015-03-01,2015-02-01,64542.0,62956.3149255761,1,ridge_change,cv,1
2015-04-01,2015-03-01,63272.0,62692.74944708334,1,ridge_change,cv,1
2015-05-01,2015-04-01,61203.0,61380.40869114803,1,ridge_change,cv,1
2015-06-01,2015-05-01,61350.0,60722.87024406522,1,ridge_change,cv,1
2015-07-01,2015-06-01,58703.0,62559.06653366965,1,ridge_change,cv,2
2015-08-01,2015-07-01,60374.0,58023.84504961794,1,ridge_change,cv,2
2015-09-01,2015-08-01,62622.0,61911.34799440393,1,ridge_change,cv,2
2015-10-01,2015-09-01,59687.0,62177.31344859887,1,ridge_change,cv,2
2015-11-01,2015-10-01,58578.0,58639.25739155924,1,ridge_change,cv,2
2015-12-01,2015-11-01,60722.0,59444.8256566042,1,ridge_change,cv,2
2016-01-01,2015-12-01,70309.0,62395.821543650556,1,ridge_change,cv,2
2016-02-01,2016-01-01,71066.0,71242.43267337214,1,ridge_change,cv,2
2016-03-01,2016-02-01,65920.0,68015.17839413858,1,ridge_change,cv,2
2016-04-01,2016-03-01,69091.0,65260.80432383551,1,ridge_change,cv,2
2016-05-01,2016-04-01,69708.0,67055.8212991157,1,ridge_change,cv,2
2016-06-01,2016-05-01,73138.0,68330.25004550006,1,ridge_change,cv,2
2016-07-01,2016-06-01,72616.0,70492.65024208292,1,ridge_change,cv,3
2016-08-01,2016-07-01,65184.0,69939.22775559509,1,ridge_change,cv,3
2016-09-01,2016-08-01,58842.0,65030.747623247415,1,ridge_change,cv,3
2016-10-01,2016-09-01,60975.0,58657.561708612,1,ridge_change,cv,3
2016-11-01,2016-10-01,63052.0,61732.77862115909,1,ridge_change,cv,3
2016-12-01,2016-11-01,65379.0,65120.3579847827,1,ridge_change,cv,3
2017-01-01,2016-12-01,74583.0,67872.96397550066,1,ridge_change,cv,3
2017-02-01,2017-01-01,72957.0,75488.27048921055,1,ridge_change,cv,3
2017-03-01,2017-02-01,65469.0,69174.71415600694,1,ridge_change,cv,3
2017-04-01,2017-03-01,68482.0,65315.428470731305,1,ridge_change,cv,3
2017-05-01,2017-04-01,70684.0,69059.64544721221,1,ridge_change,cv,3
2017-06-01,2017-05-01,67745.0,71502.51893313641,1,ridge_change,cv,3
2017-07-01,2017-06-01,64144.0,68235.70552920237,1,ridge_change,cv,4
2017-08-01,2017-07-01,60660.0,64949.92184533894,1,ridge_change,cv,4
2017-09-01,2017-08-01,59007.0,61947.73545501391,1,ridge_change,cv,4
2017-10-01,2017-09-01,54456.0,61115.71334373803,1,ridge_change,cv,4
2017-11-01,2017-10-01,58907.0,57875.30232844678,1,ridge_change,cv,4
2017-12-01,2017-11-01,60642.0,63793.119550454954,1,ridge_change,cv,4
2018-01-01,2017-12-01,65037.0,67416.29993088133,1,ridge_change,cv,4
2018-02-01,2018-01-01,63106.0,67444.28680581045,1,ridge_change,cv,4
2018-03-01,2018-02-01,58372.0,61622.20417901349,1,ridge_change,cv,4
2018-04-01,2018-03-01,64718.0,60430.10038527136,1,ridge_change,cv,4
2018-05-01,2018-04-01,68311.0,68417.52315558797,1,ridge_change,cv,4
2018-06-01,2018-05-01,66777.0,69152.38181696124,1,ridge_change,cv,4
2018-07-01,2018-06-01,64871.0,65935.76888446703,1,ridge_change,cv,5
2018-08-01,2018-07-01,66651.0,63981.72798292682,1,ridge_change,cv,5
2018-09-01,2018-08-01,70204.0,66187.48605867068,1,ridge_change,cv,5
2018-10-01,2018-09-01,66430.0,68304.8457663026,1,ridge_change,cv,5
2018-11-01,2018-10-01,60886.0,64460.694029284445,1,ridge_change,cv,5
2018-12-01,2018-11-01,62894.0,59673.31149419853,1,ridge_change,cv,5
2019-01-01,2018-12-01,72680.0,66053.45639617291,1,ridge_change,cv,5
2019-02-01,2019-01-01,65841.0,72276.17266365491,1,ridge_change,cv,5
2019-03-01,2019-02-01,62461.0,60565.56869081296,1,ridge_change,cv,5
2019-04-01,2019-03-01,60742.0,62992.88253296009,1,ridge_change,cv,5
2019-05-01,2019-04-01,65734.0,62971.01560803068,1,ridge_change,cv,5
2019-06-01,2019-05-01,59764.0,68917.10141206002,1,ridge_change,cv,5
2019-07-01,2019-06-01,61114.0,59468.14328375316,1,ridge_change,cv,6
2019-08-01,2019-07-01,65254.0,62103.08006001891,1,ridge_change,cv,6
2019-09-01,2019-08-01,64954.0,66063.97253993778,1,ridge_change,cv,6
2019-10-01,2019-09-01,60265.0,63039.31856641213,1,ridge_change,cv,6
2019-11-01,2019-10-01,61239.0,59128.964659270634,1,ridge_change,cv,6
2019-12-01,2019-11-01,65614.0,62074.94501155196,1,ridge_change,cv,6
2020-01-01,2019-12-01,68129.0,66804.4456970958,1,ridge_change,cv,6
2020-02-01,2020-01-01,63763.0,66624.52269598801,1,ridge_change,cv,6
2020-03-01,2020-02-01,70994.0,61481.833893369425,1,ridge_change,cv,6
2020-04-01,2020-03-01,70212.0,67222.50505677865,1,ridge_change,cv,6
2020-05-01,2020-04-01,74366.0,60188.041754393606,1,ridge_change,cv,6
2020-06-01,2020-05-01,73145.0,65004.37068962726,1,ridge_change,cv,6
2020-07-01,2020-06-01,69204.0,69498.93547373905,1,ridge_change,cv,7
2020-08-01,2020-07-01,62131.0,66050.10623902793,1,ridge_change,cv,7
2020-09-01,2020-08-01,61839.0,61026.54000102833,1,ridge_change,cv,7
2020-10-01,2020-09-01,61701.0,61747.658720465624,1,ridge_change,cv,7
2020-11-01,2020-10-01,67299.0,61111.15151308639,1,ridge_change,cv,7
2020-12-01,2020-11-01,68522.0,66415.19643422187,1,ridge_change,cv,7
2021-01-01,2020-12-01,67084.0,68074.7115573305,1,ridge_change,cv,7
2021-02-01,2021-01-01,68408.0,65061.52652858046,1,ridge_change,cv,7
2021-03-01,2021-02-01,65099.0,66944.6678355347,1,ridge_change,cv,7
2021-04-01,2021-03-01,63466.0,63448.34142526284,1,ridge_change,cv,7
2021-05-01,2021-04-01,66423.0,63885.632765177754,1,ridge_change,cv,7
2021-06-01,2021-05-01,69877.0,65820.68954848219,1,ridge_change,cv,7
2021-07-01,2021-06-01,62682.0,70053.57298252429,1,ridge_change,cv,8
2021-08-01,2021-07-01,55205.0,60763.504658469996,1,ridge_change,cv,8
2021-09-01,2021-08-01,59038.0,56334.83672574012,1,ridge_change,cv,8
2021-10-01,2021-09-01,53113.0,60406.926172931824,1,ridge_change,cv,8
2021-11-01,2021-10-01,56872.0,57413.10457691603,1,ridge_change,cv,8
2021-12-01,2021-11-01,61830.0,60419.36755997194,1,ridge_change,cv,8
2022-01-01,2021-12-01,65541.0,64736.76453152773,1,ridge_change,cv,8
2022-02-01,2022-01-01,61884.0,67077.39256807572,1,ridge_change,cv,8
2022-03-01,2022-02-01,56984.0,60932.62125248937,1,ridge_change,cv,8
2022-04-01,2022-03-01,52786.0,58248.05608949236,1,ridge_change,cv,8
2022-05-01,2022-04-01,53989.0,55225.98342927523,1,ridge_change,cv,8
2022-06-01,2022-05-01,53605.0,59011.34269501986,1,ridge_change,cv,8
2022-07-01,2022-06-01,52870.0,55165.611312055735,1,ridge_change,cv,9
2022-08-01,2022-07-01,54121.0,52280.51104351342,1,ridge_change,cv,9
2022-09-01,2022-08-01,54334.0,54984.91252295095,1,ridge_change,cv,9
2022-10-01,2022-09-01,50932.0,54607.900344628106,1,ridge_change,cv,9
2022-11-01,2022-10-01,51102.0,52968.71176126466,1,ridge_change,cv,9
2022-12-01,2022-11-01,56398.0,53667.84990419323,1,ridge_change,cv,9
2023-01-01,2022-12-01,61972.0,58899.62644146194,1,ridge_change,cv,9
2023-02-01,2023-01-01,64330.0,61427.5191983252,1,ridge_change,cv,9
2023-03-01,2023-02-01,52690.0,62396.165436810785,1,ridge_change,cv,9
2023-04-01,2023-03-01,53256.0,53056.08499513945,1,ridge_change,cv,9
2023-05-01,2023-04-01,55471.0,53797.6894245423,1,ridge_change,cv,9
2023-06-01,2023-05-01,56992.0,55550.01396309846,1,ridge_change,cv,9
2023-07-01,2023-06-01,56885.0,56228.494697723385,1,ridge_change,cv,10
2023-08-01,2023-07-01,57442.0,55065.710859956926,1,ridge_change,cv,10
2023-09-01,2023-08-01,58791.0,56338.65613003887,1,ridge_change,cv,10
2023-10-01,2023-09-01,55791.0,57200.14182716428,1,ridge_change,cv,10
2023-11-01,2023-10-01,53460.0,54338.20609429025,1,ridge_change,cv,10
2023-12-01,2023-11-01,60085.0,54264.63164182105,1,ridge_change,cv,10
2024-01-01,2023-12-01,64127.0,62098.060799310195,1,ridge_change,cv,10
2024-02-01,2024-01-01,64192.0,63634.17371290459,1,ridge_change,cv,10
2024-03-01,2024-02-01,54901.0,61759.23557733598,1,ridge_change,cv,10
2024-04-01,2024-03-01,54857.0,53714.255221457155,1,ridge_change,cv,10
2024-05-01,2024-04-01,56490.0,54757.024447962416,1,ridge_change,cv,10
2024-06-01,2024-05-01,56776.0,57290.91648172752,1,ridge_change,cv,10
2014-07-01,2014-06-01,59765.0,59321.602606583925,1,seasonal_ridge_change,cv,1
2014-08-01,2014-07-01,57773.0,57735.00061173783,1,seasonal_ridge_change,cv,1
2014-09-01,2014-08-01,55712.0,57332.87529359139,1,seasonal_ridge_change,cv,1
2014-10-01,2014-09-01,50685.0,54686.164814430114,1,seasonal_ridge_change,cv,1
2014-11-01,2014-10-01,53624.0,53393.17652236636,1,seasonal_ridge_change,cv,1
2014-12-01,2014-11-01,62085.0,57776.30909499322,1,seasonal_ridge_change,cv,1
2015-01-01,2014-12-01,69032.0,64425.5034748053,1,seasonal_ridge_change,cv,1
2015-02-01,2015-01-01,68142.0,68211.37034110718,1,seasonal_ridge_change,cv,1
2015-03-01,2015-02-01,64542.0,62940.63301439036,1,seasonal_ridge_change,cv,1
2015-04-01,2015-03-01,63272.0,62816.2550230835,1,seasonal_ridge_change,cv,1
2015-05-01,2015-04-01,61203.0,61190.408015303205,1,seasonal_ridge_change,cv,1
2015-06-01,2015-05-01,61350.0,60009.618172686976,1,seasonal_ridge_change,cv,1
2015-07-01,2015-06-01,58703.0,61308.92602544348,1,seasonal_ridge_change,cv,2
2015-08-01,2015-07-01,60374.0,57562.961899952636,1,seasonal_ridge_change,cv,2
2015-09-01,2015-08-01,62622.0,60890.803097408585,1,seasonal_ridge_change,cv,2
2015-10-01,2015-09-01,59687.0,61375.934721502315,1,seasonal_ridge_change,cv,2
2015-11-01,2015-10-01,58578.0,59098.73846473618,1,seasonal_ridge_change,cv,2
2015-12-01,2015-11-01,60722.0,59227.24038047991,1,seasonal_ridge_change,cv,2
2016-01-01,2015-12-01,70309.0,63444.33632150938,1,seasonal_ridge_change,cv,2
2016-02-01,2016-01-01,71066.0,71129.91962277626,1,seasonal_ridge_change,cv,2
2016-03-01,2016-02-01,65920.0,67968.91966886536,1,seasonal_ridge_change,cv,2
2016-04-01,2016-03-01,69091.0,65789.78058812181,1,seasonal_ridge_change,cv,2
2016-05-01,2016-04-01,69708.0,66833.33348091484,1,seasonal_ridge_change,cv,2
2016-06-01,2016-05-01,73138.0,67344.24394962362,1,seasonal_ridge_change,cv,2
2016-07-01,2016-06-01,72616.0,68808.32716923427,1,seasonal_ridge_change,cv,3
2016-08-01,2016-07-01,65184.0,68009.94089779738,1,seasonal_ridge_change,cv,3
2016-09-01,2016-08-01,58842.0,62787.578819635884,1,seasonal_ridge_change,cv,3
2016-10-01,2016-09-01,60975.0,57518.61501064305,1,seasonal_ridge_change,cv,3
2016-11-01,2016-10-01,63052.0,61275.30036018854,1,seasonal_ridge_change,cv,3
2016-12-01,2016-11-01,65379.0,65294.34747844734,1,seasonal_ridge_change,cv,3
2017-01-01,2016-12-01,74583.0,67699.47428648689,1,seasonal_ridge_change,cv,3
2017-02-01,2017-01-01,72957.0,74929.79923709764,1,seasonal_ridge_change,cv,3
2017-03-01,2017-02-01,65469.0,67607.57369023965,1,seasonal_ridge_change,cv,3
2017-04-01,2017-03-01,68482.0,65126.767839396474,1,seasonal_ridge_change,cv,3
2017-05-01,2017-04-01,70684.0,68036.7578223768,1,seasonal_ridge_change,cv,3
2017-06-01,2017-05-01,67745.0,69031.60585589478,1,seasonal_ridge_change,cv,3
2017-07-01,2017-06-01,64144.0,65885.54048193447,1,seasonal_ridge_change,cv,4
2017-08-01,2017-07-01,60660.0,63062.480844213445,1,seasonal_ridge_change,cv,4
2017-09-01,2017-08-01,59007.0,61641.706531929995,1,seasonal_ridge_change,cv,4
2017-10-01,2017-09-01,54456.0,59577.87405538521,1,seasonal_ridge_change,cv,4
2017-11-01,2017-10-01,58907.0,58382.21528850338,1,seasonal_ridge_change,cv,4
2017-12-01,2017-11-01,60642.0,64157.174757880355,1,seasonal_ridge_change,cv,4
2018-01-01,2017-12-01,65037.0,67645.72310850969,1,seasonal_ridge_change,cv,4
2018-02-01,2018-01-01,63106.0,67615.05357801929,1,seasonal_ridge_change,cv,4
2018-03-01,2018-02-01,58372.0,61342.08703796781,1,seasonal_ridge_change,cv,4
2018-04-01,2018-03-01,64718.0,61177.62815209816,1,seasonal_ridge_change,cv,4
2018-05-01,2018-04-01,68311.0,67289.63293942636,1,seasonal_ridge_change,cv,4
2018-06-01,2018-05-01,66777.0,68265.36385273782,1,seasonal_ridge_change,cv,4
2018-07-01,2018-06-01,64871.0,64271.945632024406,1,seasonal_ridge_change,cv,5
2018-08-01,2018-07-01,66651.0,63016.77044608202,1,seasonal_ridge_change,cv,5
2018-09-01,2018-08-01,70204.0,65022.040732606525,1,seasonal_ridge_change,cv,5
2018-10-01,2018-09-01,66430.0,66528.41597286785,1,seasonal_ridge_change,cv,5
2018-11-01,2018-10-01,60886.0,64348.3230425546,1,seasonal_ridge_change,cv,5
2018-12-01,2018-11-01,62894.0,60059.07178825937,1,seasonal_ridge_change,cv,5
2019-01-01,2018-12-01,72680.0,67083.2644671629,1,seasonal_ridge_change,cv,5
2019-02-01,2019-01-01,65841.0,73255.45689009425,1,seasonal_ridge_change,cv,5
2019-03-01,2019-02-01,62461.0,60684.80443242569,1,seasonal_ridge_change,cv,5
2019-04-01,2019-03-01,60742.0,65331.45089354907,1,seasonal_ridge_change,cv,5
2019-05-01,2019-04-01,65734.0,63380.91800721895,1,seasonal_ridge_change,cv,5
2019-06-01,2019-05-01,59764.0,69002.78351435796,1,seasonal_ridge_change,cv,5
2019-07-01,2019-06-01,61114.0,57505.79730119708,1,seasonal_ridge_change,cv,6
2019-08-01,2019-07-01,65254.0,60362.61023600224,1,seasonal_ridge_change,cv,6
2019-09-01,2019-08-01,64954.0,63977.65992890327,1,seasonal_ridge_change,cv,6
2019-10-01,2019-09-01,60265.0,59777.53229092073,1,seasonal_ridge_change,cv,6
2019-11-01,2019-10-01,61239.0,58455.99798456081,1,seasonal_ridge_change,cv,6
2019-12-01,2019-11-01,65614.0,61960.69645240923,1,seasonal_ridge_change,cv,6
2020-01-01,2019-12-01,68129.0,66433.50707693536,1,seasonal_ridge_change,cv,6
2020-02-01,2020-01-01,63763.0,66645.29869697559,1,seasonal_ridge_change,cv,6
2020-03-01,2020-02-01,70994.0,61520.2142227806,1,seasonal_ridge_change,cv,6
2020-04-01,2020-03-01,70212.0,65527.007580803496,1,seasonal_ridge_change,cv,6
2020-05-01,2020-04-01,74366.0,53568.64287747524,1,seasonal_ridge_change,cv,6
2020-06-01,2020-05-01,73145.0,59717.59922093493,1,seasonal_ridge_change,cv,6
2020-07-01,2020-06-01,69204.0,68592.58819222038,1,seasonal_ridge_change,cv,7
2020-08-01,2020-07-01,62131.0,65254.60449809088,1,seasonal_ridge_change,cv,7
2020-09-01,2020-08-01,61839.0,60316.909006322065,1,seasonal_ridge_change,cv,7
2020-10-01,2020-09-01,61701.0,61005.809202067445,1,seasonal_ridge_change,cv,7
2020-11-01,2020-10-01,67299.0,61042.013164404314,1,seasonal_ridge_change,cv,7
2020-12-01,2020-11-01,68522.0,66312.32395075275,1,seasonal_ridge_change,cv,7
2021-01-01,2020-12-01,67084.0,68347.48641915465,1,seasonal_ridge_change,cv,7
2021-02-01,2021-01-01,68408.0,65666.03065442469,1,seasonal_ridge_change,cv,7
2021-03-01,2021-02-01,65099.0,66813.31030780083,1,seasonal_ridge_change,cv,7
2021-04-01,2021-03-01,63466.0,63841.77904996433,1,seasonal_ridge_change,cv,7
2021-05-01,2021-04-01,66423.0,63855.74899596159,1,seasonal_ridge_change,cv,7
2021-06-01,2021-05-01,69877.0,65232.59866042169,1,seasonal_ridge_change,cv,7
2021-07-01,2021-06-01,62682.0,69497.91712302767,1,seasonal_ridge_change,cv,8
2021-08-01,2021-07-01,55205.0,60584.24123137815,1,seasonal_ridge_change,cv,8
2021-09-01,2021-08-01,59038.0,56288.4584723165,1,seasonal_ridge_change,cv,8
2021-10-01,2021-09-01,53113.0,60212.94287841897,1,seasonal_ridge_change,cv,8
2021-11-01,2021-10-01,56872.0,57423.053586493006,1,seasonal_ridge_change,cv,8
2021-12-01,2021-11-01,61830.0,60621.624784848296,1,seasonal_ridge_change,cv,8
2022-01-01,2021-12-01,65541.0,65169.23000340525,1,seasonal_ridge_change,cv,8
2022-02-01,2022-01-01,61884.0,67119.55562754825,1,seasonal_ridge_change,cv,8
2022-03-01,2022-02-01,56984.0,61419.76534504732,1,seasonal_ridge_change,cv,8
2022-04-01,2022-03-01,52786.0,58544.50775464048,1,seasonal_ridge_change,cv,8
2022-05-01,2022-04-01,53989.0,54948.702840953796,1,seasonal_ridge_change,cv,8
2022-06-01,2022-05-01,53605.0,58371.301621551465,1,seasonal_ridge_change,cv,8
2022-07-01,2022-06-01,52870.0,54443.3271362345,1,seasonal_ridge_change,cv,9
2022-08-01,2022-07-01,54121.0,51312.290315025406,1,seasonal_ridge_change,cv,9
2022-09-01,2022-08-01,54334.0,54437.5305976854,1,seasonal_ridge_change,cv,9
2022-10-01,2022-09-01,50932.0,53732.447342535575,1,seasonal_ridge_change,cv,9
2022-11-01,2022-10-01,51102.0,52759.304443871006,1,seasonal_ridge_change,cv,9
2022-12-01,2022-11-01,56398.0,53876.58357258032,1,seasonal_ridge_change,cv,9
2023-01-01,2022-12-01,61972.0,59226.38262299431,1,seasonal_ridge_change,cv,9
2023-02-01,2023-01-01,64330.0,61927.042343389,1,seasonal_ridge_change,cv,9
2023-03-01,2023-02-01,52690.0,62832.609951624516,1,seasonal_ridge_change,cv,9
2023-04-01,2023-03-01,53256.0,53729.7707951723,1,seasonal_ridge_change,cv,9
2023-05-01,2023-04-01,55471.0,53861.360321778804,1,seasonal_ridge_change,cv,9
2023-06-01,2023-05-01,56992.0,55260.823946301425,1,seasonal_ridge_change,cv,9
2023-07-01,2023-06-01,56885.0,56013.67877007265,1,seasonal_ridge_change,cv,10
2023-08-01,2023-07-01,57442.0,54494.7815955639,1,seasonal_ridge_change,cv,10
2023-09-01,2023-08-01,58791.0,56010.05323337797,1,seasonal_ridge_change,cv,10
2023-10-01,2023-09-01,55791.0,57208.68459299779,1,seasonal_ridge_change,cv,10
2023-11-01,2023-10-01,53460.0,55048.67298990976,1,seasonal_ridge_change,cv,10
2023-12-01,2023-11-01,60085.0,54900.262876350585,1,seasonal_ridge_change,cv,10
2024-01-01,2023-12-01,64127.0,62620.767083643485,1,seasonal_ridge_change,cv,10
2024-02-01,2024-01-01,64192.0,64137.06822225765,1,seasonal_ridge_change,cv,10
2024-03-01,2024-02-01,54901.0,62259.20995502263,1,seasonal_ridge_change,cv,10
2024-04-01,2024-03-01,54857.0,54323.62787189463,1,seasonal_ridge_change,cv,10
2024-05-01,2024-04-01,56490.0,54607.13822194586,1,seasonal_ridge_change,cv,10
2024-06-01,2024-05-01,56776.0,56856.09728389623,1,seasonal_ridge_change,cv,10
2014-07-01,2014-06-01,59765.0,59321.60260658392,1,polynomial_ridge_change,cv,1
2014-08-01,2014-07-01,57773.0,57735.00061173783,1,polynomial_ridge_change,cv,1
2014-09-01,2014-08-01,55712.0,57332.87529359139,1,polynomial_ridge_change,cv,1
2014-10-01,2014-09-01,50685.0,54686.164814430114,1,polynomial_ridge_change,cv,1
2014-11-01,2014-10-01,53624.0,53393.17652236635,1,polynomial_ridge_change,cv,1
2014-12-01,2014-11-01,62085.0,57776.30909499322,1,polynomial_ridge_change,cv,1
2015-01-01,2014-12-01,69032.0,64425.5034748053,1,polynomial_ridge_change,cv,1
2015-02-01,2015-01-01,68142.0,68211.37034110718,1,polynomial_ridge_change,cv,1
2015-03-01,2015-02-01,64542.0,62940.63301439036,1,polynomial_ridge_change,cv,1
2015-04-01,2015-03-01,63272.0,62816.2550230835,1,polynomial_ridge_change,cv,1
2015-05-01,2015-04-01,61203.0,61190.408015303205,1,polynomial_ridge_change,cv,1
2015-06-01,2015-05-01,61350.0,60009.618172686976,1,polynomial_ridge_change,cv,1
2015-07-01,2015-06-01,58703.0,61308.92602544348,1,polynomial_ridge_change,cv,2
2015-08-01,2015-07-01,60374.0,57562.961899952636,1,polynomial_ridge_change,cv,2
2015-09-01,2015-08-01,62622.0,60890.803097408585,1,polynomial_ridge_change,cv,2
2015-10-01,2015-09-01,59687.0,61375.934721502315,1,polynomial_ridge_change,cv,2
2015-11-01,2015-10-01,58578.0,59098.73846473618,1,polynomial_ridge_change,cv,2
2015-12-01,2015-11-01,60722.0,59227.24038047991,1,polynomial_ridge_change,cv,2
2016-01-01,2015-12-01,70309.0,63444.33632150938,1,polynomial_ridge_change,cv,2
2016-02-01,2016-01-01,71066.0,71129.91962277626,1,polynomial_ridge_change,cv,2
2016-03-01,2016-02-01,65920.0,67968.91966886536,1,polynomial_ridge_change,cv,2
2016-04-01,2016-03-01,69091.0,65789.78058812181,1,polynomial_ridge_change,cv,2
2016-05-01,2016-04-01,69708.0,66833.33348091484,1,polynomial_ridge_change,cv,2
2016-06-01,2016-05-01,73138.0,67344.24394962362,1,polynomial_ridge_change,cv,2
2016-07-01,2016-06-01,72616.0,68808.32716923427,1,polynomial_ridge_change,cv,3
2016-08-01,2016-07-01,65184.0,68009.94089779738,1,polynomial_ridge_change,cv,3
2016-09-01,2016-08-01,58842.0,62787.57881963589,1,polynomial_ridge_change,cv,3
2016-10-01,2016-09-01,60975.0,57518.61501064305,1,polynomial_ridge_change,cv,3
2016-11-01,2016-10-01,63052.0,61275.30036018854,1,polynomial_ridge_change,cv,3
2016-12-01,2016-11-01,65379.0,65294.34747844734,1,polynomial_ridge_change,cv,3
2017-01-01,2016-12-01,74583.0,67699.47428648689,1,polynomial_ridge_change,cv,3
2017-02-01,2017-01-01,72957.0,74929.79923709764,1,polynomial_ridge_change,cv,3
2017-03-01,2017-02-01,65469.0,67607.57369023965,1,polynomial_ridge_change,cv,3
2017-04-01,2017-03-01,68482.0,65126.767839396474,1,polynomial_ridge_change,cv,3
2017-05-01,2017-04-01,70684.0,68036.7578223768,1,polynomial_ridge_change,cv,3
2017-06-01,2017-05-01,67745.0,69031.60585589478,1,polynomial_ridge_change,cv,3
2017-07-01,2017-06-01,64144.0,65885.54048193447,1,polynomial_ridge_change,cv,4
2017-08-01,2017-07-01,60660.0,63062.480844213445,1,polynomial_ridge_change,cv,4
2017-09-01,2017-08-01,59007.0,61641.706531929995,1,polynomial_ridge_change,cv,4
2017-10-01,2017-09-01,54456.0,59577.87405538521,1,polynomial_ridge_change,cv,4
2017-11-01,2017-10-01,58907.0,58382.21528850337,1,polynomial_ridge_change,cv,4
2017-12-01,2017-11-01,60642.0,64157.17475788035,1,polynomial_ridge_change,cv,4
2018-01-01,2017-12-01,65037.0,67645.72310850969,1,polynomial_ridge_change,cv,4
2018-02-01,2018-01-01,63106.0,67615.05357801929,1,polynomial_ridge_change,cv,4
2018-03-01,2018-02-01,58372.0,61342.087037967816,1,polynomial_ridge_change,cv,4
2018-04-01,2018-03-01,64718.0,61177.62815209816,1,polynomial_ridge_change,cv,4
2018-05-01,2018-04-01,68311.0,67289.63293942636,1,polynomial_ridge_change,cv,4
2018-06-01,2018-05-01,66777.0,68265.36385273782,1,polynomial_ridge_change,cv,4
2018-07-01,2018-06-01,64871.0,64271.945632024406,1,polynomial_ridge_change,cv,5
2018-08-01,2018-07-01,66651.0,63016.77044608202,1,polynomial_ridge_change,cv,5
2018-09-01,2018-08-01,70204.0,65022.040732606525,1,polynomial_ridge_change,cv,5
2018-10-01,2018-09-01,66430.0,66528.41597286785,1,polynomial_ridge_change,cv,5
2018-11-01,2018-10-01,60886.0,64348.3230425546,1,polynomial_ridge_change,cv,5
2018-12-01,2018-11-01,62894.0,60059.07178825937,1,polynomial_ridge_change,cv,5
2019-01-01,2018-12-01,72680.0,67083.2644671629,1,polynomial_ridge_change,cv,5
2019-02-01,2019-01-01,65841.0,73255.45689009425,1,polynomial_ridge_change,cv,5
2019-03-01,2019-02-01,62461.0,60684.8044324257,1,polynomial_ridge_change,cv,5
2019-04-01,2019-03-01,60742.0,65331.45089354907,1,polynomial_ridge_change,cv,5
2019-05-01,2019-04-01,65734.0,63380.91800721895,1,polynomial_ridge_change,cv,5
2019-06-01,2019-05-01,59764.0,69002.78351435796,1,polynomial_ridge_change,cv,5
2019-07-01,2019-06-01,61114.0,57505.79730119708,1,polynomial_ridge_change,cv,6
2019-08-01,2019-07-01,65254.0,60362.610236002234,1,polynomial_ridge_change,cv,6
2019-09-01,2019-08-01,64954.0,63977.65992890325,1,polynomial_ridge_change,cv,6
2019-10-01,2019-09-01,60265.0,59777.53229092073,1,polynomial_ridge_change,cv,6
2019-11-01,2019-10-01,61239.0,58455.9979845608,1,polynomial_ridge_change,cv,6
2019-12-01,2019-11-01,65614.0,61960.69645240923,1,polynomial_ridge_change,cv,6
2020-01-01,2019-12-01,68129.0,66433.50707693536,1,polynomial_ridge_change,cv,6
2020-02-01,2020-01-01,63763.0,66645.29869697559,1,polynomial_ridge_change,cv,6
2020-03-01,2020-02-01,70994.0,61520.2142227806,1,polynomial_ridge_change,cv,6
2020-04-01,2020-03-01,70212.0,65527.00758080349,1,polynomial_ridge_change,cv,6
2020-05-01,2020-04-01,74366.0,53568.64287747523,1,polynomial_ridge_change,cv,6
2020-06-01,2020-05-01,73145.0,59717.59922093492,1,polynomial_ridge_change,cv,6
2020-07-01,2020-06-01,69204.0,68592.58819222038,1,polynomial_ridge_change,cv,7
2020-08-01,2020-07-01,62131.0,65254.60449809088,1,polynomial_ridge_change,cv,7
2020-09-01,2020-08-01,61839.0,60316.909006322065,1,polynomial_ridge_change,cv,7
2020-10-01,2020-09-01,61701.0,61005.809202067445,1,polynomial_ridge_change,cv,7
2020-11-01,2020-10-01,67299.0,61042.013164404314,1,polynomial_ridge_change,cv,7
2020-12-01,2020-11-01,68522.0,66312.32395075275,1,polynomial_ridge_change,cv,7
2021-01-01,2020-12-01,67084.0,68347.48641915465,1,polynomial_ridge_change,cv,7
2021-02-01,2021-01-01,68408.0,65666.03065442469,1,polynomial_ridge_change,cv,7
2021-03-01,2021-02-01,65099.0,66813.31030780081,1,polynomial_ridge_change,cv,7
2021-04-01,2021-03-01,63466.0,63841.77904996433,1,polynomial_ridge_change,cv,7
2021-05-01,2021-04-01,66423.0,63855.74899596159,1,polynomial_ridge_change,cv,7
2021-06-01,2021-05-01,69877.0,65232.59866042169,1,polynomial_ridge_change,cv,7
2021-07-01,2021-06-01,62682.0,69497.91712302767,1,polynomial_ridge_change,cv,8
2021-08-01,2021-07-01,55205.0,60584.24123137815,1,polynomial_ridge_change,cv,8
2021-09-01,2021-08-01,59038.0,56288.4584723165,1,polynomial_ridge_change,cv,8
2021-10-01,2021-09-01,53113.0,60212.94287841897,1,polynomial_ridge_change,cv,8
2021-11-01,2021-10-01,56872.0,57423.053586493006,1,polynomial_ridge_change,cv,8
2021-12-01,2021-11-01,61830.0,60621.624784848296,1,polynomial_ridge_change,cv,8
2022-01-01,2021-12-01,65541.0,65169.23000340526,1,polynomial_ridge_change,cv,8
2022-02-01,2022-01-01,61884.0,67119.55562754825,1,polynomial_ridge_change,cv,8
2022-03-01,2022-02-01,56984.0,61419.765345047315,1,polynomial_ridge_change,cv,8
2022-04-01,2022-03-01,52786.0,58544.50775464048,1,polynomial_ridge_change,cv,8
2022-05-01,2022-04-01,53989.0,54948.702840953796,1,polynomial_ridge_change,cv,8
2022-06-01,2022-05-01,53605.0,58371.30162155147,1,polynomial_ridge_change,cv,8
2022-07-01,2022-06-01,52870.0,54443.32713623449,1,polynomial_ridge_change,cv,9
2022-08-01,2022-07-01,54121.0,51312.290315025406,1,polynomial_ridge_change,cv,9
2022-09-01,2022-08-01,54334.0,54437.5305976854,1,polynomial_ridge_change,cv,9
2022-10-01,2022-09-01,50932.0,53732.447342535575,1,polynomial_ridge_change,cv,9
2022-11-01,2022-10-01,51102.0,52759.304443871,1,polynomial_ridge_change,cv,9
2022-12-01,2022-11-01,56398.0,53876.58357258032,1,polynomial_ridge_change,cv,9
2023-01-01,2022-12-01,61972.0,59226.3826229943,1,polynomial_ridge_change,cv,9
2023-02-01,2023-01-01,64330.0,61927.042343388996,1,polynomial_ridge_change,cv,9
2023-03-01,2023-02-01,52690.0,62832.60995162451,1,polynomial_ridge_change,cv,9
2023-04-01,2023-03-01,53256.0,53729.7707951723,1,polynomial_ridge_change,cv,9
2023-05-01,2023-04-01,55471.0,53861.3603217788,1,polynomial_ridge_change,cv,9
2023-06-01,2023-05-01,56992.0,55260.823946301425,1,polynomial_ridge_change,cv,9
2023-07-01,2023-06-01,56885.0,56013.67877007265,1,polynomial_ridge_change,cv,10
2023-08-01,2023-07-01,57442.0,54494.7815955639,1,polynomial_ridge_change,cv,10
2023-09-01,2023-08-01,58791.0,56010.05323337797,1,polynomial_ridge_change,cv,10
2023-10-01,2023-09-01,55791.0,57208.6845929978,1,polynomial_ridge_change,cv,10
2023-11-01,2023-10-01,53460.0,55048.67298990977,1,polynomial_ridge_change,cv,10
2023-12-01,2023-11-01,60085.0,54900.26287635059,1,polynomial_ridge_change,cv,10
2024-01-01,2023-12-01,64127.0,62620.767083643485,1,polynomial_ridge_change,cv,10
2024-02-01,2024-01-01,64192.0,64137.06822225765,1,polynomial_ridge_change,cv,10
2024-03-01,2024-02-01,54901.0,62259.209955022634,1,polynomial_ridge_change,cv,10
2024-04-01,2024-03-01,54857.0,54323.62787189463,1,polynomial_ridge_change,cv,10
2024-05-01,2024-04-01,56490.0,54607.13822194587,1,polynomial_ridge_change,cv,10
2024-06-01,2024-05-01,56776.0,56856.09728389623,1,polynomial_ridge_change,cv,10
2014-07-01,2014-06-01,59765.0,63806.112652672266,1,spline_ridge_change,cv,1
2014-08-01,2014-07-01,57773.0,58926.18472195815,1,spline_ridge_change,cv,1
2014-09-01,2014-08-01,55712.0,56267.03546771208,1,spline_ridge_change,cv,1
2014-10-01,2014-09-01,50685.0,55289.96748510975,1,spline_ridge_change,cv,1
2014-11-01,2014-10-01,53624.0,54805.636244518326,1,spline_ridge_change,cv,1
2014-12-01,2014-11-01,62085.0,57985.97500775054,1,spline_ridge_change,cv,1
2015-01-01,2014-12-01,69032.0,62340.619139997674,1,spline_ridge_change,cv,1
2015-02-01,2015-01-01,68142.0,65546.63270600658,1,spline_ridge_change,cv,1
2015-03-01,2015-02-01,64542.0,62018.287024094156,1,spline_ridge_change,cv,1
2015-04-01,2015-03-01,63272.0,63026.79519812002,1,spline_ridge_change,cv,1
2015-05-01,2015-04-01,61203.0,63685.72659612105,1,spline_ridge_change,cv,1
2015-06-01,2015-05-01,61350.0,61514.146642317035,1,spline_ridge_change,cv,1
2015-07-01,2015-06-01,58703.0,61323.65133241811,1,spline_ridge_change,cv,2
2015-08-01,2015-07-01,60374.0,58372.54313776516,1,spline_ridge_change,cv,2
2015-09-01,2015-08-01,62622.0,59531.231174556015,1,spline_ridge_change,cv,2
2015-10-01,2015-09-01,59687.0,60607.432547510165,1,spline_ridge_change,cv,2
2015-11-01,2015-10-01,58578.0,61169.60165715337,1,spline_ridge_change,cv,2
2015-12-01,2015-11-01,60722.0,61076.62567326812,1,spline_ridge_change,cv,2
2016-01-01,2015-12-01,70309.0,63643.248635256256,1,spline_ridge_change,cv,2
2016-02-01,2016-01-01,71066.0,70924.42912258951,1,spline_ridge_change,cv,2
2016-03-01,2016-02-01,65920.0,68995.28838891313,1,spline_ridge_change,cv,2
2016-04-01,2016-03-01,69091.0,66257.35685276793,1,spline_ridge_change,cv,2
2016-05-01,2016-04-01,69708.0,68834.19109540895,1,spline_ridge_change,cv,2
2016-06-01,2016-05-01,73138.0,70883.03629662596,1,spline_ridge_change,cv,2
2016-07-01,2016-06-01,72616.0,71002.01748716732,1,spline_ridge_change,cv,3
2016-08-01,2016-07-01,65184.0,72833.3360027492,1,spline_ridge_change,cv,3
2016-09-01,2016-08-01,58842.0,66286.18276996641,1,spline_ridge_change,cv,3
2016-10-01,2016-09-01,60975.0,58209.9075635611,1,spline_ridge_change,cv,3
2016-11-01,2016-10-01,63052.0,62155.63277910881,1,spline_ridge_change,cv,3
2016-12-01,2016-11-01,65379.0,66725.17751731315,1,spline_ridge_change,cv,3
2017-01-01,2016-12-01,74583.0,70670.34031108212,1,spline_ridge_change,cv,3
2017-02-01,2017-01-01,72957.0,79713.940863623,1,spline_ridge_change,cv,3
2017-03-01,2017-02-01,65469.0,68446.4300173853,1,spline_ridge_change,cv,3
2017-04-01,2017-03-01,68482.0,67067.07344750402,1,spline_ridge_change,cv,3
2017-05-01,2017-04-01,70684.0,72104.00108448237,1,spline_ridge_change,cv,3
2017-06-01,2017-05-01,67745.0,77840.48314066454,1,spline_ridge_change,cv,3
2017-07-01,2017-06-01,64144.0,67402.48332200533,1,spline_ridge_change,cv,4
2017-08-01,2017-07-01,60660.0,63478.10665718058,1,spline_ridge_change,cv,4
2017-09-01,2017-08-01,59007.0,59401.22195293722,1,spline_ridge_change,cv,4
2017-10-01,2017-09-01,54456.0,58381.94843450016,1,spline_ridge_change,cv,4
2017-11-01,2017-10-01,58907.0,58155.95434236641,1,spline_ridge_change,cv,4
2017-12-01,2017-11-01,60642.0,64970.55325054343,1,spline_ridge_change,cv,4
2018-01-01,2017-12-01,65037.0,65278.19403717695,1,spline_ridge_change,cv,4
2018-02-01,2018-01-01,63106.0,64363.39807192464,1,spline_ridge_change,cv,4
2018-03-01,2018-02-01,58372.0,59171.837392982154,1,spline_ridge_change,cv,4
2018-04-01,2018-03-01,64718.0,60370.63401423319,1,spline_ridge_change,cv,4
2018-05-01,2018-04-01,68311.0,67656.17952591839,1,spline_ridge_change,cv,4
2018-06-01,2018-05-01,66777.0,70995.54436750947,1,spline_ridge_change,cv,4
2018-07-01,2018-06-01,64871.0,65175.90038842298,1,spline_ridge_change,cv,5
2018-08-01,2018-07-01,66651.0,62789.119833945144,1,spline_ridge_change,cv,5
2018-09-01,2018-08-01,70204.0,64548.166866742875,1,spline_ridge_change,cv,5
2018-10-01,2018-09-01,66430.0,67271.7268704991,1,spline_ridge_change,cv,5
2018-11-01,2018-10-01,60886.0,67437.09997043155,1,spline_ridge_change,cv,5
2018-12-01,2018-11-01,62894.0,62851.15717337314,1,spline_ridge_change,cv,5
2019-01-01,2018-12-01,72680.0,68515.75469241152,1,spline_ridge_change,cv,5
2019-02-01,2019-01-01,65841.0,71621.81445287695,1,spline_ridge_change,cv,5
2019-03-01,2019-02-01,62461.0,65712.47053064931,1,spline_ridge_change,cv,5
2019-04-01,2019-03-01,60742.0,61227.68209680704,1,spline_ridge_change,cv,5
2019-05-01,2019-04-01,65734.0,62806.39427631114,1,spline_ridge_change,cv,5
2019-06-01,2019-05-01,59764.0,63105.30323368262,1,spline_ridge_change,cv,5
2019-07-01,2019-06-01,61114.0,60925.77662233506,1,spline_ridge_change,cv,6
2019-08-01,2019-07-01,65254.0,61662.18865558385,1,spline_ridge_change,cv,6
2019-09-01,2019-08-01,64954.0,63426.44143770374,1,spline_ridge_change,cv,6
2019-10-01,2019-09-01,60265.0,61928.804147461524,1,spline_ridge_change,cv,6
2019-11-01,2019-10-01,61239.0,61670.465253557144,1,spline_ridge_change,cv,6
2019-12-01,2019-11-01,65614.0,63389.481587311166,1,spline_ridge_change,cv,6
2020-01-01,2019-12-01,68129.0,68215.29393086402,1,spline_ridge_change,cv,6
2020-02-01,2020-01-01,63763.0,66279.56616641495,1,spline_ridge_change,cv,6
2020-03-01,2020-02-01,70994.0,61456.12682521519,1,spline_ridge_change,cv,6
2020-04-01,2020-03-01,70212.0,69361.71671960503,1,spline_ridge_change,cv,6
2020-05-01,2020-04-01,74366.0,70332.25046920737,1,spline_ridge_change,cv,6
2020-06-01,2020-05-01,73145.0,70331.31378140274,1,spline_ridge_change,cv,6
2020-07-01,2020-06-01,69204.0,70126.2351985423,1,spline_ridge_change,cv,7
2020-08-01,2020-07-01,62131.0,67449.09974447855,1,spline_ridge_change,cv,7
2020-09-01,2020-08-01,61839.0,61001.48753727494,1,spline_ridge_change,cv,7
2020-10-01,2020-09-01,61701.0,60691.651522081294,1,spline_ridge_change,cv,7
2020-11-01,2020-10-01,67299.0,61577.985555397325,1,spline_ridge_change,cv,7
2020-12-01,2020-11-01,68522.0,68096.06979651272,1,spline_ridge_change,cv,7
2021-01-01,2020-12-01,67084.0,71659.89007033584,1,spline_ridge_change,cv,7
2021-02-01,2021-01-01,68408.0,65539.91392676794,1,spline_ridge_change,cv,7
2021-03-01,2021-02-01,65099.0,67082.79018926474,1,spline_ridge_change,cv,7
2021-04-01,2021-03-01,63466.0,64384.95709334944,1,spline_ridge_change,cv,7
2021-05-01,2021-04-01,66423.0,63031.63988569155,1,spline_ridge_change,cv,7
2021-06-01,2021-05-01,69877.0,64547.62941925301,1,spline_ridge_change,cv,7
2021-07-01,2021-06-01,62682.0,70405.32312710752,1,spline_ridge_change,cv,8
2021-08-01,2021-07-01,55205.0,61959.97198753452,1,spline_ridge_change,cv,8
2021-09-01,2021-08-01,59038.0,55335.648746100596,1,spline_ridge_change,cv,8
2021-10-01,2021-09-01,53113.0,58810.75402007131,1,spline_ridge_change,cv,8
2021-11-01,2021-10-01,56872.0,57294.58830521693,1,spline_ridge_change,cv,8
2021-12-01,2021-11-01,61830.0,60589.26584556722,1,spline_ridge_change,cv,8
2022-01-01,2021-12-01,65541.0,64537.027394107914,1,spline_ridge_change,cv,8
2022-02-01,2022-01-01,61884.0,65194.84323476799,1,spline_ridge_change,cv,8
2022-03-01,2022-02-01,56984.0,59055.71070024557,1,spline_ridge_change,cv,8
2022-04-01,2022-03-01,52786.0,58815.32981751509,1,spline_ridge_change,cv,8
2022-05-01,2022-04-01,53989.0,55348.526763119226,1,spline_ridge_change,cv,8
2022-06-01,2022-05-01,53605.0,58186.180327263275,1,spline_ridge_change,cv,8
2022-07-01,2022-06-01,52870.0,54115.20211907923,1,spline_ridge_change,cv,9
2022-08-01,2022-07-01,54121.0,51532.2039568582,1,spline_ridge_change,cv,9
2022-09-01,2022-08-01,54334.0,52741.03462817174,1,spline_ridge_change,cv,9
2022-10-01,2022-09-01,50932.0,51636.743047735676,1,spline_ridge_change,cv,9
2022-11-01,2022-10-01,51102.0,50970.39373428151,1,spline_ridge_change,cv,9
2022-12-01,2022-11-01,56398.0,53846.38906878273,1,spline_ridge_change,cv,9
2023-01-01,2022-12-01,61972.0,59555.846870313355,1,spline_ridge_change,cv,9
2023-02-01,2023-01-01,64330.0,60615.526389724684,1,spline_ridge_change,cv,9
2023-03-01,2023-02-01,52690.0,61533.11695190373,1,spline_ridge_change,cv,9
2023-04-01,2023-03-01,53256.0,47930.29266367195,1,spline_ridge_change,cv,9
2023-05-01,2023-04-01,55471.0,55435.469814003955,1,spline_ridge_change,cv,9
2023-06-01,2023-05-01,56992.0,56689.60624540073,1,spline_ridge_change,cv,9
2023-07-01,2023-06-01,56885.0,56457.453453692186,1,spline_ridge_change,cv,10
2023-08-01,2023-07-01,57442.0,53710.324182749544,1,spline_ridge_change,cv,10
2023-09-01,2023-08-01,58791.0,55998.718225498655,1,spline_ridge_change,cv,10
2023-10-01,2023-09-01,55791.0,57375.83651885937,1,spline_ridge_change,cv,10
2023-11-01,2023-10-01,53460.0,56652.880865627245,1,spline_ridge_change,cv,10
2023-12-01,2023-11-01,60085.0,56393.07005099888,1,spline_ridge_change,cv,10
2024-01-01,2023-12-01,64127.0,64591.11407993092,1,spline_ridge_change,cv,10
2024-02-01,2024-01-01,64192.0,62625.22502426985,1,spline_ridge_change,cv,10
2024-03-01,2024-02-01,54901.0,61328.90409953822,1,spline_ridge_change,cv,10
2024-04-01,2024-03-01,54857.0,54037.88414510723,1,spline_ridge_change,cv,10
2024-05-01,2024-04-01,56490.0,56861.297292936084,1,spline_ridge_change,cv,10
2024-06-01,2024-05-01,56776.0,57904.55598326193,1,spline_ridge_change,cv,10
2014-07-01,2014-06-01,59765.0,61276.89172641209,1,random_forest_change,cv,1
2014-08-01,2014-07-01,57773.0,59044.612213676024,1,random_forest_change,cv,1
2014-09-01,2014-08-01,55712.0,56837.87436082827,1,random_forest_change,cv,1
2014-10-01,2014-09-01,50685.0,54958.52282000787,1,random_forest_change,cv,1
2014-11-01,2014-10-01,53624.0,54064.62996470035,1,random_forest_change,cv,1
2014-12-01,2014-11-01,62085.0,57044.696237053475,1,random_forest_change,cv,1
2015-01-01,2014-12-01,69032.0,62918.91468196674,1,random_forest_change,cv,1
2015-02-01,2015-01-01,68142.0,66428.01696830317,1,random_forest_change,cv,1
2015-03-01,2015-02-01,64542.0,64558.61888934197,1,random_forest_change,cv,1
2015-04-01,2015-03-01,63272.0,62005.045068967476,1,random_forest_change,cv,1
2015-05-01,2015-04-01,61203.0,61463.46868472021,1,random_forest_change,cv,1
2015-06-01,2015-05-01,61350.0,61212.21435442332,1,random_forest_change,cv,1
2015-07-01,2015-06-01,58703.0,61288.711465650784,1,random_forest_change,cv,2
2015-08-01,2015-07-01,60374.0,57885.31733710394,1,random_forest_change,cv,2
2015-09-01,2015-08-01,62622.0,59614.15353039508,1,random_forest_change,cv,2
2015-10-01,2015-09-01,59687.0,60784.966075532764,1,random_forest_change,cv,2
2015-11-01,2015-10-01,58578.0,62773.23167965038,1,random_forest_change,cv,2
2015-12-01,2015-11-01,60722.0,61898.49785531046,1,random_forest_change,cv,2
2016-01-01,2015-12-01,70309.0,63867.80726623229,1,random_forest_change,cv,2
2016-02-01,2016-01-01,71066.0,68136.80023820378,1,random_forest_change,cv,2
2016-03-01,2016-02-01,65920.0,68689.14971639181,1,random_forest_change,cv,2
2016-04-01,2016-03-01,69091.0,64399.11796230521,1,random_forest_change,cv,2
2016-05-01,2016-04-01,69708.0,67574.68236709668,1,random_forest_change,cv,2
2016-06-01,2016-05-01,73138.0,68423.67195864527,1,random_forest_change,cv,2
2016-07-01,2016-06-01,72616.0,72244.18548261984,1,random_forest_change,cv,3
2016-08-01,2016-07-01,65184.0,72652.98628313486,1,random_forest_change,cv,3
2016-09-01,2016-08-01,58842.0,65053.02760206788,1,random_forest_change,cv,3
2016-10-01,2016-09-01,60975.0,57530.32758332776,1,random_forest_change,cv,3
2016-11-01,2016-10-01,63052.0,64349.96509861414,1,random_forest_change,cv,3
2016-12-01,2016-11-01,65379.0,66080.53648181798,1,random_forest_change,cv,3
2017-01-01,2016-12-01,74583.0,69291.27948179851,1,random_forest_change,cv,3
2017-02-01,2017-01-01,72957.0,73434.63620816576,1,random_forest_change,cv,3
2017-03-01,2017-02-01,65469.0,70406.03203434935,1,random_forest_change,cv,3
2017-04-01,2017-03-01,68482.0,65627.73828486296,1,random_forest_change,cv,3
2017-05-01,2017-04-01,70684.0,68107.58240631793,1,random_forest_change,cv,3
2017-06-01,2017-05-01,67745.0,70342.16916101874,1,random_forest_change,cv,3
2017-07-01,2017-06-01,64144.0,67262.67789461742,1,random_forest_change,cv,4
2017-08-01,2017-07-01,60660.0,63270.135986829824,1,random_forest_change,cv,4
2017-09-01,2017-08-01,59007.0,60206.55188794071,1,random_forest_change,cv,4
2017-10-01,2017-09-01,54456.0,58352.908104732036,1,random_forest_change,cv,4
2017-11-01,2017-10-01,58907.0,58693.75869031393,1,random_forest_change,cv,4
2017-12-01,2017-11-01,60642.0,64142.40657016888,1,random_forest_change,cv,4
2018-01-01,2017-12-01,65037.0,65145.215111104575,1,random_forest_change,cv,4
2018-02-01,2018-01-01,63106.0,63885.11258455589,1,random_forest_change,cv,4
2018-03-01,2018-02-01,58372.0,59464.20318646003,1,random_forest_change,cv,4
2018-04-01,2018-03-01,64718.0,58317.760037219254,1,random_forest_change,cv,4
2018-05-01,2018-04-01,68311.0,64408.39506246194,1,random_forest_change,cv,4
2018-06-01,2018-05-01,66777.0,68264.42480149439,1,random_forest_change,cv,4
2018-07-01,2018-06-01,64871.0,65519.74716160004,1,random_forest_change,cv,5
2018-08-01,2018-07-01,66651.0,63263.12690456614,1,random_forest_change,cv,5
2018-09-01,2018-08-01,70204.0,64752.864408424786,1,random_forest_change,cv,5
2018-10-01,2018-09-01,66430.0,68034.13653107652,1,random_forest_change,cv,5
2018-11-01,2018-10-01,60886.0,69042.09570997627,1,random_forest_change,cv,5
2018-12-01,2018-11-01,62894.0,63827.954059607175,1,random_forest_change,cv,5
2019-01-01,2018-12-01,72680.0,66776.64477978894,1,random_forest_change,cv,5
2019-02-01,2019-01-01,65841.0,71431.52333454008,1,random_forest_change,cv,5
2019-03-01,2019-02-01,62461.0,62528.8583336819,1,random_forest_change,cv,5
2019-04-01,2019-03-01,60742.0,61705.00878757909,1,random_forest_change,cv,5
2019-05-01,2019-04-01,65734.0,61543.302768395806,1,random_forest_change,cv,5
2019-06-01,2019-05-01,59764.0,65445.41816547496,1,random_forest_change,cv,5
2019-07-01,2019-06-01,61114.0,59454.66595649848,1,random_forest_change,cv,6
2019-08-01,2019-07-01,65254.0,60903.56043594157,1,random_forest_change,cv,6
2019-09-01,2019-08-01,64954.0,64215.830749705085,1,random_forest_change,cv,6
2019-10-01,2019-09-01,60265.0,62113.74188574246,1,random_forest_change,cv,6
2019-11-01,2019-10-01,61239.0,62110.14274280958,1,random_forest_change,cv,6
2019-12-01,2019-11-01,65614.0,63932.52678268861,1,random_forest_change,cv,6
2020-01-01,2019-12-01,68129.0,68460.49912360069,1,random_forest_change,cv,6
2020-02-01,2020-01-01,63763.0,65179.646391755225,1,random_forest_change,cv,6
2020-03-01,2020-02-01,70994.0,61098.13930424718,1,random_forest_change,cv,6
2020-04-01,2020-03-01,70212.0,69466.914907495,1,random_forest_change,cv,6
2020-05-01,2020-04-01,74366.0,68214.08009367234,1,random_forest_change,cv,6
2020-06-01,2020-05-01,73145.0,72662.11663434975,1,random_forest_change,cv,6
2020-07-01,2020-06-01,69204.0,72455.53153338,1,random_forest_change,cv,7
2020-08-01,2020-07-01,62131.0,68502.65809778961,1,random_forest_change,cv,7
2020-09-01,2020-08-01,61839.0,60694.199420589845,1,random_forest_change,cv,7
2020-10-01,2020-09-01,61701.0,60650.56753607353,1,random_forest_change,cv,7
2020-11-01,2020-10-01,67299.0,63664.477872530304,1,random_forest_change,cv,7
2020-12-01,2020-11-01,68522.0,70357.27246134974,1,random_forest_change,cv,7
2021-01-01,2020-12-01,67084.0,71704.8420686525,1,random_forest_change,cv,7
2021-02-01,2021-01-01,68408.0,65610.4032473515,1,random_forest_change,cv,7
2021-03-01,2021-02-01,65099.0,66650.80127637184,1,random_forest_change,cv,7
2021-04-01,2021-03-01,63466.0,63894.32980095936,1,random_forest_change,cv,7
2021-05-01,2021-04-01,66423.0,63339.920515631144,1,random_forest_change,cv,7
2021-06-01,2021-05-01,69877.0,65159.96799831361,1,random_forest_change,cv,7
2021-07-01,2021-06-01,62682.0,69551.9491266297,1,random_forest_change,cv,8
2021-08-01,2021-07-01,55205.0,61576.78026397872,1,random_forest_change,cv,8
2021-09-01,2021-08-01,59038.0,55192.20432597869,1,random_forest_change,cv,8
2021-10-01,2021-09-01,53113.0,58735.76093220261,1,random_forest_change,cv,8
2021-11-01,2021-10-01,56872.0,56248.70418168161,1,random_forest_change,cv,8
2021-12-01,2021-11-01,61830.0,60382.67711793893,1,random_forest_change,cv,8
2022-01-01,2021-12-01,65541.0,65025.46882463541,1,random_forest_change,cv,8
2022-02-01,2022-01-01,61884.0,64623.128622578566,1,random_forest_change,cv,8
2022-03-01,2022-02-01,56984.0,60506.92597068588,1,random_forest_change,cv,8
2022-04-01,2022-03-01,52786.0,57030.38350192245,1,random_forest_change,cv,8
2022-05-01,2022-04-01,53989.0,52942.63275328617,1,random_forest_change,cv,8
2022-06-01,2022-05-01,53605.0,54830.637283925986,1,random_forest_change,cv,8
2022-07-01,2022-06-01,52870.0,53271.650701858045,1,random_forest_change,cv,9
2022-08-01,2022-07-01,54121.0,51916.783689902586,1,random_forest_change,cv,9
2022-09-01,2022-08-01,54334.0,52744.544150871516,1,random_forest_change,cv,9
2022-10-01,2022-09-01,50932.0,52964.16740077603,1,random_forest_change,cv,9
2022-11-01,2022-10-01,51102.0,53830.7360914482,1,random_forest_change,cv,9
2022-12-01,2022-11-01,56398.0,54205.71991552307,1,random_forest_change,cv,9
2023-01-01,2022-12-01,61972.0,59556.360421338315,1,random_forest_change,cv,9
2023-02-01,2023-01-01,64330.0,60266.974127158,1,random_forest_change,cv,9
2023-03-01,2023-02-01,52690.0,62130.030121192416,1,random_forest_change,cv,9
2023-04-01,2023-03-01,53256.0,52850.20459288402,1,random_forest_change,cv,9
2023-05-01,2023-04-01,55471.0,53024.694678245425,1,random_forest_change,cv,9
2023-06-01,2023-05-01,56992.0,54554.96073882316,1,random_forest_change,cv,9
2023-07-01,2023-06-01,56885.0,56427.04678399722,1,random_forest_change,cv,10
2023-08-01,2023-07-01,57442.0,55686.4986836224,1,random_forest_change,cv,10
2023-09-01,2023-08-01,58791.0,56622.87726315354,1,random_forest_change,cv,10
2023-10-01,2023-09-01,55791.0,57580.924399014984,1,random_forest_change,cv,10
2023-11-01,2023-10-01,53460.0,58605.29509072283,1,random_forest_change,cv,10
2023-12-01,2023-11-01,60085.0,56251.55901196352,1,random_forest_change,cv,10
2024-01-01,2023-12-01,64127.0,63919.09959764912,1,random_forest_change,cv,10
2024-02-01,2024-01-01,64192.0,62275.54487507382,1,random_forest_change,cv,10
2024-03-01,2024-02-01,54901.0,61182.08830703997,1,random_forest_change,cv,10
2024-04-01,2024-03-01,54857.0,54380.64564705861,1,random_forest_change,cv,10
2024-05-01,2024-04-01,56490.0,54740.00220719046,1,random_forest_change,cv,10
2024-06-01,2024-05-01,56776.0,56220.63202928192,1,random_forest_change,cv,10
2014-07-01,2014-06-01,59765.0,62722.8828125,1,xgboost_change,cv,1
2014-08-01,2014-07-01,57773.0,58483.76171875,1,xgboost_change,cv,1
2014-09-01,2014-08-01,55712.0,56273.46875,1,xgboost_change,cv,1
2014-10-01,2014-09-01,50685.0,54868.02734375,1,xgboost_change,cv,1
2014-11-01,2014-10-01,53624.0,53428.34375,1,xgboost_change,cv,1
2014-12-01,2014-11-01,62085.0,57953.19921875,1,xgboost_change,cv,1
2015-01-01,2014-12-01,69032.0,63193.125,1,xgboost_change,cv,1
2015-02-01,2015-01-01,68142.0,67682.875,1,xgboost_change,cv,1
2015-03-01,2015-02-01,64542.0,65375.96875,1,xgboost_change,cv,1
2015-04-01,2015-03-01,63272.0,61700.3359375,1,xgboost_change,cv,1
2015-05-01,2015-04-01,61203.0,62892.7734375,1,xgboost_change,cv,1
2015-06-01,2015-05-01,61350.0,60721.6796875,1,xgboost_change,cv,1
2015-07-01,2015-06-01,58703.0,61637.4609375,1,xgboost_change,cv,2
2015-08-01,2015-07-01,60374.0,57170.9140625,1,xgboost_change,cv,2
2015-09-01,2015-08-01,62622.0,59744.84765625,1,xgboost_change,cv,2
2015-10-01,2015-09-01,59687.0,59876.37890625,1,xgboost_change,cv,2
2015-11-01,2015-10-01,58578.0,61373.41796875,1,xgboost_change,cv,2
2015-12-01,2015-11-01,60722.0,62084.484375,1,xgboost_change,cv,2
2016-01-01,2015-12-01,70309.0,64375.2421875,1,xgboost_change,cv,2
2016-02-01,2016-01-01,71066.0,68683.8828125,1,xgboost_change,cv,2
2016-03-01,2016-02-01,65920.0,69093.7109375,1,xgboost_change,cv,2
2016-04-01,2016-03-01,69091.0,63590.6953125,1,xgboost_change,cv,2
2016-05-01,2016-04-01,69708.0,68017.7578125,1,xgboost_change,cv,2
2016-06-01,2016-05-01,73138.0,68517.375,1,xgboost_change,cv,2
2016-07-01,2016-06-01,72616.0,71692.3046875,1,xgboost_change,cv,3
2016-08-01,2016-07-01,65184.0,71466.0625,1,xgboost_change,cv,3
2016-09-01,2016-08-01,58842.0,64319.28515625,1,xgboost_change,cv,3
2016-10-01,2016-09-01,60975.0,56384.10546875,1,xgboost_change,cv,3
2016-11-01,2016-10-01,63052.0,63769.64453125,1,xgboost_change,cv,3
2016-12-01,2016-11-01,65379.0,65358.234375,1,xgboost_change,cv,3
2017-01-01,2016-12-01,74583.0,68478.0859375,1,xgboost_change,cv,3
2017-02-01,2017-01-01,72957.0,74109.65625,1,xgboost_change,cv,3
2017-03-01,2017-02-01,65469.0,70941.125,1,xgboost_change,cv,3
2017-04-01,2017-03-01,68482.0,65261.7421875,1,xgboost_change,cv,3
2017-05-01,2017-04-01,70684.0,68510.5625,1,xgboost_change,cv,3
2017-06-01,2017-05-01,67745.0,71853.6640625,1,xgboost_change,cv,3
2017-07-01,2017-06-01,64144.0,66781.4296875,1,xgboost_change,cv,4
2017-08-01,2017-07-01,60660.0,62407.3828125,1,xgboost_change,cv,4
2017-09-01,2017-08-01,59007.0,60753.09375,1,xgboost_change,cv,4
2017-10-01,2017-09-01,54456.0,58686.375,1,xgboost_change,cv,4
2017-11-01,2017-10-01,58907.0,59149.953125,1,xgboost_change,cv,4
2017-12-01,2017-11-01,60642.0,65270.5,1,xgboost_change,cv,4
2018-01-01,2017-12-01,65037.0,66579.3984375,1,xgboost_change,cv,4
2018-02-01,2018-01-01,63106.0,64420.2421875,1,xgboost_change,cv,4
2018-03-01,2018-02-01,58372.0,59251.21484375,1,xgboost_change,cv,4
2018-04-01,2018-03-01,64718.0,59463.7578125,1,xgboost_change,cv,4
2018-05-01,2018-04-01,68311.0,64952.3125,1,xgboost_change,cv,4
2018-06-01,2018-05-01,66777.0,69135.5703125,1,xgboost_change,cv,4
2018-07-01,2018-06-01,64871.0,64464.36328125,1,xgboost_change,cv,5
2018-08-01,2018-07-01,66651.0,62058.10546875,1,xgboost_change,cv,5
2018-09-01,2018-08-01,70204.0,64066.10546875,1,xgboost_change,cv,5
2018-10-01,2018-09-01,66430.0,67100.21875,1,xgboost_change,cv,5
2018-11-01,2018-10-01,60886.0,66710.234375,1,xgboost_change,cv,5
2018-12-01,2018-11-01,62894.0,63800.8671875,1,xgboost_change,cv,5
2019-01-01,2018-12-01,72680.0,66163.09375,1,xgboost_change,cv,5
2019-02-01,2019-01-01,65841.0,71527.4296875,1,xgboost_change,cv,5
2019-03-01,2019-02-01,62461.0,62289.0078125,1,xgboost_change,cv,5
2019-04-01,2019-03-01,60742.0,61932.1015625,1,xgboost_change,cv,5
2019-05-01,2019-04-01,65734.0,62682.30078125,1,xgboost_change,cv,5
2019-06-01,2019-05-01,59764.0,65802.703125,1,xgboost_change,cv,5
2019-07-01,2019-06-01,61114.0,59898.76171875,1,xgboost_change,cv,6
2019-08-01,2019-07-01,65254.0,61075.421875,1,xgboost_change,cv,6
2019-09-01,2019-08-01,64954.0,63706.5390625,1,xgboost_change,cv,6
2019-10-01,2019-09-01,60265.0,60749.30859375,1,xgboost_change,cv,6
2019-11-01,2019-10-01,61239.0,61088.046875,1,xgboost_change,cv,6
2019-12-01,2019-11-01,65614.0,62807.9375,1,xgboost_change,cv,6
2020-01-01,2019-12-01,68129.0,68673.40625,1,xgboost_change,cv,6
2020-02-01,2020-01-01,63763.0,64306.90234375,1,xgboost_change,cv,6
2020-03-01,2020-02-01,70994.0,61425.17578125,1,xgboost_change,cv,6
2020-04-01,2020-03-01,70212.0,69443.671875,1,xgboost_change,cv,6
2020-05-01,2020-04-01,74366.0,66688.34375,1,xgboost_change,cv,6
2020-06-01,2020-05-01,73145.0,72018.84375,1,xgboost_change,cv,6
2020-07-01,2020-06-01,69204.0,71609.515625,1,xgboost_change,cv,7
2020-08-01,2020-07-01,62131.0,66967.671875,1,xgboost_change,cv,7
2020-09-01,2020-08-01,61839.0,60804.35546875,1,xgboost_change,cv,7
2020-10-01,2020-09-01,61701.0,60701.359375,1,xgboost_change,cv,7
2020-11-01,2020-10-01,67299.0,62901.5390625,1,xgboost_change,cv,7
2020-12-01,2020-11-01,68522.0,68933.9765625,1,xgboost_change,cv,7
2021-01-01,2020-12-01,67084.0,70892.53125,1,xgboost_change,cv,7
2021-02-01,2021-01-01,68408.0,64562.8515625,1,xgboost_change,cv,7
2021-03-01,2021-02-01,65099.0,66524.6875,1,xgboost_change,cv,7
2021-04-01,2021-03-01,63466.0,63214.1953125,1,xgboost_change,cv,7
2021-05-01,2021-04-01,66423.0,63904.56640625,1,xgboost_change,cv,7
2021-06-01,2021-05-01,69877.0,65341.91796875,1,xgboost_change,cv,7
2021-07-01,2021-06-01,62682.0,70583.03125,1,xgboost_change,cv,8
2021-08-01,2021-07-01,55205.0,62293.3515625,1,xgboost_change,cv,8
2021-09-01,2021-08-01,59038.0,56220.83984375,1,xgboost_change,cv,8
2021-10-01,2021-09-01,53113.0,58766.39453125,1,xgboost_change,cv,8
2021-11-01,2021-10-01,56872.0,57311.15625,1,xgboost_change,cv,8
2021-12-01,2021-11-01,61830.0,61053.99609375,1,xgboost_change,cv,8
2022-01-01,2021-12-01,65541.0,65213.1953125,1,xgboost_change,cv,8
2022-02-01,2022-01-01,61884.0,65796.875,1,xgboost_change,cv,8
2022-03-01,2022-02-01,56984.0,59890.69140625,1,xgboost_change,cv,8
2022-04-01,2022-03-01,52786.0,58532.4921875,1,xgboost_change,cv,8
2022-05-01,2022-04-01,53989.0,53835.43359375,1,xgboost_change,cv,8
2022-06-01,2022-05-01,53605.0,56933.01953125,1,xgboost_change,cv,8
2022-07-01,2022-06-01,52870.0,54362.27734375,1,xgboost_change,cv,9
2022-08-01,2022-07-01,54121.0,52322.02734375,1,xgboost_change,cv,9
2022-09-01,2022-08-01,54334.0,52545.25390625,1,xgboost_change,cv,9
2022-10-01,2022-09-01,50932.0,53699.3828125,1,xgboost_change,cv,9
2022-11-01,2022-10-01,51102.0,52292.765625,1,xgboost_change,cv,9
2022-12-01,2022-11-01,56398.0,54033.19140625,1,xgboost_change,cv,9
2023-01-01,2022-12-01,61972.0,59486.9921875,1,xgboost_change,cv,9
2023-02-01,2023-01-01,64330.0,60500.67578125,1,xgboost_change,cv,9
2023-03-01,2023-02-01,52690.0,61377.3984375,1,xgboost_change,cv,9
2023-04-01,2023-03-01,53256.0,54210.19140625,1,xgboost_change,cv,9
2023-05-01,2023-04-01,55471.0,53895.6484375,1,xgboost_change,cv,9
2023-06-01,2023-05-01,56992.0,54576.66796875,1,xgboost_change,cv,9
2023-07-01,2023-06-01,56885.0,56810.484375,1,xgboost_change,cv,10
2023-08-01,2023-07-01,57442.0,54640.78125,1,xgboost_change,cv,10
2023-09-01,2023-08-01,58791.0,56351.2109375,1,xgboost_change,cv,10
2023-10-01,2023-09-01,55791.0,57137.10546875,1,xgboost_change,cv,10
2023-11-01,2023-10-01,53460.0,56828.45703125,1,xgboost_change,cv,10
2023-12-01,2023-11-01,60085.0,55428.25,1,xgboost_change,cv,10
2024-01-01,2023-12-01,64127.0,64138.6796875,1,xgboost_change,cv,10
2024-02-01,2024-01-01,64192.0,61404.34375,1,xgboost_change,cv,10
2024-03-01,2024-02-01,54901.0,60430.54296875,1,xgboost_change,cv,10
2024-04-01,2024-03-01,54857.0,54873.96484375,1,xgboost_change,cv,10
2024-05-01,2024-04-01,56490.0,55777.21875,1,xgboost_change,cv,10
2024-06-01,2024-05-01,56776.0,56729.01171875,1,xgboost_change,cv,10
2014-07-01,2014-06-01,59765.0,60816.2084472802,1,neural_network_change,cv,1
2014-08-01,2014-07-01,57773.0,58473.772747750714,1,neural_network_change,cv,1
2014-09-01,2014-08-01,55712.0,57651.18085387214,1,neural_network_change,cv,1
2014-10-01,2014-09-01,50685.0,55131.02180807708,1,neural_network_change,cv,1
2014-11-01,2014-10-01,53624.0,52889.73492900389,1,neural_network_change,cv,1
2014-12-01,2014-11-01,62085.0,57542.3183660521,1,neural_network_change,cv,1
2015-01-01,2014-12-01,69032.0,64286.114895470055,1,neural_network_change,cv,1
2015-02-01,2015-01-01,68142.0,68216.99893768795,1,neural_network_change,cv,1
2015-03-01,2015-02-01,64542.0,65393.58130602527,1,neural_network_change,cv,1
2015-04-01,2015-03-01,63272.0,63101.20064824338,1,neural_network_change,cv,1
2015-05-01,2015-04-01,61203.0,61683.403343881764,1,neural_network_change,cv,1
2015-06-01,2015-05-01,61350.0,60439.59729170737,1,neural_network_change,cv,1
2015-07-01,2015-06-01,58703.0,61192.96927534663,1,neural_network_change,cv,2
2015-08-01,2015-07-01,60374.0,58097.92397847762,1,neural_network_change,cv,2
2015-09-01,2015-08-01,62622.0,61262.9555967964,1,neural_network_change,cv,2
2015-10-01,2015-09-01,59687.0,61496.881822450305,1,neural_network_change,cv,2
2015-11-01,2015-10-01,58578.0,59316.7871973303,1,neural_network_change,cv,2
2015-12-01,2015-11-01,60722.0,59222.324859945766,1,neural_network_change,cv,2
2016-01-01,2015-12-01,70309.0,63568.8860529031,1,neural_network_change,cv,2
2016-02-01,2016-01-01,71066.0,70943.97285993185,1,neural_network_change,cv,2
2016-03-01,2016-02-01,65920.0,68218.58206182208,1,neural_network_change,cv,2
2016-04-01,2016-03-01,69091.0,65720.76644164583,1,neural_network_change,cv,2
2016-05-01,2016-04-01,69708.0,67169.85454503505,1,neural_network_change,cv,2
2016-06-01,2016-05-01,73138.0,67666.49865953007,1,neural_network_change,cv,2
2016-07-01,2016-06-01,72616.0,70437.39010212962,1,neural_network_change,cv,3
2016-08-01,2016-07-01,65184.0,70146.27700063761,1,neural_network_change,cv,3
2016-09-01,2016-08-01,58842.0,63556.08603671755,1,neural_network_change,cv,3
2016-10-01,2016-09-01,60975.0,57188.788859810964,1,neural_network_change,cv,3
2016-11-01,2016-10-01,63052.0,61588.62208857352,1,neural_network_change,cv,3
2016-12-01,2016-11-01,65379.0,65411.45426181761,1,neural_network_change,cv,3
2017-01-01,2016-12-01,74583.0,68001.16709720381,1,neural_network_change,cv,3
2017-02-01,2017-01-01,72957.0,74921.47902917421,1,neural_network_change,cv,3
2017-03-01,2017-02-01,65469.0,69507.52546656215,1,neural_network_change,cv,3
2017-04-01,2017-03-01,68482.0,65201.37730759848,1,neural_network_change,cv,3
2017-05-01,2017-04-01,70684.0,68495.09712225667,1,neural_network_change,cv,3
2017-06-01,2017-05-01,67745.0,69952.2031759003,1,neural_network_change,cv,3
2017-07-01,2017-06-01,64144.0,66009.80143285052,1,neural_network_change,cv,4
2017-08-01,2017-07-01,60660.0,63107.55170070977,1,neural_network_change,cv,4
2017-09-01,2017-08-01,59007.0,61755.91867770386,1,neural_network_change,cv,4
2017-10-01,2017-09-01,54456.0,59561.74979883731,1,neural_network_change,cv,4
2017-11-01,2017-10-01,58907.0,58787.80198911292,1,neural_network_change,cv,4
2017-12-01,2017-11-01,60642.0,64955.59205609402,1,neural_network_change,cv,4
2018-01-01,2017-12-01,65037.0,68651.71382988727,1,neural_network_change,cv,4
2018-02-01,2018-01-01,63106.0,67684.79808545506,1,neural_network_change,cv,4
2018-03-01,2018-02-01,58372.0,60845.12108918319,1,neural_network_change,cv,4
2018-04-01,2018-03-01,64718.0,61171.12077827994,1,neural_network_change,cv,4
2018-05-01,2018-04-01,68311.0,66915.53929943207,1,neural_network_change,cv,4
2018-06-01,2018-05-01,66777.0,68515.03321040138,1,neural_network_change,cv,4
2018-07-01,2018-06-01,64871.0,64491.151598409226,1,neural_network_change,cv,5
2018-08-01,2018-07-01,66651.0,63087.539109272046,1,neural_network_change,cv,5
2018-09-01,2018-08-01,70204.0,65114.33458031123,1,neural_network_change,cv,5
2018-10-01,2018-09-01,66430.0,66830.38135901344,1,neural_network_change,cv,5
2018-11-01,2018-10-01,60886.0,64597.748391542984,1,neural_network_change,cv,5
2018-12-01,2018-11-01,62894.0,60494.1195089802,1,neural_network_change,cv,5
2019-01-01,2018-12-01,72680.0,67883.63046469337,1,neural_network_change,cv,5
2019-02-01,2019-01-01,65841.0,73491.92693413883,1,neural_network_change,cv,5
2019-03-01,2019-02-01,62461.0,61354.89403179568,1,neural_network_change,cv,5
2019-04-01,2019-03-01,60742.0,65798.3317696975,1,neural_network_change,cv,5
2019-05-01,2019-04-01,65734.0,63483.894144035774,1,neural_network_change,cv,5
2019-06-01,2019-05-01,59764.0,69488.11897438773,1,neural_network_change,cv,5
2019-07-01,2019-06-01,61114.0,57705.124543596816,1,neural_network_change,cv,6
2019-08-01,2019-07-01,65254.0,60951.39508933184,1,neural_network_change,cv,6
2019-09-01,2019-08-01,64954.0,64585.52567548623,1,neural_network_change,cv,6
2019-10-01,2019-09-01,60265.0,59408.731259822656,1,neural_network_change,cv,6
2019-11-01,2019-10-01,61239.0,58896.35479282974,1,neural_network_change,cv,6
2019-12-01,2019-11-01,65614.0,62489.881218890194,1,neural_network_change,cv,6
2020-01-01,2019-12-01,68129.0,66864.20182683259,1,neural_network_change,cv,6
2020-02-01,2020-01-01,63763.0,66567.65039839763,1,neural_network_change,cv,6
2020-03-01,2020-02-01,70994.0,61410.30564902559,1,neural_network_change,cv,6
2020-04-01,2020-03-01,70212.0,66045.90368661855,1,neural_network_change,cv,6
2020-05-01,2020-04-01,74366.0,63899.37201799929,1,neural_network_change,cv,6
2020-06-01,2020-05-01,73145.0,68091.11658478499,1,neural_network_change,cv,6
2020-07-01,2020-06-01,69204.0,70243.2737844222,1,neural_network_change,cv,7
2020-08-01,2020-07-01,62131.0,66302.16201054843,1,neural_network_change,cv,7
2020-09-01,2020-08-01,61839.0,59229.21193011801,1,neural_network_change,cv,7
2020-10-01,2020-09-01,61701.0,58937.67953037124,1,neural_network_change,cv,7
2020-11-01,2020-10-01,67299.0,58896.02632596737,1,neural_network_change,cv,7
2020-12-01,2020-11-01,68522.0,64398.05460364877,1,neural_network_change,cv,7
2021-01-01,2020-12-01,67084.0,65621.86130010721,1,neural_network_change,cv,7
2021-02-01,2021-01-01,68408.0,64183.175896542816,1,neural_network_change,cv,7
2021-03-01,2021-02-01,65099.0,65506.97791297309,1,neural_network_change,cv,7
2021-04-01,2021-03-01,63466.0,62197.90270259089,1,neural_network_change,cv,7
2021-05-01,2021-04-01,66423.0,61570.62131652127,1,neural_network_change,cv,7
2021-06-01,2021-05-01,69877.0,63521.738687358535,1,neural_network_change,cv,7
2021-07-01,2021-06-01,62682.0,70221.23184610707,1,neural_network_change,cv,8
2021-08-01,2021-07-01,55205.0,61848.86919768279,1,neural_network_change,cv,8
2021-09-01,2021-08-01,59038.0,55330.94501996961,1,neural_network_change,cv,8
2021-10-01,2021-09-01,53113.0,59503.714636338475,1,neural_network_change,cv,8
2021-11-01,2021-10-01,56872.0,56414.95279904817,1,neural_network_change,cv,8
2021-12-01,2021-11-01,61830.0,60488.350557571066,1,neural_network_change,cv,8
2022-01-01,2021-12-01,65541.0,65381.994731059545,1,neural_network_change,cv,8
2022-02-01,2022-01-01,61884.0,66583.58536150299,1,neural_network_change,cv,8
2022-03-01,2022-02-01,56984.0,60927.25618946649,1,neural_network_change,cv,8
2022-04-01,2022-03-01,52786.0,58590.08872068645,1,neural_network_change,cv,8
2022-05-01,2022-04-01,53989.0,54252.53245088487,1,neural_network_change,cv,8
2022-06-01,2022-05-01,53605.0,56821.637201047204,1,neural_network_change,cv,8
2022-07-01,2022-06-01,52870.0,53382.02015549637,1,neural_network_change,cv,9
2022-08-01,2022-07-01,54121.0,49471.37100579908,1,neural_network_change,cv,9
2022-09-01,2022-08-01,54334.0,53525.31863220573,1,neural_network_change,cv,9
2022-10-01,2022-09-01,50932.0,53653.09194915048,1,neural_network_change,cv,9
2022-11-01,2022-10-01,51102.0,53614.79446765896,1,neural_network_change,cv,9
2022-12-01,2022-11-01,56398.0,53945.901553827476,1,neural_network_change,cv,9
2023-01-01,2022-12-01,61972.0,58713.96783194094,1,neural_network_change,cv,9
2023-02-01,2023-01-01,64330.0,61098.770072793035,1,neural_network_change,cv,9
2023-03-01,2023-02-01,52690.0,61261.2648100175,1,neural_network_change,cv,9
2023-04-01,2023-03-01,53256.0,54906.63142318922,1,neural_network_change,cv,9
2023-05-01,2023-04-01,55471.0,52900.94775120777,1,neural_network_change,cv,9
2023-06-01,2023-05-01,56992.0,54534.85703591678,1,neural_network_change,cv,9
2023-07-01,2023-06-01,56885.0,56093.474807823244,1,neural_network_change,cv,10
2023-08-01,2023-07-01,57442.0,55358.86508213236,1,neural_network_change,cv,10
2023-09-01,2023-08-01,58791.0,56364.62831512678,1,neural_network_change,cv,10
2023-10-01,2023-09-01,55791.0,57885.376070872444,1,neural_network_change,cv,10
2023-11-01,2023-10-01,53460.0,57011.00691465846,1,neural_network_change,cv,10
2023-12-01,2023-11-01,60085.0,56572.1370939769,1,neural_network_change,cv,10
2024-01-01,2023-12-01,64127.0,64213.193171914376,1,neural_network_change,cv,10
2024-02-01,2024-01-01,64192.0,63765.98347145786,1,neural_network_change,cv,10
2024-03-01,2024-02-01,54901.0,61109.85644168524,1,neural_network_change,cv,10
2024-04-01,2024-03-01,54857.0,54648.130104536474,1,neural_network_change,cv,10
2024-05-01,2024-04-01,56490.0,54138.84179064994,1,neural_network_change,cv,10
2024-06-01,2024-05-01,56776.0,56542.2041567679,1,neural_network_change,cv,10
2024-07-01,2024-06-01,57679.0,56776.0,1,persistence,holdout,0
2024-08-01,2024-07-01,59114.0,57679.0,1,persistence,holdout,0
2024-09-01,2024-08-01,60994.0,59114.0,1,persistence,holdout,0
2024-10-01,2024-09-01,54025.0,60994.0,1,persistence,holdout,0
2024-11-01,2024-10-01,53952.0,54025.0,1,persistence,holdout,0
2024-12-01,2024-11-01,60722.0,53952.0,1,persistence,holdout,0
2025-01-01,2024-12-01,66423.0,60722.0,1,persistence,holdout,0
2025-02-01,2025-01-01,65816.0,66423.0,1,persistence,holdout,0
2025-03-01,2025-02-01,59836.0,65816.0,1,persistence,holdout,0
2025-04-01,2025-03-01,59440.0,59836.0,1,persistence,holdout,0
2025-05-01,2025-04-01,59838.0,59440.0,1,persistence,holdout,0
2025-06-01,2025-05-01,63611.0,59838.0,1,persistence,holdout,0
2025-07-01,2025-06-01,58368.0,63611.0,1,persistence,holdout,0
2025-08-01,2025-07-01,56697.0,58368.0,1,persistence,holdout,0
2025-09-01,2025-08-01,57175.0,56697.0,1,persistence,holdout,0
2025-10-01,2025-09-01,50974.0,57175.0,1,persistence,holdout,0
2025-11-01,2025-10-01,49709.0,50974.0,1,persistence,holdout,0
2025-12-01,2025-11-01,58895.0,49709.0,1,persistence,holdout,0
2026-01-01,2025-12-01,68046.0,58895.0,1,persistence,holdout,0
2026-02-01,2026-01-01,67907.0,68046.0,1,persistence,holdout,0
2026-03-01,2026-02-01,59053.0,67907.0,1,persistence,holdout,0
2026-04-01,2026-03-01,56752.0,59053.0,1,persistence,holdout,0
2026-05-01,2026-04-01,57919.0,56752.0,1,persistence,holdout,0
2026-06-01,2026-05-01,56678.0,57919.0,1,persistence,holdout,0
2024-07-01,2024-06-01,57679.0,56885.0,1,seasonal_naive,holdout,0
2024-08-01,2024-07-01,59114.0,57442.0,1,seasonal_naive,holdout,0
2024-09-01,2024-08-01,60994.0,58791.0,1,seasonal_naive,holdout,0
2024-10-01,2024-09-01,54025.0,55791.0,1,seasonal_naive,holdout,0
2024-11-01,2024-10-01,53952.0,53460.0,1,seasonal_naive,holdout,0
2024-12-01,2024-11-01,60722.0,60085.0,1,seasonal_naive,holdout,0
2025-01-01,2024-12-01,66423.0,64127.0,1,seasonal_naive,holdout,0
2025-02-01,2025-01-01,65816.0,64192.0,1,seasonal_naive,holdout,0
2025-03-01,2025-02-01,59836.0,54901.0,1,seasonal_naive,holdout,0
2025-04-01,2025-03-01,59440.0,54857.0,1,seasonal_naive,holdout,0
2025-05-01,2025-04-01,59838.0,56490.0,1,seasonal_naive,holdout,0
2025-06-01,2025-05-01,63611.0,56776.0,1,seasonal_naive,holdout,0
2025-07-01,2025-06-01,58368.0,57679.0,1,seasonal_naive,holdout,0
2025-08-01,2025-07-01,56697.0,59114.0,1,seasonal_naive,holdout,0
2025-09-01,2025-08-01,57175.0,60994.0,1,seasonal_naive,holdout,0
2025-10-01,2025-09-01,50974.0,54025.0,1,seasonal_naive,holdout,0
2025-11-01,2025-10-01,49709.0,53952.0,1,seasonal_naive,holdout,0
2025-12-01,2025-11-01,58895.0,60722.0,1,seasonal_naive,holdout,0
2026-01-01,2025-12-01,68046.0,66423.0,1,seasonal_naive,holdout,0
2026-02-01,2026-01-01,67907.0,65816.0,1,seasonal_naive,holdout,0
2026-03-01,2026-02-01,59053.0,59836.0,1,seasonal_naive,holdout,0
2026-04-01,2026-03-01,56752.0,59440.0,1,seasonal_naive,holdout,0
2026-05-01,2026-04-01,57919.0,59838.0,1,seasonal_naive,holdout,0
2026-06-01,2026-05-01,56678.0,63611.0,1,seasonal_naive,holdout,0
2024-07-01,2024-06-01,57679.0,54152.652401477826,1,forecast_flow_identity,holdout,0
2024-08-01,2024-07-01,59114.0,55765.37465517242,1,forecast_flow_identity,holdout,0
2024-09-01,2024-08-01,60994.0,60569.34264659142,1,forecast_flow_identity,holdout,0
2024-10-01,2024-09-01,54025.0,58023.40740147783,1,forecast_flow_identity,holdout,0
2024-11-01,2024-10-01,53952.0,55838.33918242489,1,forecast_flow_identity,holdout,0
2024-12-01,2024-11-01,60722.0,58497.387401477834,1,forecast_flow_identity,holdout,0
2025-01-01,2024-12-01,66423.0,63758.11240147781,1,forecast_flow_identity,holdout,0
2025-02-01,2025-01-01,65816.0,65839.79629588433,1,forecast_flow_identity,holdout,0
2025-03-01,2025-02-01,59836.0,61432.928318965525,1,forecast_flow_identity,holdout,0
2025-04-01,2025-03-01,59440.0,59382.537082869836,1,forecast_flow_identity,holdout,0
2025-05-01,2025-04-01,59838.0,62739.0624856322,1,forecast_flow_identity,holdout,0
2025-06-01,2025-05-01,63611.0,61434.15563125696,1,forecast_flow_identity,holdout,0
2025-07-01,2025-06-01,58368.0,62296.1808189655,1,forecast_flow_identity,holdout,0
2025-08-01,2025-07-01,56697.0,56725.680818965535,1,forecast_flow_identity,holdout,0
2025-09-01,2025-08-01,57175.0,58372.03143770856,1,forecast_flow_identity,holdout,0
2025-10-01,2025-09-01,50974.0,53396.9008189655,1,forecast_flow_identity,holdout,0
2025-11-01,2025-10-01,49709.0,52664.31853448273,1,forecast_flow_identity,holdout,0
2025-12-01,2025-11-01,58895.0,55142.25165229883,1,forecast_flow_identity,holdout,0
2026-01-01,2025-12-01,68046.0,62800.124903530355,1,forecast_flow_identity,holdout,0
2026-02-01,2026-01-01,67907.0,68190.12738783835,1,forecast_flow_identity,holdout,0
2026-03-01,2026-02-01,59053.0,61294.040476190465,1,forecast_flow_identity,holdout,0
2026-04-01,2026-03-01,56752.0,58491.032718894014,1,forecast_flow_identity,holdout,0
2026-05-01,2026-04-01,57919.0,58933.75464285714,1,forecast_flow_identity,holdout,0
2026-06-01,2026-05-01,56678.0,60201.19804147463,1,forecast_flow_identity,holdout,0
2024-07-01,2024-06-01,57679.0,57565.76911092169,1,constrained_level,holdout,0
2024-08-01,2024-07-01,59114.0,58484.694758082165,1,constrained_level,holdout,0
2024-09-01,2024-08-01,60994.0,60128.68498555987,1,constrained_level,holdout,0
2024-10-01,2024-09-01,54025.0,61668.022675273896,1,constrained_level,holdout,0
2024-11-01,2024-10-01,53952.0,54546.44041751334,1,constrained_level,holdout,0
2024-12-01,2024-11-01,60722.0,55153.75288575437,1,constrained_level,holdout,0
2025-01-01,2024-12-01,66423.0,62894.072740417134,1,constrained_level,holdout,0
2025-02-01,2025-01-01,65816.0,66433.73867663193,1,constrained_level,holdout,0
2025-03-01,2025-02-01,59836.0,64928.537987261094,1,constrained_level,holdout,0
2025-04-01,2025-03-01,59440.0,59005.632038698066,1,constrained_level,holdout,0
2025-05-01,2025-04-01,59838.0,60334.82918131587,1,constrained_level,holdout,0
2025-06-01,2025-05-01,63611.0,60525.18630677232,1,constrained_level,holdout,0
2025-07-01,2025-06-01,58368.0,64150.19686681165,1,constrained_level,holdout,0
2025-08-01,2025-07-01,56697.0,58424.843053235454,1,constrained_level,holdout,0
2025-09-01,2025-08-01,57175.0,58495.860899341285,1,constrained_level,holdout,0
2025-10-01,2025-09-01,50974.0,59681.80696692039,1,constrained_level,holdout,0
2025-11-01,2025-10-01,49709.0,54154.15057723569,1,constrained_level,holdout,0
2025-12-01,2025-11-01,58895.0,53318.68995124335,1,constrained_level,holdout,0
2026-01-01,2025-12-01,68046.0,63086.12091391014,1,constrained_level,holdout,0
2026-02-01,2026-01-01,67907.0,69746.70798238946,1,constrained_level,holdout,0
2026-03-01,2026-02-01,59053.0,67026.64833197903,1,constrained_level,holdout,0
2026-04-01,2026-03-01,56752.0,59605.55970419525,1,constrained_level,holdout,0
2026-05-01,2026-04-01,57919.0,58903.11567208741,1,constrained_level,holdout,0
2026-06-01,2026-05-01,56678.0,59742.87667885576,1,constrained_level,holdout,0
2024-07-01,2024-06-01,57679.0,56880.47996126185,1,ridge_change,holdout,0
2024-08-01,2024-07-01,59114.0,57720.82077194905,1,ridge_change,holdout,0
2024-09-01,2024-08-01,60994.0,59295.022667548736,1,ridge_change,holdout,0
2024-10-01,2024-09-01,54025.0,60078.67036794461,1,ridge_change,holdout,0
2024-11-01,2024-10-01,53952.0,52760.710803657064,1,ridge_change,holdout,0
2024-12-01,2024-11-01,60722.0,54731.65044379556,1,ridge_change,holdout,0
2025-01-01,2024-12-01,66423.0,62514.33661904381,1,ridge_change,holdout,0
2025-02-01,2025-01-01,65816.0,65527.392416082985,1,ridge_change,holdout,0
2025-03-01,2025-02-01,59836.0,62882.11532431693,1,ridge_change,holdout,0
2025-04-01,2025-03-01,59440.0,57421.641899027774,1,ridge_change,holdout,0
2025-05-01,2025-04-01,59838.0,59248.84168067474,1,ridge_change,holdout,0
2025-06-01,2025-05-01,63611.0,59126.925405744616,1,ridge_change,holdout,0
2025-07-01,2025-06-01,58368.0,62855.27221824633,1,ridge_change,holdout,0
2025-08-01,2025-07-01,56697.0,57328.0986251621,1,ridge_change,holdout,0
2025-09-01,2025-08-01,57175.0,57708.50203698733,1,ridge_change,holdout,0
2025-10-01,2025-09-01,50974.0,57488.27194022596,1,ridge_change,holdout,0
2025-11-01,2025-10-01,49709.0,52286.679356964654,1,ridge_change,holdout,0
2025-12-01,2025-11-01,58895.0,52857.14555249129,1,ridge_change,holdout,0
2026-01-01,2025-12-01,68046.0,62573.87084659757,1,ridge_change,holdout,0
2026-02-01,2026-01-01,67907.0,68472.76715373715,1,ridge_change,holdout,0
2026-03-01,2026-02-01,59053.0,65469.55331469721,1,ridge_change,holdout,0
2026-04-01,2026-03-01,56752.0,57820.21394257488,1,ridge_change,holdout,0
2026-05-01,2026-04-01,57919.0,57599.92652854665,1,ridge_change,holdout,0
2026-06-01,2026-05-01,56678.0,59286.58327898354,1,ridge_change,holdout,0
2024-07-01,2024-06-01,57679.0,56053.99044099352,1,seasonal_ridge_change,holdout,0
2024-08-01,2024-07-01,59114.0,57216.16858289373,1,seasonal_ridge_change,holdout,0
2024-09-01,2024-08-01,60994.0,58703.98934983747,1,seasonal_ridge_change,holdout,0
2024-10-01,2024-09-01,54025.0,59676.63333135014,1,seasonal_ridge_change,holdout,0
2024-11-01,2024-10-01,53952.0,52943.79023870301,1,seasonal_ridge_change,holdout,0
2024-12-01,2024-11-01,60722.0,54883.22906034123,1,seasonal_ridge_change,holdout,0
2025-01-01,2024-12-01,66423.0,63120.77332027841,1,seasonal_ridge_change,holdout,0
2025-02-01,2025-01-01,65816.0,65848.9810236695,1,seasonal_ridge_change,holdout,0
2025-03-01,2025-02-01,59836.0,63070.011712155436,1,seasonal_ridge_change,holdout,0
2025-04-01,2025-03-01,59440.0,57951.08393079603,1,seasonal_ridge_change,holdout,0
2025-05-01,2025-04-01,59838.0,58654.336020071,1,seasonal_ridge_change,holdout,0
2025-06-01,2025-05-01,63611.0,58517.991358146835,1,seasonal_ridge_change,holdout,0
2025-07-01,2025-06-01,58368.0,62067.95357440201,1,seasonal_ridge_change,holdout,0
2025-08-01,2025-07-01,56697.0,56817.751038956296,1,seasonal_ridge_change,holdout,0
2025-09-01,2025-08-01,57175.0,57343.89803035655,1,seasonal_ridge_change,holdout,0
2025-10-01,2025-09-01,50974.0,56968.97015540162,1,seasonal_ridge_change,holdout,0
2025-11-01,2025-10-01,49709.0,52318.07138182683,1,seasonal_ridge_change,holdout,0
2025-12-01,2025-11-01,58895.0,52929.538852489924,1,seasonal_ridge_change,holdout,0
2026-01-01,2025-12-01,68046.0,62646.394296592625,1,seasonal_ridge_change,holdout,0
2026-02-01,2026-01-01,67907.0,68355.81819707163,1,seasonal_ridge_change,holdout,0
2026-03-01,2026-02-01,59053.0,65515.51470608134,1,seasonal_ridge_change,holdout,0
2026-04-01,2026-03-01,56752.0,57675.431241588776,1,seasonal_ridge_change,holdout,0
2026-05-01,2026-04-01,57919.0,56585.08616368322,1,seasonal_ridge_change,holdout,0
2026-06-01,2026-05-01,56678.0,58042.77860894141,1,seasonal_ridge_change,holdout,0
2024-07-01,2024-06-01,57679.0,56053.99044099352,1,polynomial_ridge_change,holdout,0
2024-08-01,2024-07-01,59114.0,57216.16858289373,1,polynomial_ridge_change,holdout,0
2024-09-01,2024-08-01,60994.0,58703.98934983747,1,polynomial_ridge_change,holdout,0
2024-10-01,2024-09-01,54025.0,59676.63333135014,1,polynomial_ridge_change,holdout,0
2024-11-01,2024-10-01,53952.0,52943.79023870301,1,polynomial_ridge_change,holdout,0
2024-12-01,2024-11-01,60722.0,54883.22906034123,1,polynomial_ridge_change,holdout,0
2025-01-01,2024-12-01,66423.0,63120.77332027841,1,polynomial_ridge_change,holdout,0
2025-02-01,2025-01-01,65816.0,65848.98102366949,1,polynomial_ridge_change,holdout,0
2025-03-01,2025-02-01,59836.0,63070.011712155436,1,polynomial_ridge_change,holdout,0
2025-04-01,2025-03-01,59440.0,57951.08393079603,1,polynomial_ridge_change,holdout,0
2025-05-01,2025-04-01,59838.0,58654.336020071,1,polynomial_ridge_change,holdout,0
2025-06-01,2025-05-01,63611.0,58517.991358146835,1,polynomial_ridge_change,holdout,0
2025-07-01,2025-06-01,58368.0,62067.95357440202,1,polynomial_ridge_change,holdout,0
2025-08-01,2025-07-01,56697.0,56817.751038956296,1,polynomial_ridge_change,holdout,0
2025-09-01,2025-08-01,57175.0,57343.89803035655,1,polynomial_ridge_change,holdout,0
2025-10-01,2025-09-01,50974.0,56968.97015540162,1,polynomial_ridge_change,holdout,0
2025-11-01,2025-10-01,49709.0,52318.07138182682,1,polynomial_ridge_change,holdout,0
2025-12-01,2025-11-01,58895.0,52929.538852489924,1,polynomial_ridge_change,holdout,0
2026-01-01,2025-12-01,68046.0,62646.394296592625,1,polynomial_ridge_change,holdout,0
2026-02-01,2026-01-01,67907.0,68355.81819707163,1,polynomial_ridge_change,holdout,0
2026-03-01,2026-02-01,59053.0,65515.51470608133,1,polynomial_ridge_change,holdout,0
2026-04-01,2026-03-01,56752.0,57675.43124158877,1,polynomial_ridge_change,holdout,0
2026-05-01,2026-04-01,57919.0,56585.08616368323,1,polynomial_ridge_change,holdout,0
2026-06-01,2026-05-01,56678.0,58042.77860894141,1,polynomial_ridge_change,holdout,0
2024-07-01,2024-06-01,57679.0,56882.02470437671,1,spline_ridge_change,holdout,0
2024-08-01,2024-07-01,59114.0,57332.83183170588,1,spline_ridge_change,holdout,0
2024-09-01,2024-08-01,60994.0,58086.61698010108,1,spline_ridge_change,holdout,0
2024-10-01,2024-09-01,54025.0,59503.36627332903,1,spline_ridge_change,holdout,0
2024-11-01,2024-10-01,53952.0,54240.13951495515,1,spline_ridge_change,holdout,0
2024-12-01,2024-11-01,60722.0,55801.29319898852,1,spline_ridge_change,holdout,0
2025-01-01,2024-12-01,66423.0,63866.364810153565,1,spline_ridge_change,holdout,0
2025-02-01,2025-01-01,65816.0,64122.28298043069,1,spline_ridge_change,holdout,0
2025-03-01,2025-02-01,59836.0,59897.99997934323,1,spline_ridge_change,holdout,0
2025-04-01,2025-03-01,59440.0,59603.106638482546,1,spline_ridge_change,holdout,0
2025-05-01,2025-04-01,59838.0,61530.286420169956,1,spline_ridge_change,holdout,0
2025-06-01,2025-05-01,63611.0,60635.556347849524,1,spline_ridge_change,holdout,0
2025-07-01,2025-06-01,58368.0,62276.29506957887,1,spline_ridge_change,holdout,0
2025-08-01,2025-07-01,56697.0,56466.97154274059,1,spline_ridge_change,holdout,0
2025-09-01,2025-08-01,57175.0,54309.10341743541,1,spline_ridge_change,holdout,0
2025-10-01,2025-09-01,50974.0,54779.486680397,1,spline_ridge_change,holdout,0
2025-11-01,2025-10-01,49709.0,51316.62801010953,1,spline_ridge_change,holdout,0
2025-12-01,2025-11-01,58895.0,52053.85901238915,1,spline_ridge_change,holdout,0
2026-01-01,2025-12-01,68046.0,59575.549307023204,1,spline_ridge_change,holdout,0
2026-02-01,2026-01-01,67907.0,61934.84672353176,1,spline_ridge_change,holdout,0
2026-03-01,2026-02-01,59053.0,62617.13556730522,1,spline_ridge_change,holdout,0
2026-04-01,2026-03-01,56752.0,55449.760630897035,1,spline_ridge_change,holdout,0
2026-05-01,2026-04-01,57919.0,57043.10553587394,1,spline_ridge_change,holdout,0
2026-06-01,2026-05-01,56678.0,58872.623135062764,1,spline_ridge_change,holdout,0
2024-07-01,2024-06-01,57679.0,56272.73527820494,1,random_forest_change,holdout,0
2024-08-01,2024-07-01,59114.0,57120.39578456999,1,random_forest_change,holdout,0
2024-09-01,2024-08-01,60994.0,58372.095360176405,1,random_forest_change,holdout,0
2024-10-01,2024-09-01,54025.0,59816.179400086556,1,random_forest_change,holdout,0
2024-11-01,2024-10-01,53952.0,56614.59085989899,1,random_forest_change,holdout,0
2024-12-01,2024-11-01,60722.0,57624.80742656471,1,random_forest_change,holdout,0
2025-01-01,2024-12-01,66423.0,64579.62352396831,1,random_forest_change,holdout,0
2025-02-01,2025-01-01,65816.0,64614.116789799955,1,random_forest_change,holdout,0
2025-03-01,2025-02-01,59836.0,61671.75819202733,1,random_forest_change,holdout,0
2025-04-01,2025-03-01,59440.0,59447.5615286228,1,random_forest_change,holdout,0
2025-05-01,2025-04-01,59838.0,59842.83655366997,1,random_forest_change,holdout,0
2025-06-01,2025-05-01,63611.0,59572.4760404708,1,random_forest_change,holdout,0
2025-07-01,2025-06-01,58368.0,62424.2193319293,1,random_forest_change,holdout,0
2025-08-01,2025-07-01,56697.0,57699.464325184126,1,random_forest_change,holdout,0
2025-09-01,2025-08-01,57175.0,56359.43341036721,1,random_forest_change,holdout,0
2025-10-01,2025-09-01,50974.0,55839.109342688345,1,random_forest_change,holdout,0
2025-11-01,2025-10-01,49709.0,53358.347316930725,1,random_forest_change,holdout,0
2025-12-01,2025-11-01,58895.0,53351.14594189877,1,random_forest_change,holdout,0
2026-01-01,2025-12-01,68046.0,62903.5280381009,1,random_forest_change,holdout,0
2026-02-01,2026-01-01,67907.0,66160.99388097905,1,random_forest_change,holdout,0
2026-03-01,2026-02-01,59053.0,63908.09939622121,1,random_forest_change,holdout,0
2026-04-01,2026-03-01,56752.0,58690.80852104752,1,random_forest_change,holdout,0
2026-05-01,2026-04-01,57919.0,56546.624640198155,1,random_forest_change,holdout,0
2026-06-01,2026-05-01,56678.0,57575.96884148729,1,random_forest_change,holdout,0
2024-07-01,2024-06-01,57679.0,56708.84765625,1,xgboost_change,holdout,0
2024-08-01,2024-07-01,59114.0,56611.5703125,1,xgboost_change,holdout,0
2024-09-01,2024-08-01,60994.0,58011.60546875,1,xgboost_change,holdout,0
2024-10-01,2024-09-01,54025.0,59551.28125,1,xgboost_change,holdout,0
2024-11-01,2024-10-01,53952.0,56036.3984375,1,xgboost_change,holdout,0
2024-12-01,2024-11-01,60722.0,56952.60546875,1,xgboost_change,holdout,0
2025-01-01,2024-12-01,66423.0,63731.82421875,1,xgboost_change,holdout,0
2025-02-01,2025-01-01,65816.0,64152.359375,1,xgboost_change,holdout,0
2025-03-01,2025-02-01,59836.0,60620.0859375,1,xgboost_change,holdout,0
2025-04-01,2025-03-01,59440.0,60024.1875,1,xgboost_change,holdout,0
2025-05-01,2025-04-01,59838.0,61152.56640625,1,xgboost_change,holdout,0
2025-06-01,2025-05-01,63611.0,60142.80078125,1,xgboost_change,holdout,0
2025-07-01,2025-06-01,58368.0,61523.91015625,1,xgboost_change,holdout,0
2025-08-01,2025-07-01,56697.0,57904.359375,1,xgboost_change,holdout,0
2025-09-01,2025-08-01,57175.0,56615.640625,1,xgboost_change,holdout,0
2025-10-01,2025-09-01,50974.0,55315.7578125,1,xgboost_change,holdout,0
2025-11-01,2025-10-01,49709.0,52994.08984375,1,xgboost_change,holdout,0
2025-12-01,2025-11-01,58895.0,52475.421875,1,xgboost_change,holdout,0
2026-01-01,2025-12-01,68046.0,62368.5625,1,xgboost_change,holdout,0
2026-02-01,2026-01-01,67907.0,65283.8671875,1,xgboost_change,holdout,0
2026-03-01,2026-02-01,59053.0,62944.171875,1,xgboost_change,holdout,0
2026-04-01,2026-03-01,56752.0,59355.54296875,1,xgboost_change,holdout,0
2026-05-01,2026-04-01,57919.0,57175.39453125,1,xgboost_change,holdout,0
2026-06-01,2026-05-01,56678.0,58166.33984375,1,xgboost_change,holdout,0
2024-07-01,2024-06-01,57679.0,55902.29659039462,1,neural_network_change,holdout,0
2024-08-01,2024-07-01,59114.0,56862.32833814578,1,neural_network_change,holdout,0
2024-09-01,2024-08-01,60994.0,58107.50912811782,1,neural_network_change,holdout,0
2024-10-01,2024-09-01,54025.0,59140.291758109466,1,neural_network_change,holdout,0
2024-11-01,2024-10-01,53952.0,53924.33934470686,1,neural_network_change,holdout,0
2024-12-01,2024-11-01,60722.0,55993.64620827471,1,neural_network_change,holdout,0
2025-01-01,2024-12-01,66423.0,64320.273662830994,1,neural_network_change,holdout,0
2025-02-01,2025-01-01,65816.0,64535.0947482019,1,neural_network_change,holdout,0
2025-03-01,2025-02-01,59836.0,61907.59005227871,1,neural_network_change,holdout,0
2025-04-01,2025-03-01,59440.0,57858.27997807896,1,neural_network_change,holdout,0
2025-05-01,2025-04-01,59838.0,57156.05495185487,1,neural_network_change,holdout,0
2025-06-01,2025-05-01,63611.0,58606.49248717235,1,neural_network_change,holdout,0
2025-07-01,2025-06-01,58368.0,61819.96758297466,1,neural_network_change,holdout,0
2025-08-01,2025-07-01,56697.0,56002.630081024305,1,neural_network_change,holdout,0
2025-09-01,2025-08-01,57175.0,57128.539732183504,1,neural_network_change,holdout,0
2025-10-01,2025-09-01,50974.0,56887.292043136964,1,neural_network_change,holdout,0
2025-11-01,2025-10-01,49709.0,53698.47944140383,1,neural_network_change,holdout,0
2025-12-01,2025-11-01,58895.0,54729.95785745061,1,neural_network_change,holdout,0
2026-01-01,2025-12-01,68046.0,63854.04658723904,1,neural_network_change,holdout,0
2026-02-01,2026-01-01,67907.0,66442.26521064434,1,neural_network_change,holdout,0
2026-03-01,2026-02-01,59053.0,63998.59005251191,1,neural_network_change,holdout,0
2026-04-01,2026-03-01,56752.0,56212.59306953941,1,neural_network_change,holdout,0
2026-05-01,2026-04-01,57919.0,54548.028242149296,1,neural_network_change,holdout,0
2026-06-01,2026-05-01,56678.0,56197.25623035763,1,neural_network_change,holdout,0
2014-07-01,2014-06-01,48264.0,49740.0,2,persistence,cv,1
2014-08-01,2014-07-01,46770.0,48264.0,2,persistence,cv,1
2014-09-01,2014-08-01,47083.0,46770.0,2,persistence,cv,1
2014-10-01,2014-09-01,44074.0,47083.0,2,persistence,cv,1
2014-11-01,2014-10-01,45416.0,44074.0,2,persistence,cv,1
2014-12-01,2014-11-01,52440.0,45416.0,2,persistence,cv,1
2015-01-01,2014-12-01,53425.0,52440.0,2,persistence,cv,1
2015-02-01,2015-01-01,53385.0,53425.0,2,persistence,cv,1
2015-03-01,2015-02-01,52861.0,53385.0,2,persistence,cv,1
2015-04-01,2015-03-01,53286.0,52861.0,2,persistence,cv,1
2015-05-01,2015-04-01,49145.0,53286.0,2,persistence,cv,1
2015-06-01,2015-05-01,50387.0,49145.0,2,persistence,cv,1
2015-07-01,2015-06-01,48210.0,50387.0,2,persistence,cv,2
2015-08-01,2015-07-01,49387.0,48210.0,2,persistence,cv,2
2015-09-01,2015-08-01,47041.0,49387.0,2,persistence,cv,2
2015-10-01,2015-09-01,45967.0,47041.0,2,persistence,cv,2
2015-11-01,2015-10-01,50053.0,45967.0,2,persistence,cv,2
2015-12-01,2015-11-01,53674.0,50053.0,2,persistence,cv,2
2016-01-01,2015-12-01,62336.0,53674.0,2,persistence,cv,2
2016-02-01,2016-01-01,60365.0,62336.0,2,persistence,cv,2
2016-03-01,2016-02-01,57094.0,60365.0,2,persistence,cv,2
2016-04-01,2016-03-01,54581.0,57094.0,2,persistence,cv,2
2016-05-01,2016-04-01,54211.0,54581.0,2,persistence,cv,2
2016-06-01,2016-05-01,53898.0,54211.0,2,persistence,cv,2
2016-07-01,2016-06-01,51933.0,53898.0,2,persistence,cv,3
2016-08-01,2016-07-01,51959.0,51933.0,2,persistence,cv,3
2016-09-01,2016-08-01,51101.0,51959.0,2,persistence,cv,3
2016-10-01,2016-09-01,49811.0,51101.0,2,persistence,cv,3
2016-11-01,2016-10-01,50310.0,49811.0,2,persistence,cv,3
2016-12-01,2016-11-01,53229.0,50310.0,2,persistence,cv,3
2017-01-01,2016-12-01,60494.0,53229.0,2,persistence,cv,3
2017-02-01,2017-01-01,60249.0,60494.0,2,persistence,cv,3
2017-03-01,2017-02-01,57339.0,60249.0,2,persistence,cv,3
2017-04-01,2017-03-01,56828.0,57339.0,2,persistence,cv,3
2017-05-01,2017-04-01,55450.0,56828.0,2,persistence,cv,3
2017-06-01,2017-05-01,53587.0,55450.0,2,persistence,cv,3
2017-07-01,2017-06-01,53144.0,53587.0,2,persistence,cv,4
2017-08-01,2017-07-01,51525.0,53144.0,2,persistence,cv,4
2017-09-01,2017-08-01,50366.0,51525.0,2,persistence,cv,4
2017-10-01,2017-09-01,45863.0,50366.0,2,persistence,cv,4
2017-11-01,2017-10-01,47897.0,45863.0,2,persistence,cv,4
2017-12-01,2017-11-01,52209.0,47897.0,2,persistence,cv,4
2018-01-01,2017-12-01,57692.0,52209.0,2,persistence,cv,4
2018-02-01,2018-01-01,60233.0,57692.0,2,persistence,cv,4
2018-03-01,2018-02-01,57183.0,60233.0,2,persistence,cv,4
2018-04-01,2018-03-01,57200.0,57183.0,2,persistence,cv,4
2018-05-01,2018-04-01,53886.0,57200.0,2,persistence,cv,4
2018-06-01,2018-05-01,53488.0,53886.0,2,persistence,cv,4
2018-07-01,2018-06-01,53407.0,53488.0,2,persistence,cv,5
2018-08-01,2018-07-01,53041.0,53407.0,2,persistence,cv,5
2018-09-01,2018-08-01,53164.0,53041.0,2,persistence,cv,5
2018-10-01,2018-09-01,47779.0,53164.0,2,persistence,cv,5
2018-11-01,2018-10-01,49088.0,47779.0,2,persistence,cv,5
2018-12-01,2018-11-01,56136.0,49088.0,2,persistence,cv,5
2019-01-01,2018-12-01,60779.0,56136.0,2,persistence,cv,5
2019-02-01,2019-01-01,59040.0,60779.0,2,persistence,cv,5
2019-03-01,2019-02-01,54545.0,59040.0,2,persistence,cv,5
2019-04-01,2019-03-01,51552.0,54545.0,2,persistence,cv,5
2019-05-01,2019-04-01,47444.0,51552.0,2,persistence,cv,5
2019-06-01,2019-05-01,49584.0,47444.0,2,persistence,cv,5
2019-07-01,2019-06-01,50218.0,49584.0,2,persistence,cv,6
2019-08-01,2019-07-01,51265.0,50218.0,2,persistence,cv,6
2019-09-01,2019-08-01,51041.0,51265.0,2,persistence,cv,6
2019-10-01,2019-09-01,47150.0,51041.0,2,persistence,cv,6
2019-11-01,2019-10-01,49235.0,47150.0,2,persistence,cv,6
2019-12-01,2019-11-01,55016.0,49235.0,2,persistence,cv,6
2020-01-01,2019-12-01,57926.0,55016.0,2,persistence,cv,6
2020-02-01,2020-01-01,58930.0,57926.0,2,persistence,cv,6
2020-03-01,2020-02-01,60194.0,58930.0,2,persistence,cv,6
2020-04-01,2020-03-01,56543.0,60194.0,2,persistence,cv,6
2020-05-01,2020-04-01,56207.0,56543.0,2,persistence,cv,6
2020-06-01,2020-05-01,52680.0,56207.0,2,persistence,cv,6
2020-07-01,2020-06-01,50708.0,52680.0,2,persistence,cv,7
2020-08-01,2020-07-01,48599.0,50708.0,2,persistence,cv,7
2020-09-01,2020-08-01,46205.0,48599.0,2,persistence,cv,7
2020-10-01,2020-09-01,47628.0,46205.0,2,persistence,cv,7
2020-11-01,2020-10-01,52602.0,47628.0,2,persistence,cv,7
2020-12-01,2020-11-01,50862.0,52602.0,2,persistence,cv,7
2021-01-01,2020-12-01,55101.0,50862.0,2,persistence,cv,7
2021-02-01,2021-01-01,52698.0,55101.0,2,persistence,cv,7
2021-03-01,2021-02-01,50642.0,52698.0,2,persistence,cv,7
2021-04-01,2021-03-01,49224.0,50642.0,2,persistence,cv,7
2021-05-01,2021-04-01,47745.0,49224.0,2,persistence,cv,7
2021-06-01,2021-05-01,50642.0,47745.0,2,persistence,cv,7
2021-07-01,2021-06-01,48408.0,50642.0,2,persistence,cv,8
2021-08-01,2021-07-01,47039.0,48408.0,2,persistence,cv,8
2021-09-01,2021-08-01,46774.0,47039.0,2,persistence,cv,8
2021-10-01,2021-09-01,44972.0,46774.0,2,persistence,cv,8
2021-11-01,2021-10-01,46868.0,44972.0,2,persistence,cv,8
2021-12-01,2021-11-01,50741.0,46868.0,2,persistence,cv,8
2022-01-01,2021-12-01,58762.0,50741.0,2,persistence,cv,8
2022-02-01,2022-01-01,60755.0,58762.0,2,persistence,cv,8
2022-03-01,2022-02-01,56540.0,60755.0,2,persistence,cv,8
2022-04-01,2022-03-01,50322.0,56540.0,2,persistence,cv,8
2022-05-01,2022-04-01,45569.0,50322.0,2,persistence,cv,8
2022-06-01,2022-05-01,46726.0,45569.0,2,persistence,cv,8
2022-07-01,2022-06-01,48766.0,46726.0,2,persistence,cv,9
2022-08-01,2022-07-01,43998.0,48766.0,2,persistence,cv,9
2022-09-01,2022-08-01,44088.0,43998.0,2,persistence,cv,9
2022-10-01,2022-09-01,45031.0,44088.0,2,persistence,cv,9
2022-11-01,2022-10-01,46995.0,45031.0,2,persistence,cv,9
2022-12-01,2022-11-01,46612.0,46995.0,2,persistence,cv,9
2023-01-01,2022-12-01,50942.0,46612.0,2,persistence,cv,9
2023-02-01,2023-01-01,52512.0,50942.0,2,persistence,cv,9
2023-03-01,2023-02-01,49788.0,52512.0,2,persistence,cv,9
2023-04-01,2023-03-01,46209.0,49788.0,2,persistence,cv,9
2023-05-01,2023-04-01,45371.0,46209.0,2,persistence,cv,9
2023-06-01,2023-05-01,44880.0,45371.0,2,persistence,cv,9
2023-07-01,2023-06-01,46716.0,44880.0,2,persistence,cv,10
2023-08-01,2023-07-01,45329.0,46716.0,2,persistence,cv,10
2023-09-01,2023-08-01,46566.0,45329.0,2,persistence,cv,10
2023-10-01,2023-09-01,43983.0,46566.0,2,persistence,cv,10
2023-11-01,2023-10-01,48149.0,43983.0,2,persistence,cv,10
2023-12-01,2023-11-01,54853.0,48149.0,2,persistence,cv,10
2024-01-01,2023-12-01,61100.0,54853.0,2,persistence,cv,10
2024-02-01,2024-01-01,57032.0,61100.0,2,persistence,cv,10
2024-03-01,2024-02-01,54928.0,57032.0,2,persistence,cv,10
2024-04-01,2024-03-01,53381.0,54928.0,2,persistence,cv,10
2024-05-01,2024-04-01,49156.0,53381.0,2,persistence,cv,10
2024-06-01,2024-05-01,48529.0,49156.0,2,persistence,cv,10
2014-07-01,2014-06-01,48264.0,48441.0,2,seasonal_naive,cv,1
2014-08-01,2014-07-01,46770.0,46993.0,2,seasonal_naive,cv,1
2014-09-01,2014-08-01,47083.0,49802.0,2,seasonal_naive,cv,1
2014-10-01,2014-09-01,44074.0,48033.0,2,seasonal_naive,cv,1
2014-11-01,2014-10-01,45416.0,49278.0,2,seasonal_naive,cv,1
2014-12-01,2014-11-01,52440.0,51527.0,2,seasonal_naive,cv,1
2015-01-01,2014-12-01,53425.0,52870.0,2,seasonal_naive,cv,1
2015-02-01,2015-01-01,53385.0,53251.0,2,seasonal_naive,cv,1
2015-03-01,2015-02-01,52861.0,49093.0,2,seasonal_naive,cv,1
2015-04-01,2015-03-01,53286.0,50507.0,2,seasonal_naive,cv,1
2015-05-01,2015-04-01,49145.0,46914.0,2,seasonal_naive,cv,1
2015-06-01,2015-05-01,50387.0,49740.0,2,seasonal_naive,cv,1
2015-07-01,2015-06-01,48210.0,48264.0,2,seasonal_naive,cv,2
2015-08-01,2015-07-01,49387.0,46770.0,2,seasonal_naive,cv,2
2015-09-01,2015-08-01,47041.0,47083.0,2,seasonal_naive,cv,2
2015-10-01,2015-09-01,45967.0,44074.0,2,seasonal_naive,cv,2
2015-11-01,2015-10-01,50053.0,45416.0,2,seasonal_naive,cv,2
2015-12-01,2015-11-01,53674.0,52440.0,2,seasonal_naive,cv,2
2016-01-01,2015-12-01,62336.0,53425.0,2,seasonal_naive,cv,2
2016-02-01,2016-01-01,60365.0,53385.0,2,seasonal_naive,cv,2
2016-03-01,2016-02-01,57094.0,52861.0,2,seasonal_naive,cv,2
2016-04-01,2016-03-01,54581.0,53286.0,2,seasonal_naive,cv,2
2016-05-01,2016-04-01,54211.0,49145.0,2,seasonal_naive,cv,2
2016-06-01,2016-05-01,53898.0,50387.0,2,seasonal_naive,cv,2
2016-07-01,2016-06-01,51933.0,48210.0,2,seasonal_naive,cv,3
2016-08-01,2016-07-01,51959.0,49387.0,2,seasonal_naive,cv,3
2016-09-01,2016-08-01,51101.0,47041.0,2,seasonal_naive,cv,3
2016-10-01,2016-09-01,49811.0,45967.0,2,seasonal_naive,cv,3
2016-11-01,2016-10-01,50310.0,50053.0,2,seasonal_naive,cv,3
2016-12-01,2016-11-01,53229.0,53674.0,2,seasonal_naive,cv,3
2017-01-01,2016-12-01,60494.0,62336.0,2,seasonal_naive,cv,3
2017-02-01,2017-01-01,60249.0,60365.0,2,seasonal_naive,cv,3
2017-03-01,2017-02-01,57339.0,57094.0,2,seasonal_naive,cv,3
2017-04-01,2017-03-01,56828.0,54581.0,2,seasonal_naive,cv,3
2017-05-01,2017-04-01,55450.0,54211.0,2,seasonal_naive,cv,3
2017-06-01,2017-05-01,53587.0,53898.0,2,seasonal_naive,cv,3
2017-07-01,2017-06-01,53144.0,51933.0,2,seasonal_naive,cv,4
2017-08-01,2017-07-01,51525.0,51959.0,2,seasonal_naive,cv,4
2017-09-01,2017-08-01,50366.0,51101.0,2,seasonal_naive,cv,4
2017-10-01,2017-09-01,45863.0,49811.0,2,seasonal_naive,cv,4
2017-11-01,2017-10-01,47897.0,50310.0,2,seasonal_naive,cv,4
2017-12-01,2017-11-01,52209.0,53229.0,2,seasonal_naive,cv,4
2018-01-01,2017-12-01,57692.0,60494.0,2,seasonal_naive,cv,4
2018-02-01,2018-01-01,60233.0,60249.0,2,seasonal_naive,cv,4
2018-03-01,2018-02-01,57183.0,57339.0,2,seasonal_naive,cv,4
2018-04-01,2018-03-01,57200.0,56828.0,2,seasonal_naive,cv,4
2018-05-01,2018-04-01,53886.0,55450.0,2,seasonal_naive,cv,4
2018-06-01,2018-05-01,53488.0,53587.0,2,seasonal_naive,cv,4
2018-07-01,2018-06-01,53407.0,53144.0,2,seasonal_naive,cv,5
2018-08-01,2018-07-01,53041.0,51525.0,2,seasonal_naive,cv,5
2018-09-01,2018-08-01,53164.0,50366.0,2,seasonal_naive,cv,5
2018-10-01,2018-09-01,47779.0,45863.0,2,seasonal_naive,cv,5
2018-11-01,2018-10-01,49088.0,47897.0,2,seasonal_naive,cv,5
2018-12-01,2018-11-01,56136.0,52209.0,2,seasonal_naive,cv,5
2019-01-01,2018-12-01,60779.0,57692.0,2,seasonal_naive,cv,5
2019-02-01,2019-01-01,59040.0,60233.0,2,seasonal_naive,cv,5
2019-03-01,2019-02-01,54545.0,57183.0,2,seasonal_naive,cv,5
2019-04-01,2019-03-01,51552.0,57200.0,2,seasonal_naive,cv,5
2019-05-01,2019-04-01,47444.0,53886.0,2,seasonal_naive,cv,5
2019-06-01,2019-05-01,49584.0,53488.0,2,seasonal_naive,cv,5
2019-07-01,2019-06-01,50218.0,53407.0,2,seasonal_naive,cv,6
2019-08-01,2019-07-01,51265.0,53041.0,2,seasonal_naive,cv,6
2019-09-01,2019-08-01,51041.0,53164.0,2,seasonal_naive,cv,6
2019-10-01,2019-09-01,47150.0,47779.0,2,seasonal_naive,cv,6
2019-11-01,2019-10-01,49235.0,49088.0,2,seasonal_naive,cv,6
2019-12-01,2019-11-01,55016.0,56136.0,2,seasonal_naive,cv,6
2020-01-01,2019-12-01,57926.0,60779.0,2,seasonal_naive,cv,6
2020-02-01,2020-01-01,58930.0,59040.0,2,seasonal_naive,cv,6
2020-03-01,2020-02-01,60194.0,54545.0,2,seasonal_naive,cv,6
2020-04-01,2020-03-01,56543.0,51552.0,2,seasonal_naive,cv,6
2020-05-01,2020-04-01,56207.0,47444.0,2,seasonal_naive,cv,6
2020-06-01,2020-05-01,52680.0,49584.0,2,seasonal_naive,cv,6
2020-07-01,2020-06-01,50708.0,50218.0,2,seasonal_naive,cv,7
2020-08-01,2020-07-01,48599.0,51265.0,2,seasonal_naive,cv,7
2020-09-01,2020-08-01,46205.0,51041.0,2,seasonal_naive,cv,7
2020-10-01,2020-09-01,47628.0,47150.0,2,seasonal_naive,cv,7
2020-11-01,2020-10-01,52602.0,49235.0,2,seasonal_naive,cv,7
2020-12-01,2020-11-01,50862.0,55016.0,2,seasonal_naive,cv,7
2021-01-01,2020-12-01,55101.0,57926.0,2,seasonal_naive,cv,7
2021-02-01,2021-01-01,52698.0,58930.0,2,seasonal_naive,cv,7
2021-03-01,2021-02-01,50642.0,60194.0,2,seasonal_naive,cv,7
2021-04-01,2021-03-01,49224.0,56543.0,2,seasonal_naive,cv,7
2021-05-01,2021-04-01,47745.0,56207.0,2,seasonal_naive,cv,7
2021-06-01,2021-05-01,50642.0,52680.0,2,seasonal_naive,cv,7
2021-07-01,2021-06-01,48408.0,50708.0,2,seasonal_naive,cv,8
2021-08-01,2021-07-01,47039.0,48599.0,2,seasonal_naive,cv,8
2021-09-01,2021-08-01,46774.0,46205.0,2,seasonal_naive,cv,8
2021-10-01,2021-09-01,44972.0,47628.0,2,seasonal_naive,cv,8
2021-11-01,2021-10-01,46868.0,52602.0,2,seasonal_naive,cv,8
2021-12-01,2021-11-01,50741.0,50862.0,2,seasonal_naive,cv,8
2022-01-01,2021-12-01,58762.0,55101.0,2,seasonal_naive,cv,8
2022-02-01,2022-01-01,60755.0,52698.0,2,seasonal_naive,cv,8
2022-03-01,2022-02-01,56540.0,50642.0,2,seasonal_naive,cv,8
2022-04-01,2022-03-01,50322.0,49224.0,2,seasonal_naive,cv,8
2022-05-01,2022-04-01,45569.0,47745.0,2,seasonal_naive,cv,8
2022-06-01,2022-05-01,46726.0,50642.0,2,seasonal_naive,cv,8
2022-07-01,2022-06-01,48766.0,48408.0,2,seasonal_naive,cv,9
2022-08-01,2022-07-01,43998.0,47039.0,2,seasonal_naive,cv,9
2022-09-01,2022-08-01,44088.0,46774.0,2,seasonal_naive,cv,9
2022-10-01,2022-09-01,45031.0,44972.0,2,seasonal_naive,cv,9
2022-11-01,2022-10-01,46995.0,46868.0,2,seasonal_naive,cv,9
2022-12-01,2022-11-01,46612.0,50741.0,2,seasonal_naive,cv,9
2023-01-01,2022-12-01,50942.0,58762.0,2,seasonal_naive,cv,9
2023-02-01,2023-01-01,52512.0,60755.0,2,seasonal_naive,cv,9
2023-03-01,2023-02-01,49788.0,56540.0,2,seasonal_naive,cv,9
2023-04-01,2023-03-01,46209.0,50322.0,2,seasonal_naive,cv,9
2023-05-01,2023-04-01,45371.0,45569.0,2,seasonal_naive,cv,9
2023-06-01,2023-05-01,44880.0,46726.0,2,seasonal_naive,cv,9
2023-07-01,2023-06-01,46716.0,48766.0,2,seasonal_naive,cv,10
2023-08-01,2023-07-01,45329.0,43998.0,2,seasonal_naive,cv,10
2023-09-01,2023-08-01,46566.0,44088.0,2,seasonal_naive,cv,10
2023-10-01,2023-09-01,43983.0,45031.0,2,seasonal_naive,cv,10
2023-11-01,2023-10-01,48149.0,46995.0,2,seasonal_naive,cv,10
2023-12-01,2023-11-01,54853.0,46612.0,2,seasonal_naive,cv,10
2024-01-01,2023-12-01,61100.0,50942.0,2,seasonal_naive,cv,10
2024-02-01,2024-01-01,57032.0,52512.0,2,seasonal_naive,cv,10
2024-03-01,2024-02-01,54928.0,49788.0,2,seasonal_naive,cv,10
2024-04-01,2024-03-01,53381.0,46209.0,2,seasonal_naive,cv,10
2024-05-01,2024-04-01,49156.0,45371.0,2,seasonal_naive,cv,10
2024-06-01,2024-05-01,48529.0,44880.0,2,seasonal_naive,cv,10
2014-07-01,2014-06-01,48264.0,50248.25202380953,2,forecast_flow_identity,cv,1
2014-08-01,2014-07-01,46770.0,47000.45202380951,2,forecast_flow_identity,cv,1
2014-09-01,2014-08-01,47083.0,48485.61486175116,2,forecast_flow_identity,cv,1
2014-10-01,2014-09-01,44074.0,44929.775357142855,2,forecast_flow_identity,cv,1
2014-11-01,2014-10-01,45416.0,44903.568087557556,2,forecast_flow_identity,cv,1
2014-12-01,2014-11-01,52440.0,47973.19952380955,2,forecast_flow_identity,cv,1
2015-01-01,2014-12-01,53425.0,55790.49952380953,2,forecast_flow_identity,cv,1
2015-02-01,2015-01-01,53385.0,53792.358969225075,2,forecast_flow_identity,cv,1
2015-03-01,2015-02-01,52861.0,50476.51719622332,2,forecast_flow_identity,cv,1
2015-04-01,2015-03-01,53286.0,51114.152125377426,2,forecast_flow_identity,cv,1
2015-05-01,2015-04-01,49145.0,51903.95469622334,2,forecast_flow_identity,cv,1
2015-06-01,2015-05-01,50387.0,50261.89648021612,2,forecast_flow_identity,cv,1
2015-07-01,2015-06-01,48210.0,50265.53886288999,2,forecast_flow_identity,cv,2
2015-08-01,2015-07-01,49387.0,46955.96386289001,2,forecast_flow_identity,cv,2
2015-09-01,2015-08-01,47041.0,51127.974706022556,2,forecast_flow_identity,cv,2
2015-10-01,2015-09-01,45967.0,44722.40719622331,2,forecast_flow_identity,cv,2
2015-11-01,2015-10-01,50053.0,47093.4521253774,2,forecast_flow_identity,cv,2
2015-12-01,2015-11-01,53674.0,53985.04302955668,2,forecast_flow_identity,cv,2
2016-01-01,2015-12-01,62336.0,55801.868029556674,2,forecast_flow_identity,cv,2
2016-02-01,2016-01-01,60365.0,62957.8911751152,2,forecast_flow_identity,cv,2
2016-03-01,2016-02-01,57094.0,58120.407900246326,2,forecast_flow_identity,cv,2
2016-04-01,2016-03-01,54581.0,56033.839903464155,2,forecast_flow_identity,cv,2
2016-05-01,2016-04-01,54211.0,52361.181233579635,2,forecast_flow_identity,cv,2
2016-06-01,2016-05-01,53898.0,55938.73022604482,2,forecast_flow_identity,cv,2
2016-07-01,2016-06-01,51933.0,53360.04123357965,2,forecast_flow_identity,cv,3
2016-08-01,2016-07-01,51959.0,51074.21623357965,2,forecast_flow_identity,cv,3
2016-09-01,2016-08-01,51101.0,52652.23829056093,2,forecast_flow_identity,cv,3
2016-10-01,2016-09-01,49811.0,49068.31623357963,2,forecast_flow_identity,cv,3
2016-11-01,2016-10-01,50310.0,52115.128613141576,2,forecast_flow_identity,cv,3
2016-12-01,2016-11-01,53229.0,54964.34123357964,2,forecast_flow_identity,cv,3
2017-01-01,2016-12-01,60494.0,56207.84123357962,2,forecast_flow_identity,cv,3
2017-02-01,2017-01-01,60249.0,60529.67684278829,2,forecast_flow_identity,cv,3
2017-03-01,2017-02-01,57339.0,58019.95505747126,2,forecast_flow_identity,cv,3
2017-04-01,2017-03-01,56828.0,56250.40005561736,2,forecast_flow_identity,cv,3
2017-05-01,2017-04-01,55450.0,54542.995890804625,2,forecast_flow_identity,cv,3
2017-06-01,2017-05-01,53587.0,56765.98795884317,2,forecast_flow_identity,cv,3
2017-07-01,2017-06-01,53144.0,52504.377557471285,2,forecast_flow_identity,cv,4
2017-08-01,2017-07-01,51525.0,52863.55255747128,2,forecast_flow_identity,cv,4
2017-09-01,2017-08-01,50366.0,51494.01376529479,2,forecast_flow_identity,cv,4
2017-10-01,2017-09-01,45863.0,48339.186724137886,2,forecast_flow_identity,cv,4
2017-11-01,2017-10-01,47897.0,47531.882313681854,2,forecast_flow_identity,cv,4
2017-12-01,2017-11-01,52209.0,52233.094224137916,2,forecast_flow_identity,cv,4
2018-01-01,2017-12-01,57692.0,55817.11922413794,2,forecast_flow_identity,cv,4
2018-02-01,2018-01-01,60233.0,57446.29111234706,2,forecast_flow_identity,cv,4
2018-03-01,2018-02-01,57183.0,57887.985357142854,2,forecast_flow_identity,cv,4
2018-04-01,2018-03-01,57200.0,56329.88110599076,2,forecast_flow_identity,cv,4
2018-05-01,2018-04-01,53886.0,54963.43785714285,2,forecast_flow_identity,cv,4
2018-06-01,2018-05-01,53488.0,54391.20760368662,2,forecast_flow_identity,cv,4
2018-07-01,2018-06-01,53407.0,52047.53452380952,2,forecast_flow_identity,cv,5
2018-08-01,2018-07-01,53041.0,52642.18964285713,2,forecast_flow_identity,cv,5
2018-09-01,2018-08-01,53164.0,52796.61405529955,2,forecast_flow_identity,cv,5
2018-10-01,2018-09-01,47779.0,51095.072023809524,2,forecast_flow_identity,cv,5
2018-11-01,2018-10-01,49088.0,49764.63905529953,2,forecast_flow_identity,cv,5
2018-12-01,2018-11-01,56136.0,53188.37035714289,2,forecast_flow_identity,cv,5
2019-01-01,2018-12-01,60779.0,60977.29535714286,2,forecast_flow_identity,cv,5
2019-02-01,2019-01-01,59040.0,60774.70181312571,2,forecast_flow_identity,cv,5
2019-03-01,2019-02-01,54545.0,56005.148097290665,2,forecast_flow_identity,cv,5
2019-04-01,2019-03-01,51552.0,53884.59977157159,2,forecast_flow_identity,cv,5
2019-05-01,2019-04-01,47444.0,48536.44143062398,2,forecast_flow_identity,cv,5
2019-06-01,2019-05-01,49584.0,47151.59815866833,2,forecast_flow_identity,cv,5
2019-07-01,2019-06-01,50218.0,47944.78092364533,2,forecast_flow_identity,cv,6
2019-08-01,2019-07-01,51265.0,49351.1809236453,2,forecast_flow_identity,cv,6
2019-09-01,2019-08-01,51041.0,50239.85783608772,2,forecast_flow_identity,cv,6
2019-10-01,2019-09-01,47150.0,47855.01059729065,2,forecast_flow_identity,cv,6
2019-11-01,2019-10-01,49235.0,48837.257029636094,2,forecast_flow_identity,cv,6
2019-12-01,2019-11-01,55016.0,54019.688930624005,2,forecast_flow_identity,cv,6
2020-01-01,2019-12-01,57926.0,60416.388930624,2,forecast_flow_identity,cv,6
2020-02-01,2020-01-01,58930.0,57204.92823924734,2,forecast_flow_identity,cv,6
2020-03-01,2020-02-01,60194.0,55704.3126683087,2,forecast_flow_identity,cv,6
2020-04-01,2020-03-01,56543.0,59083.16709836325,2,forecast_flow_identity,cv,6
2020-05-01,2020-04-01,56207.0,53873.661834975384,2,forecast_flow_identity,cv,6
2020-06-01,2020-05-01,52680.0,56366.96629191163,2,forecast_flow_identity,cv,6
2020-07-01,2020-06-01,50708.0,51732.16768267651,2,forecast_flow_identity,cv,7
2020-08-01,2020-07-01,48599.0,50406.492682676515,2,forecast_flow_identity,cv,7
2020-09-01,2020-08-01,46205.0,47422.42919513744,2,forecast_flow_identity,cv,7
2020-10-01,2020-09-01,47628.0,42492.95266830869,2,forecast_flow_identity,cv,7
2020-11-01,2020-10-01,52602.0,49544.413872556805,2,forecast_flow_identity,cv,7
2020-12-01,2020-11-01,50862.0,57564.06183497535,2,forecast_flow_identity,cv,7
2021-01-01,2020-12-01,55101.0,56473.16183497537,2,forecast_flow_identity,cv,7
2021-02-01,2021-01-01,52698.0,54985.9086874305,2,forecast_flow_identity,cv,7
2021-03-01,2021-02-01,50642.0,49880.55299876849,2,forecast_flow_identity,cv,7
2021-04-01,2021-03-01,49224.0,48361.42548267916,2,forecast_flow_identity,cv,7
2021-05-01,2021-04-01,47745.0,46942.39799876849,2,forecast_flow_identity,cv,7
2021-06-01,2021-05-01,50642.0,46715.79161171142,2,forecast_flow_identity,cv,7
2021-07-01,2021-06-01,48408.0,49859.696332101834,2,forecast_flow_identity,cv,8
2021-08-01,2021-07-01,47039.0,47623.3213321018,2,forecast_flow_identity,cv,8
2021-09-01,2021-08-01,46774.0,45971.094837517856,2,forecast_flow_identity,cv,8
2021-10-01,2021-09-01,44972.0,43909.71883210179,2,forecast_flow_identity,cv,8
2021-11-01,2021-10-01,46868.0,47171.41661171145,2,forecast_flow_identity,cv,8
2021-12-01,2021-11-01,50741.0,50406.89299876849,2,forecast_flow_identity,cv,8
2022-01-01,2021-12-01,58762.0,55478.74299876848,2,forecast_flow_identity,cv,8
2022-02-01,2022-01-01,60755.0,58732.540506117904,2,forecast_flow_identity,cv,8
2022-03-01,2022-02-01,56540.0,58781.62267857145,2,forecast_flow_identity,cv,8
2022-04-01,2022-03-01,50322.0,54952.64452764976,2,forecast_flow_identity,cv,8
2022-05-01,2022-04-01,45569.0,48187.81434523812,2,forecast_flow_identity,cv,8
2022-06-01,2022-05-01,46726.0,45333.53646313366,2,forecast_flow_identity,cv,8
2022-07-01,2022-06-01,48766.0,45753.711011904794,2,forecast_flow_identity,cv,9
2022-08-01,2022-07-01,43998.0,47901.186011904756,2,forecast_flow_identity,cv,9
2022-09-01,2022-08-01,44088.0,42991.031624423966,2,forecast_flow_identity,cv,9
2022-10-01,2022-09-01,45031.0,41041.53184523808,2,forecast_flow_identity,cv,9
2022-11-01,2022-10-01,46995.0,47344.41146313364,2,forecast_flow_identity,cv,9
2022-12-01,2022-11-01,46612.0,50640.31601190476,2,forecast_flow_identity,cv,9
2023-01-01,2022-12-01,50942.0,51284.31601190475,2,forecast_flow_identity,cv,9
2023-02-01,2023-01-01,52512.0,50859.80000185389,2,forecast_flow_identity,cv,9
2023-03-01,2023-02-01,49788.0,49869.81712027917,2,forecast_flow_identity,cv,9
2023-04-01,2023-03-01,46209.0,46757.998826076604,2,forecast_flow_identity,cv,9
2023-05-01,2023-04-01,45371.0,43413.38128694585,2,forecast_flow_identity,cv,9
2023-06-01,2023-05-01,44880.0,45883.43834220561,2,forecast_flow_identity,cv,9
2023-07-01,2023-06-01,46716.0,44503.42878694582,2,forecast_flow_identity,cv,10
2023-08-01,2023-07-01,45329.0,45275.0287869458,2,forecast_flow_identity,cv,10
2023-09-01,2023-08-01,46566.0,44954.79721317338,2,forecast_flow_identity,cv,10
2023-10-01,2023-09-01,43983.0,45130.37462027913,2,forecast_flow_identity,cv,10
2023-11-01,2023-10-01,48149.0,46420.888342205646,2,forecast_flow_identity,cv,10
2023-12-01,2023-11-01,54853.0,51058.077120279166,2,forecast_flow_identity,cv,10
2024-01-01,2023-12-01,61100.0,60174.252120279176,2,forecast_flow_identity,cv,10
2024-02-01,2024-01-01,57032.0,61694.23977150536,2,forecast_flow_identity,cv,10
2024-03-01,2024-02-01,54928.0,54763.73444786535,2,forecast_flow_identity,cv,10
2024-04-01,2024-03-01,53381.0,51394.47688503096,2,forecast_flow_identity,cv,10
2024-05-01,2024-04-01,49156.0,51268.03111453203,2,forecast_flow_identity,cv,10
2024-06-01,2024-05-01,48529.0,49549.89462696648,2,forecast_flow_identity,cv,10
2014-07-01,2014-06-01,48264.0,51537.4251577351,2,constrained_level,cv,1
2014-08-01,2014-07-01,46770.0,51290.307632146294,2,constrained_level,cv,1
2014-09-01,2014-08-01,47083.0,49076.362328884024,2,constrained_level,cv,1
2014-10-01,2014-09-01,44074.0,48937.701787059,2,constrained_level,cv,1
2014-11-01,2014-10-01,45416.0,46459.18213800062,2,constrained_level,cv,1
2014-12-01,2014-11-01,52440.0,48866.75143989752,2,constrained_level,cv,1
2015-01-01,2014-12-01,53425.0,56009.3982068789,2,constrained_level,cv,1
2015-02-01,2015-01-01,53385.0,53358.367641756675,2,constrained_level,cv,1
2015-03-01,2015-02-01,52861.0,52066.231972976,2,constrained_level,cv,1
2015-04-01,2015-03-01,53286.0,53570.64910025401,2,constrained_level,cv,1
2015-05-01,2015-04-01,49145.0,53044.751436707666,2,constrained_level,cv,1
2015-06-01,2015-05-01,50387.0,50625.8268832411,2,constrained_level,cv,1
2015-07-01,2015-06-01,48210.0,51593.998791378974,2,constrained_level,cv,2
2015-08-01,2015-07-01,49387.0,50556.91237168084,2,constrained_level,cv,2
2015-09-01,2015-08-01,47041.0,51362.61907233197,2,constrained_level,cv,2
2015-10-01,2015-09-01,45967.0,48337.81184813692,2,constrained_level,cv,2
2015-11-01,2015-10-01,50053.0,48160.49546257337,2,constrained_level,cv,2
2015-12-01,2015-11-01,53674.0,52332.18992984659,2,constrained_level,cv,2
2016-01-01,2015-12-01,62336.0,55180.84325590507,2,constrained_level,cv,2
2016-02-01,2016-01-01,60365.0,61750.51646054476,2,constrained_level,cv,2
2016-03-01,2016-02-01,57094.0,56460.02931464872,2,constrained_level,cv,2
2016-04-01,2016-03-01,54581.0,55260.12418470674,2,constrained_level,cv,2
2016-05-01,2016-04-01,54211.0,53085.56426124803,2,constrained_level,cv,2
2016-06-01,2016-05-01,53898.0,54584.5076674503,2,constrained_level,cv,2
2016-07-01,2016-06-01,51933.0,54007.473340046774,2,constrained_level,cv,3
2016-08-01,2016-07-01,51959.0,52871.681659197275,2,constrained_level,cv,3
2016-09-01,2016-08-01,51101.0,53610.63388198972,2,constrained_level,cv,3
2016-10-01,2016-09-01,49811.0,52270.046806983104,2,constrained_level,cv,3
2016-11-01,2016-10-01,50310.0,51798.9454844501,2,constrained_level,cv,3
2016-12-01,2016-11-01,53229.0,52277.51465207757,2,constrained_level,cv,3
2017-01-01,2016-12-01,60494.0,55641.41980760249,2,constrained_level,cv,3
2017-02-01,2017-01-01,60249.0,60664.42883281399,2,constrained_level,cv,3
2017-03-01,2017-02-01,57339.0,56852.58662677563,2,constrained_level,cv,3
2017-04-01,2017-03-01,56828.0,56703.31773923977,2,constrained_level,cv,3
2017-05-01,2017-04-01,55450.0,55752.359559036144,2,constrained_level,cv,3
2017-06-01,2017-05-01,53587.0,55733.41959424275,2,constrained_level,cv,3
2017-07-01,2017-06-01,53144.0,53756.66794414585,2,constrained_level,cv,4
2017-08-01,2017-07-01,51525.0,54179.71228334774,2,constrained_level,cv,4
2017-09-01,2017-08-01,50366.0,53353.94028438563,2,constrained_level,cv,4
2017-10-01,2017-09-01,45863.0,52108.730965783856,2,constrained_level,cv,4
2017-11-01,2017-10-01,47897.0,48122.246818817366,2,constrained_level,cv,4
2017-12-01,2017-11-01,52209.0,51595.19796920434,2,constrained_level,cv,4
2018-01-01,2017-12-01,57692.0,55581.66094382031,2,constrained_level,cv,4
2018-02-01,2018-01-01,60233.0,58410.06262155097,2,constrained_level,cv,4
2018-03-01,2018-02-01,57183.0,57651.65605997837,2,constrained_level,cv,4
2018-04-01,2018-03-01,57200.0,56181.124310359235,2,constrained_level,cv,4
2018-05-01,2018-04-01,53886.0,56259.217924985925,2,constrained_level,cv,4
2018-06-01,2018-05-01,53488.0,54574.5929961611,2,constrained_level,cv,4
2018-07-01,2018-06-01,53407.0,53733.67942216076,2,constrained_level,cv,5
2018-08-01,2018-07-01,53041.0,53852.91257107943,2,constrained_level,cv,5
2018-09-01,2018-08-01,53164.0,53866.883661512926,2,constrained_level,cv,5
2018-10-01,2018-09-01,47779.0,52980.40400518108,2,constrained_level,cv,5
2018-11-01,2018-10-01,49088.0,48219.9770701516,2,constrained_level,cv,5
2018-12-01,2018-11-01,56136.0,51986.8354348421,2,constrained_level,cv,5
2019-01-01,2018-12-01,60779.0,58741.93570518116,2,constrained_level,cv,5
2019-02-01,2019-01-01,59040.0,60195.21718245611,2,constrained_level,cv,5
2019-03-01,2019-02-01,54545.0,55079.14362969548,2,constrained_level,cv,5
2019-04-01,2019-03-01,51552.0,52928.685408160796,2,constrained_level,cv,5
2019-05-01,2019-04-01,47444.0,51146.632743869195,2,constrained_level,cv,5
2019-06-01,2019-05-01,49584.0,48012.73451964578,2,constrained_level,cv,5
2019-07-01,2019-06-01,50218.0,51635.84047848492,2,constrained_level,cv,6
2019-08-01,2019-07-01,51265.0,52737.55384632281,2,constrained_level,cv,6
2019-09-01,2019-08-01,51041.0,53625.545298294615,2,constrained_level,cv,6
2019-10-01,2019-09-01,47150.0,52314.26195957661,2,constrained_level,cv,6
2019-11-01,2019-10-01,49235.0,49381.6937763966,2,constrained_level,cv,6
2019-12-01,2019-11-01,55016.0,53151.51547520161,2,constrained_level,cv,6
2020-01-01,2019-12-01,57926.0,57747.97096824331,2,constrained_level,cv,6
2020-02-01,2020-01-01,58930.0,57829.105829606495,2,constrained_level,cv,6
2020-03-01,2020-02-01,60194.0,56660.96773013741,2,constrained_level,cv,6
2020-04-01,2020-03-01,56543.0,56810.33869830636,2,constrained_level,cv,6
2020-05-01,2020-04-01,56207.0,49538.74744372021,2,constrained_level,cv,6
2020-06-01,2020-05-01,52680.0,52423.555559508524,2,constrained_level,cv,6
2020-07-01,2020-06-01,50708.0,51053.738760819295,2,constrained_level,cv,7
2020-08-01,2020-07-01,48599.0,51254.91486289374,2,constrained_level,cv,7
2020-09-01,2020-08-01,46205.0,50180.14943706101,2,constrained_level,cv,7
2020-10-01,2020-09-01,47628.0,48636.62098828281,2,constrained_level,cv,7
2020-11-01,2020-10-01,52602.0,51288.344061029224,2,constrained_level,cv,7
2020-12-01,2020-11-01,50862.0,54819.673367504365,2,constrained_level,cv,7
2021-01-01,2020-12-01,55101.0,51616.27726947144,2,constrained_level,cv,7
2021-02-01,2021-01-01,52698.0,56298.99660538185,2,constrained_level,cv,7
2021-03-01,2021-02-01,50642.0,51206.61996785736,2,constrained_level,cv,7
2021-04-01,2021-03-01,49224.0,51427.67527304756,2,constrained_level,cv,7
2021-05-01,2021-04-01,47745.0,50008.383024990035,2,constrained_level,cv,7
2021-06-01,2021-05-01,50642.0,49612.176655319825,2,constrained_level,cv,7
2021-07-01,2021-06-01,48408.0,53014.0879964498,2,constrained_level,cv,8
2021-08-01,2021-07-01,47039.0,50254.47863620496,2,constrained_level,cv,8
2021-09-01,2021-08-01,46774.0,49808.87466860737,2,constrained_level,cv,8
2021-10-01,2021-09-01,44972.0,50095.493559629824,2,constrained_level,cv,8
2021-11-01,2021-10-01,46868.0,48580.61092931518,2,constrained_level,cv,8
2021-12-01,2021-11-01,50741.0,50644.274053035886,2,constrained_level,cv,8
2022-01-01,2021-12-01,58762.0,54415.57324644995,2,constrained_level,cv,8
2022-02-01,2022-01-01,60755.0,59739.34483851185,2,constrained_level,cv,8
2022-03-01,2022-02-01,56540.0,58121.80005190225,2,constrained_level,cv,8
2022-04-01,2022-03-01,50322.0,54079.29094432833,2,constrained_level,cv,8
2022-05-01,2022-04-01,45569.0,49408.18432334225,2,constrained_level,cv,8
2022-06-01,2022-05-01,46726.0,47503.27543977181,2,constrained_level,cv,8
2022-07-01,2022-06-01,48766.0,49325.091213427266,2,constrained_level,cv,9
2022-08-01,2022-07-01,43998.0,50622.28305288324,2,constrained_level,cv,9
2022-09-01,2022-08-01,44088.0,46012.56256568719,2,constrained_level,cv,9
2022-10-01,2022-09-01,45031.0,47643.84423394707,2,constrained_level,cv,9
2022-11-01,2022-10-01,46995.0,48624.98468334889,2,constrained_level,cv,9
2022-12-01,2022-11-01,46612.0,50131.99821654807,2,constrained_level,cv,9
2023-01-01,2022-12-01,50942.0,49208.97850318625,2,constrained_level,cv,9
2023-02-01,2023-01-01,52512.0,53020.087182975214,2,constrained_level,cv,9
2023-03-01,2023-02-01,49788.0,52784.7067629573,2,constrained_level,cv,9
2023-04-01,2023-03-01,46209.0,50312.145367004516,2,constrained_level,cv,9
2023-05-01,2023-04-01,45371.0,47198.885210914224,2,constrained_level,cv,9
2023-06-01,2023-05-01,44880.0,48084.69973985601,2,constrained_level,cv,9
2023-07-01,2023-06-01,46716.0,47545.934085633766,2,constrained_level,cv,10
2023-08-01,2023-07-01,45329.0,49683.89905462559,2,constrained_level,cv,10
2023-09-01,2023-08-01,46566.0,47780.8942078676,2,constrained_level,cv,10
2023-10-01,2023-09-01,43983.0,48983.68187922278,2,constrained_level,cv,10
2023-11-01,2023-10-01,48149.0,46319.060634075664,2,constrained_level,cv,10
2023-12-01,2023-11-01,54853.0,51182.2470290117,2,constrained_level,cv,10
2024-01-01,2023-12-01,61100.0,57285.68776166378,2,constrained_level,cv,10
2024-02-01,2024-01-01,57032.0,60397.17809113495,2,constrained_level,cv,10
2024-03-01,2024-02-01,54928.0,53195.765010568386,2,constrained_level,cv,10
2024-04-01,2024-03-01,53381.0,53709.45649993782,2,constrained_level,cv,10
2024-05-01,2024-04-01,49156.0,52164.0699968843,2,constrained_level,cv,10
2024-06-01,2024-05-01,48529.0,49504.594601117555,2,constrained_level,cv,10
2014-07-01,2014-06-01,48264.0,49001.003327381295,2,ridge_change,cv,1
2014-08-01,2014-07-01,46770.0,49106.99303602541,2,ridge_change,cv,1
2014-09-01,2014-08-01,47083.0,47851.69162288933,2,ridge_change,cv,1
2014-10-01,2014-09-01,44074.0,47154.36127398541,2,ridge_change,cv,1
2014-11-01,2014-10-01,45416.0,45107.76662545346,2,ridge_change,cv,1
2014-12-01,2014-11-01,52440.0,47786.092235217315,2,ridge_change,cv,1
2015-01-01,2014-12-01,53425.0,54381.451505697696,2,ridge_change,cv,1
2015-02-01,2015-01-01,53385.0,52805.204657812435,2,ridge_change,cv,1
2015-03-01,2015-02-01,52861.0,50613.22389441581,2,ridge_change,cv,1
2015-04-01,2015-03-01,53286.0,51986.63742356337,2,ridge_change,cv,1
2015-05-01,2015-04-01,49145.0,50609.37158024641,2,ridge_change,cv,1
2015-06-01,2015-05-01,50387.0,49249.467968913945,2,ridge_change,cv,1
2015-07-01,2015-06-01,48210.0,48915.63289713605,2,ridge_change,cv,2
2015-08-01,2015-07-01,49387.0,48476.36091221183,2,ridge_change,cv,2
2015-09-01,2015-08-01,47041.0,48529.4254658915,2,ridge_change,cv,2
2015-10-01,2015-09-01,45967.0,46128.41480418171,2,ridge_change,cv,2
2015-11-01,2015-10-01,50053.0,45824.77952398052,2,ridge_change,cv,2
2015-12-01,2015-11-01,53674.0,51275.62935450884,2,ridge_change,cv,2
2016-01-01,2015-12-01,62336.0,54936.05795991147,2,ridge_change,cv,2
2016-02-01,2016-01-01,60365.0,60271.42124139601,2,ridge_change,cv,2
2016-03-01,2016-02-01,57094.0,57327.00513520271,2,ridge_change,cv,2
2016-04-01,2016-03-01,54581.0,56052.88372485719,2,ridge_change,cv,2
2016-05-01,2016-04-01,54211.0,52423.20585174781,2,ridge_change,cv,2
2016-06-01,2016-05-01,53898.0,53370.589035042496,2,ridge_change,cv,2
2016-07-01,2016-06-01,51933.0,52774.64410529287,2,ridge_change,cv,3
2016-08-01,2016-07-01,51959.0,52232.25705860586,2,ridge_change,cv,3
2016-09-01,2016-08-01,51101.0,51792.355921812865,2,ridge_change,cv,3
2016-10-01,2016-09-01,49811.0,49919.95284423429,2,ridge_change,cv,3
2016-11-01,2016-10-01,50310.0,50901.410566610175,2,ridge_change,cv,3
2016-12-01,2016-11-01,53229.0,52007.65599193755,2,ridge_change,cv,3
2017-01-01,2016-12-01,60494.0,57836.18860988398,2,ridge_change,cv,3
2017-02-01,2017-01-01,60249.0,60991.425159349026,2,ridge_change,cv,3
2017-03-01,2017-02-01,57339.0,57596.41800741181,2,ridge_change,cv,3
2017-04-01,2017-03-01,56828.0,57473.83029010656,2,ridge_change,cv,3
2017-05-01,2017-04-01,55450.0,55693.21602911834,2,ridge_change,cv,3
2017-06-01,2017-05-01,53587.0,55947.88949136371,2,ridge_change,cv,3
2017-07-01,2017-06-01,53144.0,53879.46563247157,2,ridge_change,cv,4
2017-08-01,2017-07-01,51525.0,53868.26209122731,2,ridge_change,cv,4
2017-09-01,2017-08-01,50366.0,53195.21443382654,2,ridge_change,cv,4
2017-10-01,2017-09-01,45863.0,50935.22917417784,2,ridge_change,cv,4
2017-11-01,2017-10-01,47897.0,47736.41845147495,2,ridge_change,cv,4
2017-12-01,2017-11-01,52209.0,50596.983074756245,2,ridge_change,cv,4
2018-01-01,2017-12-01,57692.0,55914.275499957184,2,ridge_change,cv,4
2018-02-01,2018-01-01,60233.0,58269.983871395874,2,ridge_change,cv,4
2018-03-01,2018-02-01,57183.0,56870.25277416364,2,ridge_change,cv,4
2018-04-01,2018-03-01,57200.0,57029.47300576985,2,ridge_change,cv,4
2018-05-01,2018-04-01,53886.0,55328.480780551494,2,ridge_change,cv,4
2018-06-01,2018-05-01,53488.0,54290.59693732437,2,ridge_change,cv,4
2018-07-01,2018-06-01,53407.0,52985.63392505865,2,ridge_change,cv,5
2018-08-01,2018-07-01,53041.0,52929.49722995338,2,ridge_change,cv,5
2018-09-01,2018-08-01,53164.0,53083.430930907685,2,ridge_change,cv,5
2018-10-01,2018-09-01,47779.0,49801.00125656333,2,ridge_change,cv,5
2018-11-01,2018-10-01,49088.0,47296.82227370237,2,ridge_change,cv,5
2018-12-01,2018-11-01,56136.0,50743.59091112987,2,ridge_change,cv,5
2019-01-01,2018-12-01,60779.0,58920.22869235684,2,ridge_change,cv,5
2019-02-01,2019-01-01,59040.0,61671.864280451045,2,ridge_change,cv,5
2019-03-01,2019-02-01,54545.0,55673.75075506789,2,ridge_change,cv,5
2019-04-01,2019-03-01,51552.0,55255.5269473153,2,ridge_change,cv,5
2019-05-01,2019-04-01,47444.0,51254.41361162149,2,ridge_change,cv,5
2019-06-01,2019-05-01,49584.0,48281.20951011434,2,ridge_change,cv,5
2019-07-01,2019-06-01,50218.0,51062.90279671534,2,ridge_change,cv,6
2019-08-01,2019-07-01,51265.0,52359.75523410294,2,ridge_change,cv,6
2019-09-01,2019-08-01,51041.0,53127.78611459341,2,ridge_change,cv,6
2019-10-01,2019-09-01,47150.0,50437.335218505366,2,ridge_change,cv,6
2019-11-01,2019-10-01,49235.0,48457.41055350699,2,ridge_change,cv,6
2019-12-01,2019-11-01,55016.0,53582.30431660313,2,ridge_change,cv,6
2020-01-01,2019-12-01,57926.0,58716.70233570532,2,ridge_change,cv,6
2020-02-01,2020-01-01,58930.0,59004.886116945505,2,ridge_change,cv,6
2020-03-01,2020-02-01,60194.0,56344.95556697403,2,ridge_change,cv,6
2020-04-01,2020-03-01,56543.0,55525.6441565897,2,ridge_change,cv,6
2020-05-01,2020-04-01,56207.0,47464.78020151024,2,ridge_change,cv,6
2020-06-01,2020-05-01,52680.0,51327.444437371174,2,ridge_change,cv,6
2020-07-01,2020-06-01,50708.0,50999.898632690485,2,ridge_change,cv,7
2020-08-01,2020-07-01,48599.0,51271.87323214518,2,ridge_change,cv,7
2020-09-01,2020-08-01,46205.0,50087.4134304708,2,ridge_change,cv,7
2020-10-01,2020-09-01,47628.0,47128.463370864614,2,ridge_change,cv,7
2020-11-01,2020-10-01,52602.0,49543.751861970486,2,ridge_change,cv,7
2020-12-01,2020-11-01,50862.0,54047.36240713562,2,ridge_change,cv,7
2021-01-01,2020-12-01,55101.0,53283.30966663501,2,ridge_change,cv,7
2021-02-01,2021-01-01,52698.0,56679.8584729802,2,ridge_change,cv,7
2021-03-01,2021-02-01,50642.0,52809.33880331775,2,ridge_change,cv,7
2021-04-01,2021-03-01,49224.0,52705.12932271588,2,ridge_change,cv,7
2021-05-01,2021-04-01,47745.0,50607.259047515334,2,ridge_change,cv,7
2021-06-01,2021-05-01,50642.0,49619.91187704287,2,ridge_change,cv,7
2021-07-01,2021-06-01,48408.0,51004.54193037282,2,ridge_change,cv,8
2021-08-01,2021-07-01,47039.0,49346.01194425505,2,ridge_change,cv,8
2021-09-01,2021-08-01,46774.0,47891.407146548234,2,ridge_change,cv,8
2021-10-01,2021-09-01,44972.0,48503.05300880892,2,ridge_change,cv,8
2021-11-01,2021-10-01,46868.0,48495.87003352172,2,ridge_change,cv,8
2021-12-01,2021-11-01,50741.0,50151.45756488889,2,ridge_change,cv,8
2022-01-01,2021-12-01,58762.0,54853.80196985045,2,ridge_change,cv,8
2022-02-01,2022-01-01,60755.0,59190.09712880112,2,ridge_change,cv,8
2022-03-01,2022-02-01,56540.0,57145.4320979006,2,ridge_change,cv,8
2022-04-01,2022-03-01,50322.0,53478.1071637411,2,ridge_change,cv,8
2022-05-01,2022-04-01,45569.0,48859.48704338681,2,ridge_change,cv,8
2022-06-01,2022-05-01,46726.0,47399.38461546753,2,ridge_change,cv,8
2022-07-01,2022-06-01,48766.0,47073.598552370095,2,ridge_change,cv,9
2022-08-01,2022-07-01,43998.0,48456.95238322854,2,ridge_change,cv,9
2022-09-01,2022-08-01,44088.0,44819.544980347004,2,ridge_change,cv,9
2022-10-01,2022-09-01,45031.0,44502.29512573258,2,ridge_change,cv,9
2022-11-01,2022-10-01,46995.0,46556.66509184145,2,ridge_change,cv,9
2022-12-01,2022-11-01,46612.0,49150.74964734676,2,ridge_change,cv,9
2023-01-01,2022-12-01,50942.0,51247.33535070415,2,ridge_change,cv,9
2023-02-01,2023-01-01,52512.0,54441.0883923822,2,ridge_change,cv,9
2023-03-01,2023-02-01,49788.0,52822.65285149152,2,ridge_change,cv,9
2023-04-01,2023-03-01,46209.0,49606.66548690742,2,ridge_change,cv,9
2023-05-01,2023-04-01,45371.0,45311.550341182956,2,ridge_change,cv,9
2023-06-01,2023-05-01,44880.0,45846.17469078203,2,ridge_change,cv,9
2023-07-01,2023-06-01,46716.0,46470.83626847289,2,ridge_change,cv,10
2023-08-01,2023-07-01,45329.0,46924.24827164485,2,ridge_change,cv,10
2023-09-01,2023-08-01,46566.0,45527.20980756117,2,ridge_change,cv,10
2023-10-01,2023-09-01,43983.0,46136.060972500454,2,ridge_change,cv,10
2023-11-01,2023-10-01,48149.0,45737.83259287986,2,ridge_change,cv,10
2023-12-01,2023-11-01,54853.0,48538.34536107161,2,ridge_change,cv,10
2024-01-01,2023-12-01,61100.0,55200.602221322944,2,ridge_change,cv,10
2024-02-01,2024-01-01,57032.0,58284.491382907654,2,ridge_change,cv,10
2024-03-01,2024-02-01,54928.0,51584.88587616663,2,ridge_change,cv,10
2024-04-01,2024-03-01,53381.0,51612.700961130715,2,ridge_change,cv,10
2024-05-01,2024-04-01,49156.0,48513.391806531545,2,ridge_change,cv,10
2024-06-01,2024-05-01,48529.0,47137.42206422061,2,ridge_change,cv,10
2014-07-01,2014-06-01,48264.0,48762.965538990116,2,seasonal_ridge_change,cv,1
2014-08-01,2014-07-01,46770.0,48880.50194997007,2,seasonal_ridge_change,cv,1
2014-09-01,2014-08-01,47083.0,47736.8131669006,2,seasonal_ridge_change,cv,1
2014-10-01,2014-09-01,44074.0,47419.709965261114,2,seasonal_ridge_change,cv,1
2014-11-01,2014-10-01,45416.0,45884.82161417875,2,seasonal_ridge_change,cv,1
2014-12-01,2014-11-01,52440.0,48464.93747708501,2,seasonal_ridge_change,cv,1
2015-01-01,2014-12-01,53425.0,54830.36187638505,2,seasonal_ridge_change,cv,1
2015-02-01,2015-01-01,53385.0,53112.95233826811,2,seasonal_ridge_change,cv,1
2015-03-01,2015-02-01,52861.0,50985.94469526205,2,seasonal_ridge_change,cv,1
2015-04-01,2015-03-01,53286.0,52331.77997669171,2,seasonal_ridge_change,cv,1
2015-05-01,2015-04-01,49145.0,50735.616121312145,2,seasonal_ridge_change,cv,1
2015-06-01,2015-05-01,50387.0,49227.76312635352,2,seasonal_ridge_change,cv,1
2015-07-01,2015-06-01,48210.0,48790.11630843907,2,seasonal_ridge_change,cv,2
2015-08-01,2015-07-01,49387.0,48552.417975074335,2,seasonal_ridge_change,cv,2
2015-09-01,2015-08-01,47041.0,48843.57996191371,2,seasonal_ridge_change,cv,2
2015-10-01,2015-09-01,45967.0,46802.85180461861,2,seasonal_ridge_change,cv,2
2015-11-01,2015-10-01,50053.0,47372.51377311544,2,seasonal_ridge_change,cv,2
2015-12-01,2015-11-01,53674.0,51583.61048071519,2,seasonal_ridge_change,cv,2
2016-01-01,2015-12-01,62336.0,55116.93897929875,2,seasonal_ridge_change,cv,2
2016-02-01,2016-01-01,60365.0,60111.83757691993,2,seasonal_ridge_change,cv,2
2016-03-01,2016-02-01,57094.0,56771.220096077435,2,seasonal_ridge_change,cv,2
2016-04-01,2016-03-01,54581.0,55791.133943247354,2,seasonal_ridge_change,cv,2
2016-05-01,2016-04-01,54211.0,52332.14121239993,2,seasonal_ridge_change,cv,2
2016-06-01,2016-05-01,53898.0,52989.83587815634,2,seasonal_ridge_change,cv,2
2016-07-01,2016-06-01,51933.0,52601.5881407767,2,seasonal_ridge_change,cv,3
2016-08-01,2016-07-01,51959.0,51630.06166955892,2,seasonal_ridge_change,cv,3
2016-09-01,2016-08-01,51101.0,52037.04161550896,2,seasonal_ridge_change,cv,3
2016-10-01,2016-09-01,49811.0,50324.74770450537,2,seasonal_ridge_change,cv,3
2016-11-01,2016-10-01,50310.0,51386.11588484343,2,seasonal_ridge_change,cv,3
2016-12-01,2016-11-01,53229.0,52207.54757008173,2,seasonal_ridge_change,cv,3
2017-01-01,2016-12-01,60494.0,57598.820946110194,2,seasonal_ridge_change,cv,3
2017-02-01,2017-01-01,60249.0,60584.48519787517,2,seasonal_ridge_change,cv,3
2017-03-01,2017-02-01,57339.0,56872.350058341835,2,seasonal_ridge_change,cv,3
2017-04-01,2017-03-01,56828.0,57291.719117729204,2,seasonal_ridge_change,cv,3
2017-05-01,2017-04-01,55450.0,54854.3482875041,2,seasonal_ridge_change,cv,3
2017-06-01,2017-05-01,53587.0,55211.55624058492,2,seasonal_ridge_change,cv,3
2017-07-01,2017-06-01,53144.0,53434.82316775304,2,seasonal_ridge_change,cv,4
2017-08-01,2017-07-01,51525.0,53054.24742637433,2,seasonal_ridge_change,cv,4
2017-09-01,2017-08-01,50366.0,52999.06201751628,2,seasonal_ridge_change,cv,4
2017-10-01,2017-09-01,45863.0,50430.531586491874,2,seasonal_ridge_change,cv,4
2017-11-01,2017-10-01,47897.0,48501.43845624658,2,seasonal_ridge_change,cv,4
2017-12-01,2017-11-01,52209.0,51318.95260185339,2,seasonal_ridge_change,cv,4
2018-01-01,2017-12-01,57692.0,56296.70932042736,2,seasonal_ridge_change,cv,4
2018-02-01,2018-01-01,60233.0,58567.03547232762,2,seasonal_ridge_change,cv,4
2018-03-01,2018-02-01,57183.0,56953.421422638145,2,seasonal_ridge_change,cv,4
2018-04-01,2018-03-01,57200.0,57384.43516668241,2,seasonal_ridge_change,cv,4
2018-05-01,2018-04-01,53886.0,54476.441841645246,2,seasonal_ridge_change,cv,4
2018-06-01,2018-05-01,53488.0,53968.64890090776,2,seasonal_ridge_change,cv,4
2018-07-01,2018-06-01,53407.0,52421.000990635766,2,seasonal_ridge_change,cv,5
2018-08-01,2018-07-01,53041.0,52371.97145261261,2,seasonal_ridge_change,cv,5
2018-09-01,2018-08-01,53164.0,53065.47261654505,2,seasonal_ridge_change,cv,5
2018-10-01,2018-09-01,47779.0,50493.748064811545,2,seasonal_ridge_change,cv,5
2018-11-01,2018-10-01,49088.0,48769.49077206335,2,seasonal_ridge_change,cv,5
2018-12-01,2018-11-01,56136.0,51780.43322533856,2,seasonal_ridge_change,cv,5
2019-01-01,2018-12-01,60779.0,59232.75654820936,2,seasonal_ridge_change,cv,5
2019-02-01,2019-01-01,59040.0,61161.71340414627,2,seasonal_ridge_change,cv,5
2019-03-01,2019-02-01,54545.0,55068.85100267482,2,seasonal_ridge_change,cv,5
2019-04-01,2019-03-01,51552.0,55450.012658899876,2,seasonal_ridge_change,cv,5
2019-05-01,2019-04-01,47444.0,51303.25892016098,2,seasonal_ridge_change,cv,5
2019-06-01,2019-05-01,49584.0,48485.6864124735,2,seasonal_ridge_change,cv,5
2019-07-01,2019-06-01,50218.0,50151.82009810665,2,seasonal_ridge_change,cv,6
2019-08-01,2019-07-01,51265.0,51836.2358980087,2,seasonal_ridge_change,cv,6
2019-09-01,2019-08-01,51041.0,52811.695484206124,2,seasonal_ridge_change,cv,6
2019-10-01,2019-09-01,47150.0,50361.43224988247,2,seasonal_ridge_change,cv,6
2019-11-01,2019-10-01,49235.0,49470.61413914511,2,seasonal_ridge_change,cv,6
2019-12-01,2019-11-01,55016.0,53698.72858742396,2,seasonal_ridge_change,cv,6
2020-01-01,2019-12-01,57926.0,58470.85392213043,2,seasonal_ridge_change,cv,6
2020-02-01,2020-01-01,58930.0,58722.962019084,2,seasonal_ridge_change,cv,6
2020-03-01,2020-02-01,60194.0,56432.47044461985,2,seasonal_ridge_change,cv,6
2020-04-01,2020-03-01,56543.0,54723.48699746468,2,seasonal_ridge_change,cv,6
2020-05-01,2020-04-01,56207.0,44935.84313977049,2,seasonal_ridge_change,cv,6
2020-06-01,2020-05-01,52680.0,48659.69043716517,2,seasonal_ridge_change,cv,6
2020-07-01,2020-06-01,50708.0,49786.881640618274,2,seasonal_ridge_change,cv,7
2020-08-01,2020-07-01,48599.0,50019.575586346626,2,seasonal_ridge_change,cv,7
2020-09-01,2020-08-01,46205.0,49062.111076670146,2,seasonal_ridge_change,cv,7
2020-10-01,2020-09-01,47628.0,46594.78256915031,2,seasonal_ridge_change,cv,7
2020-11-01,2020-10-01,52602.0,49367.41235393706,2,seasonal_ridge_change,cv,7
2020-12-01,2020-11-01,50862.0,53503.22528175188,2,seasonal_ridge_change,cv,7
2021-01-01,2020-12-01,55101.0,53114.467207475594,2,seasonal_ridge_change,cv,7
2021-02-01,2021-01-01,52698.0,56146.05409001898,2,seasonal_ridge_change,cv,7
2021-03-01,2021-02-01,50642.0,52306.77981026759,2,seasonal_ridge_change,cv,7
2021-04-01,2021-03-01,49224.0,52262.215498911755,2,seasonal_ridge_change,cv,7
2021-05-01,2021-04-01,47745.0,50118.46156121836,2,seasonal_ridge_change,cv,7
2021-06-01,2021-05-01,50642.0,49105.95220679114,2,seasonal_ridge_change,cv,7
2021-07-01,2021-06-01,48408.0,50330.98083828794,2,seasonal_ridge_change,cv,8
2021-08-01,2021-07-01,47039.0,48879.27464833585,2,seasonal_ridge_change,cv,8
2021-09-01,2021-08-01,46774.0,47603.66013605633,2,seasonal_ridge_change,cv,8
2021-10-01,2021-09-01,44972.0,48230.44417271009,2,seasonal_ridge_change,cv,8
2021-11-01,2021-10-01,46868.0,48525.94456460675,2,seasonal_ridge_change,cv,8
2021-12-01,2021-11-01,50741.0,50413.26720814295,2,seasonal_ridge_change,cv,8
2022-01-01,2021-12-01,58762.0,54729.522400208996,2,seasonal_ridge_change,cv,8
2022-02-01,2022-01-01,60755.0,58646.77377923883,2,seasonal_ridge_change,cv,8
2022-03-01,2022-02-01,56540.0,57084.173677444574,2,seasonal_ridge_change,cv,8
2022-04-01,2022-03-01,50322.0,53815.40045973458,2,seasonal_ridge_change,cv,8
2022-05-01,2022-04-01,45569.0,48621.82509170909,2,seasonal_ridge_change,cv,8
2022-06-01,2022-05-01,46726.0,46688.31846280759,2,seasonal_ridge_change,cv,8
2022-07-01,2022-06-01,48766.0,46481.1208574492,2,seasonal_ridge_change,cv,9
2022-08-01,2022-07-01,43998.0,47938.42125151291,2,seasonal_ridge_change,cv,9
2022-09-01,2022-08-01,44088.0,44805.73791496724,2,seasonal_ridge_change,cv,9
2022-10-01,2022-09-01,45031.0,45055.877292817815,2,seasonal_ridge_change,cv,9
2022-11-01,2022-10-01,46995.0,47268.71784035003,2,seasonal_ridge_change,cv,9
2022-12-01,2022-11-01,46612.0,49857.0421929683,2,seasonal_ridge_change,cv,9
2023-01-01,2022-12-01,50942.0,51548.55238800594,2,seasonal_ridge_change,cv,9
2023-02-01,2023-01-01,52512.0,54085.86827486774,2,seasonal_ridge_change,cv,9
2023-03-01,2023-02-01,49788.0,52844.973252111624,2,seasonal_ridge_change,cv,9
2023-04-01,2023-03-01,46209.0,50095.59612312273,2,seasonal_ridge_change,cv,9
2023-05-01,2023-04-01,45371.0,45654.47582354675,2,seasonal_ridge_change,cv,9
2023-06-01,2023-05-01,44880.0,45912.197372197574,2,seasonal_ridge_change,cv,9
2023-07-01,2023-06-01,46716.0,45769.03787229846,2,seasonal_ridge_change,cv,10
2023-08-01,2023-07-01,45329.0,46344.53964152998,2,seasonal_ridge_change,cv,10
2023-09-01,2023-08-01,46566.0,45574.918460389745,2,seasonal_ridge_change,cv,10
2023-10-01,2023-09-01,43983.0,46270.41102690939,2,seasonal_ridge_change,cv,10
2023-11-01,2023-10-01,48149.0,46339.161011092496,2,seasonal_ridge_change,cv,10
2023-12-01,2023-11-01,54853.0,49427.088919466136,2,seasonal_ridge_change,cv,10
2024-01-01,2023-12-01,61100.0,55762.288873654055,2,seasonal_ridge_change,cv,10
2024-02-01,2024-01-01,57032.0,58703.86265743412,2,seasonal_ridge_change,cv,10
2024-03-01,2024-02-01,54928.0,52750.0882006696,2,seasonal_ridge_change,cv,10
2024-04-01,2024-03-01,53381.0,52505.964337289406,2,seasonal_ridge_change,cv,10
2024-05-01,2024-04-01,49156.0,49130.5212960077,2,seasonal_ridge_change,cv,10
2024-06-01,2024-05-01,48529.0,47413.41763654438,2,seasonal_ridge_change,cv,10
2014-07-01,2014-06-01,48264.0,48627.71023717393,2,polynomial_ridge_change,cv,1
2014-08-01,2014-07-01,46770.0,47570.22159322072,2,polynomial_ridge_change,cv,1
2014-09-01,2014-08-01,47083.0,47139.56370676891,2,polynomial_ridge_change,cv,1
2014-10-01,2014-09-01,44074.0,46495.56822511108,2,polynomial_ridge_change,cv,1
2014-11-01,2014-10-01,45416.0,44965.94033296221,2,polynomial_ridge_change,cv,1
2014-12-01,2014-11-01,52440.0,47307.708223738315,2,polynomial_ridge_change,cv,1
2015-01-01,2014-12-01,53425.0,54495.7307991284,2,polynomial_ridge_change,cv,1
2015-02-01,2015-01-01,53385.0,53982.80229780652,2,polynomial_ridge_change,cv,1
2015-03-01,2015-02-01,52861.0,51507.469379716924,2,polynomial_ridge_change,cv,1
2015-04-01,2015-03-01,53286.0,52391.88148225427,2,polynomial_ridge_change,cv,1
2015-05-01,2015-04-01,49145.0,52646.083853832075,2,polynomial_ridge_change,cv,1
2015-06-01,2015-05-01,50387.0,49736.96450915092,2,polynomial_ridge_change,cv,1
2015-07-01,2015-06-01,48210.0,49775.50340601755,2,polynomial_ridge_change,cv,2
2015-08-01,2015-07-01,49387.0,45623.76248341233,2,polynomial_ridge_change,cv,2
2015-09-01,2015-08-01,47041.0,46915.93746577232,2,polynomial_ridge_change,cv,2
2015-10-01,2015-09-01,45967.0,45629.226803296246,2,polynomial_ridge_change,cv,2
2015-11-01,2015-10-01,50053.0,45521.66558819151,2,polynomial_ridge_change,cv,2
2015-12-01,2015-11-01,53674.0,52363.567320292634,2,polynomial_ridge_change,cv,2
2016-01-01,2015-12-01,62336.0,55251.75009930278,2,polynomial_ridge_change,cv,2
2016-02-01,2016-01-01,60365.0,59419.61544115626,2,polynomial_ridge_change,cv,2
2016-03-01,2016-02-01,57094.0,57174.16809998358,2,polynomial_ridge_change,cv,2
2016-04-01,2016-03-01,54581.0,54702.70982950213,2,polynomial_ridge_change,cv,2
2016-05-01,2016-04-01,54211.0,53284.27549092356,2,polynomial_ridge_change,cv,2
2016-06-01,2016-05-01,53898.0,53780.23876831467,2,polynomial_ridge_change,cv,2
2016-07-01,2016-06-01,51933.0,53916.46870033106,2,polynomial_ridge_change,cv,3
2016-08-01,2016-07-01,51959.0,51594.28736798848,2,polynomial_ridge_change,cv,3
2016-09-01,2016-08-01,51101.0,51288.60247615206,2,polynomial_ridge_change,cv,3
2016-10-01,2016-09-01,49811.0,50943.259449756035,2,polynomial_ridge_change,cv,3
2016-11-01,2016-10-01,50310.0,51175.58049215031,2,polynomial_ridge_change,cv,3
2016-12-01,2016-11-01,53229.0,53878.63539326455,2,polynomial_ridge_change,cv,3
2017-01-01,2016-12-01,60494.0,59022.01872148102,2,polynomial_ridge_change,cv,3
2017-02-01,2017-01-01,60249.0,62190.0246535667,2,polynomial_ridge_change,cv,3
2017-03-01,2017-02-01,57339.0,58824.58335094989,2,polynomial_ridge_change,cv,3
2017-04-01,2017-03-01,56828.0,55625.223876214426,2,polynomial_ridge_change,cv,3
2017-05-01,2017-04-01,55450.0,55900.84935809142,2,polynomial_ridge_change,cv,3
2017-06-01,2017-05-01,53587.0,55089.348762469315,2,polynomial_ridge_change,cv,3
2017-07-01,2017-06-01,53144.0,54641.802213005714,2,polynomial_ridge_change,cv,4
2017-08-01,2017-07-01,51525.0,52445.03642056896,2,polynomial_ridge_change,cv,4
2017-09-01,2017-08-01,50366.0,50997.20888335643,2,polynomial_ridge_change,cv,4
2017-10-01,2017-09-01,45863.0,51917.44903021757,2,polynomial_ridge_change,cv,4
2017-11-01,2017-10-01,47897.0,49458.25354441625,2,polynomial_ridge_change,cv,4
2017-12-01,2017-11-01,52209.0,52965.99960085874,2,polynomial_ridge_change,cv,4
2018-01-01,2017-12-01,57692.0,56922.48679768671,2,polynomial_ridge_change,cv,4
2018-02-01,2018-01-01,60233.0,59306.041892252106,2,polynomial_ridge_change,cv,4
2018-03-01,2018-02-01,57183.0,57602.24037249624,2,polynomial_ridge_change,cv,4
2018-04-01,2018-03-01,57200.0,57371.5327114222,2,polynomial_ridge_change,cv,4
2018-05-01,2018-04-01,53886.0,54930.100236935046,2,polynomial_ridge_change,cv,4
2018-06-01,2018-05-01,53488.0,54191.84375379704,2,polynomial_ridge_change,cv,4
2018-07-01,2018-06-01,53407.0,52667.05294568921,2,polynomial_ridge_change,cv,5
2018-08-01,2018-07-01,53041.0,51893.90117010041,2,polynomial_ridge_change,cv,5
2018-09-01,2018-08-01,53164.0,52563.64615738021,2,polynomial_ridge_change,cv,5
2018-10-01,2018-09-01,47779.0,52776.65724952834,2,polynomial_ridge_change,cv,5
2018-11-01,2018-10-01,49088.0,53158.48714123385,2,polynomial_ridge_change,cv,5
2018-12-01,2018-11-01,56136.0,51648.60037573955,2,polynomial_ridge_change,cv,5
2019-01-01,2018-12-01,60779.0,61133.280916164345,2,polynomial_ridge_change,cv,5
2019-02-01,2019-01-01,59040.0,62846.465989843375,2,polynomial_ridge_change,cv,5
2019-03-01,2019-02-01,54545.0,55679.62024640275,2,polynomial_ridge_change,cv,5
2019-04-01,2019-03-01,51552.0,53893.7967143681,2,polynomial_ridge_change,cv,5
2019-05-01,2019-04-01,47444.0,51506.28453752462,2,polynomial_ridge_change,cv,5
2019-06-01,2019-05-01,49584.0,49165.40549893069,2,polynomial_ridge_change,cv,5
2019-07-01,2019-06-01,50218.0,49449.22132905619,2,polynomial_ridge_change,cv,6
2019-08-01,2019-07-01,51265.0,49442.95542321671,2,polynomial_ridge_change,cv,6
2019-09-01,2019-08-01,51041.0,50135.384009153495,2,polynomial_ridge_change,cv,6
2019-10-01,2019-09-01,47150.0,50467.81447678348,2,polynomial_ridge_change,cv,6
2019-11-01,2019-10-01,49235.0,48401.73464899054,2,polynomial_ridge_change,cv,6
2019-12-01,2019-11-01,55016.0,53615.76220818334,2,polynomial_ridge_change,cv,6
2020-01-01,2019-12-01,57926.0,59541.39168009181,2,polynomial_ridge_change,cv,6
2020-02-01,2020-01-01,58930.0,59351.105255614355,2,polynomial_ridge_change,cv,6
2020-03-01,2020-02-01,60194.0,56699.230648111195,2,polynomial_ridge_change,cv,6
2020-04-01,2020-03-01,56543.0,56210.07610716856,2,polynomial_ridge_change,cv,6
2020-05-01,2020-04-01,56207.0,51250.85598479835,2,polynomial_ridge_change,cv,6
2020-06-01,2020-05-01,52680.0,55300.45647387575,2,polynomial_ridge_change,cv,6
2020-07-01,2020-06-01,50708.0,52919.42007957413,2,polynomial_ridge_change,cv,7
2020-08-01,2020-07-01,48599.0,50171.284991898894,2,polynomial_ridge_change,cv,7
2020-09-01,2020-08-01,46205.0,47970.20588743156,2,polynomial_ridge_change,cv,7
2020-10-01,2020-09-01,47628.0,46070.820867527895,2,polynomial_ridge_change,cv,7
2020-11-01,2020-10-01,52602.0,49104.00377854389,2,polynomial_ridge_change,cv,7
2020-12-01,2020-11-01,50862.0,54705.95893979833,2,polynomial_ridge_change,cv,7
2021-01-01,2020-12-01,55101.0,52400.700042224664,2,polynomial_ridge_change,cv,7
2021-02-01,2021-01-01,52698.0,55252.83036124121,2,polynomial_ridge_change,cv,7
2021-03-01,2021-02-01,50642.0,49277.26858725837,2,polynomial_ridge_change,cv,7
2021-04-01,2021-03-01,49224.0,49564.5460965028,2,polynomial_ridge_change,cv,7
2021-05-01,2021-04-01,47745.0,48890.26841401382,2,polynomial_ridge_change,cv,7
2021-06-01,2021-05-01,50642.0,48506.22903058038,2,polynomial_ridge_change,cv,7
2021-07-01,2021-06-01,48408.0,50582.20330042438,2,polynomial_ridge_change,cv,8
2021-08-01,2021-07-01,47039.0,48015.15723052039,2,polynomial_ridge_change,cv,8
2021-09-01,2021-08-01,46774.0,46736.45692636735,2,polynomial_ridge_change,cv,8
2021-10-01,2021-09-01,44972.0,47366.34765616104,2,polynomial_ridge_change,cv,8
2021-11-01,2021-10-01,46868.0,48223.47343659369,2,polynomial_ridge_change,cv,8
2021-12-01,2021-11-01,50741.0,51118.71114554466,2,polynomial_ridge_change,cv,8
2022-01-01,2021-12-01,58762.0,55248.47496489191,2,polynomial_ridge_change,cv,8
2022-02-01,2022-01-01,60755.0,58292.26074439937,2,polynomial_ridge_change,cv,8
2022-03-01,2022-02-01,56540.0,57615.0793600473,2,polynomial_ridge_change,cv,8
2022-04-01,2022-03-01,50322.0,54564.214856772014,2,polynomial_ridge_change,cv,8
2022-05-01,2022-04-01,45569.0,48986.940080790235,2,polynomial_ridge_change,cv,8
2022-06-01,2022-05-01,46726.0,46320.48243603769,2,polynomial_ridge_change,cv,8
2022-07-01,2022-06-01,48766.0,46447.6920296642,2,polynomial_ridge_change,cv,9
2022-08-01,2022-07-01,43998.0,47551.06982185734,2,polynomial_ridge_change,cv,9
2022-09-01,2022-08-01,44088.0,43129.76837993466,2,polynomial_ridge_change,cv,9
2022-10-01,2022-09-01,45031.0,44515.835359202334,2,polynomial_ridge_change,cv,9
2022-11-01,2022-10-01,46995.0,47073.47475796078,2,polynomial_ridge_change,cv,9
2022-12-01,2022-11-01,46612.0,50828.17585887699,2,polynomial_ridge_change,cv,9
2023-01-01,2022-12-01,50942.0,51651.16292475205,2,polynomial_ridge_change,cv,9
2023-02-01,2023-01-01,52512.0,53659.17552971156,2,polynomial_ridge_change,cv,9
2023-03-01,2023-02-01,49788.0,51686.42309032696,2,polynomial_ridge_change,cv,9
2023-04-01,2023-03-01,46209.0,49283.20242925771,2,polynomial_ridge_change,cv,9
2023-05-01,2023-04-01,45371.0,45889.818696687114,2,polynomial_ridge_change,cv,9
2023-06-01,2023-05-01,44880.0,45928.92328463015,2,polynomial_ridge_change,cv,9
2023-07-01,2023-06-01,46716.0,45404.7325222288,2,polynomial_ridge_change,cv,10
2023-08-01,2023-07-01,45329.0,45959.35537379912,2,polynomial_ridge_change,cv,10
2023-09-01,2023-08-01,46566.0,43904.61840264223,2,polynomial_ridge_change,cv,10
2023-10-01,2023-09-01,43983.0,45822.26653696527,2,polynomial_ridge_change,cv,10
2023-11-01,2023-10-01,48149.0,45490.824268044045,2,polynomial_ridge_change,cv,10
2023-12-01,2023-11-01,54853.0,50267.592872602974,2,polynomial_ridge_change,cv,10
2024-01-01,2023-12-01,61100.0,57867.54401277085,2,polynomial_ridge_change,cv,10
2024-02-01,2024-01-01,57032.0,60370.82270754078,2,polynomial_ridge_change,cv,10
2024-03-01,2024-02-01,54928.0,53626.54267689324,2,polynomial_ridge_change,cv,10
2024-04-01,2024-03-01,53381.0,52850.88031293036,2,polynomial_ridge_change,cv,10
2024-05-01,2024-04-01,49156.0,51771.69638001204,2,polynomial_ridge_change,cv,10
2024-06-01,2024-05-01,48529.0,48512.73128339093,2,polynomial_ridge_change,cv,10
2014-07-01,2014-06-01,48264.0,51653.372665030496,2,spline_ridge_change,cv,1
2014-08-01,2014-07-01,46770.0,48911.235637776575,2,spline_ridge_change,cv,1
2014-09-01,2014-08-01,47083.0,47953.91136392721,2,spline_ridge_change,cv,1
2014-10-01,2014-09-01,44074.0,47626.79640793369,2,spline_ridge_change,cv,1
2014-11-01,2014-10-01,45416.0,48940.42703135084,2,spline_ridge_change,cv,1
2014-12-01,2014-11-01,52440.0,50421.14469429326,2,spline_ridge_change,cv,1
2015-01-01,2014-12-01,53425.0,55513.798338284476,2,spline_ridge_change,cv,1
2015-02-01,2015-01-01,53385.0,54760.53118801806,2,spline_ridge_change,cv,1
2015-03-01,2015-02-01,52861.0,52159.40407964574,2,spline_ridge_change,cv,1
2015-04-01,2015-03-01,53286.0,53521.521900473264,2,spline_ridge_change,cv,1
2015-05-01,2015-04-01,49145.0,52804.748311841206,2,spline_ridge_change,cv,1
2015-06-01,2015-05-01,50387.0,50749.64686649099,2,spline_ridge_change,cv,1
2015-07-01,2015-06-01,48210.0,48953.02957470328,2,spline_ridge_change,cv,2
2015-08-01,2015-07-01,49387.0,46497.759222459776,2,spline_ridge_change,cv,2
2015-09-01,2015-08-01,47041.0,47219.17889371154,2,spline_ridge_change,cv,2
2015-10-01,2015-09-01,45967.0,46002.95408453104,2,spline_ridge_change,cv,2
2015-11-01,2015-10-01,50053.0,46434.676730681735,2,spline_ridge_change,cv,2
2015-12-01,2015-11-01,53674.0,52882.974876179236,2,spline_ridge_change,cv,2
2016-01-01,2015-12-01,62336.0,56095.64453742076,2,spline_ridge_change,cv,2
2016-02-01,2016-01-01,60365.0,61316.32313706602,2,spline_ridge_change,cv,2
2016-03-01,2016-02-01,57094.0,57973.77808426939,2,spline_ridge_change,cv,2
2016-04-01,2016-03-01,54581.0,56572.209578066395,2,spline_ridge_change,cv,2
2016-05-01,2016-04-01,54211.0,53288.3220984305,2,spline_ridge_change,cv,2
2016-06-01,2016-05-01,53898.0,54369.49981713519,2,spline_ridge_change,cv,2
2016-07-01,2016-06-01,51933.0,53815.344640414856,2,spline_ridge_change,cv,3
2016-08-01,2016-07-01,51959.0,51627.03829105362,2,spline_ridge_change,cv,3
2016-09-01,2016-08-01,51101.0,51322.14424069193,2,spline_ridge_change,cv,3
2016-10-01,2016-09-01,49811.0,50570.96147547074,2,spline_ridge_change,cv,3
2016-11-01,2016-10-01,50310.0,52027.11320848383,2,spline_ridge_change,cv,3
2016-12-01,2016-11-01,53229.0,53478.17330155019,2,spline_ridge_change,cv,3
2017-01-01,2016-12-01,60494.0,59134.10957345578,2,spline_ridge_change,cv,3
2017-02-01,2017-01-01,60249.0,64949.069391279154,2,spline_ridge_change,cv,3
2017-03-01,2017-02-01,57339.0,61718.485601154905,2,spline_ridge_change,cv,3
2017-04-01,2017-03-01,56828.0,57913.07897779627,2,spline_ridge_change,cv,3
2017-05-01,2017-04-01,55450.0,57001.54833914171,2,spline_ridge_change,cv,3
2017-06-01,2017-05-01,53587.0,56446.79924599118,2,spline_ridge_change,cv,3
2017-07-01,2017-06-01,53144.0,53729.72641265608,2,spline_ridge_change,cv,4
2017-08-01,2017-07-01,51525.0,52886.74120730942,2,spline_ridge_change,cv,4
2017-09-01,2017-08-01,50366.0,52045.03061445784,2,spline_ridge_change,cv,4
2017-10-01,2017-09-01,45863.0,50693.48718295426,2,spline_ridge_change,cv,4
2017-11-01,2017-10-01,47897.0,48530.73596257402,2,spline_ridge_change,cv,4
2017-12-01,2017-11-01,52209.0,51322.126744323774,2,spline_ridge_change,cv,4
2018-01-01,2017-12-01,57692.0,56203.33625937081,2,spline_ridge_change,cv,4
2018-02-01,2018-01-01,60233.0,58465.42914894614,2,spline_ridge_change,cv,4
2018-03-01,2018-02-01,57183.0,57781.830053716454,2,spline_ridge_change,cv,4
2018-04-01,2018-03-01,57200.0,56904.24520567439,2,spline_ridge_change,cv,4
2018-05-01,2018-04-01,53886.0,55891.13051027382,2,spline_ridge_change,cv,4
2018-06-01,2018-05-01,53488.0,54218.775218245864,2,spline_ridge_change,cv,4
2018-07-01,2018-06-01,53407.0,52437.43900918377,2,spline_ridge_change,cv,5
2018-08-01,2018-07-01,53041.0,51767.09576262145,2,spline_ridge_change,cv,5
2018-09-01,2018-08-01,53164.0,53046.924985721904,2,spline_ridge_change,cv,5
2018-10-01,2018-09-01,47779.0,51572.89591673599,2,spline_ridge_change,cv,5
2018-11-01,2018-10-01,49088.0,50360.44928810624,2,spline_ridge_change,cv,5
2018-12-01,2018-11-01,56136.0,51662.838314336186,2,spline_ridge_change,cv,5
2019-01-01,2018-12-01,60779.0,60958.00773972946,2,spline_ridge_change,cv,5
2019-02-01,2019-01-01,59040.0,62489.94482133835,2,spline_ridge_change,cv,5
2019-03-01,2019-02-01,54545.0,55769.65212924402,2,spline_ridge_change,cv,5
2019-04-01,2019-03-01,51552.0,54463.40565275242,2,spline_ridge_change,cv,5
2019-05-01,2019-04-01,47444.0,51142.76410614308,2,spline_ridge_change,cv,5
2019-06-01,2019-05-01,49584.0,48348.283658399,2,spline_ridge_change,cv,5
2019-07-01,2019-06-01,50218.0,49830.85996037792,2,spline_ridge_change,cv,6
2019-08-01,2019-07-01,51265.0,50645.24743979854,2,spline_ridge_change,cv,6
2019-09-01,2019-08-01,51041.0,51579.910807509215,2,spline_ridge_change,cv,6
2019-10-01,2019-09-01,47150.0,50155.849816938724,2,spline_ridge_change,cv,6
2019-11-01,2019-10-01,49235.0,49178.579318181124,2,spline_ridge_change,cv,6
2019-12-01,2019-11-01,55016.0,53574.14221263835,2,spline_ridge_change,cv,6
2020-01-01,2019-12-01,57926.0,58985.56645453258,2,spline_ridge_change,cv,6
2020-02-01,2020-01-01,58930.0,58506.52110289022,2,spline_ridge_change,cv,6
2020-03-01,2020-02-01,60194.0,56425.95745751785,2,spline_ridge_change,cv,6
2020-04-01,2020-03-01,56543.0,56244.57733778857,2,spline_ridge_change,cv,6
2020-05-01,2020-04-01,56207.0,49456.74696109988,2,spline_ridge_change,cv,6
2020-06-01,2020-05-01,52680.0,52587.365480191525,2,spline_ridge_change,cv,6
2020-07-01,2020-06-01,50708.0,50119.51113149303,2,spline_ridge_change,cv,7
2020-08-01,2020-07-01,48599.0,49429.01654680202,2,spline_ridge_change,cv,7
2020-09-01,2020-08-01,46205.0,47798.290901768,2,spline_ridge_change,cv,7
2020-10-01,2020-09-01,47628.0,45881.52857736108,2,spline_ridge_change,cv,7
2020-11-01,2020-10-01,52602.0,49556.193606643756,2,spline_ridge_change,cv,7
2020-12-01,2020-11-01,50862.0,54074.95034426649,2,spline_ridge_change,cv,7
2021-01-01,2020-12-01,55101.0,52162.55392621275,2,spline_ridge_change,cv,7
2021-02-01,2021-01-01,52698.0,54791.87032359454,2,spline_ridge_change,cv,7
2021-03-01,2021-02-01,50642.0,50634.493566457255,2,spline_ridge_change,cv,7
2021-04-01,2021-03-01,49224.0,50220.86252753307,2,spline_ridge_change,cv,7
2021-05-01,2021-04-01,47745.0,48904.845276560525,2,spline_ridge_change,cv,7
2021-06-01,2021-05-01,50642.0,48920.47590236055,2,spline_ridge_change,cv,7
2021-07-01,2021-06-01,48408.0,50803.382944315796,2,spline_ridge_change,cv,8
2021-08-01,2021-07-01,47039.0,48449.79273868123,2,spline_ridge_change,cv,8
2021-09-01,2021-08-01,46774.0,46727.586801207384,2,spline_ridge_change,cv,8
2021-10-01,2021-09-01,44972.0,47821.90485234955,2,spline_ridge_change,cv,8
2021-11-01,2021-10-01,46868.0,49305.839235128646,2,spline_ridge_change,cv,8
2021-12-01,2021-11-01,50741.0,51181.702021386576,2,spline_ridge_change,cv,8
2022-01-01,2021-12-01,58762.0,54787.04479371374,2,spline_ridge_change,cv,8
2022-02-01,2022-01-01,60755.0,58333.668945549194,2,spline_ridge_change,cv,8
2022-03-01,2022-02-01,56540.0,57288.22966343418,2,spline_ridge_change,cv,8
2022-04-01,2022-03-01,50322.0,53265.19528328745,2,spline_ridge_change,cv,8
2022-05-01,2022-04-01,45569.0,48529.67635742038,2,spline_ridge_change,cv,8
2022-06-01,2022-05-01,46726.0,47330.808075229535,2,spline_ridge_change,cv,8
2022-07-01,2022-06-01,48766.0,46222.26754486488,2,spline_ridge_change,cv,9
2022-08-01,2022-07-01,43998.0,46929.88990280977,2,spline_ridge_change,cv,9
2022-09-01,2022-08-01,44088.0,43903.41089719224,2,spline_ridge_change,cv,9
2022-10-01,2022-09-01,45031.0,44594.441277530444,2,spline_ridge_change,cv,9
2022-11-01,2022-10-01,46995.0,47513.81195507696,2,spline_ridge_change,cv,9
2022-12-01,2022-11-01,46612.0,50448.98327817767,2,spline_ridge_change,cv,9
2023-01-01,2022-12-01,50942.0,51074.27997492225,2,spline_ridge_change,cv,9
2023-02-01,2023-01-01,52512.0,51779.644066758345,2,spline_ridge_change,cv,9
2023-03-01,2023-02-01,49788.0,50724.652975956946,2,spline_ridge_change,cv,9
2023-04-01,2023-03-01,46209.0,48274.92283312049,2,spline_ridge_change,cv,9
2023-05-01,2023-04-01,45371.0,44979.345465640145,2,spline_ridge_change,cv,9
2023-06-01,2023-05-01,44880.0,46086.96301820761,2,spline_ridge_change,cv,9
2023-07-01,2023-06-01,46716.0,46008.58328430688,2,spline_ridge_change,cv,10
2023-08-01,2023-07-01,45329.0,45630.82590681479,2,spline_ridge_change,cv,10
2023-09-01,2023-08-01,46566.0,44873.34757326165,2,spline_ridge_change,cv,10
2023-10-01,2023-09-01,43983.0,45368.661867470306,2,spline_ridge_change,cv,10
2023-11-01,2023-10-01,48149.0,47997.1536640904,2,spline_ridge_change,cv,10
2023-12-01,2023-11-01,54853.0,49986.63371790519,2,spline_ridge_change,cv,10
2024-01-01,2023-12-01,61100.0,56862.671575869215,2,spline_ridge_change,cv,10
2024-02-01,2024-01-01,57032.0,59546.86301736384,2,spline_ridge_change,cv,10
2024-03-01,2024-02-01,54928.0,52585.023437393385,2,spline_ridge_change,cv,10
2024-04-01,2024-03-01,53381.0,52170.97714452034,2,spline_ridge_change,cv,10
2024-05-01,2024-04-01,49156.0,49383.9327642187,2,spline_ridge_change,cv,10
2024-06-01,2024-05-01,48529.0,47829.01991435278,2,spline_ridge_change,cv,10
2014-07-01,2014-06-01,48264.0,49946.61438031886,2,random_forest_change,cv,1
2014-08-01,2014-07-01,46770.0,49095.324174471665,2,random_forest_change,cv,1
2014-09-01,2014-08-01,47083.0,48061.24149983176,2,random_forest_change,cv,1
2014-10-01,2014-09-01,44074.0,47937.88510604714,2,random_forest_change,cv,1
2014-11-01,2014-10-01,45416.0,46003.90645059056,2,random_forest_change,cv,1
2014-12-01,2014-11-01,52440.0,47828.03409961689,2,random_forest_change,cv,1
2015-01-01,2014-12-01,53425.0,54998.21712626742,2,random_forest_change,cv,1
2015-02-01,2015-01-01,53385.0,53966.391731340766,2,random_forest_change,cv,1
2015-03-01,2015-02-01,52861.0,50717.66803578162,2,random_forest_change,cv,1
2015-04-01,2015-03-01,53286.0,52067.19418578065,2,random_forest_change,cv,1
2015-05-01,2015-04-01,49145.0,52430.019060846476,2,random_forest_change,cv,1
2015-06-01,2015-05-01,50387.0,49970.85456681259,2,random_forest_change,cv,1
2015-07-01,2015-06-01,48210.0,49937.78074394839,2,random_forest_change,cv,2
2015-08-01,2015-07-01,49387.0,48153.93089270931,2,random_forest_change,cv,2
2015-09-01,2015-08-01,47041.0,48855.72824226135,2,random_forest_change,cv,2
2015-10-01,2015-09-01,45967.0,47130.13623206738,2,random_forest_change,cv,2
2015-11-01,2015-10-01,50053.0,47443.95537020661,2,random_forest_change,cv,2
2015-12-01,2015-11-01,53674.0,52790.58711691971,2,random_forest_change,cv,2
2016-01-01,2015-12-01,62336.0,56329.05789177163,2,random_forest_change,cv,2
2016-02-01,2016-01-01,60365.0,62297.8111398781,2,random_forest_change,cv,2
2016-03-01,2016-02-01,57094.0,59998.62647038385,2,random_forest_change,cv,2
2016-04-01,2016-03-01,54581.0,57347.258370282565,2,random_forest_change,cv,2
2016-05-01,2016-04-01,54211.0,53669.14255209457,2,random_forest_change,cv,2
2016-06-01,2016-05-01,53898.0,53605.542794535795,2,random_forest_change,cv,2
2016-07-01,2016-06-01,51933.0,52858.02321665302,2,random_forest_change,cv,3
2016-08-01,2016-07-01,51959.0,51290.95740242072,2,random_forest_change,cv,3
2016-09-01,2016-08-01,51101.0,50828.791967884514,2,random_forest_change,cv,3
2016-10-01,2016-09-01,49811.0,49971.816991048814,2,random_forest_change,cv,3
2016-11-01,2016-10-01,50310.0,52239.05804807301,2,random_forest_change,cv,3
2016-12-01,2016-11-01,53229.0,53555.3288338991,2,random_forest_change,cv,3
2017-01-01,2016-12-01,60494.0,57015.18342222172,2,random_forest_change,cv,3
2017-02-01,2017-01-01,60249.0,59794.72562636085,2,random_forest_change,cv,3
2017-03-01,2017-02-01,57339.0,57966.780008329166,2,random_forest_change,cv,3
2017-04-01,2017-03-01,56828.0,56578.216568236385,2,random_forest_change,cv,3
2017-05-01,2017-04-01,55450.0,56106.19089546043,2,random_forest_change,cv,3
2017-06-01,2017-05-01,53587.0,55145.297690081716,2,random_forest_change,cv,3
2017-07-01,2017-06-01,53144.0,52999.2364299539,2,random_forest_change,cv,4
2017-08-01,2017-07-01,51525.0,52414.85449966584,2,random_forest_change,cv,4
2017-09-01,2017-08-01,50366.0,50905.49047983423,2,random_forest_change,cv,4
2017-10-01,2017-09-01,45863.0,49689.47169695168,2,random_forest_change,cv,4
2017-11-01,2017-10-01,47897.0,48706.260361758665,2,random_forest_change,cv,4
2017-12-01,2017-11-01,52209.0,52258.14523401794,2,random_forest_change,cv,4
2018-01-01,2017-12-01,57692.0,56251.877509223945,2,random_forest_change,cv,4
2018-02-01,2018-01-01,60233.0,57261.101492307316,2,random_forest_change,cv,4
2018-03-01,2018-02-01,57183.0,58149.47550481452,2,random_forest_change,cv,4
2018-04-01,2018-03-01,57200.0,56537.43291764596,2,random_forest_change,cv,4
2018-05-01,2018-04-01,53886.0,56198.18826076781,2,random_forest_change,cv,4
2018-06-01,2018-05-01,53488.0,53333.5403536992,2,random_forest_change,cv,4
2018-07-01,2018-06-01,53407.0,52441.37630361959,2,random_forest_change,cv,5
2018-08-01,2018-07-01,53041.0,52463.15938762046,2,random_forest_change,cv,5
2018-09-01,2018-08-01,53164.0,52177.02110315866,2,random_forest_change,cv,5
2018-10-01,2018-09-01,47779.0,51647.64533253174,2,random_forest_change,cv,5
2018-11-01,2018-10-01,49088.0,50005.75192336054,2,random_forest_change,cv,5
2018-12-01,2018-11-01,56136.0,53007.23190513352,2,random_forest_change,cv,5
2019-01-01,2018-12-01,60779.0,60614.76005468944,2,random_forest_change,cv,5
2019-02-01,2019-01-01,59040.0,60834.41893054552,2,random_forest_change,cv,5
2019-03-01,2019-02-01,54545.0,56181.101425658795,2,random_forest_change,cv,5
2019-04-01,2019-03-01,51552.0,54067.85901199689,2,random_forest_change,cv,5
2019-05-01,2019-04-01,47444.0,50949.40099851089,2,random_forest_change,cv,5
2019-06-01,2019-05-01,49584.0,48365.33846051354,2,random_forest_change,cv,5
2019-07-01,2019-06-01,50218.0,48742.00360259799,2,random_forest_change,cv,6
2019-08-01,2019-07-01,51265.0,49721.1042984286,2,random_forest_change,cv,6
2019-09-01,2019-08-01,51041.0,50470.162548154694,2,random_forest_change,cv,6
2019-10-01,2019-09-01,47150.0,49717.91074724897,2,random_forest_change,cv,6
2019-11-01,2019-10-01,49235.0,49216.55515971249,2,random_forest_change,cv,6
2019-12-01,2019-11-01,55016.0,53618.07822805258,2,random_forest_change,cv,6
2020-01-01,2019-12-01,57926.0,59893.32483721915,2,random_forest_change,cv,6
2020-02-01,2020-01-01,58930.0,57339.77423378599,2,random_forest_change,cv,6
2020-03-01,2020-02-01,60194.0,56311.39832594039,2,random_forest_change,cv,6
2020-04-01,2020-03-01,56543.0,57747.4465925247,2,random_forest_change,cv,6
2020-05-01,2020-04-01,56207.0,53959.77759458713,2,random_forest_change,cv,6
2020-06-01,2020-05-01,52680.0,54264.087238919376,2,random_forest_change,cv,6
2020-07-01,2020-06-01,50708.0,50724.04475429235,2,random_forest_change,cv,7
2020-08-01,2020-07-01,48599.0,49289.348310607216,2,random_forest_change,cv,7
2020-09-01,2020-08-01,46205.0,48182.17516448287,2,random_forest_change,cv,7
2020-10-01,2020-09-01,47628.0,45499.16035971474,2,random_forest_change,cv,7
2020-11-01,2020-10-01,52602.0,50789.830459131175,2,random_forest_change,cv,7
2020-12-01,2020-11-01,50862.0,55700.129794442335,2,random_forest_change,cv,7
2021-01-01,2020-12-01,55101.0,52978.990999853195,2,random_forest_change,cv,7
2021-02-01,2021-01-01,52698.0,53867.461184534586,2,random_forest_change,cv,7
2021-03-01,2021-02-01,50642.0,49881.00894879683,2,random_forest_change,cv,7
2021-04-01,2021-03-01,49224.0,49410.384309481815,2,random_forest_change,cv,7
2021-05-01,2021-04-01,47745.0,48574.98627798851,2,random_forest_change,cv,7
2021-06-01,2021-05-01,50642.0,48271.25394297225,2,random_forest_change,cv,7
2021-07-01,2021-06-01,48408.0,50094.48574021369,2,random_forest_change,cv,8
2021-08-01,2021-07-01,47039.0,47865.23282129494,2,random_forest_change,cv,8
2021-09-01,2021-08-01,46774.0,47345.46379290036,2,random_forest_change,cv,8
2021-10-01,2021-09-01,44972.0,47179.41313622059,2,random_forest_change,cv,8
2021-11-01,2021-10-01,46868.0,48445.73110873129,2,random_forest_change,cv,8
2021-12-01,2021-11-01,50741.0,51493.53561796552,2,random_forest_change,cv,8
2022-01-01,2021-12-01,58762.0,55402.13539187257,2,random_forest_change,cv,8
2022-02-01,2022-01-01,60755.0,58236.24106579761,2,random_forest_change,cv,8
2022-03-01,2022-02-01,56540.0,57995.098817411716,2,random_forest_change,cv,8
2022-04-01,2022-03-01,50322.0,55141.141775338816,2,random_forest_change,cv,8
2022-05-01,2022-04-01,45569.0,48590.65903720023,2,random_forest_change,cv,8
2022-06-01,2022-05-01,46726.0,46909.51070342468,2,random_forest_change,cv,8
2022-07-01,2022-06-01,48766.0,46690.024437483175,2,random_forest_change,cv,9
2022-08-01,2022-07-01,43998.0,48032.85794178944,2,random_forest_change,cv,9
2022-09-01,2022-08-01,44088.0,43871.66251460376,2,random_forest_change,cv,9
2022-10-01,2022-09-01,45031.0,43613.71605520504,2,random_forest_change,cv,9
2022-11-01,2022-10-01,46995.0,48238.71806284524,2,random_forest_change,cv,9
2022-12-01,2022-11-01,46612.0,51042.31151718517,2,random_forest_change,cv,9
2023-01-01,2022-12-01,50942.0,50384.495571694795,2,random_forest_change,cv,9
2023-02-01,2023-01-01,52512.0,50389.30715236901,2,random_forest_change,cv,9
2023-03-01,2023-02-01,49788.0,49994.29926357629,2,random_forest_change,cv,9
2023-04-01,2023-03-01,46209.0,48267.35678419799,2,random_forest_change,cv,9
2023-05-01,2023-04-01,45371.0,45882.30921903241,2,random_forest_change,cv,9
2023-06-01,2023-05-01,44880.0,45980.47994608904,2,random_forest_change,cv,9
2023-07-01,2023-06-01,46716.0,45541.62971758273,2,random_forest_change,cv,10
2023-08-01,2023-07-01,45329.0,46645.150259109934,2,random_forest_change,cv,10
2023-09-01,2023-08-01,46566.0,45195.6846541075,2,random_forest_change,cv,10
2023-10-01,2023-09-01,43983.0,46138.127592679404,2,random_forest_change,cv,10
2023-11-01,2023-10-01,48149.0,46459.17461474922,2,random_forest_change,cv,10
2023-12-01,2023-11-01,54853.0,51888.07827561246,2,random_forest_change,cv,10
2024-01-01,2023-12-01,61100.0,59102.0074584933,2,random_forest_change,cv,10
2024-02-01,2024-01-01,57032.0,59986.38471484252,2,random_forest_change,cv,10
2024-03-01,2024-02-01,54928.0,54103.76422839061,2,random_forest_change,cv,10
2024-04-01,2024-03-01,53381.0,52685.71548113839,2,random_forest_change,cv,10
2024-05-01,2024-04-01,49156.0,51023.83269017124,2,random_forest_change,cv,10
2024-06-01,2024-05-01,48529.0,48180.21451862869,2,random_forest_change,cv,10
2014-07-01,2014-06-01,48264.0,49807.64453125,2,xgboost_change,cv,1
2014-08-01,2014-07-01,46770.0,49154.31640625,2,xgboost_change,cv,1
2014-09-01,2014-08-01,47083.0,48091.88671875,2,xgboost_change,cv,1
2014-10-01,2014-09-01,44074.0,47437.31640625,2,xgboost_change,cv,1
2014-11-01,2014-10-01,45416.0,45597.18359375,2,xgboost_change,cv,1
2014-12-01,2014-11-01,52440.0,48131.63671875,2,xgboost_change,cv,1
2015-01-01,2014-12-01,53425.0,54855.1484375,2,xgboost_change,cv,1
2015-02-01,2015-01-01,53385.0,54076.0078125,2,xgboost_change,cv,1
2015-03-01,2015-02-01,52861.0,50377.96484375,2,xgboost_change,cv,1
2015-04-01,2015-03-01,53286.0,51819.71875,2,xgboost_change,cv,1
2015-05-01,2015-04-01,49145.0,52127.8203125,2,xgboost_change,cv,1
2015-06-01,2015-05-01,50387.0,50275.47265625,2,xgboost_change,cv,1
2015-07-01,2015-06-01,48210.0,49928.44921875,2,xgboost_change,cv,2
2015-08-01,2015-07-01,49387.0,48682.30078125,2,xgboost_change,cv,2
2015-09-01,2015-08-01,47041.0,48693.91796875,2,xgboost_change,cv,2
2015-10-01,2015-09-01,45967.0,47922.16796875,2,xgboost_change,cv,2
2015-11-01,2015-10-01,50053.0,46955.98828125,2,xgboost_change,cv,2
2015-12-01,2015-11-01,53674.0,52906.29296875,2,xgboost_change,cv,2
2016-01-01,2015-12-01,62336.0,56097.13671875,2,xgboost_change,cv,2
2016-02-01,2016-01-01,60365.0,62617.0859375,2,xgboost_change,cv,2
2016-03-01,2016-02-01,57094.0,60357.33203125,2,xgboost_change,cv,2
2016-04-01,2016-03-01,54581.0,57679.5234375,2,xgboost_change,cv,2
2016-05-01,2016-04-01,54211.0,53486.6328125,2,xgboost_change,cv,2
2016-06-01,2016-05-01,53898.0,53545.58984375,2,xgboost_change,cv,2
2016-07-01,2016-06-01,51933.0,52933.40234375,2,xgboost_change,cv,3
2016-08-01,2016-07-01,51959.0,51074.29296875,2,xgboost_change,cv,3
2016-09-01,2016-08-01,51101.0,50603.2265625,2,xgboost_change,cv,3
2016-10-01,2016-09-01,49811.0,50132.18359375,2,xgboost_change,cv,3
2016-11-01,2016-10-01,50310.0,51395.875,2,xgboost_change,cv,3
2016-12-01,2016-11-01,53229.0,52771.4765625,2,xgboost_change,cv,3
2017-01-01,2016-12-01,60494.0,56845.92578125,2,xgboost_change,cv,3
2017-02-01,2017-01-01,60249.0,60364.12890625,2,xgboost_change,cv,3
2017-03-01,2017-02-01,57339.0,58640.12890625,2,xgboost_change,cv,3
2017-04-01,2017-03-01,56828.0,57357.734375,2,xgboost_change,cv,3
2017-05-01,2017-04-01,55450.0,56904.890625,2,xgboost_change,cv,3
2017-06-01,2017-05-01,53587.0,55555.24609375,2,xgboost_change,cv,3
2017-07-01,2017-06-01,53144.0,54035.13671875,2,xgboost_change,cv,4
2017-08-01,2017-07-01,51525.0,53159.19921875,2,xgboost_change,cv,4
2017-09-01,2017-08-01,50366.0,50767.62890625,2,xgboost_change,cv,4
2017-10-01,2017-09-01,45863.0,49331.6015625,2,xgboost_change,cv,4
2017-11-01,2017-10-01,47897.0,48256.06640625,2,xgboost_change,cv,4
2017-12-01,2017-11-01,52209.0,51903.3828125,2,xgboost_change,cv,4
2018-01-01,2017-12-01,57692.0,56165.23828125,2,xgboost_change,cv,4
2018-02-01,2018-01-01,60233.0,58273.05078125,2,xgboost_change,cv,4
2018-03-01,2018-02-01,57183.0,59290.41015625,2,xgboost_change,cv,4
2018-04-01,2018-03-01,57200.0,56981.19921875,2,xgboost_change,cv,4
2018-05-01,2018-04-01,53886.0,55858.890625,2,xgboost_change,cv,4
2018-06-01,2018-05-01,53488.0,53852.15625,2,xgboost_change,cv,4
2018-07-01,2018-06-01,53407.0,52701.2421875,2,xgboost_change,cv,5
2018-08-01,2018-07-01,53041.0,52860.140625,2,xgboost_change,cv,5
2018-09-01,2018-08-01,53164.0,51593.19921875,2,xgboost_change,cv,5
2018-10-01,2018-09-01,47779.0,51303.22265625,2,xgboost_change,cv,5
2018-11-01,2018-10-01,49088.0,50164.96484375,2,xgboost_change,cv,5
2018-12-01,2018-11-01,56136.0,52718.74609375,2,xgboost_change,cv,5
2019-01-01,2018-12-01,60779.0,59731.2578125,2,xgboost_change,cv,5
2019-02-01,2019-01-01,59040.0,61472.8515625,2,xgboost_change,cv,5
2019-03-01,2019-02-01,54545.0,56288.421875,2,xgboost_change,cv,5
2019-04-01,2019-03-01,51552.0,54273.265625,2,xgboost_change,cv,5
2019-05-01,2019-04-01,47444.0,52066.171875,2,xgboost_change,cv,5
2019-06-01,2019-05-01,49584.0,49522.390625,2,xgboost_change,cv,5
2019-07-01,2019-06-01,50218.0,49330.5546875,2,xgboost_change,cv,6
2019-08-01,2019-07-01,51265.0,50076.359375,2,xgboost_change,cv,6
2019-09-01,2019-08-01,51041.0,50496.19140625,2,xgboost_change,cv,6
2019-10-01,2019-09-01,47150.0,49267.9921875,2,xgboost_change,cv,6
2019-11-01,2019-10-01,49235.0,49140.98046875,2,xgboost_change,cv,6
2019-12-01,2019-11-01,55016.0,53891.546875,2,xgboost_change,cv,6
2020-01-01,2019-12-01,57926.0,59130.91015625,2,xgboost_change,cv,6
2020-02-01,2020-01-01,58930.0,58875.125,2,xgboost_change,cv,6
2020-03-01,2020-02-01,60194.0,56351.76171875,2,xgboost_change,cv,6
2020-04-01,2020-03-01,56543.0,57214.81640625,2,xgboost_change,cv,6
2020-05-01,2020-04-01,56207.0,53294.6328125,2,xgboost_change,cv,6
2020-06-01,2020-05-01,52680.0,53287.8828125,2,xgboost_change,cv,6
2020-07-01,2020-06-01,50708.0,50085.74609375,2,xgboost_change,cv,7
2020-08-01,2020-07-01,48599.0,48839.4921875,2,xgboost_change,cv,7
2020-09-01,2020-08-01,46205.0,48051.82421875,2,xgboost_change,cv,7
2020-10-01,2020-09-01,47628.0,45921.890625,2,xgboost_change,cv,7
2020-11-01,2020-10-01,52602.0,50292.44921875,2,xgboost_change,cv,7
2020-12-01,2020-11-01,50862.0,55795.03125,2,xgboost_change,cv,7
2021-01-01,2020-12-01,55101.0,52785.671875,2,xgboost_change,cv,7
2021-02-01,2021-01-01,52698.0,53979.140625,2,xgboost_change,cv,7
2021-03-01,2021-02-01,50642.0,50587.28125,2,xgboost_change,cv,7
2021-04-01,2021-03-01,49224.0,49913.44140625,2,xgboost_change,cv,7
2021-05-01,2021-04-01,47745.0,48777.078125,2,xgboost_change,cv,7
2021-06-01,2021-05-01,50642.0,48789.18359375,2,xgboost_change,cv,7
2021-07-01,2021-06-01,48408.0,50315.38671875,2,xgboost_change,cv,8
2021-08-01,2021-07-01,47039.0,48256.1171875,2,xgboost_change,cv,8
2021-09-01,2021-08-01,46774.0,47184.1484375,2,xgboost_change,cv,8
2021-10-01,2021-09-01,44972.0,46708.33203125,2,xgboost_change,cv,8
2021-11-01,2021-10-01,46868.0,48131.92578125,2,xgboost_change,cv,8
2021-12-01,2021-11-01,50741.0,50661.5703125,2,xgboost_change,cv,8
2022-01-01,2021-12-01,58762.0,55185.04296875,2,xgboost_change,cv,8
2022-02-01,2022-01-01,60755.0,58870.59375,2,xgboost_change,cv,8
2022-03-01,2022-02-01,56540.0,57767.609375,2,xgboost_change,cv,8
2022-04-01,2022-03-01,50322.0,54972.4921875,2,xgboost_change,cv,8
2022-05-01,2022-04-01,45569.0,49059.8984375,2,xgboost_change,cv,8
2022-06-01,2022-05-01,46726.0,46761.203125,2,xgboost_change,cv,8
2022-07-01,2022-06-01,48766.0,46611.07421875,2,xgboost_change,cv,9
2022-08-01,2022-07-01,43998.0,47672.87109375,2,xgboost_change,cv,9
2022-09-01,2022-08-01,44088.0,43954.01171875,2,xgboost_change,cv,9
2022-10-01,2022-09-01,45031.0,43576.40625,2,xgboost_change,cv,9
2022-11-01,2022-10-01,46995.0,47580.1015625,2,xgboost_change,cv,9
2022-12-01,2022-11-01,46612.0,50323.27734375,2,xgboost_change,cv,9
2023-01-01,2022-12-01,50942.0,51260.9921875,2,xgboost_change,cv,9
2023-02-01,2023-01-01,52512.0,51086.9765625,2,xgboost_change,cv,9
2023-03-01,2023-02-01,49788.0,50100.68359375,2,xgboost_change,cv,9
2023-04-01,2023-03-01,46209.0,48212.640625,2,xgboost_change,cv,9
2023-05-01,2023-04-01,45371.0,45571.57421875,2,xgboost_change,cv,9
2023-06-01,2023-05-01,44880.0,45695.76171875,2,xgboost_change,cv,9
2023-07-01,2023-06-01,46716.0,45251.390625,2,xgboost_change,cv,10
2023-08-01,2023-07-01,45329.0,46073.453125,2,xgboost_change,cv,10
2023-09-01,2023-08-01,46566.0,45191.71875,2,xgboost_change,cv,10
2023-10-01,2023-09-01,43983.0,45665.48046875,2,xgboost_change,cv,10
2023-11-01,2023-10-01,48149.0,45597.078125,2,xgboost_change,cv,10
2023-12-01,2023-11-01,54853.0,50039.28515625,2,xgboost_change,cv,10
2024-01-01,2023-12-01,61100.0,56679.92578125,2,xgboost_change,cv,10
2024-02-01,2024-01-01,57032.0,60123.7734375,2,xgboost_change,cv,10
2024-03-01,2024-02-01,54928.0,53496.1796875,2,xgboost_change,cv,10
2024-04-01,2024-03-01,53381.0,52408.0234375,2,xgboost_change,cv,10
2024-05-01,2024-04-01,49156.0,50128.4140625,2,xgboost_change,cv,10
2024-06-01,2024-05-01,48529.0,48966.80859375,2,xgboost_change,cv,10
2014-07-01,2014-06-01,48264.0,48949.022864727754,2,neural_network_change,cv,1
2014-08-01,2014-07-01,46770.0,48888.59055726046,2,neural_network_change,cv,1
2014-09-01,2014-08-01,47083.0,47731.15576364819,2,neural_network_change,cv,1
2014-10-01,2014-09-01,44074.0,47256.55040567082,2,neural_network_change,cv,1
2014-11-01,2014-10-01,45416.0,45485.629722693375,2,neural_network_change,cv,1
2014-12-01,2014-11-01,52440.0,47957.0012198741,2,neural_network_change,cv,1
2015-01-01,2014-12-01,53425.0,54842.56891481121,2,neural_network_change,cv,1
2015-02-01,2015-01-01,53385.0,53184.86435110835,2,neural_network_change,cv,1
2015-03-01,2015-02-01,52861.0,50970.4645911877,2,neural_network_change,cv,1
2015-04-01,2015-03-01,53286.0,52103.30782276742,2,neural_network_change,cv,1
2015-05-01,2015-04-01,49145.0,50970.74233286572,2,neural_network_change,cv,1
2015-06-01,2015-05-01,50387.0,49333.46376455586,2,neural_network_change,cv,1
2015-07-01,2015-06-01,48210.0,49018.58222365382,2,neural_network_change,cv,2
2015-08-01,2015-07-01,49387.0,48672.86247885653,2,neural_network_change,cv,2
2015-09-01,2015-08-01,47041.0,48997.601287921134,2,neural_network_change,cv,2
2015-10-01,2015-09-01,45967.0,46765.50634101937,2,neural_network_change,cv,2
2015-11-01,2015-10-01,50053.0,47215.43886814439,2,neural_network_change,cv,2
2015-12-01,2015-11-01,53674.0,51784.75468566136,2,neural_network_change,cv,2
2016-01-01,2015-12-01,62336.0,55291.84668262223,2,neural_network_change,cv,2
2016-02-01,2016-01-01,60365.0,60584.57446341733,2,neural_network_change,cv,2
2016-03-01,2016-02-01,57094.0,57163.930526151285,2,neural_network_change,cv,2
2016-04-01,2016-03-01,54581.0,55973.72724708606,2,neural_network_change,cv,2
2016-05-01,2016-04-01,54211.0,52546.11657813978,2,neural_network_change,cv,2
2016-06-01,2016-05-01,53898.0,53310.77204203694,2,neural_network_change,cv,2
2016-07-01,2016-06-01,51933.0,52798.70361802712,2,neural_network_change,cv,3
2016-08-01,2016-07-01,51959.0,51800.91234986002,2,neural_network_change,cv,3
2016-09-01,2016-08-01,51101.0,52270.971398823225,2,neural_network_change,cv,3
2016-10-01,2016-09-01,49811.0,50328.607023098295,2,neural_network_change,cv,3
2016-11-01,2016-10-01,50310.0,51165.499596080524,2,neural_network_change,cv,3
2016-12-01,2016-11-01,53229.0,52927.48111457169,2,neural_network_change,cv,3
2017-01-01,2016-12-01,60494.0,58100.77687773896,2,neural_network_change,cv,3
2017-02-01,2017-01-01,60249.0,61643.11932567348,2,neural_network_change,cv,3
2017-03-01,2017-02-01,57339.0,57837.205775799855,2,neural_network_change,cv,3
2017-04-01,2017-03-01,56828.0,57465.6233832149,2,neural_network_change,cv,3
2017-05-01,2017-04-01,55450.0,54920.46381383334,2,neural_network_change,cv,3
2017-06-01,2017-05-01,53587.0,55421.40108814475,2,neural_network_change,cv,3
2017-07-01,2017-06-01,53144.0,53994.04263723488,2,neural_network_change,cv,4
2017-08-01,2017-07-01,51525.0,53281.057098015146,2,neural_network_change,cv,4
2017-09-01,2017-08-01,50366.0,53335.56117377317,2,neural_network_change,cv,4
2017-10-01,2017-09-01,45863.0,50782.405776948006,2,neural_network_change,cv,4
2017-11-01,2017-10-01,47897.0,48855.785502813625,2,neural_network_change,cv,4
2017-12-01,2017-11-01,52209.0,51774.37890320436,2,neural_network_change,cv,4
2018-01-01,2017-12-01,57692.0,57550.98254106692,2,neural_network_change,cv,4
2018-02-01,2018-01-01,60233.0,59254.419831044055,2,neural_network_change,cv,4
2018-03-01,2018-02-01,57183.0,57191.75330454522,2,neural_network_change,cv,4
2018-04-01,2018-03-01,57200.0,58236.711284042016,2,neural_network_change,cv,4
2018-05-01,2018-04-01,53886.0,54345.0885188987,2,neural_network_change,cv,4
2018-06-01,2018-05-01,53488.0,53999.88288531691,2,neural_network_change,cv,4
2018-07-01,2018-06-01,53407.0,52235.93961912055,2,neural_network_change,cv,5
2018-08-01,2018-07-01,53041.0,52231.63165052064,2,neural_network_change,cv,5
2018-09-01,2018-08-01,53164.0,53122.37884918311,2,neural_network_change,cv,5
2018-10-01,2018-09-01,47779.0,50605.518611283005,2,neural_network_change,cv,5
2018-11-01,2018-10-01,49088.0,49112.32864682124,2,neural_network_change,cv,5
2018-12-01,2018-11-01,56136.0,52258.66243530346,2,neural_network_change,cv,5
2019-01-01,2018-12-01,60779.0,60139.57504241749,2,neural_network_change,cv,5
2019-02-01,2019-01-01,59040.0,61620.21730564607,2,neural_network_change,cv,5
2019-03-01,2019-02-01,54545.0,55534.00789471127,2,neural_network_change,cv,5
2019-04-01,2019-03-01,51552.0,55284.03616557799,2,neural_network_change,cv,5
2019-05-01,2019-04-01,47444.0,51025.31724858799,2,neural_network_change,cv,5
2019-06-01,2019-05-01,49584.0,48453.56863836172,2,neural_network_change,cv,5
2019-07-01,2019-06-01,50218.0,49566.187771856894,2,neural_network_change,cv,6
2019-08-01,2019-07-01,51265.0,51179.068248606454,2,neural_network_change,cv,6
2019-09-01,2019-08-01,51041.0,52585.76531720967,2,neural_network_change,cv,6
2019-10-01,2019-09-01,47150.0,50199.26556953462,2,neural_network_change,cv,6
2019-11-01,2019-10-01,49235.0,49905.6615779467,2,neural_network_change,cv,6
2019-12-01,2019-11-01,55016.0,54253.179577652845,2,neural_network_change,cv,6
2020-01-01,2019-12-01,57926.0,58973.15583029007,2,neural_network_change,cv,6
2020-02-01,2020-01-01,58930.0,58831.232268389846,2,neural_network_change,cv,6
2020-03-01,2020-02-01,60194.0,56557.0582487895,2,neural_network_change,cv,6
2020-04-01,2020-03-01,56543.0,55917.05790818903,2,neural_network_change,cv,6
2020-05-01,2020-04-01,56207.0,51604.66864950862,2,neural_network_change,cv,6
2020-06-01,2020-05-01,52680.0,51586.086927979595,2,neural_network_change,cv,6
2020-07-01,2020-06-01,50708.0,49513.50508692446,2,neural_network_change,cv,7
2020-08-01,2020-07-01,48599.0,49351.87087433248,2,neural_network_change,cv,7
2020-09-01,2020-08-01,46205.0,48012.23722014314,2,neural_network_change,cv,7
2020-10-01,2020-09-01,47628.0,45303.02449126554,2,neural_network_change,cv,7
2020-11-01,2020-10-01,52602.0,49298.458364206796,2,neural_network_change,cv,7
2020-12-01,2020-11-01,50862.0,52392.21082009125,2,neural_network_change,cv,7
2021-01-01,2020-12-01,55101.0,52265.25192185059,2,neural_network_change,cv,7
2021-02-01,2021-01-01,52698.0,55090.162834784176,2,neural_network_change,cv,7
2021-03-01,2021-02-01,50642.0,49707.532757960085,2,neural_network_change,cv,7
2021-04-01,2021-03-01,49224.0,51252.277851263934,2,neural_network_change,cv,7
2021-05-01,2021-04-01,47745.0,48654.77520038933,2,neural_network_change,cv,7
2021-06-01,2021-05-01,50642.0,48422.35460431121,2,neural_network_change,cv,7
2021-07-01,2021-06-01,48408.0,49859.16979073449,2,neural_network_change,cv,8
2021-08-01,2021-07-01,47039.0,48869.95248512066,2,neural_network_change,cv,8
2021-09-01,2021-08-01,46774.0,47137.207958257786,2,neural_network_change,cv,8
2021-10-01,2021-09-01,44972.0,48009.42685991533,2,neural_network_change,cv,8
2021-11-01,2021-10-01,46868.0,49055.43842298925,2,neural_network_change,cv,8
2021-12-01,2021-11-01,50741.0,51056.82951571466,2,neural_network_change,cv,8
2022-01-01,2021-12-01,58762.0,56284.038648192385,2,neural_network_change,cv,8
2022-02-01,2022-01-01,60755.0,58397.73689476937,2,neural_network_change,cv,8
2022-03-01,2022-02-01,56540.0,57751.966746870596,2,neural_network_change,cv,8
2022-04-01,2022-03-01,50322.0,53726.182045643174,2,neural_network_change,cv,8
2022-05-01,2022-04-01,45569.0,48147.97770357279,2,neural_network_change,cv,8
2022-06-01,2022-05-01,46726.0,46415.41484809093,2,neural_network_change,cv,8
2022-07-01,2022-06-01,48766.0,45914.604672801506,2,neural_network_change,cv,9
2022-08-01,2022-07-01,43998.0,47288.57886170753,2,neural_network_change,cv,9
2022-09-01,2022-08-01,44088.0,44533.09617114908,2,neural_network_change,cv,9
2022-10-01,2022-09-01,45031.0,45246.5896323961,2,neural_network_change,cv,9
2022-11-01,2022-10-01,46995.0,47777.25423766357,2,neural_network_change,cv,9
2022-12-01,2022-11-01,46612.0,50240.198469561416,2,neural_network_change,cv,9
2023-01-01,2022-12-01,50942.0,52012.02478492235,2,neural_network_change,cv,9
2023-02-01,2023-01-01,52512.0,53385.01076984731,2,neural_network_change,cv,9
2023-03-01,2023-02-01,49788.0,51629.87266054645,2,neural_network_change,cv,9
2023-04-01,2023-03-01,46209.0,50056.97029270542,2,neural_network_change,cv,9
2023-05-01,2023-04-01,45371.0,45214.677194758166,2,neural_network_change,cv,9
2023-06-01,2023-05-01,44880.0,45857.774816268655,2,neural_network_change,cv,9
2023-07-01,2023-06-01,46716.0,45490.01817081772,2,neural_network_change,cv,10
2023-08-01,2023-07-01,45329.0,45410.75124202932,2,neural_network_change,cv,10
2023-09-01,2023-08-01,46566.0,45445.09017042259,2,neural_network_change,cv,10
2023-10-01,2023-09-01,43983.0,45430.12420437444,2,neural_network_change,cv,10
2023-11-01,2023-10-01,48149.0,46683.52123358902,2,neural_network_change,cv,10
2023-12-01,2023-11-01,54853.0,49928.792600157845,2,neural_network_change,cv,10
2024-01-01,2023-12-01,61100.0,56846.20772382681,2,neural_network_change,cv,10
2024-02-01,2024-01-01,57032.0,59667.48212191879,2,neural_network_change,cv,10
2024-03-01,2024-02-01,54928.0,53405.3648622103,2,neural_network_change,cv,10
2024-04-01,2024-03-01,53381.0,52849.119054094495,2,neural_network_change,cv,10
2024-05-01,2024-04-01,49156.0,49754.904666254646,2,neural_network_change,cv,10
2024-06-01,2024-05-01,48529.0,47783.544985889755,2,neural_network_change,cv,10
2024-07-01,2024-06-01,46445.0,48529.0,2,persistence,holdout,0
2024-08-01,2024-07-01,45769.0,46445.0,2,persistence,holdout,0
2024-09-01,2024-08-01,45417.0,45769.0,2,persistence,holdout,0
2024-10-01,2024-09-01,44485.0,45417.0,2,persistence,holdout,0
2024-11-01,2024-10-01,46688.0,44485.0,2,persistence,holdout,0
2024-12-01,2024-11-01,52008.0,46688.0,2,persistence,holdout,0
2025-01-01,2024-12-01,55950.0,52008.0,2,persistence,holdout,0
2025-02-01,2025-01-01,59148.0,55950.0,2,persistence,holdout,0
2025-03-01,2025-02-01,56197.0,59148.0,2,persistence,holdout,0
2025-04-01,2025-03-01,49357.0,56197.0,2,persistence,holdout,0
2025-05-01,2025-04-01,47766.0,49357.0,2,persistence,holdout,0
2025-06-01,2025-05-01,48062.0,47766.0,2,persistence,holdout,0
2025-07-01,2025-06-01,45493.0,48062.0,2,persistence,holdout,0
2025-08-01,2025-07-01,45058.0,45493.0,2,persistence,holdout,0
2025-09-01,2025-08-01,46764.0,45058.0,2,persistence,holdout,0
2025-10-01,2025-09-01,43343.0,46764.0,2,persistence,holdout,0
2025-11-01,2025-10-01,47143.0,43343.0,2,persistence,holdout,0
2025-12-01,2025-11-01,52702.0,47143.0,2,persistence,holdout,0
2026-01-01,2025-12-01,59122.0,52702.0,2,persistence,holdout,0
2026-02-01,2026-01-01,60159.0,59122.0,2,persistence,holdout,0
2026-03-01,2026-02-01,57781.0,60159.0,2,persistence,holdout,0
2026-04-01,2026-03-01,47084.0,57781.0,2,persistence,holdout,0
2026-05-01,2026-04-01,45724.0,47084.0,2,persistence,holdout,0
2026-06-01,2026-05-01,48362.0,45724.0,2,persistence,holdout,0
2024-07-01,2024-06-01,46445.0,46716.0,2,seasonal_naive,holdout,0
2024-08-01,2024-07-01,45769.0,45329.0,2,seasonal_naive,holdout,0
2024-09-01,2024-08-01,45417.0,46566.0,2,seasonal_naive,holdout,0
2024-10-01,2024-09-01,44485.0,43983.0,2,seasonal_naive,holdout,0
2024-11-01,2024-10-01,46688.0,48149.0,2,seasonal_naive,holdout,0
2024-12-01,2024-11-01,52008.0,54853.0,2,seasonal_naive,holdout,0
2025-01-01,2024-12-01,55950.0,61100.0,2,seasonal_naive,holdout,0
2025-02-01,2025-01-01,59148.0,57032.0,2,seasonal_naive,holdout,0
2025-03-01,2025-02-01,56197.0,54928.0,2,seasonal_naive,holdout,0
2025-04-01,2025-03-01,49357.0,53381.0,2,seasonal_naive,holdout,0
2025-05-01,2025-04-01,47766.0,49156.0,2,seasonal_naive,holdout,0
2025-06-01,2025-05-01,48062.0,48529.0,2,seasonal_naive,holdout,0
2025-07-01,2025-06-01,45493.0,46445.0,2,seasonal_naive,holdout,0
2025-08-01,2025-07-01,45058.0,45769.0,2,seasonal_naive,holdout,0
2025-09-01,2025-08-01,46764.0,45417.0,2,seasonal_naive,holdout,0
2025-10-01,2025-09-01,43343.0,44485.0,2,seasonal_naive,holdout,0
2025-11-01,2025-10-01,47143.0,46688.0,2,seasonal_naive,holdout,0
2025-12-01,2025-11-01,52702.0,52008.0,2,seasonal_naive,holdout,0
2026-01-01,2025-12-01,59122.0,55950.0,2,seasonal_naive,holdout,0
2026-02-01,2026-01-01,60159.0,59148.0,2,seasonal_naive,holdout,0
2026-03-01,2026-02-01,57781.0,56197.0,2,seasonal_naive,holdout,0
2026-04-01,2026-03-01,47084.0,49357.0,2,seasonal_naive,holdout,0
2026-05-01,2026-04-01,45724.0,47766.0,2,seasonal_naive,holdout,0
2026-06-01,2026-05-01,48362.0,48062.0,2,seasonal_naive,holdout,0
2024-07-01,2024-06-01,46445.0,48624.82444786534,2,forecast_flow_identity,holdout,0
2024-08-01,2024-07-01,45769.0,44698.62444786534,2,forecast_flow_identity,holdout,0
2024-09-01,2024-08-01,45417.0,45681.12527212776,2,forecast_flow_identity,holdout,0
2024-10-01,2024-09-01,44485.0,44469.67028119865,2,forecast_flow_identity,holdout,0
2024-11-01,2024-10-01,46688.0,47544.576078579375,2,forecast_flow_identity,holdout,0
2024-12-01,2024-11-01,52008.0,49465.25694786535,2,forecast_flow_identity,holdout,0
2025-01-01,2024-12-01,55950.0,57430.93194786535,2,forecast_flow_identity,holdout,0
2025-02-01,2025-01-01,59148.0,55630.82073600295,2,forecast_flow_identity,holdout,0
2025-03-01,2025-02-01,56197.0,57533.47572865353,2,forecast_flow_identity,holdout,0
2025-04-01,2025-03-01,49357.0,53442.45554385826,2,forecast_flow_identity,holdout,0
2025-05-01,2025-04-01,47766.0,47364.27489532022,2,forecast_flow_identity,holdout,0
2025-06-01,2025-05-01,48062.0,48149.73054385824,2,forecast_flow_identity,holdout,0
2025-07-01,2025-06-01,45493.0,47855.66739532018,2,forecast_flow_identity,holdout,0
2025-08-01,2025-07-01,45058.0,43491.29239532021,2,forecast_flow_identity,holdout,0
2025-09-01,2025-08-01,46764.0,44855.213608374375,2,forecast_flow_identity,holdout,0
2025-10-01,2025-09-01,43343.0,46257.875728653526,2,forecast_flow_identity,holdout,0
2025-11-01,2025-10-01,47143.0,46473.884576116325,2,forecast_flow_identity,holdout,0
2025-12-01,2025-11-01,52702.0,50181.200728653515,2,forecast_flow_identity,holdout,0
2026-01-01,2025-12-01,59122.0,58143.400728653505,2,forecast_flow_identity,holdout,0
2026-02-01,2026-01-01,60159.0,59257.419901742665,2,forecast_flow_identity,holdout,0
2026-03-01,2026-02-01,57781.0,57250.20476190475,2,forecast_flow_identity,holdout,0
2026-04-01,2026-03-01,47084.0,53840.82073732719,2,forecast_flow_identity,holdout,0
2026-05-01,2026-04-01,45724.0,44329.94059523812,2,forecast_flow_identity,holdout,0
2026-06-01,2026-05-01,48362.0,46337.72315668205,2,forecast_flow_identity,holdout,0
2024-07-01,2024-06-01,46445.0,49816.66070891511,2,constrained_level,holdout,0
2024-08-01,2024-07-01,45769.0,47992.54004707807,2,constrained_level,holdout,0
2024-09-01,2024-08-01,45417.0,48419.31147191187,2,constrained_level,holdout,0
2024-10-01,2024-09-01,44485.0,47628.92351142348,2,constrained_level,holdout,0
2024-11-01,2024-10-01,46688.0,47357.416596216535,2,constrained_level,holdout,0
2024-12-01,2024-11-01,52008.0,49610.207749928566,2,constrained_level,holdout,0
2025-01-01,2024-12-01,55950.0,54825.22850896934,2,constrained_level,holdout,0
2025-02-01,2025-01-01,59148.0,56486.67476876206,2,constrained_level,holdout,0
2025-03-01,2025-02-01,56197.0,57497.160861481294,2,constrained_level,holdout,0
2025-04-01,2025-03-01,49357.0,53963.018411414974,2,constrained_level,holdout,0
2025-05-01,2025-04-01,47766.0,47673.57888443592,2,constrained_level,holdout,0
2025-06-01,2025-05-01,48062.0,48946.91885155198,2,constrained_level,holdout,0
2025-07-01,2025-06-01,45493.0,49973.76412359514,2,constrained_level,holdout,0
2025-08-01,2025-07-01,45058.0,47378.176381982084,2,constrained_level,holdout,0
2025-09-01,2025-08-01,46764.0,47955.164265195745,2,constrained_level,holdout,0
2025-10-01,2025-09-01,43343.0,49592.77819651637,2,constrained_level,holdout,0
2025-11-01,2025-10-01,47143.0,45541.03113609137,2,constrained_level,holdout,0
2025-12-01,2025-11-01,52702.0,50845.79650034511,2,constrained_level,holdout,0
2026-01-01,2025-12-01,59122.0,55571.42220126194,2,constrained_level,holdout,0
2026-02-01,2026-01-01,60159.0,59933.14778356455,2,constrained_level,holdout,0
2026-03-01,2026-02-01,57781.0,57466.46101042607,2,constrained_level,holdout,0
2026-04-01,2026-03-01,47084.0,55331.764744681,2,constrained_level,holdout,0
2026-05-01,2026-04-01,45724.0,44904.28446604184,2,constrained_level,holdout,0
2026-06-01,2026-05-01,48362.0,47810.59667061344,2,constrained_level,holdout,0
2024-07-01,2024-06-01,46445.0,48119.67076208922,2,ridge_change,holdout,0
2024-08-01,2024-07-01,45769.0,46348.91225177007,2,ridge_change,holdout,0
2024-09-01,2024-08-01,45417.0,47010.605676921245,2,ridge_change,holdout,0
2024-10-01,2024-09-01,44485.0,45562.07136585959,2,ridge_change,holdout,0
2024-11-01,2024-10-01,46688.0,47036.83499459883,2,ridge_change,holdout,0
2024-12-01,2024-11-01,52008.0,50392.325223696585,2,ridge_change,holdout,0
2025-01-01,2024-12-01,55950.0,56762.326671391034,2,ridge_change,holdout,0
2025-02-01,2025-01-01,59148.0,58057.58109613881,2,ridge_change,holdout,0
2025-03-01,2025-02-01,56197.0,57132.87915004509,2,ridge_change,holdout,0
2025-04-01,2025-03-01,49357.0,54842.12251730206,2,ridge_change,holdout,0
2025-05-01,2025-04-01,47766.0,47052.26615685892,2,ridge_change,holdout,0
2025-06-01,2025-05-01,48062.0,47956.702737540036,2,ridge_change,holdout,0
2025-07-01,2025-06-01,45493.0,48667.62594218572,2,ridge_change,holdout,0
2025-08-01,2025-07-01,45058.0,46257.81114078484,2,ridge_change,holdout,0
2025-09-01,2025-08-01,46764.0,46395.089420303404,2,ridge_change,holdout,0
2025-10-01,2025-09-01,43343.0,47769.05751966404,2,ridge_change,holdout,0
2025-11-01,2025-10-01,47143.0,44907.1279521524,2,ridge_change,holdout,0
2025-12-01,2025-11-01,52702.0,51379.58959621729,2,ridge_change,holdout,0
2026-01-01,2025-12-01,59122.0,56611.35020509338,2,ridge_change,holdout,0
2026-02-01,2026-01-01,60159.0,60038.52220646681,2,ridge_change,holdout,0
2026-03-01,2026-02-01,57781.0,57145.91556962118,2,ridge_change,holdout,0
2026-04-01,2026-03-01,47084.0,53991.86173138739,2,ridge_change,holdout,0
2026-05-01,2026-04-01,45724.0,44407.22946965033,2,ridge_change,holdout,0
2026-06-01,2026-05-01,48362.0,45734.95487773709,2,ridge_change,holdout,0
2024-07-01,2024-06-01,46445.0,47502.07088117802,2,seasonal_ridge_change,holdout,0
2024-08-01,2024-07-01,45769.0,46129.10811126733,2,seasonal_ridge_change,holdout,0
2024-09-01,2024-08-01,45417.0,47027.78735181641,2,seasonal_ridge_change,holdout,0
2024-10-01,2024-09-01,44485.0,45767.37319802976,2,seasonal_ridge_change,holdout,0
2024-11-01,2024-10-01,46688.0,47720.45786076946,2,seasonal_ridge_change,holdout,0
2024-12-01,2024-11-01,52008.0,50494.9612911468,2,seasonal_ridge_change,holdout,0
2025-01-01,2024-12-01,55950.0,56363.71878526106,2,seasonal_ridge_change,holdout,0
2025-02-01,2025-01-01,59148.0,57490.80834359122,2,seasonal_ridge_change,holdout,0
2025-03-01,2025-02-01,56197.0,56816.331248697534,2,seasonal_ridge_change,holdout,0
2025-04-01,2025-03-01,49357.0,54677.65530608004,2,seasonal_ridge_change,holdout,0
2025-05-01,2025-04-01,47766.0,47244.51689446462,2,seasonal_ridge_change,holdout,0
2025-06-01,2025-05-01,48062.0,47654.33890662493,2,seasonal_ridge_change,holdout,0
2025-07-01,2025-06-01,45493.0,47740.47837147641,2,seasonal_ridge_change,holdout,0
2025-08-01,2025-07-01,45058.0,45907.061537661386,2,seasonal_ridge_change,holdout,0
2025-09-01,2025-08-01,46764.0,46280.404900599206,2,seasonal_ridge_change,holdout,0
2025-10-01,2025-09-01,43343.0,47868.50725626604,2,seasonal_ridge_change,holdout,0
2025-11-01,2025-10-01,47143.0,45788.698379775014,2,seasonal_ridge_change,holdout,0
2025-12-01,2025-11-01,52702.0,51426.022204721055,2,seasonal_ridge_change,holdout,0
2026-01-01,2025-12-01,59122.0,56415.95910657974,2,seasonal_ridge_change,holdout,0
2026-02-01,2026-01-01,60159.0,59896.426676722745,2,seasonal_ridge_change,holdout,0
2026-03-01,2026-02-01,57781.0,57083.5261109517,2,seasonal_ridge_change,holdout,0
2026-04-01,2026-03-01,47084.0,54522.45894048688,2,seasonal_ridge_change,holdout,0
2026-05-01,2026-04-01,45724.0,45211.93532996808,2,seasonal_ridge_change,holdout,0
2026-06-01,2026-05-01,48362.0,45569.653187587144,2,seasonal_ridge_change,holdout,0
2024-07-01,2024-06-01,46445.0,48872.68679732034,2,polynomial_ridge_change,holdout,0
2024-08-01,2024-07-01,45769.0,46179.588624410404,2,polynomial_ridge_change,holdout,0
2024-09-01,2024-08-01,45417.0,45446.61743737587,2,polynomial_ridge_change,holdout,0
2024-10-01,2024-09-01,44485.0,45605.797354912174,2,polynomial_ridge_change,holdout,0
2024-11-01,2024-10-01,46688.0,47282.02235891423,2,polynomial_ridge_change,holdout,0
2024-12-01,2024-11-01,52008.0,50784.02419334292,2,polynomial_ridge_change,holdout,0
2025-01-01,2024-12-01,55950.0,57223.3879364201,2,polynomial_ridge_change,holdout,0
2025-02-01,2025-01-01,59148.0,57885.48093152657,2,polynomial_ridge_change,holdout,0
2025-03-01,2025-02-01,56197.0,56005.70056851868,2,polynomial_ridge_change,holdout,0
2025-04-01,2025-03-01,49357.0,53846.42229277614,2,polynomial_ridge_change,holdout,0
2025-05-01,2025-04-01,47766.0,47752.51155071244,2,polynomial_ridge_change,holdout,0
2025-06-01,2025-05-01,48062.0,48156.142449911684,2,polynomial_ridge_change,holdout,0
2025-07-01,2025-06-01,45493.0,48302.60629436095,2,polynomial_ridge_change,holdout,0
2025-08-01,2025-07-01,45058.0,45453.05319958429,2,polynomial_ridge_change,holdout,0
2025-09-01,2025-08-01,46764.0,45213.31825980942,2,polynomial_ridge_change,holdout,0
2025-10-01,2025-09-01,43343.0,47408.15137428925,2,polynomial_ridge_change,holdout,0
2025-11-01,2025-10-01,47143.0,45800.878448036645,2,polynomial_ridge_change,holdout,0
2025-12-01,2025-11-01,52702.0,52482.784828203454,2,polynomial_ridge_change,holdout,0
2026-01-01,2025-12-01,59122.0,58444.578025159644,2,polynomial_ridge_change,holdout,0
2026-02-01,2026-01-01,60159.0,61180.70615094265,2,polynomial_ridge_change,holdout,0
2026-03-01,2026-02-01,57781.0,56995.97638102276,2,polynomial_ridge_change,holdout,0
2026-04-01,2026-03-01,47084.0,54557.93665854687,2,polynomial_ridge_change,holdout,0
2026-05-01,2026-04-01,45724.0,44155.45975241888,2,polynomial_ridge_change,holdout,0
2026-06-01,2026-05-01,48362.0,45882.764829275926,2,polynomial_ridge_change,holdout,0
2024-07-01,2024-06-01,46445.0,47852.714983722006,2,spline_ridge_change,holdout,0
2024-08-01,2024-07-01,45769.0,45471.22308048715,2,spline_ridge_change,holdout,0
2024-09-01,2024-08-01,45417.0,46249.243893683015,2,spline_ridge_change,holdout,0
2024-10-01,2024-09-01,44485.0,44951.97783342434,2,spline_ridge_change,holdout,0
2024-11-01,2024-10-01,46688.0,48354.96765938256,2,spline_ridge_change,holdout,0
2024-12-01,2024-11-01,52008.0,51307.347481029115,2,spline_ridge_change,holdout,0
2025-01-01,2024-12-01,55950.0,57458.42516906477,2,spline_ridge_change,holdout,0
2025-02-01,2025-01-01,59148.0,58205.707717203295,2,spline_ridge_change,holdout,0
2025-03-01,2025-02-01,56197.0,56352.41652776072,2,spline_ridge_change,holdout,0
2025-04-01,2025-03-01,49357.0,54673.30552716212,2,spline_ridge_change,holdout,0
2025-05-01,2025-04-01,47766.0,46763.586694622645,2,spline_ridge_change,holdout,0
2025-06-01,2025-05-01,48062.0,48117.68002453165,2,spline_ridge_change,holdout,0
2025-07-01,2025-06-01,45493.0,47962.25891854722,2,spline_ridge_change,holdout,0
2025-08-01,2025-07-01,45058.0,45532.19088048527,2,spline_ridge_change,holdout,0
2025-09-01,2025-08-01,46764.0,45690.07405414825,2,spline_ridge_change,holdout,0
2025-10-01,2025-09-01,43343.0,47135.74719760667,2,spline_ridge_change,holdout,0
2025-11-01,2025-10-01,47143.0,46406.28279317841,2,spline_ridge_change,holdout,0
2025-12-01,2025-11-01,52702.0,52964.88288637855,2,spline_ridge_change,holdout,0
2026-01-01,2025-12-01,59122.0,58155.63450230572,2,spline_ridge_change,holdout,0
2026-02-01,2026-01-01,60159.0,60894.28181327706,2,spline_ridge_change,holdout,0
2026-03-01,2026-02-01,57781.0,56871.98128459313,2,spline_ridge_change,holdout,0
2026-04-01,2026-03-01,47084.0,55105.98549678267,2,spline_ridge_change,holdout,0
2026-05-01,2026-04-01,45724.0,44590.38829939254,2,spline_ridge_change,holdout,0
2026-06-01,2026-05-01,48362.0,46655.467860911114,2,spline_ridge_change,holdout,0
2024-07-01,2024-06-01,46445.0,47521.46761333079,2,random_forest_change,holdout,0
2024-08-01,2024-07-01,45769.0,46333.70921252174,2,random_forest_change,holdout,0
2024-09-01,2024-08-01,45417.0,45595.001760824554,2,random_forest_change,holdout,0
2024-10-01,2024-09-01,44485.0,44474.958732681625,2,random_forest_change,holdout,0
2024-11-01,2024-10-01,46688.0,48695.539408060074,2,random_forest_change,holdout,0
2024-12-01,2024-11-01,52008.0,51509.61038580909,2,random_forest_change,holdout,0
2025-01-01,2024-12-01,55950.0,57319.36564182077,2,random_forest_change,holdout,0
2025-02-01,2025-01-01,59148.0,55897.821423930036,2,random_forest_change,holdout,0
2025-03-01,2025-02-01,56197.0,56569.6387005274,2,random_forest_change,holdout,0
2025-04-01,2025-03-01,49357.0,54337.99770105046,2,random_forest_change,holdout,0
2025-05-01,2025-04-01,47766.0,47544.13025723634,2,random_forest_change,holdout,0
2025-06-01,2025-05-01,48062.0,48445.700969072874,2,random_forest_change,holdout,0
2025-07-01,2025-06-01,45493.0,47675.37440353971,2,random_forest_change,holdout,0
2025-08-01,2025-07-01,45058.0,45345.36221541885,2,random_forest_change,holdout,0
2025-09-01,2025-08-01,46764.0,44716.526987509256,2,random_forest_change,holdout,0
2025-10-01,2025-09-01,43343.0,46212.08828712334,2,random_forest_change,holdout,0
2025-11-01,2025-10-01,47143.0,45405.87091464641,2,random_forest_change,holdout,0
2025-12-01,2025-11-01,52702.0,52219.48517653633,2,random_forest_change,holdout,0
2026-01-01,2025-12-01,59122.0,57802.16693931494,2,random_forest_change,holdout,0
2026-02-01,2026-01-01,60159.0,59255.652087256305,2,random_forest_change,holdout,0
2026-03-01,2026-02-01,57781.0,57076.28510728924,2,random_forest_change,holdout,0
2026-04-01,2026-03-01,47084.0,55679.84804235704,2,random_forest_change,holdout,0
2026-05-01,2026-04-01,45724.0,46903.36035905214,2,random_forest_change,holdout,0
2026-06-01,2026-05-01,48362.0,46172.62471760731,2,random_forest_change,holdout,0
2024-07-01,2024-06-01,46445.0,47676.2109375,2,xgboost_change,holdout,0
2024-08-01,2024-07-01,45769.0,46433.20703125,2,xgboost_change,holdout,0
2024-09-01,2024-08-01,45417.0,46081.41015625,2,xgboost_change,holdout,0
2024-10-01,2024-09-01,44485.0,44205.3671875,2,xgboost_change,holdout,0
2024-11-01,2024-10-01,46688.0,48026.97265625,2,xgboost_change,holdout,0
2024-12-01,2024-11-01,52008.0,51640.8125,2,xgboost_change,holdout,0
2025-01-01,2024-12-01,55950.0,56640.99609375,2,xgboost_change,holdout,0
2025-02-01,2025-01-01,59148.0,56382.29296875,2,xgboost_change,holdout,0
2025-03-01,2025-02-01,56197.0,57253.86328125,2,xgboost_change,holdout,0
2025-04-01,2025-03-01,49357.0,54188.50390625,2,xgboost_change,holdout,0
2025-05-01,2025-04-01,47766.0,47986.5859375,2,xgboost_change,holdout,0
2025-06-01,2025-05-01,48062.0,48140.61328125,2,xgboost_change,holdout,0
2025-07-01,2025-06-01,45493.0,48467.234375,2,xgboost_change,holdout,0
2025-08-01,2025-07-01,45058.0,45779.453125,2,xgboost_change,holdout,0
2025-09-01,2025-08-01,46764.0,45365.21484375,2,xgboost_change,holdout,0
2025-10-01,2025-09-01,43343.0,46103.0859375,2,xgboost_change,holdout,0
2025-11-01,2025-10-01,47143.0,45047.5,2,xgboost_change,holdout,0
2025-12-01,2025-11-01,52702.0,52472.38671875,2,xgboost_change,holdout,0
2026-01-01,2025-12-01,59122.0,57652.640625,2,xgboost_change,holdout,0
2026-02-01,2026-01-01,60159.0,59372.35546875,2,xgboost_change,holdout,0
2026-03-01,2026-02-01,57781.0,57464.96875,2,xgboost_change,holdout,0
2026-04-01,2026-03-01,47084.0,55313.19921875,2,xgboost_change,holdout,0
2026-05-01,2026-04-01,45724.0,47545.3203125,2,xgboost_change,holdout,0
2026-06-01,2026-05-01,48362.0,46340.10546875,2,xgboost_change,holdout,0
2024-07-01,2024-06-01,46445.0,47306.444652385624,2,neural_network_change,holdout,0
2024-08-01,2024-07-01,45769.0,46162.86740964934,2,neural_network_change,holdout,0
2024-09-01,2024-08-01,45417.0,46988.23117768044,2,neural_network_change,holdout,0
2024-10-01,2024-09-01,44485.0,45225.53407615401,2,neural_network_change,holdout,0
2024-11-01,2024-10-01,46688.0,48683.685023567894,2,neural_network_change,holdout,0
2024-12-01,2024-11-01,52008.0,51075.28806341383,2,neural_network_change,holdout,0
2025-01-01,2024-12-01,55950.0,57189.00430331578,2,neural_network_change,holdout,0
2025-02-01,2025-01-01,59148.0,57089.26770115936,2,neural_network_change,holdout,0
2025-03-01,2025-02-01,56197.0,55796.0381799347,2,neural_network_change,holdout,0
2025-04-01,2025-03-01,49357.0,54106.40717402049,2,neural_network_change,holdout,0
2025-05-01,2025-04-01,47766.0,46923.71289199562,2,neural_network_change,holdout,0
2025-06-01,2025-05-01,48062.0,47771.70781453645,2,neural_network_change,holdout,0
2025-07-01,2025-06-01,45493.0,47181.84128311882,2,neural_network_change,holdout,0
2025-08-01,2025-07-01,45058.0,45967.91012117772,2,neural_network_change,holdout,0
2025-09-01,2025-08-01,46764.0,46187.47342132414,2,neural_network_change,holdout,0
2025-10-01,2025-09-01,43343.0,47731.09912340129,2,neural_network_change,holdout,0
2025-11-01,2025-10-01,47143.0,46549.8952086163,2,neural_network_change,holdout,0
2025-12-01,2025-11-01,52702.0,52545.98536871071,2,neural_network_change,holdout,0
2026-01-01,2025-12-01,59122.0,58311.168805242916,2,neural_network_change,holdout,0
2026-02-01,2026-01-01,60159.0,60998.177106457144,2,neural_network_change,holdout,0
2026-03-01,2026-02-01,57781.0,56807.42452371074,2,neural_network_change,holdout,0
2026-04-01,2026-03-01,47084.0,55339.53867014085,2,neural_network_change,holdout,0
2026-05-01,2026-04-01,45724.0,46293.02180472081,2,neural_network_change,holdout,0
2026-06-01,2026-05-01,48362.0,45518.269257818494,2,neural_network_change,holdout,0
2014-07-01,2014-06-01,75789.0,73214.0,3,persistence,cv,1
2014-08-01,2014-07-01,74349.0,75789.0,3,persistence,cv,1
2014-09-01,2014-08-01,74918.0,74349.0,3,persistence,cv,1
2014-10-01,2014-09-01,75434.0,74918.0,3,persistence,cv,1
2014-11-01,2014-10-01,82729.0,75434.0,3,persistence,cv,1
2014-12-01,2014-11-01,84200.0,82729.0,3,persistence,cv,1
2015-01-01,2014-12-01,80766.0,84200.0,3,persistence,cv,1
2015-02-01,2015-01-01,81436.0,80766.0,3,persistence,cv,1
2015-03-01,2015-02-01,79840.0,81436.0,3,persistence,cv,1
2015-04-01,2015-03-01,76581.0,79840.0,3,persistence,cv,1
2015-05-01,2015-04-01,76801.0,76581.0,3,persistence,cv,1
2015-06-01,2015-05-01,74575.0,76801.0,3,persistence,cv,1
2015-07-01,2015-06-01,77252.0,74575.0,3,persistence,cv,2
2015-08-01,2015-07-01,74930.0,77252.0,3,persistence,cv,2
2015-09-01,2015-08-01,78105.0,74930.0,3,persistence,cv,2
2015-10-01,2015-09-01,76052.0,78105.0,3,persistence,cv,2
2015-11-01,2015-10-01,77371.0,76052.0,3,persistence,cv,2
2015-12-01,2015-11-01,84607.0,77371.0,3,persistence,cv,2
2016-01-01,2015-12-01,86569.0,84607.0,3,persistence,cv,2
2016-02-01,2016-01-01,83824.0,86569.0,3,persistence,cv,2
2016-03-01,2016-02-01,82877.0,83824.0,3,persistence,cv,2
2016-04-01,2016-03-01,82477.0,82877.0,3,persistence,cv,2
2016-05-01,2016-04-01,82111.0,82477.0,3,persistence,cv,2
2016-06-01,2016-05-01,80280.0,82111.0,3,persistence,cv,2
2016-07-01,2016-06-01,79007.0,80280.0,3,persistence,cv,3
2016-08-01,2016-07-01,78138.0,79007.0,3,persistence,cv,3
2016-09-01,2016-08-01,83221.0,78138.0,3,persistence,cv,3
2016-10-01,2016-09-01,79302.0,83221.0,3,persistence,cv,3
2016-11-01,2016-10-01,82506.0,79302.0,3,persistence,cv,3
2016-12-01,2016-11-01,82783.0,82506.0,3,persistence,cv,3
2017-01-01,2016-12-01,86447.0,82783.0,3,persistence,cv,3
2017-02-01,2017-01-01,81207.0,86447.0,3,persistence,cv,3
2017-03-01,2017-02-01,79148.0,81207.0,3,persistence,cv,3
2017-04-01,2017-03-01,80279.0,79148.0,3,persistence,cv,3
2017-05-01,2017-04-01,81254.0,80279.0,3,persistence,cv,3
2017-06-01,2017-05-01,82404.0,81254.0,3,persistence,cv,3
2017-07-01,2017-06-01,81642.0,82404.0,3,persistence,cv,4
2017-08-01,2017-07-01,80845.0,81642.0,3,persistence,cv,4
2017-09-01,2017-08-01,77696.0,80845.0,3,persistence,cv,4
2017-10-01,2017-09-01,80371.0,77696.0,3,persistence,cv,4
2017-11-01,2017-10-01,80144.0,80371.0,3,persistence,cv,4
2017-12-01,2017-11-01,83304.0,80144.0,3,persistence,cv,4
2018-01-01,2017-12-01,84108.0,83304.0,3,persistence,cv,4
2018-02-01,2018-01-01,87948.0,84108.0,3,persistence,cv,4
2018-03-01,2018-02-01,84446.0,87948.0,3,persistence,cv,4
2018-04-01,2018-03-01,80048.0,84446.0,3,persistence,cv,4
2018-05-01,2018-04-01,82353.0,80048.0,3,persistence,cv,4
2018-06-01,2018-05-01,82534.0,82353.0,3,persistence,cv,4
2018-07-01,2018-06-01,78759.0,82534.0,3,persistence,cv,5
2018-08-01,2018-07-01,80693.0,78759.0,3,persistence,cv,5
2018-09-01,2018-08-01,80803.0,80693.0,3,persistence,cv,5
2018-10-01,2018-09-01,84023.0,80803.0,3,persistence,cv,5
2018-11-01,2018-10-01,84422.0,84023.0,3,persistence,cv,5
2018-12-01,2018-11-01,90756.0,84422.0,3,persistence,cv,5
2019-01-01,2018-12-01,88730.0,90756.0,3,persistence,cv,5
2019-02-01,2019-01-01,88257.0,88730.0,3,persistence,cv,5
2019-03-01,2019-02-01,82307.0,88257.0,3,persistence,cv,5
2019-04-01,2019-03-01,84004.0,82307.0,3,persistence,cv,5
2019-05-01,2019-04-01,84486.0,84004.0,3,persistence,cv,5
2019-06-01,2019-05-01,82552.0,84486.0,3,persistence,cv,5
2019-07-01,2019-06-01,84760.0,82552.0,3,persistence,cv,6
2019-08-01,2019-07-01,77432.0,84760.0,3,persistence,cv,6
2019-09-01,2019-08-01,81572.0,77432.0,3,persistence,cv,6
2019-10-01,2019-09-01,82971.0,81572.0,3,persistence,cv,6
2019-11-01,2019-10-01,84799.0,82971.0,3,persistence,cv,6
2019-12-01,2019-11-01,91989.0,84799.0,3,persistence,cv,6
2020-01-01,2019-12-01,98377.0,91989.0,3,persistence,cv,6
2020-02-01,2020-01-01,89394.0,98377.0,3,persistence,cv,6
2020-03-01,2020-02-01,85807.0,89394.0,3,persistence,cv,6
2020-04-01,2020-03-01,91821.0,85807.0,3,persistence,cv,6
2020-05-01,2020-04-01,91186.0,91821.0,3,persistence,cv,6
2020-06-01,2020-05-01,91318.0,91186.0,3,persistence,cv,6
2020-07-01,2020-06-01,93286.0,91318.0,3,persistence,cv,7
2020-08-01,2020-07-01,90034.0,93286.0,3,persistence,cv,7
2020-09-01,2020-08-01,80434.0,90034.0,3,persistence,cv,7
2020-10-01,2020-09-01,81732.0,80434.0,3,persistence,cv,7
2020-11-01,2020-10-01,82158.0,81732.0,3,persistence,cv,7
2020-12-01,2020-11-01,83950.0,82158.0,3,persistence,cv,7
2021-01-01,2020-12-01,91149.0,83950.0,3,persistence,cv,7
2021-02-01,2021-01-01,79073.0,91149.0,3,persistence,cv,7
2021-03-01,2021-02-01,82077.0,79073.0,3,persistence,cv,7
2021-04-01,2021-03-01,87052.0,82077.0,3,persistence,cv,7
2021-05-01,2021-04-01,89188.0,87052.0,3,persistence,cv,7
2021-06-01,2021-05-01,81630.0,89188.0,3,persistence,cv,7
2021-07-01,2021-06-01,83487.0,81630.0,3,persistence,cv,8
2021-08-01,2021-07-01,85788.0,83487.0,3,persistence,cv,8
2021-09-01,2021-08-01,83027.0,85788.0,3,persistence,cv,8
2021-10-01,2021-09-01,82699.0,83027.0,3,persistence,cv,8
2021-11-01,2021-10-01,81693.0,82699.0,3,persistence,cv,8
2021-12-01,2021-11-01,81739.0,81693.0,3,persistence,cv,8
2022-01-01,2021-12-01,86386.0,81739.0,3,persistence,cv,8
2022-02-01,2022-01-01,89172.0,86386.0,3,persistence,cv,8
2022-03-01,2022-02-01,86966.0,89172.0,3,persistence,cv,8
2022-04-01,2022-03-01,88321.0,86966.0,3,persistence,cv,8
2022-05-01,2022-04-01,83768.0,88321.0,3,persistence,cv,8
2022-06-01,2022-05-01,83948.0,83768.0,3,persistence,cv,8
2022-07-01,2022-06-01,86884.0,83948.0,3,persistence,cv,9
2022-08-01,2022-07-01,84506.0,86884.0,3,persistence,cv,9
2022-09-01,2022-08-01,80238.0,84506.0,3,persistence,cv,9
2022-10-01,2022-09-01,80034.0,80238.0,3,persistence,cv,9
2022-11-01,2022-10-01,84828.0,80034.0,3,persistence,cv,9
2022-12-01,2022-11-01,81410.0,84828.0,3,persistence,cv,9
2023-01-01,2022-12-01,87152.0,81410.0,3,persistence,cv,9
2023-02-01,2023-01-01,87635.0,87152.0,3,persistence,cv,9
2023-03-01,2023-02-01,83730.0,87635.0,3,persistence,cv,9
2023-04-01,2023-03-01,86443.0,83730.0,3,persistence,cv,9
2023-05-01,2023-04-01,85177.0,86443.0,3,persistence,cv,9
2023-06-01,2023-05-01,84382.0,85177.0,3,persistence,cv,9
2023-07-01,2023-06-01,81693.0,84382.0,3,persistence,cv,10
2023-08-01,2023-07-01,81891.0,81693.0,3,persistence,cv,10
2023-09-01,2023-08-01,85476.0,81891.0,3,persistence,cv,10
2023-10-01,2023-09-01,83415.0,85476.0,3,persistence,cv,10
2023-11-01,2023-10-01,84996.0,83415.0,3,persistence,cv,10
2023-12-01,2023-11-01,89242.0,84996.0,3,persistence,cv,10
2024-01-01,2023-12-01,86589.0,89242.0,3,persistence,cv,10
2024-02-01,2024-01-01,80606.0,86589.0,3,persistence,cv,10
2024-03-01,2024-02-01,85725.0,80606.0,3,persistence,cv,10
2024-04-01,2024-03-01,87187.0,85725.0,3,persistence,cv,10
2024-05-01,2024-04-01,86451.0,87187.0,3,persistence,cv,10
2024-06-01,2024-05-01,86411.0,86451.0,3,persistence,cv,10
2014-07-01,2014-06-01,75789.0,76862.0,3,seasonal_naive,cv,1
2014-08-01,2014-07-01,74349.0,75866.0,3,seasonal_naive,cv,1
2014-09-01,2014-08-01,74918.0,77306.0,3,seasonal_naive,cv,1
2014-10-01,2014-09-01,75434.0,75111.0,3,seasonal_naive,cv,1
2014-11-01,2014-10-01,82729.0,73557.0,3,seasonal_naive,cv,1
2014-12-01,2014-11-01,84200.0,76271.0,3,seasonal_naive,cv,1
2015-01-01,2014-12-01,80766.0,77478.0,3,seasonal_naive,cv,1
2015-02-01,2015-01-01,81436.0,78179.0,3,seasonal_naive,cv,1
2015-03-01,2015-02-01,79840.0,78495.0,3,seasonal_naive,cv,1
2015-04-01,2015-03-01,76581.0,76576.0,3,seasonal_naive,cv,1
2015-05-01,2015-04-01,76801.0,74337.0,3,seasonal_naive,cv,1
2015-06-01,2015-05-01,74575.0,73214.0,3,seasonal_naive,cv,1
2015-07-01,2015-06-01,77252.0,75789.0,3,seasonal_naive,cv,2
2015-08-01,2015-07-01,74930.0,74349.0,3,seasonal_naive,cv,2
2015-09-01,2015-08-01,78105.0,74918.0,3,seasonal_naive,cv,2
2015-10-01,2015-09-01,76052.0,75434.0,3,seasonal_naive,cv,2
2015-11-01,2015-10-01,77371.0,82729.0,3,seasonal_naive,cv,2
2015-12-01,2015-11-01,84607.0,84200.0,3,seasonal_naive,cv,2
2016-01-01,2015-12-01,86569.0,80766.0,3,seasonal_naive,cv,2
2016-02-01,2016-01-01,83824.0,81436.0,3,seasonal_naive,cv,2
2016-03-01,2016-02-01,82877.0,79840.0,3,seasonal_naive,cv,2
2016-04-01,2016-03-01,82477.0,76581.0,3,seasonal_naive,cv,2
2016-05-01,2016-04-01,82111.0,76801.0,3,seasonal_naive,cv,2
2016-06-01,2016-05-01,80280.0,74575.0,3,seasonal_naive,cv,2
2016-07-01,2016-06-01,79007.0,77252.0,3,seasonal_naive,cv,3
2016-08-01,2016-07-01,78138.0,74930.0,3,seasonal_naive,cv,3
2016-09-01,2016-08-01,83221.0,78105.0,3,seasonal_naive,cv,3
2016-10-01,2016-09-01,79302.0,76052.0,3,seasonal_naive,cv,3
2016-11-01,2016-10-01,82506.0,77371.0,3,seasonal_naive,cv,3
2016-12-01,2016-11-01,82783.0,84607.0,3,seasonal_naive,cv,3
2017-01-01,2016-12-01,86447.0,86569.0,3,seasonal_naive,cv,3
2017-02-01,2017-01-01,81207.0,83824.0,3,seasonal_naive,cv,3
2017-03-01,2017-02-01,79148.0,82877.0,3,seasonal_naive,cv,3
2017-04-01,2017-03-01,80279.0,82477.0,3,seasonal_naive,cv,3
2017-05-01,2017-04-01,81254.0,82111.0,3,seasonal_naive,cv,3
2017-06-01,2017-05-01,82404.0,80280.0,3,seasonal_naive,cv,3
2017-07-01,2017-06-01,81642.0,79007.0,3,seasonal_naive,cv,4
2017-08-01,2017-07-01,80845.0,78138.0,3,seasonal_naive,cv,4
2017-09-01,2017-08-01,77696.0,83221.0,3,seasonal_naive,cv,4
2017-10-01,2017-09-01,80371.0,79302.0,3,seasonal_naive,cv,4
2017-11-01,2017-10-01,80144.0,82506.0,3,seasonal_naive,cv,4
2017-12-01,2017-11-01,83304.0,82783.0,3,seasonal_naive,cv,4
2018-01-01,2017-12-01,84108.0,86447.0,3,seasonal_naive,cv,4
2018-02-01,2018-01-01,87948.0,81207.0,3,seasonal_naive,cv,4
2018-03-01,2018-02-01,84446.0,79148.0,3,seasonal_naive,cv,4
2018-04-01,2018-03-01,80048.0,80279.0,3,seasonal_naive,cv,4
2018-05-01,2018-04-01,82353.0,81254.0,3,seasonal_naive,cv,4
2018-06-01,2018-05-01,82534.0,82404.0,3,seasonal_naive,cv,4
2018-07-01,2018-06-01,78759.0,81642.0,3,seasonal_naive,cv,5
2018-08-01,2018-07-01,80693.0,80845.0,3,seasonal_naive,cv,5
2018-09-01,2018-08-01,80803.0,77696.0,3,seasonal_naive,cv,5
2018-10-01,2018-09-01,84023.0,80371.0,3,seasonal_naive,cv,5
2018-11-01,2018-10-01,84422.0,80144.0,3,seasonal_naive,cv,5
2018-12-01,2018-11-01,90756.0,83304.0,3,seasonal_naive,cv,5
2019-01-01,2018-12-01,88730.0,84108.0,3,seasonal_naive,cv,5
2019-02-01,2019-01-01,88257.0,87948.0,3,seasonal_naive,cv,5
2019-03-01,2019-02-01,82307.0,84446.0,3,seasonal_naive,cv,5
2019-04-01,2019-03-01,84004.0,80048.0,3,seasonal_naive,cv,5
2019-05-01,2019-04-01,84486.0,82353.0,3,seasonal_naive,cv,5
2019-06-01,2019-05-01,82552.0,82534.0,3,seasonal_naive,cv,5
2019-07-01,2019-06-01,84760.0,78759.0,3,seasonal_naive,cv,6
2019-08-01,2019-07-01,77432.0,80693.0,3,seasonal_naive,cv,6
2019-09-01,2019-08-01,81572.0,80803.0,3,seasonal_naive,cv,6
2019-10-01,2019-09-01,82971.0,84023.0,3,seasonal_naive,cv,6
2019-11-01,2019-10-01,84799.0,84422.0,3,seasonal_naive,cv,6
2019-12-01,2019-11-01,91989.0,90756.0,3,seasonal_naive,cv,6
2020-01-01,2019-12-01,98377.0,88730.0,3,seasonal_naive,cv,6
2020-02-01,2020-01-01,89394.0,88257.0,3,seasonal_naive,cv,6
2020-03-01,2020-02-01,85807.0,82307.0,3,seasonal_naive,cv,6
2020-04-01,2020-03-01,91821.0,84004.0,3,seasonal_naive,cv,6
2020-05-01,2020-04-01,91186.0,84486.0,3,seasonal_naive,cv,6
2020-06-01,2020-05-01,91318.0,82552.0,3,seasonal_naive,cv,6
2020-07-01,2020-06-01,93286.0,84760.0,3,seasonal_naive,cv,7
2020-08-01,2020-07-01,90034.0,77432.0,3,seasonal_naive,cv,7
2020-09-01,2020-08-01,80434.0,81572.0,3,seasonal_naive,cv,7
2020-10-01,2020-09-01,81732.0,82971.0,3,seasonal_naive,cv,7
2020-11-01,2020-10-01,82158.0,84799.0,3,seasonal_naive,cv,7
2020-12-01,2020-11-01,83950.0,91989.0,3,seasonal_naive,cv,7
2021-01-01,2020-12-01,91149.0,98377.0,3,seasonal_naive,cv,7
2021-02-01,2021-01-01,79073.0,89394.0,3,seasonal_naive,cv,7
2021-03-01,2021-02-01,82077.0,85807.0,3,seasonal_naive,cv,7
2021-04-01,2021-03-01,87052.0,91821.0,3,seasonal_naive,cv,7
2021-05-01,2021-04-01,89188.0,91186.0,3,seasonal_naive,cv,7
2021-06-01,2021-05-01,81630.0,91318.0,3,seasonal_naive,cv,7
2021-07-01,2021-06-01,83487.0,93286.0,3,seasonal_naive,cv,8
2021-08-01,2021-07-01,85788.0,90034.0,3,seasonal_naive,cv,8
2021-09-01,2021-08-01,83027.0,80434.0,3,seasonal_naive,cv,8
2021-10-01,2021-09-01,82699.0,81732.0,3,seasonal_naive,cv,8
2021-11-01,2021-10-01,81693.0,82158.0,3,seasonal_naive,cv,8
2021-12-01,2021-11-01,81739.0,83950.0,3,seasonal_naive,cv,8
2022-01-01,2021-12-01,86386.0,91149.0,3,seasonal_naive,cv,8
2022-02-01,2022-01-01,89172.0,79073.0,3,seasonal_naive,cv,8
2022-03-01,2022-02-01,86966.0,82077.0,3,seasonal_naive,cv,8
2022-04-01,2022-03-01,88321.0,87052.0,3,seasonal_naive,cv,8
2022-05-01,2022-04-01,83768.0,89188.0,3,seasonal_naive,cv,8
2022-06-01,2022-05-01,83948.0,81630.0,3,seasonal_naive,cv,8
2022-07-01,2022-06-01,86884.0,83487.0,3,seasonal_naive,cv,9
2022-08-01,2022-07-01,84506.0,85788.0,3,seasonal_naive,cv,9
2022-09-01,2022-08-01,80238.0,83027.0,3,seasonal_naive,cv,9
2022-10-01,2022-09-01,80034.0,82699.0,3,seasonal_naive,cv,9
2022-11-01,2022-10-01,84828.0,81693.0,3,seasonal_naive,cv,9
2022-12-01,2022-11-01,81410.0,81739.0,3,seasonal_naive,cv,9
2023-01-01,2022-12-01,87152.0,86386.0,3,seasonal_naive,cv,9
2023-02-01,2023-01-01,87635.0,89172.0,3,seasonal_naive,cv,9
2023-03-01,2023-02-01,83730.0,86966.0,3,seasonal_naive,cv,9
2023-04-01,2023-03-01,86443.0,88321.0,3,seasonal_naive,cv,9
2023-05-01,2023-04-01,85177.0,83768.0,3,seasonal_naive,cv,9
2023-06-01,2023-05-01,84382.0,83948.0,3,seasonal_naive,cv,9
2023-07-01,2023-06-01,81693.0,86884.0,3,seasonal_naive,cv,10
2023-08-01,2023-07-01,81891.0,84506.0,3,seasonal_naive,cv,10
2023-09-01,2023-08-01,85476.0,80238.0,3,seasonal_naive,cv,10
2023-10-01,2023-09-01,83415.0,80034.0,3,seasonal_naive,cv,10
2023-11-01,2023-10-01,84996.0,84828.0,3,seasonal_naive,cv,10
2023-12-01,2023-11-01,89242.0,81410.0,3,seasonal_naive,cv,10
2024-01-01,2023-12-01,86589.0,87152.0,3,seasonal_naive,cv,10
2024-02-01,2024-01-01,80606.0,87635.0,3,seasonal_naive,cv,10
2024-03-01,2024-02-01,85725.0,83730.0,3,seasonal_naive,cv,10
2024-04-01,2024-03-01,87187.0,86443.0,3,seasonal_naive,cv,10
2024-05-01,2024-04-01,86451.0,85177.0,3,seasonal_naive,cv,10
2024-06-01,2024-05-01,86411.0,84382.0,3,seasonal_naive,cv,10
2014-07-01,2014-06-01,75789.0,73756.47767857145,3,forecast_flow_identity,cv,1
2014-08-01,2014-07-01,74349.0,73228.29470238097,3,forecast_flow_identity,cv,1
2014-09-01,2014-08-01,74918.0,75611.1138824885,3,forecast_flow_identity,cv,1
2014-10-01,2014-09-01,75434.0,74647.36303571427,3,forecast_flow_identity,cv,1
2014-11-01,2014-10-01,82729.0,77746.65455069124,3,forecast_flow_identity,cv,1
2014-12-01,2014-11-01,84200.0,84384.11053571425,3,forecast_flow_identity,cv,1
2015-01-01,2014-12-01,80766.0,85241.21053571429,3,forecast_flow_identity,cv,1
2015-02-01,2015-01-01,81436.0,78101.60006117908,3,forecast_flow_identity,cv,1
2015-03-01,2015-02-01,79840.0,81320.04605090315,3,forecast_flow_identity,cv,1
2015-04-01,2015-03-01,76581.0,78939.15908151917,3,forecast_flow_identity,cv,1
2015-05-01,2015-04-01,76801.0,77736.08938423647,3,forecast_flow_identity,cv,1
2015-06-01,2015-05-01,74575.0,77274.0818826474,3,forecast_flow_identity,cv,1
2015-07-01,2015-06-01,77252.0,76244.30044540229,3,forecast_flow_identity,cv,2
2015-08-01,2015-07-01,74930.0,75323.55044540232,3,forecast_flow_identity,cv,2
2015-09-01,2015-08-01,78105.0,76726.4939794216,3,forecast_flow_identity,cv,2
2015-10-01,2015-09-01,76052.0,78594.09877873563,3,forecast_flow_identity,cv,2
2015-11-01,2015-10-01,77371.0,79285.53268909901,3,forecast_flow_identity,cv,2
2015-12-01,2015-11-01,84607.0,79363.77127873569,3,forecast_flow_identity,cv,2
2016-01-01,2015-12-01,86569.0,85028.69627873568,3,forecast_flow_identity,cv,2
2016-02-01,2016-01-01,83824.0,85007.90469854069,3,forecast_flow_identity,cv,2
2016-03-01,2016-02-01,82877.0,82818.47604885057,3,forecast_flow_identity,cv,2
2016-04-01,2016-03-01,82477.0,81327.38488598443,3,forecast_flow_identity,cv,2
2016-05-01,2016-04-01,82111.0,83647.72938218391,3,forecast_flow_identity,cv,2
2016-06-01,2016-05-01,80280.0,81966.6187569522,3,forecast_flow_identity,cv,2
2016-07-01,2016-06-01,79007.0,81700.15688218395,3,forecast_flow_identity,cv,3
2016-08-01,2016-07-01,78138.0,76937.10688218391,3,forecast_flow_identity,cv,3
2016-09-01,2016-08-01,83221.0,80115.82117630704,3,forecast_flow_identity,cv,3
2016-10-01,2016-09-01,79302.0,83317.38521551726,3,forecast_flow_identity,cv,3
2016-11-01,2016-10-01,82506.0,82235.32601501666,3,forecast_flow_identity,cv,3
2016-12-01,2016-11-01,82783.0,84945.3718821839,3,forecast_flow_identity,cv,3
2017-01-01,2016-12-01,86447.0,82285.52188218391,3,forecast_flow_identity,cv,3
2017-02-01,2017-01-01,81207.0,84905.19718390805,3,forecast_flow_identity,cv,3
2017-03-01,2017-02-01,79148.0,80440.27283661743,3,forecast_flow_identity,cv,3
2017-04-01,2017-03-01,80279.0,77490.39306769424,3,forecast_flow_identity,cv,3
2017-05-01,2017-04-01,81254.0,80205.51200328405,3,forecast_flow_identity,cv,3
2017-06-01,2017-05-01,82404.0,80521.12451930714,3,forecast_flow_identity,cv,3
2017-07-01,2017-06-01,81642.0,83343.24616995077,3,forecast_flow_identity,cv,4
2017-08-01,2017-07-01,80845.0,79257.92116995076,3,forecast_flow_identity,cv,4
2017-09-01,2017-08-01,77696.0,83496.42048704911,3,forecast_flow_identity,cv,4
2017-10-01,2017-09-01,80371.0,76564.13033661744,3,forecast_flow_identity,cv,4
2017-11-01,2017-10-01,80144.0,83385.81484188786,3,forecast_flow_identity,cv,4
2017-12-01,2017-11-01,83304.0,82817.66200328412,3,forecast_flow_identity,cv,4
2018-01-01,2017-12-01,84108.0,83944.26200328406,3,forecast_flow_identity,cv,4
2018-02-01,2018-01-01,87948.0,81250.09994067482,3,forecast_flow_identity,cv,4
2018-03-01,2018-02-01,84446.0,87580.95636904764,3,forecast_flow_identity,cv,4
2018-04-01,2018-03-01,80048.0,83069.738421659,3,forecast_flow_identity,cv,4
2018-05-01,2018-04-01,82353.0,80266.24553571429,3,forecast_flow_identity,cv,4
2018-06-01,2018-05-01,82534.0,81765.36987327188,3,forecast_flow_identity,cv,4
2018-07-01,2018-06-01,78759.0,83291.14136904763,3,forecast_flow_identity,cv,5
2018-08-01,2018-07-01,80693.0,77413.81636904765,3,forecast_flow_identity,cv,5
2018-09-01,2018-08-01,80803.0,82234.15938940091,3,forecast_flow_identity,cv,5
2018-10-01,2018-09-01,84023.0,79862.66720238097,3,forecast_flow_identity,cv,5
2018-11-01,2018-10-01,84422.0,86200.53922811057,3,forecast_flow_identity,cv,5
2018-12-01,2018-11-01,90756.0,87210.53386904762,3,forecast_flow_identity,cv,5
2019-01-01,2018-12-01,88730.0,91562.33386904761,3,forecast_flow_identity,cv,5
2019-02-01,2019-01-01,88257.0,88058.38743233224,3,forecast_flow_identity,cv,5
2019-03-01,2019-02-01,82307.0,86655.6076990969,3,forecast_flow_identity,cv,5
2019-04-01,2019-03-01,84004.0,80418.87841848083,3,forecast_flow_identity,cv,5
2019-05-01,2019-04-01,84486.0,84227.35936576354,3,forecast_flow_identity,cv,5
2019-06-01,2019-05-01,82552.0,83598.48970880342,3,forecast_flow_identity,cv,5
2019-07-01,2019-06-01,84760.0,82231.4101990969,3,forecast_flow_identity,cv,6
2019-08-01,2019-07-01,77432.0,84169.71019909691,3,forecast_flow_identity,cv,6
2019-09-01,2019-08-01,81572.0,78319.33728944864,3,forecast_flow_identity,cv,6
2019-10-01,2019-09-01,82971.0,81489.0351990969,3,forecast_flow_identity,cv,6
2019-11-01,2019-10-01,84799.0,85298.28567654539,3,forecast_flow_identity,cv,6
2019-12-01,2019-11-01,91989.0,88771.7510324302,3,forecast_flow_identity,cv,6
2020-01-01,2019-12-01,98377.0,92468.2260324302,3,forecast_flow_identity,cv,6
2020-02-01,2020-01-01,89394.0,97880.45822388635,3,forecast_flow_identity,cv,6
2020-03-01,2020-02-01,85807.0,86587.94989326767,3,forecast_flow_identity,cv,6
2020-04-01,2020-03-01,91821.0,84816.62731606548,3,forecast_flow_identity,cv,6
2020-05-01,2020-04-01,91186.0,92794.70822660098,3,forecast_flow_identity,cv,6
2020-06-01,2020-05-01,91318.0,90394.3853805816,3,forecast_flow_identity,cv,6
2020-07-01,2020-06-01,93286.0,91232.72072660102,3,forecast_flow_identity,cv,7
2020-08-01,2020-07-01,90034.0,91831.99572660103,3,forecast_flow_identity,cv,7
2020-09-01,2020-08-01,80434.0,92214.81360638805,3,forecast_flow_identity,cv,7
2020-10-01,2020-09-01,81732.0,80525.95739326767,3,forecast_flow_identity,cv,7
2020-11-01,2020-10-01,82158.0,82751.72812251712,3,forecast_flow_identity,cv,7
2020-12-01,2020-11-01,83950.0,86658.75405993432,3,forecast_flow_identity,cv,7
2021-01-01,2020-12-01,91149.0,85797.17905993435,3,forecast_flow_identity,cv,7
2021-02-01,2021-01-01,79073.0,88442.47029662589,3,forecast_flow_identity,cv,7
2021-03-01,2021-02-01,82077.0,75266.63629515596,3,forecast_flow_identity,cv,7
2021-04-01,2021-03-01,87052.0,82772.80286628,3,forecast_flow_identity,cv,7
2021-05-01,2021-04-01,89188.0,87609.00796182263,3,forecast_flow_identity,cv,7
2021-06-01,2021-05-01,81630.0,88742.44480176386,3,forecast_flow_identity,cv,7
2021-07-01,2021-06-01,83487.0,80845.62796182267,3,forecast_flow_identity,cv,8
2021-08-01,2021-07-01,85788.0,81005.70296182265,3,forecast_flow_identity,cv,8
2021-09-01,2021-08-01,83027.0,84996.58512434455,3,forecast_flow_identity,cv,8
2021-10-01,2021-09-01,82699.0,84189.55712848934,3,forecast_flow_identity,cv,8
2021-11-01,2021-10-01,81693.0,83632.01496305426,3,forecast_flow_identity,cv,8
2021-12-01,2021-11-01,81739.0,85295.14462848938,3,forecast_flow_identity,cv,8
2022-01-01,2021-12-01,86386.0,84350.16962848933,3,forecast_flow_identity,cv,8
2022-02-01,2022-01-01,89172.0,81420.52751761215,3,forecast_flow_identity,cv,8
2022-03-01,2022-02-01,86966.0,86610.04148809524,3,forecast_flow_identity,cv,8
2022-04-01,2022-03-01,88321.0,88748.15466589858,3,forecast_flow_identity,cv,8
2022-05-01,2022-04-01,83768.0,89182.90315476191,3,forecast_flow_identity,cv,8
2022-06-01,2022-05-01,83948.0,81701.1836981567,3,forecast_flow_identity,cv,8
2022-07-01,2022-06-01,86884.0,84076.21815476194,3,forecast_flow_identity,cv,9
2022-08-01,2022-07-01,84506.0,85337.21815476191,3,forecast_flow_identity,cv,9
2022-09-01,2022-08-01,80238.0,82139.15305299536,3,forecast_flow_identity,cv,9
2022-10-01,2022-09-01,80034.0,81598.41482142857,3,forecast_flow_identity,cv,9
2022-11-01,2022-10-01,84828.0,80019.1272465438,3,forecast_flow_identity,cv,9
2022-12-01,2022-11-01,81410.0,88417.25648809524,3,forecast_flow_identity,cv,9
2023-01-01,2022-12-01,87152.0,84300.03148809524,3,forecast_flow_identity,cv,9
2023-02-01,2023-01-01,87635.0,83699.40597144976,3,forecast_flow_identity,cv,9
2023-03-01,2023-02-01,83730.0,85345.87388341545,3,forecast_flow_identity,cv,9
2023-04-01,2023-03-01,86443.0,85665.71182266013,3,forecast_flow_identity,cv,9
2023-05-01,2023-04-01,85177.0,85947.5647167488,3,forecast_flow_identity,cv,9
2023-06-01,2023-05-01,84382.0,83061.53682266008,3,forecast_flow_identity,cv,9
2023-07-01,2023-06-01,81693.0,85299.8413834154,3,forecast_flow_identity,cv,10
2023-08-01,2023-07-01,81891.0,79280.49138341547,3,forecast_flow_identity,cv,10
2023-09-01,2023-08-01,85476.0,79129.8352097569,3,forecast_flow_identity,cv,10
2023-10-01,2023-09-01,83415.0,86771.48305008214,3,forecast_flow_identity,cv,10
2023-11-01,2023-10-01,84996.0,84918.13682266008,3,forecast_flow_identity,cv,10
2023-12-01,2023-11-01,89242.0,87553.34888341544,3,forecast_flow_identity,cv,10
2024-01-01,2023-12-01,86589.0,94189.29888341545,3,forecast_flow_identity,cv,10
2024-02-01,2024-01-01,80606.0,82611.9430798771,3,forecast_flow_identity,cv,10
2024-03-01,2024-02-01,85725.0,77939.00399425285,3,forecast_flow_identity,cv,10
2024-04-01,2024-03-01,87187.0,89063.73128476086,3,forecast_flow_identity,cv,10
2024-05-01,2024-04-01,86451.0,86181.8231609195,3,forecast_flow_identity,cv,10
2024-06-01,2024-05-01,86411.0,84317.65951056729,3,forecast_flow_identity,cv,10
2014-07-01,2014-06-01,75789.0,73136.53176123313,3,constrained_level,cv,1
2014-08-01,2014-07-01,74349.0,76379.9253005969,3,constrained_level,cv,1
2014-09-01,2014-08-01,74918.0,74364.58212451675,3,constrained_level,cv,1
2014-10-01,2014-09-01,75434.0,74411.76751578272,3,constrained_level,cv,1
2014-11-01,2014-10-01,82729.0,75260.23095461311,3,constrained_level,cv,1
2014-12-01,2014-11-01,84200.0,81489.52657437677,3,constrained_level,cv,1
2015-01-01,2014-12-01,80766.0,82320.27179980907,3,constrained_level,cv,1
2015-02-01,2015-01-01,81436.0,78987.49304426412,3,constrained_level,cv,1
2015-03-01,2015-02-01,79840.0,79052.15081707812,3,constrained_level,cv,1
2015-04-01,2015-03-01,76581.0,77336.83259344433,3,constrained_level,cv,1
2015-05-01,2015-04-01,76801.0,75847.42486683218,3,constrained_level,cv,1
2015-06-01,2015-05-01,74575.0,76619.68114715655,3,constrained_level,cv,1
2015-07-01,2015-06-01,77252.0,74397.13320058925,3,constrained_level,cv,2
2015-08-01,2015-07-01,74930.0,77473.77216671171,3,constrained_level,cv,2
2015-09-01,2015-08-01,78105.0,75449.41738643683,3,constrained_level,cv,2
2015-10-01,2015-09-01,76052.0,77999.42552331548,3,constrained_level,cv,2
2015-11-01,2015-10-01,77371.0,75979.32799674681,3,constrained_level,cv,2
2015-12-01,2015-11-01,84607.0,79408.01890560712,3,constrained_level,cv,2
2016-01-01,2015-12-01,86569.0,83741.42541363226,3,constrained_level,cv,2
2016-02-01,2016-01-01,83824.0,83869.6332355214,3,constrained_level,cv,2
2016-03-01,2016-02-01,82877.0,81580.89502638119,3,constrained_level,cv,2
2016-04-01,2016-03-01,82477.0,80752.52599648229,3,constrained_level,cv,2
2016-05-01,2016-04-01,82111.0,79661.6708438425,3,constrained_level,cv,2
2016-06-01,2016-05-01,80280.0,80462.29773964977,3,constrained_level,cv,2
2016-07-01,2016-06-01,79007.0,78139.66398131076,3,constrained_level,cv,3
2016-08-01,2016-07-01,78138.0,78185.20330287557,3,constrained_level,cv,3
2016-09-01,2016-08-01,83221.0,76920.79782601597,3,constrained_level,cv,3
2016-10-01,2016-09-01,79302.0,83177.03563842206,3,constrained_level,cv,3
2016-11-01,2016-10-01,82506.0,78472.16500427914,3,constrained_level,cv,3
2016-12-01,2016-11-01,82783.0,84173.17199377358,3,constrained_level,cv,3
2017-01-01,2016-12-01,86447.0,83665.59965353203,3,constrained_level,cv,3
2017-02-01,2017-01-01,81207.0,83236.68485115618,3,constrained_level,cv,3
2017-03-01,2017-02-01,79148.0,77867.14473512289,3,constrained_level,cv,3
2017-04-01,2017-03-01,80279.0,78741.66328538023,3,constrained_level,cv,3
2017-05-01,2017-04-01,81254.0,79116.69847958935,3,constrained_level,cv,3
2017-06-01,2017-05-01,82404.0,80154.75421537651,3,constrained_level,cv,3
2017-07-01,2017-06-01,81642.0,81397.0345575515,3,constrained_level,cv,4
2017-08-01,2017-07-01,80845.0,81661.4228092508,3,constrained_level,cv,4
2017-09-01,2017-08-01,77696.0,79458.29990986458,3,constrained_level,cv,4
2017-10-01,2017-09-01,80371.0,77905.3064292141,3,constrained_level,cv,4
2017-11-01,2017-10-01,80144.0,81506.09937004888,3,constrained_level,cv,4
2017-12-01,2017-11-01,83304.0,82010.80489126488,3,constrained_level,cv,4
2018-01-01,2017-12-01,84108.0,85710.3750204267,3,constrained_level,cv,4
2018-02-01,2018-01-01,87948.0,84279.93048250405,3,constrained_level,cv,4
2018-03-01,2018-02-01,84446.0,84095.98482638763,3,constrained_level,cv,4
2018-04-01,2018-03-01,80048.0,83324.9306071458,3,constrained_level,cv,4
2018-05-01,2018-04-01,82353.0,80548.27963632433,3,constrained_level,cv,4
2018-06-01,2018-05-01,82534.0,81226.25904254013,3,constrained_level,cv,4
2018-07-01,2018-06-01,78759.0,80689.66105537018,3,constrained_level,cv,5
2018-08-01,2018-07-01,80693.0,79175.88811892786,3,constrained_level,cv,5
2018-09-01,2018-08-01,80803.0,80837.37914779827,3,constrained_level,cv,5
2018-10-01,2018-09-01,84023.0,80284.08913929993,3,constrained_level,cv,5
2018-11-01,2018-10-01,84422.0,85285.98536879562,3,constrained_level,cv,5
2018-12-01,2018-11-01,90756.0,84724.04570327757,3,constrained_level,cv,5
2019-01-01,2018-12-01,88730.0,89365.53498512604,3,constrained_level,cv,5
2019-02-01,2019-01-01,88257.0,85267.56056365263,3,constrained_level,cv,5
2019-03-01,2019-02-01,82307.0,84645.7518298111,3,constrained_level,cv,5
2019-04-01,2019-03-01,84004.0,79549.50168794126,3,constrained_level,cv,5
2019-05-01,2019-04-01,84486.0,81339.5026901087,3,constrained_level,cv,5
2019-06-01,2019-05-01,82552.0,80931.66676933452,3,constrained_level,cv,5
2019-07-01,2019-06-01,84760.0,81057.49793121612,3,constrained_level,cv,6
2019-08-01,2019-07-01,77432.0,83478.12734981813,3,constrained_level,cv,6
2019-09-01,2019-08-01,81572.0,77914.34640024221,3,constrained_level,cv,6
2019-10-01,2019-09-01,82971.0,81796.81231839112,3,constrained_level,cv,6
2019-11-01,2019-10-01,84799.0,83588.3042996712,3,constrained_level,cv,6
2019-12-01,2019-11-01,91989.0,85840.2988793031,3,constrained_level,cv,6
2020-01-01,2019-12-01,98377.0,90607.34289710294,3,constrained_level,cv,6
2020-02-01,2020-01-01,89394.0,92397.60989146077,3,constrained_level,cv,6
2020-03-01,2020-02-01,85807.0,83381.46053924858,3,constrained_level,cv,6
2020-04-01,2020-03-01,91821.0,82296.40700821773,3,constrained_level,cv,6
2020-05-01,2020-04-01,91186.0,85789.94840910347,3,constrained_level,cv,6
2020-06-01,2020-05-01,91318.0,81804.72145218041,3,constrained_level,cv,6
2020-07-01,2020-06-01,93286.0,85685.6976557269,3,constrained_level,cv,7
2020-08-01,2020-07-01,90034.0,88454.63110297914,3,constrained_level,cv,7
2020-09-01,2020-08-01,80434.0,86208.56715726758,3,constrained_level,cv,7
2020-10-01,2020-09-01,81732.0,78902.60120319098,3,constrained_level,cv,7
2020-11-01,2020-10-01,82158.0,81093.63662225904,3,constrained_level,cv,7
2020-12-01,2020-11-01,83950.0,82326.7614726265,3,constrained_level,cv,7
2021-01-01,2020-12-01,91149.0,83913.46592576345,3,constrained_level,cv,7
2021-02-01,2021-01-01,79073.0,89214.10327042254,3,constrained_level,cv,7
2021-03-01,2021-02-01,82077.0,76089.40916667694,3,constrained_level,cv,7
2021-04-01,2021-03-01,87052.0,82085.91402195023,3,constrained_level,cv,7
2021-05-01,2021-04-01,89188.0,84904.43573710948,3,constrained_level,cv,7
2021-06-01,2021-05-01,81630.0,87645.35096371852,3,constrained_level,cv,7
2021-07-01,2021-06-01,83487.0,80211.36583224803,3,constrained_level,cv,8
2021-08-01,2021-07-01,85788.0,83721.76590262397,3,constrained_level,cv,8
2021-09-01,2021-08-01,83027.0,85543.54756031834,3,constrained_level,cv,8
2021-10-01,2021-09-01,82699.0,82384.032515936,3,constrained_level,cv,8
2021-11-01,2021-10-01,81693.0,83569.71676995518,3,constrained_level,cv,8
2021-12-01,2021-11-01,81739.0,83192.76187984644,3,constrained_level,cv,8
2022-01-01,2021-12-01,86386.0,83833.72141296361,3,constrained_level,cv,8
2022-02-01,2022-01-01,89172.0,86266.49977638316,3,constrained_level,cv,8
2022-03-01,2022-02-01,86966.0,86908.77288866084,3,constrained_level,cv,8
2022-04-01,2022-03-01,88321.0,85577.59665171921,3,constrained_level,cv,8
2022-05-01,2022-04-01,83768.0,87025.50711645302,3,constrained_level,cv,8
2022-06-01,2022-05-01,83948.0,83637.22216608332,3,constrained_level,cv,8
2022-07-01,2022-06-01,86884.0,84456.93907066266,3,constrained_level,cv,9
2022-08-01,2022-07-01,84506.0,85951.67452980731,3,constrained_level,cv,9
2022-09-01,2022-08-01,80238.0,84301.80256491175,3,constrained_level,cv,9
2022-10-01,2022-09-01,80034.0,81668.74102558958,3,constrained_level,cv,9
2022-11-01,2022-10-01,84828.0,81341.75175557149,3,constrained_level,cv,9
2022-12-01,2022-11-01,81410.0,86435.2831770754,3,constrained_level,cv,9
2023-01-01,2022-12-01,87152.0,82835.48898386973,3,constrained_level,cv,9
2023-02-01,2023-01-01,87635.0,87606.87821695843,3,constrained_level,cv,9
2023-03-01,2023-02-01,83730.0,85456.11033332752,3,constrained_level,cv,9
2023-04-01,2023-03-01,86443.0,83078.31387524278,3,constrained_level,cv,9
2023-05-01,2023-04-01,85177.0,85414.63360752392,3,constrained_level,cv,9
2023-06-01,2023-05-01,84382.0,83931.2872280151,3,constrained_level,cv,9
2023-07-01,2023-06-01,81693.0,83304.42087362327,3,constrained_level,cv,10
2023-08-01,2023-07-01,81891.0,82416.69309647994,3,constrained_level,cv,10
2023-09-01,2023-08-01,85476.0,81864.57610891515,3,constrained_level,cv,10
2023-10-01,2023-09-01,83415.0,85173.4718222114,3,constrained_level,cv,10
2023-11-01,2023-10-01,84996.0,83089.39387293198,3,constrained_level,cv,10
2023-12-01,2023-11-01,89242.0,85684.04520978342,3,constrained_level,cv,10
2024-01-01,2023-12-01,86589.0,89477.83008427647,3,constrained_level,cv,10
2024-02-01,2024-01-01,80606.0,85725.54232656854,3,constrained_level,cv,10
2024-03-01,2024-02-01,85725.0,79931.68257035084,3,constrained_level,cv,10
2024-04-01,2024-03-01,87187.0,85586.58457480185,3,constrained_level,cv,10
2024-05-01,2024-04-01,86451.0,85590.50467952207,3,constrained_level,cv,10
2024-06-01,2024-05-01,86411.0,84708.27420307553,3,constrained_level,cv,10
2014-07-01,2014-06-01,75789.0,74082.3032098635,3,ridge_change,cv,1
2014-08-01,2014-07-01,74349.0,76080.24325887681,3,ridge_change,cv,1
2014-09-01,2014-08-01,74918.0,74796.95465492358,3,ridge_change,cv,1
2014-10-01,2014-09-01,75434.0,75035.94397263475,3,ridge_change,cv,1
2014-11-01,2014-10-01,82729.0,75275.34177997656,3,ridge_change,cv,1
2014-12-01,2014-11-01,84200.0,80869.47555284578,3,ridge_change,cv,1
2015-01-01,2014-12-01,80766.0,82262.39681010119,3,ridge_change,cv,1
2015-02-01,2015-01-01,81436.0,79822.46039433178,3,ridge_change,cv,1
2015-03-01,2015-02-01,79840.0,80145.12921011807,3,ridge_change,cv,1
2015-04-01,2015-03-01,76581.0,78504.36775506748,3,ridge_change,cv,1
2015-05-01,2015-04-01,76801.0,76401.89224723635,3,ridge_change,cv,1
2015-06-01,2015-05-01,74575.0,76426.94563891034,3,ridge_change,cv,1
2015-07-01,2015-06-01,77252.0,74893.89775546985,3,ridge_change,cv,2
2015-08-01,2015-07-01,74930.0,76791.28481060712,3,ridge_change,cv,2
2015-09-01,2015-08-01,78105.0,75329.87879407649,3,ridge_change,cv,2
2015-10-01,2015-09-01,76052.0,77620.52946394097,3,ridge_change,cv,2
2015-11-01,2015-10-01,77371.0,76812.23392739323,3,ridge_change,cv,2
2015-12-01,2015-11-01,84607.0,78859.1909340887,3,ridge_change,cv,2
2016-01-01,2015-12-01,86569.0,82983.8967315467,3,ridge_change,cv,2
2016-02-01,2016-01-01,83824.0,84253.29778624052,3,ridge_change,cv,2
2016-03-01,2016-02-01,82877.0,82447.78997199945,3,ridge_change,cv,2
2016-04-01,2016-03-01,82477.0,80880.9533597493,3,ridge_change,cv,2
2016-05-01,2016-04-01,82111.0,80628.23453242249,3,ridge_change,cv,2
2016-06-01,2016-05-01,80280.0,80188.03515631614,3,ridge_change,cv,2
2016-07-01,2016-06-01,79007.0,79152.67534274643,3,ridge_change,cv,3
2016-08-01,2016-07-01,78138.0,78212.65756638473,3,ridge_change,cv,3
2016-09-01,2016-08-01,83221.0,77551.76662443487,3,ridge_change,cv,3
2016-10-01,2016-09-01,79302.0,82054.40283090819,3,ridge_change,cv,3
2016-11-01,2016-10-01,82506.0,78874.51541229455,3,ridge_change,cv,3
2016-12-01,2016-11-01,82783.0,83364.45913487654,3,ridge_change,cv,3
2017-01-01,2016-12-01,86447.0,83660.8264006661,3,ridge_change,cv,3
2017-02-01,2017-01-01,81207.0,84210.38169395925,3,ridge_change,cv,3
2017-03-01,2017-02-01,79148.0,80260.1784723577,3,ridge_change,cv,3
2017-04-01,2017-03-01,80279.0,79821.61021635885,3,ridge_change,cv,3
2017-05-01,2017-04-01,81254.0,79983.45382355967,3,ridge_change,cv,3
2017-06-01,2017-05-01,82404.0,80492.95244789914,3,ridge_change,cv,3
2017-07-01,2017-06-01,81642.0,81545.33727922462,3,ridge_change,cv,4
2017-08-01,2017-07-01,80845.0,81649.50976218753,3,ridge_change,cv,4
2017-09-01,2017-08-01,77696.0,80861.32480255625,3,ridge_change,cv,4
2017-10-01,2017-09-01,80371.0,78688.39361653631,3,ridge_change,cv,4
2017-11-01,2017-10-01,80144.0,81326.76474872981,3,ridge_change,cv,4
2017-12-01,2017-11-01,83304.0,81504.15558268764,3,ridge_change,cv,4
2018-01-01,2017-12-01,84108.0,84598.136954186,3,ridge_change,cv,4
2018-02-01,2018-01-01,87948.0,83669.68422650322,3,ridge_change,cv,4
2018-03-01,2018-02-01,84446.0,84379.08777323336,3,ridge_change,cv,4
2018-04-01,2018-03-01,80048.0,84030.92496306039,3,ridge_change,cv,4
2018-05-01,2018-04-01,82353.0,81398.8461353814,3,ridge_change,cv,4
2018-06-01,2018-05-01,82534.0,81922.83508764277,3,ridge_change,cv,4
2018-07-01,2018-06-01,78759.0,81791.98263397065,3,ridge_change,cv,5
2018-08-01,2018-07-01,80693.0,79791.65715654733,3,ridge_change,cv,5
2018-09-01,2018-08-01,80803.0,80466.2030402231,3,ridge_change,cv,5
2018-10-01,2018-09-01,84023.0,80642.68161284983,3,ridge_change,cv,5
2018-11-01,2018-10-01,84422.0,83888.4696909891,3,ridge_change,cv,5
2018-12-01,2018-11-01,90756.0,84602.439556086,3,ridge_change,cv,5
2019-01-01,2018-12-01,88730.0,88546.50672735798,3,ridge_change,cv,5
2019-02-01,2019-01-01,88257.0,87344.31958919628,3,ridge_change,cv,5
2019-03-01,2019-02-01,82307.0,85857.96711978156,3,ridge_change,cv,5
2019-04-01,2019-03-01,84004.0,81389.7105840272,3,ridge_change,cv,5
2019-05-01,2019-04-01,84486.0,82446.1016242132,3,ridge_change,cv,5
2019-06-01,2019-05-01,82552.0,82468.83660411568,3,ridge_change,cv,5
2019-07-01,2019-06-01,84760.0,81752.46167950492,3,ridge_change,cv,6
2019-08-01,2019-07-01,77432.0,83870.43001145087,3,ridge_change,cv,6
2019-09-01,2019-08-01,81572.0,79653.13668426785,3,ridge_change,cv,6
2019-10-01,2019-09-01,82971.0,81838.02175996017,3,ridge_change,cv,6
2019-11-01,2019-10-01,84799.0,83533.96999507307,3,ridge_change,cv,6
2019-12-01,2019-11-01,91989.0,85883.83285934533,3,ridge_change,cv,6
2020-01-01,2019-12-01,98377.0,90194.07920536229,3,ridge_change,cv,6
2020-02-01,2020-01-01,89394.0,93268.97363443198,3,ridge_change,cv,6
2020-03-01,2020-02-01,85807.0,86712.49883730838,3,ridge_change,cv,6
2020-04-01,2020-03-01,91821.0,84392.55377864739,3,ridge_change,cv,6
2020-05-01,2020-04-01,91186.0,86622.878117471,3,ridge_change,cv,6
2020-06-01,2020-05-01,91318.0,85202.56199599452,3,ridge_change,cv,6
2020-07-01,2020-06-01,93286.0,87718.61995762744,3,ridge_change,cv,7
2020-08-01,2020-07-01,90034.0,88394.19850536124,3,ridge_change,cv,7
2020-09-01,2020-08-01,80434.0,87546.21383763937,3,ridge_change,cv,7
2020-10-01,2020-09-01,81732.0,81692.52354820342,3,ridge_change,cv,7
2020-11-01,2020-10-01,82158.0,82111.18575740371,3,ridge_change,cv,7
2020-12-01,2020-11-01,83950.0,84301.71495286014,3,ridge_change,cv,7
2021-01-01,2020-12-01,91149.0,86582.54671096944,3,ridge_change,cv,7
2021-02-01,2021-01-01,79073.0,89526.64310563082,3,ridge_change,cv,7
2021-03-01,2021-02-01,82077.0,80473.85818371632,3,ridge_change,cv,7
2021-04-01,2021-03-01,87052.0,83793.67405783644,3,ridge_change,cv,7
2021-05-01,2021-04-01,89188.0,86485.06887280392,3,ridge_change,cv,7
2021-06-01,2021-05-01,81630.0,89094.76414875565,3,ridge_change,cv,7
2021-07-01,2021-06-01,83487.0,84501.78798403889,3,ridge_change,cv,8
2021-08-01,2021-07-01,85788.0,84526.00021373587,3,ridge_change,cv,8
2021-09-01,2021-08-01,83027.0,84409.7144424255,3,ridge_change,cv,8
2021-10-01,2021-09-01,82699.0,82930.84013111559,3,ridge_change,cv,8
2021-11-01,2021-10-01,81693.0,83350.74817156357,3,ridge_change,cv,8
2021-12-01,2021-11-01,81739.0,83564.03917784459,3,ridge_change,cv,8
2022-01-01,2021-12-01,86386.0,84556.16489685416,3,ridge_change,cv,8
2022-02-01,2022-01-01,89172.0,84602.67193352591,3,ridge_change,cv,8
2022-03-01,2022-02-01,86966.0,85981.27261515692,3,ridge_change,cv,8
2022-04-01,2022-03-01,88321.0,87493.57034221277,3,ridge_change,cv,8
2022-05-01,2022-04-01,83768.0,88278.86228505337,3,ridge_change,cv,8
2022-06-01,2022-05-01,83948.0,84954.97269762188,3,ridge_change,cv,8
2022-07-01,2022-06-01,86884.0,84304.96055924353,3,ridge_change,cv,9
2022-08-01,2022-07-01,84506.0,86281.91984186342,3,ridge_change,cv,9
2022-09-01,2022-08-01,80238.0,84525.71952947689,3,ridge_change,cv,9
2022-10-01,2022-09-01,80034.0,82117.4721682596,3,ridge_change,cv,9
2022-11-01,2022-10-01,84828.0,81229.66545025879,3,ridge_change,cv,9
2022-12-01,2022-11-01,81410.0,84770.85119660712,3,ridge_change,cv,9
2023-01-01,2022-12-01,87152.0,83856.65589909248,3,ridge_change,cv,9
2023-02-01,2023-01-01,87635.0,87401.72470082832,3,ridge_change,cv,9
2023-03-01,2023-02-01,83730.0,86436.6959847203,3,ridge_change,cv,9
2023-04-01,2023-03-01,86443.0,84962.93295447287,3,ridge_change,cv,9
2023-05-01,2023-04-01,85177.0,85283.08327718833,3,ridge_change,cv,9
2023-06-01,2023-05-01,84382.0,84658.40069967328,3,ridge_change,cv,9
2023-07-01,2023-06-01,81693.0,84545.29342367232,3,ridge_change,cv,10
2023-08-01,2023-07-01,81891.0,83196.69897864076,3,ridge_change,cv,10
2023-09-01,2023-08-01,85476.0,81633.90205295004,3,ridge_change,cv,10
2023-10-01,2023-09-01,83415.0,84127.58083892925,3,ridge_change,cv,10
2023-11-01,2023-10-01,84996.0,83893.71732059513,3,ridge_change,cv,10
2023-12-01,2023-11-01,89242.0,84656.27576537487,3,ridge_change,cv,10
2024-01-01,2023-12-01,86589.0,88566.2910225022,3,ridge_change,cv,10
2024-02-01,2024-01-01,80606.0,86819.57921623107,3,ridge_change,cv,10
2024-03-01,2024-02-01,85725.0,81787.7631884281,3,ridge_change,cv,10
2024-04-01,2024-03-01,87187.0,85327.82514289704,3,ridge_change,cv,10
2024-05-01,2024-04-01,86451.0,86454.7522647618,3,ridge_change,cv,10
2024-06-01,2024-05-01,86411.0,85386.82964539727,3,ridge_change,cv,10
2014-07-01,2014-06-01,75789.0,73622.26742048441,3,seasonal_ridge_change,cv,1
2014-08-01,2014-07-01,74349.0,75677.75223382055,3,seasonal_ridge_change,cv,1
2014-09-01,2014-08-01,74918.0,74790.54797323707,3,seasonal_ridge_change,cv,1
2014-10-01,2014-09-01,75434.0,75468.821861649,3,seasonal_ridge_change,cv,1
2014-11-01,2014-10-01,82729.0,75769.66434245765,3,seasonal_ridge_change,cv,1
2014-12-01,2014-11-01,84200.0,81332.2169065388,3,seasonal_ridge_change,cv,1
2015-01-01,2014-12-01,80766.0,82880.31586660742,3,seasonal_ridge_change,cv,1
2015-02-01,2015-01-01,81436.0,80162.1192992414,3,seasonal_ridge_change,cv,1
2015-03-01,2015-02-01,79840.0,79931.23209706183,3,seasonal_ridge_change,cv,1
2015-04-01,2015-03-01,76581.0,77989.11850826514,3,seasonal_ridge_change,cv,1
2015-05-01,2015-04-01,76801.0,75687.5511531237,3,seasonal_ridge_change,cv,1
2015-06-01,2015-05-01,74575.0,75713.80523139697,3,seasonal_ridge_change,cv,1
2015-07-01,2015-06-01,77252.0,74426.7223038098,3,seasonal_ridge_change,cv,2
2015-08-01,2015-07-01,74930.0,76363.07822559416,3,seasonal_ridge_change,cv,2
2015-09-01,2015-08-01,78105.0,75605.42255738669,3,seasonal_ridge_change,cv,2
2015-10-01,2015-09-01,76052.0,77888.99852988544,3,seasonal_ridge_change,cv,2
2015-11-01,2015-10-01,77371.0,77640.3326834234,3,seasonal_ridge_change,cv,2
2015-12-01,2015-11-01,84607.0,79088.34970549491,3,seasonal_ridge_change,cv,2
2016-01-01,2015-12-01,86569.0,82798.47089996192,3,seasonal_ridge_change,cv,2
2016-02-01,2016-01-01,83824.0,84196.95593468848,3,seasonal_ridge_change,cv,2
2016-03-01,2016-02-01,82877.0,82466.36757367021,3,seasonal_ridge_change,cv,2
2016-04-01,2016-03-01,82477.0,80331.8523750096,3,seasonal_ridge_change,cv,2
2016-05-01,2016-04-01,82111.0,80182.94642080754,3,seasonal_ridge_change,cv,2
2016-06-01,2016-05-01,80280.0,79518.90970038935,3,seasonal_ridge_change,cv,2
2016-07-01,2016-06-01,79007.0,78909.12596119699,3,seasonal_ridge_change,cv,3
2016-08-01,2016-07-01,78138.0,78286.22626774323,3,seasonal_ridge_change,cv,3
2016-09-01,2016-08-01,83221.0,78037.31799433337,3,seasonal_ridge_change,cv,3
2016-10-01,2016-09-01,79302.0,82340.62337408877,3,seasonal_ridge_change,cv,3
2016-11-01,2016-10-01,82506.0,80007.00763911032,3,seasonal_ridge_change,cv,3
2016-12-01,2016-11-01,82783.0,83451.2867438211,3,seasonal_ridge_change,cv,3
2017-01-01,2016-12-01,86447.0,83918.2261194523,3,seasonal_ridge_change,cv,3
2017-02-01,2017-01-01,81207.0,84232.03477147293,3,seasonal_ridge_change,cv,3
2017-03-01,2017-02-01,79148.0,80359.0713344405,3,seasonal_ridge_change,cv,3
2017-04-01,2017-03-01,80279.0,79240.91391035714,3,seasonal_ridge_change,cv,3
2017-05-01,2017-04-01,81254.0,79186.67539959845,3,seasonal_ridge_change,cv,3
2017-06-01,2017-05-01,82404.0,79583.97805259808,3,seasonal_ridge_change,cv,3
2017-07-01,2017-06-01,81642.0,80911.61466091518,3,seasonal_ridge_change,cv,4
2017-08-01,2017-07-01,80845.0,81444.22940359257,3,seasonal_ridge_change,cv,4
2017-09-01,2017-08-01,77696.0,81080.9731407678,3,seasonal_ridge_change,cv,4
2017-10-01,2017-09-01,80371.0,79222.62130295018,3,seasonal_ridge_change,cv,4
2017-11-01,2017-10-01,80144.0,81842.31003003623,3,seasonal_ridge_change,cv,4
2017-12-01,2017-11-01,83304.0,81962.03295767008,3,seasonal_ridge_change,cv,4
2018-01-01,2017-12-01,84108.0,84264.09156123197,3,seasonal_ridge_change,cv,4
2018-02-01,2018-01-01,87948.0,83510.02047210826,3,seasonal_ridge_change,cv,4
2018-03-01,2018-02-01,84446.0,84267.99734107274,3,seasonal_ridge_change,cv,4
2018-04-01,2018-03-01,80048.0,83618.97702685413,3,seasonal_ridge_change,cv,4
2018-05-01,2018-04-01,82353.0,80742.9487853563,3,seasonal_ridge_change,cv,4
2018-06-01,2018-05-01,82534.0,81167.23781103162,3,seasonal_ridge_change,cv,4
2018-07-01,2018-06-01,78759.0,81562.04102942722,3,seasonal_ridge_change,cv,5
2018-08-01,2018-07-01,80693.0,79713.92582493268,3,seasonal_ridge_change,cv,5
2018-09-01,2018-08-01,80803.0,80656.42883009357,3,seasonal_ridge_change,cv,5
2018-10-01,2018-09-01,84023.0,81330.84090428217,3,seasonal_ridge_change,cv,5
2018-11-01,2018-10-01,84422.0,84434.18773136816,3,seasonal_ridge_change,cv,5
2018-12-01,2018-11-01,90756.0,85345.98204904313,3,seasonal_ridge_change,cv,5
2019-01-01,2018-12-01,88730.0,88802.22668322493,3,seasonal_ridge_change,cv,5
2019-02-01,2019-01-01,88257.0,87880.59337987217,3,seasonal_ridge_change,cv,5
2019-03-01,2019-02-01,82307.0,85627.68295202416,3,seasonal_ridge_change,cv,5
2019-04-01,2019-03-01,84004.0,81831.43575792629,3,seasonal_ridge_change,cv,5
2019-05-01,2019-04-01,84486.0,82151.72039248035,3,seasonal_ridge_change,cv,5
2019-06-01,2019-05-01,82552.0,82339.91740044988,3,seasonal_ridge_change,cv,5
2019-07-01,2019-06-01,84760.0,81241.43107356806,3,seasonal_ridge_change,cv,6
2019-08-01,2019-07-01,77432.0,83899.67714670832,3,seasonal_ridge_change,cv,6
2019-09-01,2019-08-01,81572.0,80365.32000827811,3,seasonal_ridge_change,cv,6
2019-10-01,2019-09-01,82971.0,82188.82493219455,3,seasonal_ridge_change,cv,6
2019-11-01,2019-10-01,84799.0,84066.45600314839,3,seasonal_ridge_change,cv,6
2019-12-01,2019-11-01,91989.0,86060.67903525215,3,seasonal_ridge_change,cv,6
2020-01-01,2019-12-01,98377.0,90351.6995910756,3,seasonal_ridge_change,cv,6
2020-02-01,2020-01-01,89394.0,93588.57900821701,3,seasonal_ridge_change,cv,6
2020-03-01,2020-02-01,85807.0,87461.16368749412,3,seasonal_ridge_change,cv,6
2020-04-01,2020-03-01,91821.0,84267.02610031149,3,seasonal_ridge_change,cv,6
2020-05-01,2020-04-01,91186.0,85168.6154994279,3,seasonal_ridge_change,cv,6
2020-06-01,2020-05-01,91318.0,85024.65377018921,3,seasonal_ridge_change,cv,6
2020-07-01,2020-06-01,93286.0,88055.14793710467,3,seasonal_ridge_change,cv,7
2020-08-01,2020-07-01,90034.0,88994.41890440557,3,seasonal_ridge_change,cv,7
2020-09-01,2020-08-01,80434.0,88516.63887193693,3,seasonal_ridge_change,cv,7
2020-10-01,2020-09-01,81732.0,82931.01569251818,3,seasonal_ridge_change,cv,7
2020-11-01,2020-10-01,82158.0,82985.64242819269,3,seasonal_ridge_change,cv,7
2020-12-01,2020-11-01,83950.0,84860.96273450402,3,seasonal_ridge_change,cv,7
2021-01-01,2020-12-01,91149.0,86899.16385821828,3,seasonal_ridge_change,cv,7
2021-02-01,2021-01-01,79073.0,89351.53301028951,3,seasonal_ridge_change,cv,7
2021-03-01,2021-02-01,82077.0,81077.30299703153,3,seasonal_ridge_change,cv,7
2021-04-01,2021-03-01,87052.0,82975.6661069282,3,seasonal_ridge_change,cv,7
2021-05-01,2021-04-01,89188.0,85779.72789564473,3,seasonal_ridge_change,cv,7
2021-06-01,2021-05-01,81630.0,88370.6833130628,3,seasonal_ridge_change,cv,7
2021-07-01,2021-06-01,83487.0,84297.13785523779,3,seasonal_ridge_change,cv,8
2021-08-01,2021-07-01,85788.0,84078.70622207744,3,seasonal_ridge_change,cv,8
2021-09-01,2021-08-01,83027.0,84604.38393583258,3,seasonal_ridge_change,cv,8
2021-10-01,2021-09-01,82699.0,83622.35076020415,3,seasonal_ridge_change,cv,8
2021-11-01,2021-10-01,81693.0,83801.95500525471,3,seasonal_ridge_change,cv,8
2021-12-01,2021-11-01,81739.0,84008.66238122708,3,seasonal_ridge_change,cv,8
2022-01-01,2021-12-01,86386.0,84308.7745493002,3,seasonal_ridge_change,cv,8
2022-02-01,2022-01-01,89172.0,84546.2243564717,3,seasonal_ridge_change,cv,8
2022-03-01,2022-02-01,86966.0,85702.9335427363,3,seasonal_ridge_change,cv,8
2022-04-01,2022-03-01,88321.0,87001.78853130846,3,seasonal_ridge_change,cv,8
2022-05-01,2022-04-01,83768.0,87547.89247677776,3,seasonal_ridge_change,cv,8
2022-06-01,2022-05-01,83948.0,84427.41291185355,3,seasonal_ridge_change,cv,8
2022-07-01,2022-06-01,86884.0,83607.20923910283,3,seasonal_ridge_change,cv,9
2022-08-01,2022-07-01,84506.0,86045.4376659371,3,seasonal_ridge_change,cv,9
2022-09-01,2022-08-01,80238.0,84554.97592440431,3,seasonal_ridge_change,cv,9
2022-10-01,2022-09-01,80034.0,82276.47117441928,3,seasonal_ridge_change,cv,9
2022-11-01,2022-10-01,84828.0,81651.48801751452,3,seasonal_ridge_change,cv,9
2022-12-01,2022-11-01,81410.0,84854.19496520916,3,seasonal_ridge_change,cv,9
2023-01-01,2022-12-01,87152.0,84049.7179638801,3,seasonal_ridge_change,cv,9
2023-02-01,2023-01-01,87635.0,87243.93886516949,3,seasonal_ridge_change,cv,9
2023-03-01,2023-02-01,83730.0,86367.95581672172,3,seasonal_ridge_change,cv,9
2023-04-01,2023-03-01,86443.0,84460.42613970091,3,seasonal_ridge_change,cv,9
2023-05-01,2023-04-01,85177.0,84502.14972524496,3,seasonal_ridge_change,cv,9
2023-06-01,2023-05-01,84382.0,83972.46112995199,3,seasonal_ridge_change,cv,9
2023-07-01,2023-06-01,81693.0,83837.39146037612,3,seasonal_ridge_change,cv,10
2023-08-01,2023-07-01,81891.0,82760.50318689301,3,seasonal_ridge_change,cv,10
2023-09-01,2023-08-01,85476.0,81621.76061743831,3,seasonal_ridge_change,cv,10
2023-10-01,2023-09-01,83415.0,84375.17573642673,3,seasonal_ridge_change,cv,10
2023-11-01,2023-10-01,84996.0,84452.37034820378,3,seasonal_ridge_change,cv,10
2023-12-01,2023-11-01,89242.0,85097.50443611969,3,seasonal_ridge_change,cv,10
2024-01-01,2023-12-01,86589.0,88628.29611037236,3,seasonal_ridge_change,cv,10
2024-02-01,2024-01-01,80606.0,87097.10945400612,3,seasonal_ridge_change,cv,10
2024-03-01,2024-02-01,85725.0,81798.51838529459,3,seasonal_ridge_change,cv,10
2024-04-01,2024-03-01,87187.0,84700.23834576583,3,seasonal_ridge_change,cv,10
2024-05-01,2024-04-01,86451.0,86079.0697931832,3,seasonal_ridge_change,cv,10
2024-06-01,2024-05-01,86411.0,84756.97885967651,3,seasonal_ridge_change,cv,10
2014-07-01,2014-06-01,75789.0,73622.26742048441,3,polynomial_ridge_change,cv,1
2014-08-01,2014-07-01,74349.0,75677.75223382055,3,polynomial_ridge_change,cv,1
2014-09-01,2014-08-01,74918.0,74790.54797323707,3,polynomial_ridge_change,cv,1
2014-10-01,2014-09-01,75434.0,75468.821861649,3,polynomial_ridge_change,cv,1
2014-11-01,2014-10-01,82729.0,75769.66434245765,3,polynomial_ridge_change,cv,1
2014-12-01,2014-11-01,84200.0,81332.2169065388,3,polynomial_ridge_change,cv,1
2015-01-01,2014-12-01,80766.0,82880.31586660742,3,polynomial_ridge_change,cv,1
2015-02-01,2015-01-01,81436.0,80162.1192992414,3,polynomial_ridge_change,cv,1
2015-03-01,2015-02-01,79840.0,79931.23209706183,3,polynomial_ridge_change,cv,1
2015-04-01,2015-03-01,76581.0,77989.11850826514,3,polynomial_ridge_change,cv,1
2015-05-01,2015-04-01,76801.0,75687.5511531237,3,polynomial_ridge_change,cv,1
2015-06-01,2015-05-01,74575.0,75713.80523139697,3,polynomial_ridge_change,cv,1
2015-07-01,2015-06-01,77252.0,74426.7223038098,3,polynomial_ridge_change,cv,2
2015-08-01,2015-07-01,74930.0,76363.07822559416,3,polynomial_ridge_change,cv,2
2015-09-01,2015-08-01,78105.0,75605.4225573867,3,polynomial_ridge_change,cv,2
2015-10-01,2015-09-01,76052.0,77888.99852988546,3,polynomial_ridge_change,cv,2
2015-11-01,2015-10-01,77371.0,77640.3326834234,3,polynomial_ridge_change,cv,2
2015-12-01,2015-11-01,84607.0,79088.34970549491,3,polynomial_ridge_change,cv,2
2016-01-01,2015-12-01,86569.0,82798.47089996192,3,polynomial_ridge_change,cv,2
2016-02-01,2016-01-01,83824.0,84196.95593468848,3,polynomial_ridge_change,cv,2
2016-03-01,2016-02-01,82877.0,82466.36757367021,3,polynomial_ridge_change,cv,2
2016-04-01,2016-03-01,82477.0,80331.8523750096,3,polynomial_ridge_change,cv,2
2016-05-01,2016-04-01,82111.0,80182.94642080754,3,polynomial_ridge_change,cv,2
2016-06-01,2016-05-01,80280.0,79518.90970038935,3,polynomial_ridge_change,cv,2
2016-07-01,2016-06-01,79007.0,78909.12596119699,3,polynomial_ridge_change,cv,3
2016-08-01,2016-07-01,78138.0,78286.22626774323,3,polynomial_ridge_change,cv,3
2016-09-01,2016-08-01,83221.0,78037.31799433337,3,polynomial_ridge_change,cv,3
2016-10-01,2016-09-01,79302.0,82340.62337408877,3,polynomial_ridge_change,cv,3
2016-11-01,2016-10-01,82506.0,80007.00763911032,3,polynomial_ridge_change,cv,3
2016-12-01,2016-11-01,82783.0,83451.2867438211,3,polynomial_ridge_change,cv,3
2017-01-01,2016-12-01,86447.0,83918.2261194523,3,polynomial_ridge_change,cv,3
2017-02-01,2017-01-01,81207.0,84232.03477147293,3,polynomial_ridge_change,cv,3
2017-03-01,2017-02-01,79148.0,80359.0713344405,3,polynomial_ridge_change,cv,3
2017-04-01,2017-03-01,80279.0,79240.91391035714,3,polynomial_ridge_change,cv,3
2017-05-01,2017-04-01,81254.0,79186.67539959845,3,polynomial_ridge_change,cv,3
2017-06-01,2017-05-01,82404.0,79583.97805259808,3,polynomial_ridge_change,cv,3
2017-07-01,2017-06-01,81642.0,80911.61466091518,3,polynomial_ridge_change,cv,4
2017-08-01,2017-07-01,80845.0,81444.22940359257,3,polynomial_ridge_change,cv,4
2017-09-01,2017-08-01,77696.0,81080.9731407678,3,polynomial_ridge_change,cv,4
2017-10-01,2017-09-01,80371.0,79222.62130295018,3,polynomial_ridge_change,cv,4
2017-11-01,2017-10-01,80144.0,81842.31003003623,3,polynomial_ridge_change,cv,4
2017-12-01,2017-11-01,83304.0,81962.03295767008,3,polynomial_ridge_change,cv,4
2018-01-01,2017-12-01,84108.0,84264.09156123197,3,polynomial_ridge_change,cv,4
2018-02-01,2018-01-01,87948.0,83510.02047210826,3,polynomial_ridge_change,cv,4
2018-03-01,2018-02-01,84446.0,84267.99734107274,3,polynomial_ridge_change,cv,4
2018-04-01,2018-03-01,80048.0,83618.97702685413,3,polynomial_ridge_change,cv,4
2018-05-01,2018-04-01,82353.0,80742.9487853563,3,polynomial_ridge_change,cv,4
2018-06-01,2018-05-01,82534.0,81167.23781103162,3,polynomial_ridge_change,cv,4
2018-07-01,2018-06-01,78759.0,81562.04102942722,3,polynomial_ridge_change,cv,5
2018-08-01,2018-07-01,80693.0,79713.92582493268,3,polynomial_ridge_change,cv,5
2018-09-01,2018-08-01,80803.0,80656.42883009357,3,polynomial_ridge_change,cv,5
2018-10-01,2018-09-01,84023.0,81330.84090428217,3,polynomial_ridge_change,cv,5
2018-11-01,2018-10-01,84422.0,84434.18773136816,3,polynomial_ridge_change,cv,5
2018-12-01,2018-11-01,90756.0,85345.98204904313,3,polynomial_ridge_change,cv,5
2019-01-01,2018-12-01,88730.0,88802.22668322493,3,polynomial_ridge_change,cv,5
2019-02-01,2019-01-01,88257.0,87880.59337987218,3,polynomial_ridge_change,cv,5
2019-03-01,2019-02-01,82307.0,85627.68295202416,3,polynomial_ridge_change,cv,5
2019-04-01,2019-03-01,84004.0,81831.43575792629,3,polynomial_ridge_change,cv,5
2019-05-01,2019-04-01,84486.0,82151.72039248035,3,polynomial_ridge_change,cv,5
2019-06-01,2019-05-01,82552.0,82339.91740044988,3,polynomial_ridge_change,cv,5
2019-07-01,2019-06-01,84760.0,81241.43107356806,3,polynomial_ridge_change,cv,6
2019-08-01,2019-07-01,77432.0,83899.67714670832,3,polynomial_ridge_change,cv,6
2019-09-01,2019-08-01,81572.0,80365.32000827811,3,polynomial_ridge_change,cv,6
2019-10-01,2019-09-01,82971.0,82188.82493219455,3,polynomial_ridge_change,cv,6
2019-11-01,2019-10-01,84799.0,84066.45600314839,3,polynomial_ridge_change,cv,6
2019-12-01,2019-11-01,91989.0,86060.67903525215,3,polynomial_ridge_change,cv,6
2020-01-01,2019-12-01,98377.0,90351.69959107558,3,polynomial_ridge_change,cv,6
2020-02-01,2020-01-01,89394.0,93588.57900821701,3,polynomial_ridge_change,cv,6
2020-03-01,2020-02-01,85807.0,87461.16368749412,3,polynomial_ridge_change,cv,6
2020-04-01,2020-03-01,91821.0,84267.02610031149,3,polynomial_ridge_change,cv,6
2020-05-01,2020-04-01,91186.0,85168.6154994279,3,polynomial_ridge_change,cv,6
2020-06-01,2020-05-01,91318.0,85024.65377018921,3,polynomial_ridge_change,cv,6
2020-07-01,2020-06-01,93286.0,88055.14793710467,3,polynomial_ridge_change,cv,7
2020-08-01,2020-07-01,90034.0,88994.41890440557,3,polynomial_ridge_change,cv,7
2020-09-01,2020-08-01,80434.0,88516.63887193693,3,polynomial_ridge_change,cv,7
2020-10-01,2020-09-01,81732.0,82931.01569251818,3,polynomial_ridge_change,cv,7
2020-11-01,2020-10-01,82158.0,82985.64242819269,3,polynomial_ridge_change,cv,7
2020-12-01,2020-11-01,83950.0,84860.96273450404,3,polynomial_ridge_change,cv,7
2021-01-01,2020-12-01,91149.0,86899.16385821828,3,polynomial_ridge_change,cv,7
2021-02-01,2021-01-01,79073.0,89351.53301028951,3,polynomial_ridge_change,cv,7
2021-03-01,2021-02-01,82077.0,81077.30299703153,3,polynomial_ridge_change,cv,7
2021-04-01,2021-03-01,87052.0,82975.6661069282,3,polynomial_ridge_change,cv,7
2021-05-01,2021-04-01,89188.0,85779.72789564474,3,polynomial_ridge_change,cv,7
2021-06-01,2021-05-01,81630.0,88370.6833130628,3,polynomial_ridge_change,cv,7
2021-07-01,2021-06-01,83487.0,84297.13785523779,3,polynomial_ridge_change,cv,8
2021-08-01,2021-07-01,85788.0,84078.70622207744,3,polynomial_ridge_change,cv,8
2021-09-01,2021-08-01,83027.0,84604.38393583258,3,polynomial_ridge_change,cv,8
2021-10-01,2021-09-01,82699.0,83622.35076020415,3,polynomial_ridge_change,cv,8
2021-11-01,2021-10-01,81693.0,83801.95500525471,3,polynomial_ridge_change,cv,8
2021-12-01,2021-11-01,81739.0,84008.66238122708,3,polynomial_ridge_change,cv,8
2022-01-01,2021-12-01,86386.0,84308.7745493002,3,polynomial_ridge_change,cv,8
2022-02-01,2022-01-01,89172.0,84546.2243564717,3,polynomial_ridge_change,cv,8
2022-03-01,2022-02-01,86966.0,85702.9335427363,3,polynomial_ridge_change,cv,8
2022-04-01,2022-03-01,88321.0,87001.78853130846,3,polynomial_ridge_change,cv,8
2022-05-01,2022-04-01,83768.0,87547.89247677776,3,polynomial_ridge_change,cv,8
2022-06-01,2022-05-01,83948.0,84427.41291185355,3,polynomial_ridge_change,cv,8
2022-07-01,2022-06-01,86884.0,83607.20923910283,3,polynomial_ridge_change,cv,9
2022-08-01,2022-07-01,84506.0,86045.43766593712,3,polynomial_ridge_change,cv,9
2022-09-01,2022-08-01,80238.0,84554.97592440431,3,polynomial_ridge_change,cv,9
2022-10-01,2022-09-01,80034.0,82276.47117441928,3,polynomial_ridge_change,cv,9
2022-11-01,2022-10-01,84828.0,81651.48801751452,3,polynomial_ridge_change,cv,9
2022-12-01,2022-11-01,81410.0,84854.19496520916,3,polynomial_ridge_change,cv,9
2023-01-01,2022-12-01,87152.0,84049.7179638801,3,polynomial_ridge_change,cv,9
2023-02-01,2023-01-01,87635.0,87243.93886516949,3,polynomial_ridge_change,cv,9
2023-03-01,2023-02-01,83730.0,86367.95581672172,3,polynomial_ridge_change,cv,9
2023-04-01,2023-03-01,86443.0,84460.42613970091,3,polynomial_ridge_change,cv,9
2023-05-01,2023-04-01,85177.0,84502.14972524496,3,polynomial_ridge_change,cv,9
2023-06-01,2023-05-01,84382.0,83972.46112995199,3,polynomial_ridge_change,cv,9
2023-07-01,2023-06-01,81693.0,83837.39146037612,3,polynomial_ridge_change,cv,10
2023-08-01,2023-07-01,81891.0,82760.50318689301,3,polynomial_ridge_change,cv,10
2023-09-01,2023-08-01,85476.0,81621.76061743831,3,polynomial_ridge_change,cv,10
2023-10-01,2023-09-01,83415.0,84375.17573642673,3,polynomial_ridge_change,cv,10
2023-11-01,2023-10-01,84996.0,84452.37034820378,3,polynomial_ridge_change,cv,10
2023-12-01,2023-11-01,89242.0,85097.50443611969,3,polynomial_ridge_change,cv,10
2024-01-01,2023-12-01,86589.0,88628.29611037238,3,polynomial_ridge_change,cv,10
2024-02-01,2024-01-01,80606.0,87097.10945400612,3,polynomial_ridge_change,cv,10
2024-03-01,2024-02-01,85725.0,81798.51838529459,3,polynomial_ridge_change,cv,10
2024-04-01,2024-03-01,87187.0,84700.23834576584,3,polynomial_ridge_change,cv,10
2024-05-01,2024-04-01,86451.0,86079.0697931832,3,polynomial_ridge_change,cv,10
2024-06-01,2024-05-01,86411.0,84756.97885967651,3,polynomial_ridge_change,cv,10
2014-07-01,2014-06-01,75789.0,73211.00562518115,3,spline_ridge_change,cv,1
2014-08-01,2014-07-01,74349.0,75098.64510168311,3,spline_ridge_change,cv,1
2014-09-01,2014-08-01,74918.0,74982.07722741683,3,spline_ridge_change,cv,1
2014-10-01,2014-09-01,75434.0,74844.7535581759,3,spline_ridge_change,cv,1
2014-11-01,2014-10-01,82729.0,76123.9886806266,3,spline_ridge_change,cv,1
2014-12-01,2014-11-01,84200.0,82940.4047173389,3,spline_ridge_change,cv,1
2015-01-01,2014-12-01,80766.0,84027.57165980013,3,spline_ridge_change,cv,1
2015-02-01,2015-01-01,81436.0,80162.41205669142,3,spline_ridge_change,cv,1
2015-03-01,2015-02-01,79840.0,79065.16830885109,3,spline_ridge_change,cv,1
2015-04-01,2015-03-01,76581.0,78151.22034517278,3,spline_ridge_change,cv,1
2015-05-01,2015-04-01,76801.0,76989.13888696193,3,spline_ridge_change,cv,1
2015-06-01,2015-05-01,74575.0,76330.88894333444,3,spline_ridge_change,cv,1
2015-07-01,2015-06-01,77252.0,74824.4324182696,3,spline_ridge_change,cv,2
2015-08-01,2015-07-01,74930.0,75997.15519858363,3,spline_ridge_change,cv,2
2015-09-01,2015-08-01,78105.0,75723.66250578912,3,spline_ridge_change,cv,2
2015-10-01,2015-09-01,76052.0,78172.16574933095,3,spline_ridge_change,cv,2
2015-11-01,2015-10-01,77371.0,76207.10883015789,3,spline_ridge_change,cv,2
2015-12-01,2015-11-01,84607.0,77071.95292464564,3,spline_ridge_change,cv,2
2016-01-01,2015-12-01,86569.0,83263.16591259924,3,spline_ridge_change,cv,2
2016-02-01,2016-01-01,83824.0,83399.33370091091,3,spline_ridge_change,cv,2
2016-03-01,2016-02-01,82877.0,81749.46763027494,3,spline_ridge_change,cv,2
2016-04-01,2016-03-01,82477.0,80811.97622260307,3,spline_ridge_change,cv,2
2016-05-01,2016-04-01,82111.0,80913.62886572495,3,spline_ridge_change,cv,2
2016-06-01,2016-05-01,80280.0,80724.61404473324,3,spline_ridge_change,cv,2
2016-07-01,2016-06-01,79007.0,79619.31816291975,3,spline_ridge_change,cv,3
2016-08-01,2016-07-01,78138.0,78228.98854657584,3,spline_ridge_change,cv,3
2016-09-01,2016-08-01,83221.0,77183.35750229009,3,spline_ridge_change,cv,3
2016-10-01,2016-09-01,79302.0,82535.46918168617,3,spline_ridge_change,cv,3
2016-11-01,2016-10-01,82506.0,80434.3930566615,3,spline_ridge_change,cv,3
2016-12-01,2016-11-01,82783.0,83392.55391034178,3,spline_ridge_change,cv,3
2017-01-01,2016-12-01,86447.0,83606.56895538724,3,spline_ridge_change,cv,3
2017-02-01,2017-01-01,81207.0,84950.21947077572,3,spline_ridge_change,cv,3
2017-03-01,2017-02-01,79148.0,80525.69840773426,3,spline_ridge_change,cv,3
2017-04-01,2017-03-01,80279.0,78335.82090815273,3,spline_ridge_change,cv,3
2017-05-01,2017-04-01,81254.0,78898.3538451063,3,spline_ridge_change,cv,3
2017-06-01,2017-05-01,82404.0,80627.58433788079,3,spline_ridge_change,cv,3
2017-07-01,2017-06-01,81642.0,81286.25171527204,3,spline_ridge_change,cv,4
2017-08-01,2017-07-01,80845.0,81426.05153111999,3,spline_ridge_change,cv,4
2017-09-01,2017-08-01,77696.0,80344.94144539959,3,spline_ridge_change,cv,4
2017-10-01,2017-09-01,80371.0,78607.04036912812,3,spline_ridge_change,cv,4
2017-11-01,2017-10-01,80144.0,81290.9728495856,3,spline_ridge_change,cv,4
2017-12-01,2017-11-01,83304.0,81930.38708316218,3,spline_ridge_change,cv,4
2018-01-01,2017-12-01,84108.0,84562.036490615,3,spline_ridge_change,cv,4
2018-02-01,2018-01-01,87948.0,82898.0964014295,3,spline_ridge_change,cv,4
2018-03-01,2018-02-01,84446.0,84703.71875114244,3,spline_ridge_change,cv,4
2018-04-01,2018-03-01,80048.0,83654.80890116966,3,spline_ridge_change,cv,4
2018-05-01,2018-04-01,82353.0,80477.14618591998,3,spline_ridge_change,cv,4
2018-06-01,2018-05-01,82534.0,81260.04377773035,3,spline_ridge_change,cv,4
2018-07-01,2018-06-01,78759.0,81758.14738194413,3,spline_ridge_change,cv,5
2018-08-01,2018-07-01,80693.0,79223.85752395011,3,spline_ridge_change,cv,5
2018-09-01,2018-08-01,80803.0,79985.66906920014,3,spline_ridge_change,cv,5
2018-10-01,2018-09-01,84023.0,81292.88029839657,3,spline_ridge_change,cv,5
2018-11-01,2018-10-01,84422.0,84985.79093133629,3,spline_ridge_change,cv,5
2018-12-01,2018-11-01,90756.0,86100.32939872563,3,spline_ridge_change,cv,5
2019-01-01,2018-12-01,88730.0,90561.57081699451,3,spline_ridge_change,cv,5
2019-02-01,2019-01-01,88257.0,88419.99959302689,3,spline_ridge_change,cv,5
2019-03-01,2019-02-01,82307.0,85916.45480868149,3,spline_ridge_change,cv,5
2019-04-01,2019-03-01,84004.0,82136.90011504911,3,spline_ridge_change,cv,5
2019-05-01,2019-04-01,84486.0,81996.45444305889,3,spline_ridge_change,cv,5
2019-06-01,2019-05-01,82552.0,83822.42109619343,3,spline_ridge_change,cv,5
2019-07-01,2019-06-01,84760.0,82176.67730063995,3,spline_ridge_change,cv,6
2019-08-01,2019-07-01,77432.0,83380.536548893,3,spline_ridge_change,cv,6
2019-09-01,2019-08-01,81572.0,79951.43925894843,3,spline_ridge_change,cv,6
2019-10-01,2019-09-01,82971.0,81201.2646212342,3,spline_ridge_change,cv,6
2019-11-01,2019-10-01,84799.0,83907.46418320581,3,spline_ridge_change,cv,6
2019-12-01,2019-11-01,91989.0,86342.88349851048,3,spline_ridge_change,cv,6
2020-01-01,2019-12-01,98377.0,91487.96303445351,3,spline_ridge_change,cv,6
2020-02-01,2020-01-01,89394.0,94720.3953754322,3,spline_ridge_change,cv,6
2020-03-01,2020-02-01,85807.0,88053.21236466241,3,spline_ridge_change,cv,6
2020-04-01,2020-03-01,91821.0,83989.61348836383,3,spline_ridge_change,cv,6
2020-05-01,2020-04-01,91186.0,90098.9085819822,3,spline_ridge_change,cv,6
2020-06-01,2020-05-01,91318.0,88340.48347560343,3,spline_ridge_change,cv,6
2020-07-01,2020-06-01,93286.0,89355.31309910133,3,spline_ridge_change,cv,7
2020-08-01,2020-07-01,90034.0,89305.70269845771,3,spline_ridge_change,cv,7
2020-09-01,2020-08-01,80434.0,88692.00727801201,3,spline_ridge_change,cv,7
2020-10-01,2020-09-01,81732.0,82306.99860855647,3,spline_ridge_change,cv,7
2020-11-01,2020-10-01,82158.0,83218.62468554296,3,spline_ridge_change,cv,7
2020-12-01,2020-11-01,83950.0,85569.31393450873,3,spline_ridge_change,cv,7
2021-01-01,2020-12-01,91149.0,88124.067046854,3,spline_ridge_change,cv,7
2021-02-01,2021-01-01,79073.0,89207.54813350887,3,spline_ridge_change,cv,7
2021-03-01,2021-02-01,82077.0,81155.61312294067,3,spline_ridge_change,cv,7
2021-04-01,2021-03-01,87052.0,81784.61444925761,3,spline_ridge_change,cv,7
2021-05-01,2021-04-01,89188.0,86026.47117262954,3,spline_ridge_change,cv,7
2021-06-01,2021-05-01,81630.0,89142.78188917275,3,spline_ridge_change,cv,7
2021-07-01,2021-06-01,83487.0,84635.41340189929,3,spline_ridge_change,cv,8
2021-08-01,2021-07-01,85788.0,83188.01213334745,3,spline_ridge_change,cv,8
2021-09-01,2021-08-01,83027.0,83724.61172839541,3,spline_ridge_change,cv,8
2021-10-01,2021-09-01,82699.0,83192.0403781289,3,spline_ridge_change,cv,8
2021-11-01,2021-10-01,81693.0,83823.60719214907,3,spline_ridge_change,cv,8
2021-12-01,2021-11-01,81739.0,84697.56622302074,3,spline_ridge_change,cv,8
2022-01-01,2021-12-01,86386.0,84952.88805917355,3,spline_ridge_change,cv,8
2022-02-01,2022-01-01,89172.0,84035.5359395312,3,spline_ridge_change,cv,8
2022-03-01,2022-02-01,86966.0,84266.46325902062,3,spline_ridge_change,cv,8
2022-04-01,2022-03-01,88321.0,86700.35539090841,3,spline_ridge_change,cv,8
2022-05-01,2022-04-01,83768.0,87243.03648402197,3,spline_ridge_change,cv,8
2022-06-01,2022-05-01,83948.0,84769.75816320736,3,spline_ridge_change,cv,8
2022-07-01,2022-06-01,86884.0,83831.63014860172,3,spline_ridge_change,cv,9
2022-08-01,2022-07-01,84506.0,85720.21483662573,3,spline_ridge_change,cv,9
2022-09-01,2022-08-01,80238.0,84177.98975328977,3,spline_ridge_change,cv,9
2022-10-01,2022-09-01,80034.0,82059.33453168243,3,spline_ridge_change,cv,9
2022-11-01,2022-10-01,84828.0,81479.80818964973,3,spline_ridge_change,cv,9
2022-12-01,2022-11-01,81410.0,85720.06222940415,3,spline_ridge_change,cv,9
2023-01-01,2022-12-01,87152.0,84206.38736179535,3,spline_ridge_change,cv,9
2023-02-01,2023-01-01,87635.0,86448.99162079893,3,spline_ridge_change,cv,9
2023-03-01,2023-02-01,83730.0,85037.983418502,3,spline_ridge_change,cv,9
2023-04-01,2023-03-01,86443.0,83966.83099273608,3,spline_ridge_change,cv,9
2023-05-01,2023-04-01,85177.0,84330.68325502022,3,spline_ridge_change,cv,9
2023-06-01,2023-05-01,84382.0,84653.4281364516,3,spline_ridge_change,cv,9
2023-07-01,2023-06-01,81693.0,83916.3124129385,3,spline_ridge_change,cv,10
2023-08-01,2023-07-01,81891.0,82384.17189352069,3,spline_ridge_change,cv,10
2023-09-01,2023-08-01,85476.0,81066.0979463284,3,spline_ridge_change,cv,10
2023-10-01,2023-09-01,83415.0,83900.80440846799,3,spline_ridge_change,cv,10
2023-11-01,2023-10-01,84996.0,84728.96925105518,3,spline_ridge_change,cv,10
2023-12-01,2023-11-01,89242.0,86090.4993130338,3,spline_ridge_change,cv,10
2024-01-01,2023-12-01,86589.0,89887.24292097714,3,spline_ridge_change,cv,10
2024-02-01,2024-01-01,80606.0,86700.53423017064,3,spline_ridge_change,cv,10
2024-03-01,2024-02-01,85725.0,80753.40333922354,3,spline_ridge_change,cv,10
2024-04-01,2024-03-01,87187.0,83777.19641234547,3,spline_ridge_change,cv,10
2024-05-01,2024-04-01,86451.0,85690.67687773283,3,spline_ridge_change,cv,10
2024-06-01,2024-05-01,86411.0,86032.4247747244,3,spline_ridge_change,cv,10
2014-07-01,2014-06-01,75789.0,73061.57397542697,3,random_forest_change,cv,1
2014-08-01,2014-07-01,74349.0,74539.81492146796,3,random_forest_change,cv,1
2014-09-01,2014-08-01,74918.0,74209.76144534323,3,random_forest_change,cv,1
2014-10-01,2014-09-01,75434.0,73790.77406118355,3,random_forest_change,cv,1
2014-11-01,2014-10-01,82729.0,75736.09244896547,3,random_forest_change,cv,1
2014-12-01,2014-11-01,84200.0,83067.49923447201,3,random_forest_change,cv,1
2015-01-01,2014-12-01,80766.0,84380.89214265942,3,random_forest_change,cv,1
2015-02-01,2015-01-01,81436.0,79862.4418373185,3,random_forest_change,cv,1
2015-03-01,2015-02-01,79840.0,80068.57730541157,3,random_forest_change,cv,1
2015-04-01,2015-03-01,76581.0,78376.82573955978,3,random_forest_change,cv,1
2015-05-01,2015-04-01,76801.0,75551.32324053359,3,random_forest_change,cv,1
2015-06-01,2015-05-01,74575.0,75933.57144005856,3,random_forest_change,cv,1
2015-07-01,2015-06-01,77252.0,74488.04902861087,3,random_forest_change,cv,2
2015-08-01,2015-07-01,74930.0,76182.03065283134,3,random_forest_change,cv,2
2015-09-01,2015-08-01,78105.0,75122.51899189713,3,random_forest_change,cv,2
2015-10-01,2015-09-01,76052.0,77457.75364859102,3,random_forest_change,cv,2
2015-11-01,2015-10-01,77371.0,76680.45333080277,3,random_forest_change,cv,2
2015-12-01,2015-11-01,84607.0,77738.0749318669,3,random_forest_change,cv,2
2016-01-01,2015-12-01,86569.0,84132.11522551965,3,random_forest_change,cv,2
2016-02-01,2016-01-01,83824.0,84939.17829972251,3,random_forest_change,cv,2
2016-03-01,2016-02-01,82877.0,82404.74971928087,3,random_forest_change,cv,2
2016-04-01,2016-03-01,82477.0,81431.68633194301,3,random_forest_change,cv,2
2016-05-01,2016-04-01,82111.0,80964.48818930735,3,random_forest_change,cv,2
2016-06-01,2016-05-01,80280.0,80710.2654195911,3,random_forest_change,cv,2
2016-07-01,2016-06-01,79007.0,79624.5220094083,3,random_forest_change,cv,3
2016-08-01,2016-07-01,78138.0,78472.8067575292,3,random_forest_change,cv,3
2016-09-01,2016-08-01,83221.0,77626.118074426,3,random_forest_change,cv,3
2016-10-01,2016-09-01,79302.0,82074.56492739257,3,random_forest_change,cv,3
2016-11-01,2016-10-01,82506.0,79975.00320779972,3,random_forest_change,cv,3
2016-12-01,2016-11-01,82783.0,83289.00396400531,3,random_forest_change,cv,3
2017-01-01,2016-12-01,86447.0,83459.20716030459,3,random_forest_change,cv,3
2017-02-01,2017-01-01,81207.0,85220.26901337762,3,random_forest_change,cv,3
2017-03-01,2017-02-01,79148.0,80083.48548479444,3,random_forest_change,cv,3
2017-04-01,2017-03-01,80279.0,78217.27920369741,3,random_forest_change,cv,3
2017-05-01,2017-04-01,81254.0,78719.48740935918,3,random_forest_change,cv,3
2017-06-01,2017-05-01,82404.0,79871.58219906155,3,random_forest_change,cv,3
2017-07-01,2017-06-01,81642.0,81428.31267608082,3,random_forest_change,cv,4
2017-08-01,2017-07-01,80845.0,81129.89564612419,3,random_forest_change,cv,4
2017-09-01,2017-08-01,77696.0,80900.16267079841,3,random_forest_change,cv,4
2017-10-01,2017-09-01,80371.0,77673.6778060804,3,random_forest_change,cv,4
2017-11-01,2017-10-01,80144.0,81170.22686000184,3,random_forest_change,cv,4
2017-12-01,2017-11-01,83304.0,81741.2204231029,3,random_forest_change,cv,4
2018-01-01,2017-12-01,84108.0,84119.44872625958,3,random_forest_change,cv,4
2018-02-01,2018-01-01,87948.0,82289.12261574385,3,random_forest_change,cv,4
2018-03-01,2018-02-01,84446.0,85793.15101818822,3,random_forest_change,cv,4
2018-04-01,2018-03-01,80048.0,83709.48397114337,3,random_forest_change,cv,4
2018-05-01,2018-04-01,82353.0,79812.62566446481,3,random_forest_change,cv,4
2018-06-01,2018-05-01,82534.0,81193.64082335882,3,random_forest_change,cv,4
2018-07-01,2018-06-01,78759.0,81773.44005608799,3,random_forest_change,cv,5
2018-08-01,2018-07-01,80693.0,78855.88867871741,3,random_forest_change,cv,5
2018-09-01,2018-08-01,80803.0,79804.58790980317,3,random_forest_change,cv,5
2018-10-01,2018-09-01,84023.0,80316.20868787906,3,random_forest_change,cv,5
2018-11-01,2018-10-01,84422.0,84599.5544298948,3,random_forest_change,cv,5
2018-12-01,2018-11-01,90756.0,85830.85634173367,3,random_forest_change,cv,5
2019-01-01,2018-12-01,88730.0,91342.7357575525,3,random_forest_change,cv,5
2019-02-01,2019-01-01,88257.0,87866.11912349389,3,random_forest_change,cv,5
2019-03-01,2019-02-01,82307.0,86387.72600986394,3,random_forest_change,cv,5
2019-04-01,2019-03-01,84004.0,81386.44686115574,3,random_forest_change,cv,5
2019-05-01,2019-04-01,84486.0,82823.78833585572,3,random_forest_change,cv,5
2019-06-01,2019-05-01,82552.0,83769.59576994575,3,random_forest_change,cv,5
2019-07-01,2019-06-01,84760.0,82419.36340949757,3,random_forest_change,cv,6
2019-08-01,2019-07-01,77432.0,83594.35985629445,3,random_forest_change,cv,6
2019-09-01,2019-08-01,81572.0,78727.8070710796,3,random_forest_change,cv,6
2019-10-01,2019-09-01,82971.0,80967.94718572265,3,random_forest_change,cv,6
2019-11-01,2019-10-01,84799.0,84269.60186488366,3,random_forest_change,cv,6
2019-12-01,2019-11-01,91989.0,85913.20597250921,3,random_forest_change,cv,6
2020-01-01,2019-12-01,98377.0,92197.61083748192,3,random_forest_change,cv,6
2020-02-01,2020-01-01,89394.0,96709.73925640224,3,random_forest_change,cv,6
2020-03-01,2020-02-01,85807.0,88066.09379597241,3,random_forest_change,cv,6
2020-04-01,2020-03-01,91821.0,84092.36705344518,3,random_forest_change,cv,6
2020-05-01,2020-04-01,91186.0,90494.71370759854,3,random_forest_change,cv,6
2020-06-01,2020-05-01,91318.0,89952.4637596196,3,random_forest_change,cv,6
2020-07-01,2020-06-01,93286.0,89564.02139975739,3,random_forest_change,cv,7
2020-08-01,2020-07-01,90034.0,91087.04804885953,3,random_forest_change,cv,7
2020-09-01,2020-08-01,80434.0,89201.42157573451,3,random_forest_change,cv,7
2020-10-01,2020-09-01,81732.0,81094.39521060708,3,random_forest_change,cv,7
2020-11-01,2020-10-01,82158.0,83809.9301796084,3,random_forest_change,cv,7
2020-12-01,2020-11-01,83950.0,85033.46795790625,3,random_forest_change,cv,7
2021-01-01,2020-12-01,91149.0,86065.29863747417,3,random_forest_change,cv,7
2021-02-01,2021-01-01,79073.0,88094.4015744635,3,random_forest_change,cv,7
2021-03-01,2021-02-01,82077.0,79542.63334792685,3,random_forest_change,cv,7
2021-04-01,2021-03-01,87052.0,80644.79683535188,3,random_forest_change,cv,7
2021-05-01,2021-04-01,89188.0,85057.13860470911,3,random_forest_change,cv,7
2021-06-01,2021-05-01,81630.0,87467.55499727762,3,random_forest_change,cv,7
2021-07-01,2021-06-01,83487.0,83451.76034020438,3,random_forest_change,cv,8
2021-08-01,2021-07-01,85788.0,83838.37863409889,3,random_forest_change,cv,8
2021-09-01,2021-08-01,83027.0,83986.63277440383,3,random_forest_change,cv,8
2021-10-01,2021-09-01,82699.0,83564.01989450613,3,random_forest_change,cv,8
2021-11-01,2021-10-01,81693.0,84430.13278361941,3,random_forest_change,cv,8
2021-12-01,2021-11-01,81739.0,84935.26399038419,3,random_forest_change,cv,8
2022-01-01,2021-12-01,86386.0,84768.51242017372,3,random_forest_change,cv,8
2022-02-01,2022-01-01,89172.0,83293.51969250404,3,random_forest_change,cv,8
2022-03-01,2022-02-01,86966.0,85392.45689831134,3,random_forest_change,cv,8
2022-04-01,2022-03-01,88321.0,85250.56679910242,3,random_forest_change,cv,8
2022-05-01,2022-04-01,83768.0,85695.03885756651,3,random_forest_change,cv,8
2022-06-01,2022-05-01,83948.0,84173.11746671601,3,random_forest_change,cv,8
2022-07-01,2022-06-01,86884.0,84352.34134305277,3,random_forest_change,cv,9
2022-08-01,2022-07-01,84506.0,85919.18434337481,3,random_forest_change,cv,9
2022-09-01,2022-08-01,80238.0,84306.43605756474,3,random_forest_change,cv,9
2022-10-01,2022-09-01,80034.0,81010.14312501646,3,random_forest_change,cv,9
2022-11-01,2022-10-01,84828.0,81259.75577765053,3,random_forest_change,cv,9
2022-12-01,2022-11-01,81410.0,85584.22723783315,3,random_forest_change,cv,9
2023-01-01,2022-12-01,87152.0,84118.57063655784,3,random_forest_change,cv,9
2023-02-01,2023-01-01,87635.0,86256.94339578654,3,random_forest_change,cv,9
2023-03-01,2023-02-01,83730.0,85651.95848829455,3,random_forest_change,cv,9
2023-04-01,2023-03-01,86443.0,85113.95341448036,3,random_forest_change,cv,9
2023-05-01,2023-04-01,85177.0,84982.68521999106,3,random_forest_change,cv,9
2023-06-01,2023-05-01,84382.0,85080.23215540143,3,random_forest_change,cv,9
2023-07-01,2023-06-01,81693.0,84870.18742275443,3,random_forest_change,cv,10
2023-08-01,2023-07-01,81891.0,82919.71105573629,3,random_forest_change,cv,10
2023-09-01,2023-08-01,85476.0,81661.77377661623,3,random_forest_change,cv,10
2023-10-01,2023-09-01,83415.0,84125.47286629058,3,random_forest_change,cv,10
2023-11-01,2023-10-01,84996.0,86030.95875375332,3,random_forest_change,cv,10
2023-12-01,2023-11-01,89242.0,85546.62269858958,3,random_forest_change,cv,10
2024-01-01,2023-12-01,86589.0,88198.99279985816,3,random_forest_change,cv,10
2024-02-01,2024-01-01,80606.0,86158.15989891424,3,random_forest_change,cv,10
2024-03-01,2024-02-01,85725.0,81595.13732661887,3,random_forest_change,cv,10
2024-04-01,2024-03-01,87187.0,85289.85567135693,3,random_forest_change,cv,10
2024-05-01,2024-04-01,86451.0,86542.09356397147,3,random_forest_change,cv,10
2024-06-01,2024-05-01,86411.0,85040.87680334899,3,random_forest_change,cv,10
2014-07-01,2014-06-01,75789.0,73813.53125,3,xgboost_change,cv,1
2014-08-01,2014-07-01,74349.0,74373.4921875,3,xgboost_change,cv,1
2014-09-01,2014-08-01,74918.0,74483.015625,3,xgboost_change,cv,1
2014-10-01,2014-09-01,75434.0,73728.359375,3,xgboost_change,cv,1
2014-11-01,2014-10-01,82729.0,75471.7578125,3,xgboost_change,cv,1
2014-12-01,2014-11-01,84200.0,82853.8203125,3,xgboost_change,cv,1
2015-01-01,2014-12-01,80766.0,83977.59375,3,xgboost_change,cv,1
2015-02-01,2015-01-01,81436.0,80043.40625,3,xgboost_change,cv,1
2015-03-01,2015-02-01,79840.0,80274.109375,3,xgboost_change,cv,1
2015-04-01,2015-03-01,76581.0,78635.34375,3,xgboost_change,cv,1
2015-05-01,2015-04-01,76801.0,75886.5625,3,xgboost_change,cv,1
2015-06-01,2015-05-01,74575.0,75651.140625,3,xgboost_change,cv,1
2015-07-01,2015-06-01,77252.0,74624.6171875,3,xgboost_change,cv,2
2015-08-01,2015-07-01,74930.0,75968.90625,3,xgboost_change,cv,2
2015-09-01,2015-08-01,78105.0,75332.9453125,3,xgboost_change,cv,2
2015-10-01,2015-09-01,76052.0,77266.4375,3,xgboost_change,cv,2
2015-11-01,2015-10-01,77371.0,76367.65625,3,xgboost_change,cv,2
2015-12-01,2015-11-01,84607.0,77582.6328125,3,xgboost_change,cv,2
2016-01-01,2015-12-01,86569.0,84648.515625,3,xgboost_change,cv,2
2016-02-01,2016-01-01,83824.0,85405.1328125,3,xgboost_change,cv,2
2016-03-01,2016-02-01,82877.0,82823.21875,3,xgboost_change,cv,2
2016-04-01,2016-03-01,82477.0,81546.6015625,3,xgboost_change,cv,2
2016-05-01,2016-04-01,82111.0,80953.75,3,xgboost_change,cv,2
2016-06-01,2016-05-01,80280.0,80887.953125,3,xgboost_change,cv,2
2016-07-01,2016-06-01,79007.0,79793.3984375,3,xgboost_change,cv,3
2016-08-01,2016-07-01,78138.0,78554.8046875,3,xgboost_change,cv,3
2016-09-01,2016-08-01,83221.0,77461.5703125,3,xgboost_change,cv,3
2016-10-01,2016-09-01,79302.0,82200.5,3,xgboost_change,cv,3
2016-11-01,2016-10-01,82506.0,79991.984375,3,xgboost_change,cv,3
2016-12-01,2016-11-01,82783.0,83340.5625,3,xgboost_change,cv,3
2017-01-01,2016-12-01,86447.0,83247.6328125,3,xgboost_change,cv,3
2017-02-01,2017-01-01,81207.0,85084.8203125,3,xgboost_change,cv,3
2017-03-01,2017-02-01,79148.0,80320.125,3,xgboost_change,cv,3
2017-04-01,2017-03-01,80279.0,78310.3203125,3,xgboost_change,cv,3
2017-05-01,2017-04-01,81254.0,78738.703125,3,xgboost_change,cv,3
2017-06-01,2017-05-01,82404.0,80011.359375,3,xgboost_change,cv,3
2017-07-01,2017-06-01,81642.0,81402.1328125,3,xgboost_change,cv,4
2017-08-01,2017-07-01,80845.0,81355.5546875,3,xgboost_change,cv,4
2017-09-01,2017-08-01,77696.0,80462.53125,3,xgboost_change,cv,4
2017-10-01,2017-09-01,80371.0,78015.6015625,3,xgboost_change,cv,4
2017-11-01,2017-10-01,80144.0,80665.9765625,3,xgboost_change,cv,4
2017-12-01,2017-11-01,83304.0,81086.890625,3,xgboost_change,cv,4
2018-01-01,2017-12-01,84108.0,83884.5390625,3,xgboost_change,cv,4
2018-02-01,2018-01-01,87948.0,82287.7421875,3,xgboost_change,cv,4
2018-03-01,2018-02-01,84446.0,85982.2578125,3,xgboost_change,cv,4
2018-04-01,2018-03-01,80048.0,84008.3515625,3,xgboost_change,cv,4
2018-05-01,2018-04-01,82353.0,79909.3203125,3,xgboost_change,cv,4
2018-06-01,2018-05-01,82534.0,80850.9375,3,xgboost_change,cv,4
2018-07-01,2018-06-01,78759.0,81878.453125,3,xgboost_change,cv,5
2018-08-01,2018-07-01,80693.0,78932.1015625,3,xgboost_change,cv,5
2018-09-01,2018-08-01,80803.0,79543.8359375,3,xgboost_change,cv,5
2018-10-01,2018-09-01,84023.0,80335.6640625,3,xgboost_change,cv,5
2018-11-01,2018-10-01,84422.0,84247.9609375,3,xgboost_change,cv,5
2018-12-01,2018-11-01,90756.0,85705.796875,3,xgboost_change,cv,5
2019-01-01,2018-12-01,88730.0,91018.9296875,3,xgboost_change,cv,5
2019-02-01,2019-01-01,88257.0,88362.7734375,3,xgboost_change,cv,5
2019-03-01,2019-02-01,82307.0,86436.0234375,3,xgboost_change,cv,5
2019-04-01,2019-03-01,84004.0,81111.8671875,3,xgboost_change,cv,5
2019-05-01,2019-04-01,84486.0,82865.765625,3,xgboost_change,cv,5
2019-06-01,2019-05-01,82552.0,84224.7109375,3,xgboost_change,cv,5
2019-07-01,2019-06-01,84760.0,82678.0078125,3,xgboost_change,cv,6
2019-08-01,2019-07-01,77432.0,84184.6875,3,xgboost_change,cv,6
2019-09-01,2019-08-01,81572.0,79223.5859375,3,xgboost_change,cv,6
2019-10-01,2019-09-01,82971.0,80764.4921875,3,xgboost_change,cv,6
2019-11-01,2019-10-01,84799.0,83872.6953125,3,xgboost_change,cv,6
2019-12-01,2019-11-01,91989.0,85527.328125,3,xgboost_change,cv,6
2020-01-01,2019-12-01,98377.0,92328.796875,3,xgboost_change,cv,6
2020-02-01,2020-01-01,89394.0,97360.6796875,3,xgboost_change,cv,6
2020-03-01,2020-02-01,85807.0,88234.0390625,3,xgboost_change,cv,6
2020-04-01,2020-03-01,91821.0,84236.640625,3,xgboost_change,cv,6
2020-05-01,2020-04-01,91186.0,90616.9453125,3,xgboost_change,cv,6
2020-06-01,2020-05-01,91318.0,89996.3203125,3,xgboost_change,cv,6
2020-07-01,2020-06-01,93286.0,90374.2578125,3,xgboost_change,cv,7
2020-08-01,2020-07-01,90034.0,91488.453125,3,xgboost_change,cv,7
2020-09-01,2020-08-01,80434.0,89941.6953125,3,xgboost_change,cv,7
2020-10-01,2020-09-01,81732.0,81573.65625,3,xgboost_change,cv,7
2020-11-01,2020-10-01,82158.0,83760.1171875,3,xgboost_change,cv,7
2020-12-01,2020-11-01,83950.0,84626.9609375,3,xgboost_change,cv,7
2021-01-01,2020-12-01,91149.0,85744.15625,3,xgboost_change,cv,7
2021-02-01,2021-01-01,79073.0,88711.21875,3,xgboost_change,cv,7
2021-03-01,2021-02-01,82077.0,79355.9375,3,xgboost_change,cv,7
2021-04-01,2021-03-01,87052.0,80334.3515625,3,xgboost_change,cv,7
2021-05-01,2021-04-01,89188.0,85848.7109375,3,xgboost_change,cv,7
2021-06-01,2021-05-01,81630.0,88275.0078125,3,xgboost_change,cv,7
2021-07-01,2021-06-01,83487.0,83960.6015625,3,xgboost_change,cv,8
2021-08-01,2021-07-01,85788.0,84312.2734375,3,xgboost_change,cv,8
2021-09-01,2021-08-01,83027.0,84217.0,3,xgboost_change,cv,8
2021-10-01,2021-09-01,82699.0,83691.734375,3,xgboost_change,cv,8
2021-11-01,2021-10-01,81693.0,84424.5078125,3,xgboost_change,cv,8
2021-12-01,2021-11-01,81739.0,84637.140625,3,xgboost_change,cv,8
2022-01-01,2021-12-01,86386.0,84397.6875,3,xgboost_change,cv,8
2022-02-01,2022-01-01,89172.0,84041.8125,3,xgboost_change,cv,8
2022-03-01,2022-02-01,86966.0,85933.234375,3,xgboost_change,cv,8
2022-04-01,2022-03-01,88321.0,85610.0,3,xgboost_change,cv,8
2022-05-01,2022-04-01,83768.0,86481.90625,3,xgboost_change,cv,8
2022-06-01,2022-05-01,83948.0,84606.9140625,3,xgboost_change,cv,8
2022-07-01,2022-06-01,86884.0,84949.9765625,3,xgboost_change,cv,9
2022-08-01,2022-07-01,84506.0,85909.5546875,3,xgboost_change,cv,9
2022-09-01,2022-08-01,80238.0,84090.6953125,3,xgboost_change,cv,9
2022-10-01,2022-09-01,80034.0,81323.3671875,3,xgboost_change,cv,9
2022-11-01,2022-10-01,84828.0,81121.15625,3,xgboost_change,cv,9
2022-12-01,2022-11-01,81410.0,85491.21875,3,xgboost_change,cv,9
2023-01-01,2022-12-01,87152.0,84330.9921875,3,xgboost_change,cv,9
2023-02-01,2023-01-01,87635.0,86196.4453125,3,xgboost_change,cv,9
2023-03-01,2023-02-01,83730.0,86526.0859375,3,xgboost_change,cv,9
2023-04-01,2023-03-01,86443.0,85027.421875,3,xgboost_change,cv,9
2023-05-01,2023-04-01,85177.0,85266.4609375,3,xgboost_change,cv,9
2023-06-01,2023-05-01,84382.0,84971.5078125,3,xgboost_change,cv,9
2023-07-01,2023-06-01,81693.0,84429.8515625,3,xgboost_change,cv,10
2023-08-01,2023-07-01,81891.0,83208.28125,3,xgboost_change,cv,10
2023-09-01,2023-08-01,85476.0,81173.78125,3,xgboost_change,cv,10
2023-10-01,2023-09-01,83415.0,83936.3359375,3,xgboost_change,cv,10
2023-11-01,2023-10-01,84996.0,86004.1328125,3,xgboost_change,cv,10
2023-12-01,2023-11-01,89242.0,85669.921875,3,xgboost_change,cv,10
2024-01-01,2023-12-01,86589.0,88913.4140625,3,xgboost_change,cv,10
2024-02-01,2024-01-01,80606.0,86696.125,3,xgboost_change,cv,10
2024-03-01,2024-02-01,85725.0,81990.7890625,3,xgboost_change,cv,10
2024-04-01,2024-03-01,87187.0,84930.015625,3,xgboost_change,cv,10
2024-05-01,2024-04-01,86451.0,86342.6015625,3,xgboost_change,cv,10
2024-06-01,2024-05-01,86411.0,85254.4609375,3,xgboost_change,cv,10
2014-07-01,2014-06-01,75789.0,73284.30896329018,3,neural_network_change,cv,1
2014-08-01,2014-07-01,74349.0,75475.74130226913,3,neural_network_change,cv,1
2014-09-01,2014-08-01,74918.0,74629.96947717943,3,neural_network_change,cv,1
2014-10-01,2014-09-01,75434.0,75418.23341132424,3,neural_network_change,cv,1
2014-11-01,2014-10-01,82729.0,75765.14366359216,3,neural_network_change,cv,1
2014-12-01,2014-11-01,84200.0,81658.25854118481,3,neural_network_change,cv,1
2015-01-01,2014-12-01,80766.0,83295.47688542052,3,neural_network_change,cv,1
2015-02-01,2015-01-01,81436.0,80483.51767485158,3,neural_network_change,cv,1
2015-03-01,2015-02-01,79840.0,80505.75745144907,3,neural_network_change,cv,1
2015-04-01,2015-03-01,76581.0,78556.57729089443,3,neural_network_change,cv,1
2015-05-01,2015-04-01,76801.0,75910.4772769273,3,neural_network_change,cv,1
2015-06-01,2015-05-01,74575.0,75817.59648729338,3,neural_network_change,cv,1
2015-07-01,2015-06-01,77252.0,74370.63135054619,3,neural_network_change,cv,2
2015-08-01,2015-07-01,74930.0,76420.92632099443,3,neural_network_change,cv,2
2015-09-01,2015-08-01,78105.0,75423.53637157225,3,neural_network_change,cv,2
2015-10-01,2015-09-01,76052.0,77968.34047668603,3,neural_network_change,cv,2
2015-11-01,2015-10-01,77371.0,77227.55361357404,3,neural_network_change,cv,2
2015-12-01,2015-11-01,84607.0,78453.70787652966,3,neural_network_change,cv,2
2016-01-01,2015-12-01,86569.0,83184.46290948387,3,neural_network_change,cv,2
2016-02-01,2016-01-01,83824.0,85146.36344410635,3,neural_network_change,cv,2
2016-03-01,2016-02-01,82877.0,82960.09593442203,3,neural_network_change,cv,2
2016-04-01,2016-03-01,82477.0,81454.25925815894,3,neural_network_change,cv,2
2016-05-01,2016-04-01,82111.0,81054.36737400023,3,neural_network_change,cv,2
2016-06-01,2016-05-01,80280.0,80688.22047715819,3,neural_network_change,cv,2
2016-07-01,2016-06-01,79007.0,79190.1138368847,3,neural_network_change,cv,3
2016-08-01,2016-07-01,78138.0,78441.24399490544,3,neural_network_change,cv,3
2016-09-01,2016-08-01,83221.0,78142.02486299872,3,neural_network_change,cv,3
2016-10-01,2016-09-01,79302.0,82621.66639121149,3,neural_network_change,cv,3
2016-11-01,2016-10-01,82506.0,80229.6264878103,3,neural_network_change,cv,3
2016-12-01,2016-11-01,82783.0,83155.56840023102,3,neural_network_change,cv,3
2017-01-01,2016-12-01,86447.0,83548.44090175508,3,neural_network_change,cv,3
2017-02-01,2017-01-01,81207.0,85160.75708544422,3,neural_network_change,cv,3
2017-03-01,2017-02-01,79148.0,80760.20004321968,3,neural_network_change,cv,3
2017-04-01,2017-03-01,80279.0,78931.71948212052,3,neural_network_change,cv,3
2017-05-01,2017-04-01,81254.0,79038.178714837,3,neural_network_change,cv,3
2017-06-01,2017-05-01,82404.0,80005.42304694619,3,neural_network_change,cv,3
2017-07-01,2017-06-01,81642.0,81320.1160752184,3,neural_network_change,cv,4
2017-08-01,2017-07-01,80845.0,81559.19868355672,3,neural_network_change,cv,4
2017-09-01,2017-08-01,77696.0,81204.82825308356,3,neural_network_change,cv,4
2017-10-01,2017-09-01,80371.0,79075.8437374038,3,neural_network_change,cv,4
2017-11-01,2017-10-01,80144.0,81445.88971400289,3,neural_network_change,cv,4
2017-12-01,2017-11-01,83304.0,81704.5488292666,3,neural_network_change,cv,4
2018-01-01,2017-12-01,84108.0,84461.89905984947,3,neural_network_change,cv,4
2018-02-01,2018-01-01,87948.0,83602.78318832556,3,neural_network_change,cv,4
2018-03-01,2018-02-01,84446.0,85611.28882566214,3,neural_network_change,cv,4
2018-04-01,2018-03-01,80048.0,83673.69130789007,3,neural_network_change,cv,4
2018-05-01,2018-04-01,82353.0,80289.327852994,3,neural_network_change,cv,4
2018-06-01,2018-05-01,82534.0,80839.13425966603,3,neural_network_change,cv,4
2018-07-01,2018-06-01,78759.0,81644.36147078725,3,neural_network_change,cv,5
2018-08-01,2018-07-01,80693.0,79554.01241832119,3,neural_network_change,cv,5
2018-09-01,2018-08-01,80803.0,80567.28094578645,3,neural_network_change,cv,5
2018-10-01,2018-09-01,84023.0,81444.52066536713,3,neural_network_change,cv,5
2018-11-01,2018-10-01,84422.0,84396.43783230238,3,neural_network_change,cv,5
2018-12-01,2018-11-01,90756.0,85483.49886518798,3,neural_network_change,cv,5
2019-01-01,2018-12-01,88730.0,89657.6620988829,3,neural_network_change,cv,5
2019-02-01,2019-01-01,88257.0,88240.09411937033,3,neural_network_change,cv,5
2019-03-01,2019-02-01,82307.0,85853.74741863152,3,neural_network_change,cv,5
2019-04-01,2019-03-01,84004.0,82156.38714201043,3,neural_network_change,cv,5
2019-05-01,2019-04-01,84486.0,82231.47716680319,3,neural_network_change,cv,5
2019-06-01,2019-05-01,82552.0,83349.2279818711,3,neural_network_change,cv,5
2019-07-01,2019-06-01,84760.0,81600.3936284023,3,neural_network_change,cv,6
2019-08-01,2019-07-01,77432.0,83929.98968243055,3,neural_network_change,cv,6
2019-09-01,2019-08-01,81572.0,80710.22285026059,3,neural_network_change,cv,6
2019-10-01,2019-09-01,82971.0,81710.57175200387,3,neural_network_change,cv,6
2019-11-01,2019-10-01,84799.0,84045.11802546243,3,neural_network_change,cv,6
2019-12-01,2019-11-01,91989.0,85966.61229498811,3,neural_network_change,cv,6
2020-01-01,2019-12-01,98377.0,90819.63709255794,3,neural_network_change,cv,6
2020-02-01,2020-01-01,89394.0,95111.36269763151,3,neural_network_change,cv,6
2020-03-01,2020-02-01,85807.0,87741.5133184298,3,neural_network_change,cv,6
2020-04-01,2020-03-01,91821.0,83978.58576492977,3,neural_network_change,cv,6
2020-05-01,2020-04-01,91186.0,88552.11349469495,3,neural_network_change,cv,6
2020-06-01,2020-05-01,91318.0,87926.02945602547,3,neural_network_change,cv,6
2020-07-01,2020-06-01,93286.0,89793.69201119264,3,neural_network_change,cv,7
2020-08-01,2020-07-01,90034.0,89898.77165326127,3,neural_network_change,cv,7
2020-09-01,2020-08-01,80434.0,87886.48755856871,3,neural_network_change,cv,7
2020-10-01,2020-09-01,81732.0,82661.40154688647,3,neural_network_change,cv,7
2020-11-01,2020-10-01,82158.0,82425.34773681962,3,neural_network_change,cv,7
2020-12-01,2020-11-01,83950.0,83522.04395187783,3,neural_network_change,cv,7
2021-01-01,2020-12-01,91149.0,85012.11313410322,3,neural_network_change,cv,7
2021-02-01,2021-01-01,79073.0,87740.9899131013,3,neural_network_change,cv,7
2021-03-01,2021-02-01,82077.0,81088.46301530917,3,neural_network_change,cv,7
2021-04-01,2021-03-01,87052.0,81827.99160131713,3,neural_network_change,cv,7
2021-05-01,2021-04-01,89188.0,85663.76332187951,3,neural_network_change,cv,7
2021-06-01,2021-05-01,81630.0,87696.95834080169,3,neural_network_change,cv,7
2021-07-01,2021-06-01,83487.0,84214.45623206861,3,neural_network_change,cv,8
2021-08-01,2021-07-01,85788.0,82775.25715833137,3,neural_network_change,cv,8
2021-09-01,2021-08-01,83027.0,83462.83681122602,3,neural_network_change,cv,8
2021-10-01,2021-09-01,82699.0,82624.01345829059,3,neural_network_change,cv,8
2021-11-01,2021-10-01,81693.0,83709.49679919383,3,neural_network_change,cv,8
2021-12-01,2021-11-01,81739.0,84781.94960344133,3,neural_network_change,cv,8
2022-01-01,2021-12-01,86386.0,85721.80686279458,3,neural_network_change,cv,8
2022-02-01,2022-01-01,89172.0,83848.03934930649,3,neural_network_change,cv,8
2022-03-01,2022-02-01,86966.0,84784.74903496246,3,neural_network_change,cv,8
2022-04-01,2022-03-01,88321.0,85809.86550352152,3,neural_network_change,cv,8
2022-05-01,2022-04-01,83768.0,86959.42694953988,3,neural_network_change,cv,8
2022-06-01,2022-05-01,83948.0,83965.31562633753,3,neural_network_change,cv,8
2022-07-01,2022-06-01,86884.0,82845.45167732076,3,neural_network_change,cv,9
2022-08-01,2022-07-01,84506.0,84866.50135425106,3,neural_network_change,cv,9
2022-09-01,2022-08-01,80238.0,84556.58541760531,3,neural_network_change,cv,9
2022-10-01,2022-09-01,80034.0,82736.22301758759,3,neural_network_change,cv,9
2022-11-01,2022-10-01,84828.0,82429.88682962024,3,neural_network_change,cv,9
2022-12-01,2022-11-01,81410.0,85761.02648827844,3,neural_network_change,cv,9
2023-01-01,2022-12-01,87152.0,84200.98069094375,3,neural_network_change,cv,9
2023-02-01,2023-01-01,87635.0,86594.03160332,3,neural_network_change,cv,9
2023-03-01,2023-02-01,83730.0,84860.18647996266,3,neural_network_change,cv,9
2023-04-01,2023-03-01,86443.0,83710.09940285081,3,neural_network_change,cv,9
2023-05-01,2023-04-01,85177.0,83610.91940452889,3,neural_network_change,cv,9
2023-06-01,2023-05-01,84382.0,83499.61549396653,3,neural_network_change,cv,9
2023-07-01,2023-06-01,81693.0,83295.03342203241,3,neural_network_change,cv,10
2023-08-01,2023-07-01,81891.0,82356.37035943118,3,neural_network_change,cv,10
2023-09-01,2023-08-01,85476.0,81169.02310924865,3,neural_network_change,cv,10
2023-10-01,2023-09-01,83415.0,83491.88367178183,3,neural_network_change,cv,10
2023-11-01,2023-10-01,84996.0,84715.5014039958,3,neural_network_change,cv,10
2023-12-01,2023-11-01,89242.0,85772.64791365805,3,neural_network_change,cv,10
2024-01-01,2023-12-01,86589.0,89454.31495059349,3,neural_network_change,cv,10
2024-02-01,2024-01-01,80606.0,86678.32598640966,3,neural_network_change,cv,10
2024-03-01,2024-02-01,85725.0,81443.74237433252,3,neural_network_change,cv,10
2024-04-01,2024-03-01,87187.0,83588.62662981213,3,neural_network_change,cv,10
2024-05-01,2024-04-01,86451.0,85588.18075178434,3,neural_network_change,cv,10
2024-06-01,2024-05-01,86411.0,84716.36525504415,3,neural_network_change,cv,10
2024-07-01,2024-06-01,82236.0,86411.0,3,persistence,holdout,0
2024-08-01,2024-07-01,79702.0,82236.0,3,persistence,holdout,0
2024-09-01,2024-08-01,79231.0,79702.0,3,persistence,holdout,0
2024-10-01,2024-09-01,80660.0,79231.0,3,persistence,holdout,0
2024-11-01,2024-10-01,84157.0,80660.0,3,persistence,holdout,0
2024-12-01,2024-11-01,87277.0,84157.0,3,persistence,holdout,0
2025-01-01,2024-12-01,89911.0,87277.0,3,persistence,holdout,0
2025-02-01,2025-01-01,81086.0,89911.0,3,persistence,holdout,0
2025-03-01,2025-02-01,81895.0,81086.0,3,persistence,holdout,0
2025-04-01,2025-03-01,85187.0,81895.0,3,persistence,holdout,0
2025-05-01,2025-04-01,85659.0,85187.0,3,persistence,holdout,0
2025-06-01,2025-05-01,83887.0,85659.0,3,persistence,holdout,0
2025-07-01,2025-06-01,86693.0,83887.0,3,persistence,holdout,0
2025-08-01,2025-07-01,82959.0,86693.0,3,persistence,holdout,0
2025-09-01,2025-08-01,81627.0,82959.0,3,persistence,holdout,0
2025-10-01,2025-09-01,78839.0,81627.0,3,persistence,holdout,0
2025-11-01,2025-10-01,86878.0,78839.0,3,persistence,holdout,0
2025-12-01,2025-11-01,93187.0,86878.0,3,persistence,holdout,0
2026-01-01,2025-12-01,94303.0,93187.0,3,persistence,holdout,0
2026-02-01,2026-01-01,87033.0,94303.0,3,persistence,holdout,0
2026-03-01,2026-02-01,88022.0,87033.0,3,persistence,holdout,0
2026-04-01,2026-03-01,81418.0,88022.0,3,persistence,holdout,0
2026-05-01,2026-04-01,82467.0,81418.0,3,persistence,holdout,0
2026-06-01,2026-05-01,78218.0,82467.0,3,persistence,holdout,0
2024-07-01,2024-06-01,82236.0,81693.0,3,seasonal_naive,holdout,0
2024-08-01,2024-07-01,79702.0,81891.0,3,seasonal_naive,holdout,0
2024-09-01,2024-08-01,79231.0,85476.0,3,seasonal_naive,holdout,0
2024-10-01,2024-09-01,80660.0,83415.0,3,seasonal_naive,holdout,0
2024-11-01,2024-10-01,84157.0,84996.0,3,seasonal_naive,holdout,0
2024-12-01,2024-11-01,87277.0,89242.0,3,seasonal_naive,holdout,0
2025-01-01,2024-12-01,89911.0,86589.0,3,seasonal_naive,holdout,0
2025-02-01,2025-01-01,81086.0,80606.0,3,seasonal_naive,holdout,0
2025-03-01,2025-02-01,81895.0,85725.0,3,seasonal_naive,holdout,0
2025-04-01,2025-03-01,85187.0,87187.0,3,seasonal_naive,holdout,0
2025-05-01,2025-04-01,85659.0,86451.0,3,seasonal_naive,holdout,0
2025-06-01,2025-05-01,83887.0,86411.0,3,seasonal_naive,holdout,0
2025-07-01,2025-06-01,86693.0,82236.0,3,seasonal_naive,holdout,0
2025-08-01,2025-07-01,82959.0,79702.0,3,seasonal_naive,holdout,0
2025-09-01,2025-08-01,81627.0,79231.0,3,seasonal_naive,holdout,0
2025-10-01,2025-09-01,78839.0,80660.0,3,seasonal_naive,holdout,0
2025-11-01,2025-10-01,86878.0,84157.0,3,seasonal_naive,holdout,0
2025-12-01,2025-11-01,93187.0,87277.0,3,seasonal_naive,holdout,0
2026-01-01,2025-12-01,94303.0,89911.0,3,seasonal_naive,holdout,0
2026-02-01,2026-01-01,87033.0,81086.0,3,seasonal_naive,holdout,0
2026-03-01,2026-02-01,88022.0,81895.0,3,seasonal_naive,holdout,0
2026-04-01,2026-03-01,81418.0,85187.0,3,seasonal_naive,holdout,0
2026-05-01,2026-04-01,82467.0,85659.0,3,seasonal_naive,holdout,0
2026-06-01,2026-05-01,78218.0,83887.0,3,seasonal_naive,holdout,0
2024-07-01,2024-06-01,82236.0,87629.78399425287,3,forecast_flow_identity,holdout,0
2024-08-01,2024-07-01,79702.0,79906.63399425289,3,forecast_flow_identity,holdout,0
2024-09-01,2024-08-01,79231.0,77290.47160734146,3,forecast_flow_identity,holdout,0
2024-10-01,2024-09-01,80660.0,79126.1173275862,3,forecast_flow_identity,holdout,0
2024-11-01,2024-10-01,84157.0,82230.94096218025,3,forecast_flow_identity,holdout,0
2024-12-01,2024-11-01,87277.0,86301.73899425287,3,forecast_flow_identity,holdout,0
2025-01-01,2024-12-01,89911.0,92163.78899425287,3,forecast_flow_identity,holdout,0
2025-02-01,2025-01-01,81086.0,85892.1974008157,3,forecast_flow_identity,holdout,0
2025-03-01,2025-02-01,81895.0,80906.31436371099,3,forecast_flow_identity,holdout,0
2025-04-01,2025-03-01,85187.0,85146.6832552042,3,forecast_flow_identity,holdout,0
2025-05-01,2025-04-01,85659.0,84331.69269704435,3,forecast_flow_identity,holdout,0
2025-06-01,2025-05-01,83887.0,84292.08325520423,3,forecast_flow_identity,holdout,0
2025-07-01,2025-06-01,86693.0,84251.42853037769,3,forecast_flow_identity,holdout,0
2025-08-01,2025-07-01,82959.0,86235.2535303777,3,forecast_flow_identity,holdout,0
2025-09-01,2025-08-01,81627.0,80630.43567455906,3,forecast_flow_identity,holdout,0
2025-10-01,2025-09-01,78839.0,81576.56936371101,3,forecast_flow_identity,holdout,0
2025-11-01,2025-10-01,86878.0,80938.18882687113,3,forecast_flow_identity,holdout,0
2025-12-01,2025-11-01,93187.0,88499.92428776687,3,forecast_flow_identity,holdout,0
2026-01-01,2025-12-01,94303.0,97208.19928776684,3,forecast_flow_identity,holdout,0
2026-02-01,2026-01-01,87033.0,90117.98052651095,3,forecast_flow_identity,holdout,0
2026-03-01,2026-02-01,88022.0,87390.10559523813,3,forecast_flow_identity,holdout,0
2026-04-01,2026-03-01,81418.0,90778.18767281107,3,forecast_flow_identity,holdout,0
2026-05-01,2026-04-01,82467.0,80313.41392857142,3,forecast_flow_identity,holdout,0
2026-06-01,2026-05-01,78218.0,80465.99735023042,3,forecast_flow_identity,holdout,0
2024-07-01,2024-06-01,82236.0,85492.70583129389,3,constrained_level,holdout,0
2024-08-01,2024-07-01,79702.0,81287.82705783888,3,constrained_level,holdout,0
2024-09-01,2024-08-01,79231.0,80304.43293724973,3,constrained_level,holdout,0
2024-10-01,2024-09-01,80660.0,79979.67305242471,3,constrained_level,holdout,0
2024-11-01,2024-10-01,84157.0,81683.76573239695,3,constrained_level,holdout,0
2024-12-01,2024-11-01,87277.0,85577.19380918068,3,constrained_level,holdout,0
2025-01-01,2024-12-01,89911.0,88122.32885055493,3,constrained_level,holdout,0
2025-02-01,2025-01-01,81086.0,87990.01913857399,3,constrained_level,holdout,0
2025-03-01,2025-02-01,81895.0,79835.54974710252,3,constrained_level,holdout,0
2025-04-01,2025-03-01,85187.0,83111.80619096423,3,constrained_level,holdout,0
2025-05-01,2025-04-01,85659.0,84443.59213112686,3,constrained_level,holdout,0
2025-06-01,2025-05-01,83887.0,84895.64485965061,3,constrained_level,holdout,0
2025-07-01,2025-06-01,86693.0,82869.17484364529,3,constrained_level,holdout,0
2025-08-01,2025-07-01,82959.0,85801.2259092339,3,constrained_level,holdout,0
2025-09-01,2025-08-01,81627.0,81895.70091653013,3,constrained_level,holdout,0
2025-10-01,2025-09-01,78839.0,81740.15104604457,3,constrained_level,holdout,0
2025-11-01,2025-10-01,86878.0,79867.0811444812,3,constrained_level,holdout,0
2025-12-01,2025-11-01,93187.0,89078.09574774497,3,constrained_level,holdout,0
2026-01-01,2025-12-01,94303.0,92233.83228290893,3,constrained_level,holdout,0
2026-02-01,2026-01-01,87033.0,91762.97687056991,3,constrained_level,holdout,0
2026-03-01,2026-02-01,88022.0,85101.36786065955,3,constrained_level,holdout,0
2026-04-01,2026-03-01,81418.0,86863.56792576629,3,constrained_level,holdout,0
2026-05-01,2026-04-01,82467.0,80512.24064518395,3,constrained_level,holdout,0
2026-06-01,2026-05-01,78218.0,83105.18974346804,3,constrained_level,holdout,0
2024-07-01,2024-06-01,82236.0,85723.57348588234,3,ridge_change,holdout,0
2024-08-01,2024-07-01,79702.0,82143.93790282501,3,ridge_change,holdout,0
2024-09-01,2024-08-01,79231.0,81684.1911561845,3,ridge_change,holdout,0
2024-10-01,2024-09-01,80660.0,80898.01256016652,3,ridge_change,holdout,0
2024-11-01,2024-10-01,84157.0,81761.49834099767,3,ridge_change,holdout,0
2024-12-01,2024-11-01,87277.0,85618.8046917102,3,ridge_change,holdout,0
2025-01-01,2024-12-01,89911.0,87485.0183462858,3,ridge_change,holdout,0
2025-02-01,2025-01-01,81086.0,86692.41576785232,3,ridge_change,holdout,0
2025-03-01,2025-02-01,81895.0,82351.35296860679,3,ridge_change,holdout,0
2025-04-01,2025-03-01,85187.0,84011.94353177087,3,ridge_change,holdout,0
2025-05-01,2025-04-01,85659.0,84619.3169426508,3,ridge_change,holdout,0
2025-06-01,2025-05-01,83887.0,85918.09707039232,3,ridge_change,holdout,0
2025-07-01,2025-06-01,86693.0,83838.72194917512,3,ridge_change,holdout,0
2025-08-01,2025-07-01,82959.0,84853.1197455786,3,ridge_change,holdout,0
2025-09-01,2025-08-01,81627.0,82298.19929652174,3,ridge_change,holdout,0
2025-10-01,2025-09-01,78839.0,81874.7150019832,3,ridge_change,holdout,0
2025-11-01,2025-10-01,86878.0,80376.93540122734,3,ridge_change,holdout,0
2025-12-01,2025-11-01,93187.0,87302.97485678311,3,ridge_change,holdout,0
2026-01-01,2025-12-01,94303.0,91675.44267898127,3,ridge_change,holdout,0
2026-02-01,2026-01-01,87033.0,90591.88862123268,3,ridge_change,holdout,0
2026-03-01,2026-02-01,88022.0,86314.65205387524,3,ridge_change,holdout,0
2026-04-01,2026-03-01,81418.0,86908.8673165226,3,ridge_change,holdout,0
2026-05-01,2026-04-01,82467.0,83016.55610002964,3,ridge_change,holdout,0
2026-06-01,2026-05-01,78218.0,83077.2375135249,3,ridge_change,holdout,0
2024-07-01,2024-06-01,82236.0,85323.9670462736,3,seasonal_ridge_change,holdout,0
2024-08-01,2024-07-01,79702.0,81750.83496506968,3,seasonal_ridge_change,holdout,0
2024-09-01,2024-08-01,79231.0,81642.93270851171,3,seasonal_ridge_change,holdout,0
2024-10-01,2024-09-01,80660.0,81187.70971811783,3,seasonal_ridge_change,holdout,0
2024-11-01,2024-10-01,84157.0,81964.79508854426,3,seasonal_ridge_change,holdout,0
2024-12-01,2024-11-01,87277.0,85770.86267669973,3,seasonal_ridge_change,holdout,0
2025-01-01,2024-12-01,89911.0,87639.39495132661,3,seasonal_ridge_change,holdout,0
2025-02-01,2025-01-01,81086.0,86793.9908055967,3,seasonal_ridge_change,holdout,0
2025-03-01,2025-02-01,81895.0,82457.34524667425,3,seasonal_ridge_change,holdout,0
2025-04-01,2025-03-01,85187.0,83570.702065541,3,seasonal_ridge_change,holdout,0
2025-05-01,2025-04-01,85659.0,83701.62039703017,3,seasonal_ridge_change,holdout,0
2025-06-01,2025-05-01,83887.0,85285.04945999675,3,seasonal_ridge_change,holdout,0
2025-07-01,2025-06-01,86693.0,83470.02264417312,3,seasonal_ridge_change,holdout,0
2025-08-01,2025-07-01,82959.0,84650.98178631948,3,seasonal_ridge_change,holdout,0
2025-09-01,2025-08-01,81627.0,82587.45822448381,3,seasonal_ridge_change,holdout,0
2025-10-01,2025-09-01,78839.0,82334.31624117418,3,seasonal_ridge_change,holdout,0
2025-11-01,2025-10-01,86878.0,80627.75021032833,3,seasonal_ridge_change,holdout,0
2025-12-01,2025-11-01,93187.0,87349.23645104845,3,seasonal_ridge_change,holdout,0
2026-01-01,2025-12-01,94303.0,92086.26458171243,3,seasonal_ridge_change,holdout,0
2026-02-01,2026-01-01,87033.0,91109.89947223052,3,seasonal_ridge_change,holdout,0
2026-03-01,2026-02-01,88022.0,86673.48269889689,3,seasonal_ridge_change,holdout,0
2026-04-01,2026-03-01,81418.0,86575.38220675143,3,seasonal_ridge_change,holdout,0
2026-05-01,2026-04-01,82467.0,82722.75428285402,3,seasonal_ridge_change,holdout,0
2026-06-01,2026-05-01,78218.0,82377.11771517695,3,seasonal_ridge_change,holdout,0
2024-07-01,2024-06-01,82236.0,85323.96704627361,3,polynomial_ridge_change,holdout,0
2024-08-01,2024-07-01,79702.0,81750.83496506968,3,polynomial_ridge_change,holdout,0
2024-09-01,2024-08-01,79231.0,81642.9327085117,3,polynomial_ridge_change,holdout,0
2024-10-01,2024-09-01,80660.0,81187.70971811783,3,polynomial_ridge_change,holdout,0
2024-11-01,2024-10-01,84157.0,81964.79508854424,3,polynomial_ridge_change,holdout,0
2024-12-01,2024-11-01,87277.0,85770.86267669973,3,polynomial_ridge_change,holdout,0
2025-01-01,2024-12-01,89911.0,87639.39495132663,3,polynomial_ridge_change,holdout,0
2025-02-01,2025-01-01,81086.0,86793.9908055967,3,polynomial_ridge_change,holdout,0
2025-03-01,2025-02-01,81895.0,82457.34524667425,3,polynomial_ridge_change,holdout,0
2025-04-01,2025-03-01,85187.0,83570.702065541,3,polynomial_ridge_change,holdout,0
2025-05-01,2025-04-01,85659.0,83701.62039703017,3,polynomial_ridge_change,holdout,0
2025-06-01,2025-05-01,83887.0,85285.04945999675,3,polynomial_ridge_change,holdout,0
2025-07-01,2025-06-01,86693.0,83470.02264417312,3,polynomial_ridge_change,holdout,0
2025-08-01,2025-07-01,82959.0,84650.98178631948,3,polynomial_ridge_change,holdout,0
2025-09-01,2025-08-01,81627.0,82587.45822448381,3,polynomial_ridge_change,holdout,0
2025-10-01,2025-09-01,78839.0,82334.31624117418,3,polynomial_ridge_change,holdout,0
2025-11-01,2025-10-01,86878.0,80627.75021032832,3,polynomial_ridge_change,holdout,0
2025-12-01,2025-11-01,93187.0,87349.23645104845,3,polynomial_ridge_change,holdout,0
2026-01-01,2025-12-01,94303.0,92086.26458171243,3,polynomial_ridge_change,holdout,0
2026-02-01,2026-01-01,87033.0,91109.89947223052,3,polynomial_ridge_change,holdout,0
2026-03-01,2026-02-01,88022.0,86673.48269889689,3,polynomial_ridge_change,holdout,0
2026-04-01,2026-03-01,81418.0,86575.38220675143,3,polynomial_ridge_change,holdout,0
2026-05-01,2026-04-01,82467.0,82722.75428285402,3,polynomial_ridge_change,holdout,0
2026-06-01,2026-05-01,78218.0,82377.11771517695,3,polynomial_ridge_change,holdout,0
2024-07-01,2024-06-01,82236.0,85618.82576714626,3,spline_ridge_change,holdout,0
2024-08-01,2024-07-01,79702.0,81913.8822872908,3,spline_ridge_change,holdout,0
2024-09-01,2024-08-01,79231.0,81002.9347685941,3,spline_ridge_change,holdout,0
2024-10-01,2024-09-01,80660.0,80077.21287573728,3,spline_ridge_change,holdout,0
2024-11-01,2024-10-01,84157.0,81582.87770236545,3,spline_ridge_change,holdout,0
2024-12-01,2024-11-01,87277.0,85992.19571636355,3,spline_ridge_change,holdout,0
2025-01-01,2024-12-01,89911.0,88579.79118063225,3,spline_ridge_change,holdout,0
2025-02-01,2025-01-01,81086.0,86150.97246636022,3,spline_ridge_change,holdout,0
2025-03-01,2025-02-01,81895.0,81546.45093257696,3,spline_ridge_change,holdout,0
2025-04-01,2025-03-01,85187.0,81891.52806456,3,spline_ridge_change,holdout,0
2025-05-01,2025-04-01,85659.0,83679.64886797294,3,spline_ridge_change,holdout,0
2025-06-01,2025-05-01,83887.0,86037.4740510253,3,spline_ridge_change,holdout,0
2025-07-01,2025-06-01,86693.0,84146.73187396709,3,spline_ridge_change,holdout,0
2025-08-01,2025-07-01,82959.0,84896.90170967807,3,spline_ridge_change,holdout,0
2025-09-01,2025-08-01,81627.0,82431.89915155417,3,spline_ridge_change,holdout,0
2025-10-01,2025-09-01,78839.0,81944.43400403824,3,spline_ridge_change,holdout,0
2025-11-01,2025-10-01,86878.0,79670.87566984404,3,spline_ridge_change,holdout,0
2025-12-01,2025-11-01,93187.0,88792.99213074571,3,spline_ridge_change,holdout,0
2026-01-01,2025-12-01,94303.0,93149.00916694917,3,spline_ridge_change,holdout,0
2026-02-01,2026-01-01,87033.0,91200.78373149903,3,spline_ridge_change,holdout,0
2026-03-01,2026-02-01,88022.0,86982.58095223896,3,spline_ridge_change,holdout,0
2026-04-01,2026-03-01,81418.0,86428.65570964711,3,spline_ridge_change,holdout,0
2026-05-01,2026-04-01,82467.0,82981.13246362015,3,spline_ridge_change,holdout,0
2026-06-01,2026-05-01,78218.0,82860.99083854308,3,spline_ridge_change,holdout,0
2024-07-01,2024-06-01,82236.0,85851.26449394217,3,random_forest_change,holdout,0
2024-08-01,2024-07-01,79702.0,82625.70174450502,3,random_forest_change,holdout,0
2024-09-01,2024-08-01,79231.0,80530.61466081635,3,random_forest_change,holdout,0
2024-10-01,2024-09-01,80660.0,79435.00631742555,3,random_forest_change,holdout,0
2024-11-01,2024-10-01,84157.0,82879.97706689547,3,random_forest_change,holdout,0
2024-12-01,2024-11-01,87277.0,86343.13334573599,3,random_forest_change,holdout,0
2025-01-01,2024-12-01,89911.0,87715.42574459601,3,random_forest_change,holdout,0
2025-02-01,2025-01-01,81086.0,85910.15935070597,3,random_forest_change,holdout,0
2025-03-01,2025-02-01,81895.0,82419.28080005932,3,random_forest_change,holdout,0
2025-04-01,2025-03-01,85187.0,82460.32501590323,3,random_forest_change,holdout,0
2025-05-01,2025-04-01,85659.0,84302.29436842691,3,random_forest_change,holdout,0
2025-06-01,2025-05-01,83887.0,85535.35336145882,3,random_forest_change,holdout,0
2025-07-01,2025-06-01,86693.0,84094.05441968143,3,random_forest_change,holdout,0
2025-08-01,2025-07-01,82959.0,85355.17665467861,3,random_forest_change,holdout,0
2025-09-01,2025-08-01,81627.0,83813.6590597558,3,random_forest_change,holdout,0
2025-10-01,2025-09-01,78839.0,82014.54682671021,3,random_forest_change,holdout,0
2025-11-01,2025-10-01,86878.0,81038.49260075377,3,random_forest_change,holdout,0
2025-12-01,2025-11-01,93187.0,87381.08900324664,3,random_forest_change,holdout,0
2026-01-01,2025-12-01,94303.0,92566.96196544085,3,random_forest_change,holdout,0
2026-02-01,2026-01-01,87033.0,91018.01948605085,3,random_forest_change,holdout,0
2026-03-01,2026-02-01,88022.0,86079.06873478305,3,random_forest_change,holdout,0
2026-04-01,2026-03-01,81418.0,84927.7639806136,3,random_forest_change,holdout,0
2026-05-01,2026-04-01,82467.0,82786.19776024736,3,random_forest_change,holdout,0
2026-06-01,2026-05-01,78218.0,83042.90224324785,3,random_forest_change,holdout,0
2024-07-01,2024-06-01,82236.0,85428.5234375,3,xgboost_change,holdout,0
2024-08-01,2024-07-01,79702.0,82900.7734375,3,xgboost_change,holdout,0
2024-09-01,2024-08-01,79231.0,80863.1328125,3,xgboost_change,holdout,0
2024-10-01,2024-09-01,80660.0,79662.21875,3,xgboost_change,holdout,0
2024-11-01,2024-10-01,84157.0,82887.796875,3,xgboost_change,holdout,0
2024-12-01,2024-11-01,87277.0,86034.2578125,3,xgboost_change,holdout,0
2025-01-01,2024-12-01,89911.0,87928.25,3,xgboost_change,holdout,0
2025-02-01,2025-01-01,81086.0,86202.7109375,3,xgboost_change,holdout,0
2025-03-01,2025-02-01,81895.0,82757.859375,3,xgboost_change,holdout,0
2025-04-01,2025-03-01,85187.0,83403.6875,3,xgboost_change,holdout,0
2025-05-01,2025-04-01,85659.0,84383.7265625,3,xgboost_change,holdout,0
2025-06-01,2025-05-01,83887.0,85610.4609375,3,xgboost_change,holdout,0
2025-07-01,2025-06-01,86693.0,83990.8359375,3,xgboost_change,holdout,0
2025-08-01,2025-07-01,82959.0,85708.640625,3,xgboost_change,holdout,0
2025-09-01,2025-08-01,81627.0,83876.6484375,3,xgboost_change,holdout,0
2025-10-01,2025-09-01,78839.0,82249.1875,3,xgboost_change,holdout,0
2025-11-01,2025-10-01,86878.0,80617.1640625,3,xgboost_change,holdout,0
2025-12-01,2025-11-01,93187.0,88270.8125,3,xgboost_change,holdout,0
2026-01-01,2025-12-01,94303.0,93189.1171875,3,xgboost_change,holdout,0
2026-02-01,2026-01-01,87033.0,91948.9140625,3,xgboost_change,holdout,0
2026-03-01,2026-02-01,88022.0,86688.921875,3,xgboost_change,holdout,0
2026-04-01,2026-03-01,81418.0,85804.1015625,3,xgboost_change,holdout,0
2026-05-01,2026-04-01,82467.0,83220.671875,3,xgboost_change,holdout,0
2026-06-01,2026-05-01,78218.0,83620.546875,3,xgboost_change,holdout,0
2024-07-01,2024-06-01,82236.0,84752.29432183872,3,neural_network_change,holdout,0
2024-08-01,2024-07-01,79702.0,81525.54475248407,3,neural_network_change,holdout,0
2024-09-01,2024-08-01,79231.0,81830.98483985101,3,neural_network_change,holdout,0
2024-10-01,2024-09-01,80660.0,80675.0989705361,3,neural_network_change,holdout,0
2024-11-01,2024-10-01,84157.0,82705.60410731273,3,neural_network_change,holdout,0
2024-12-01,2024-11-01,87277.0,85988.70428860978,3,neural_network_change,holdout,0
2025-01-01,2024-12-01,89911.0,88757.17939699616,3,neural_network_change,holdout,0
2025-02-01,2025-01-01,81086.0,86398.21181385218,3,neural_network_change,holdout,0
2025-03-01,2025-02-01,81895.0,82260.7575999468,3,neural_network_change,holdout,0
2025-04-01,2025-03-01,85187.0,83911.75773815103,3,neural_network_change,holdout,0
2025-05-01,2025-04-01,85659.0,83276.34699585014,3,neural_network_change,holdout,0
2025-06-01,2025-05-01,83887.0,84957.78660150744,3,neural_network_change,holdout,0
2025-07-01,2025-06-01,86693.0,83139.56820289118,3,neural_network_change,holdout,0
2025-08-01,2025-07-01,82959.0,84404.79564566245,3,neural_network_change,holdout,0
2025-09-01,2025-08-01,81627.0,83037.6058410198,3,neural_network_change,holdout,0
2025-10-01,2025-09-01,78839.0,82876.71633449174,3,neural_network_change,holdout,0
2025-11-01,2025-10-01,86878.0,80778.97807387325,3,neural_network_change,holdout,0
2025-12-01,2025-11-01,93187.0,87959.43456514679,3,neural_network_change,holdout,0
2026-01-01,2025-12-01,94303.0,92978.97791725968,3,neural_network_change,holdout,0
2026-02-01,2026-01-01,87033.0,90978.7327405448,3,neural_network_change,holdout,0
2026-03-01,2026-02-01,88022.0,86918.70593906808,3,neural_network_change,holdout,0
2026-04-01,2026-03-01,81418.0,86000.59598002427,3,neural_network_change,holdout,0
2026-05-01,2026-04-01,82467.0,82981.77746908489,3,neural_network_change,holdout,0
2026-06-01,2026-05-01,78218.0,82662.12788802783,3,neural_network_change,holdout,0
2014-07-01,2014-06-01,6539.0,6096.0,4,persistence,cv,1
2014-08-01,2014-07-01,6891.0,6539.0,4,persistence,cv,1
2014-09-01,2014-08-01,7410.0,6891.0,4,persistence,cv,1
2014-10-01,2014-09-01,6520.0,7410.0,4,persistence,cv,1
2014-11-01,2014-10-01,7858.0,6520.0,4,persistence,cv,1
2014-12-01,2014-11-01,7902.0,7858.0,4,persistence,cv,1
2015-01-01,2014-12-01,7651.0,7902.0,4,persistence,cv,1
2015-02-01,2015-01-01,7771.0,7651.0,4,persistence,cv,1
2015-03-01,2015-02-01,6460.0,7771.0,4,persistence,cv,1
2015-04-01,2015-03-01,6792.0,6460.0,4,persistence,cv,1
2015-05-01,2015-04-01,7064.0,6792.0,4,persistence,cv,1
2015-06-01,2015-05-01,6761.0,7064.0,4,persistence,cv,1
2015-07-01,2015-06-01,6448.0,6761.0,4,persistence,cv,2
2015-08-01,2015-07-01,6862.0,6448.0,4,persistence,cv,2
2015-09-01,2015-08-01,7154.0,6862.0,4,persistence,cv,2
2015-10-01,2015-09-01,6800.0,7154.0,4,persistence,cv,2
2015-11-01,2015-10-01,7226.0,6800.0,4,persistence,cv,2
2015-12-01,2015-11-01,7716.0,7226.0,4,persistence,cv,2
2016-01-01,2015-12-01,8001.0,7716.0,4,persistence,cv,2
2016-02-01,2016-01-01,8379.0,8001.0,4,persistence,cv,2
2016-03-01,2016-02-01,8386.0,8379.0,4,persistence,cv,2
2016-04-01,2016-03-01,7606.0,8386.0,4,persistence,cv,2
2016-05-01,2016-04-01,7567.0,7606.0,4,persistence,cv,2
2016-06-01,2016-05-01,7444.0,7567.0,4,persistence,cv,2
2016-07-01,2016-06-01,7418.0,7444.0,4,persistence,cv,3
2016-08-01,2016-07-01,6833.0,7418.0,4,persistence,cv,3
2016-09-01,2016-08-01,6937.0,6833.0,4,persistence,cv,3
2016-10-01,2016-09-01,7295.0,6937.0,4,persistence,cv,3
2016-11-01,2016-10-01,8096.0,7295.0,4,persistence,cv,3
2016-12-01,2016-11-01,7910.0,8096.0,4,persistence,cv,3
2017-01-01,2016-12-01,8615.0,7910.0,4,persistence,cv,3
2017-02-01,2017-01-01,8456.0,8615.0,4,persistence,cv,3
2017-03-01,2017-02-01,7940.0,8456.0,4,persistence,cv,3
2017-04-01,2017-03-01,7809.0,7940.0,4,persistence,cv,3
2017-05-01,2017-04-01,7665.0,7809.0,4,persistence,cv,3
2017-06-01,2017-05-01,7021.0,7665.0,4,persistence,cv,3
2017-07-01,2017-06-01,6696.0,7021.0,4,persistence,cv,4
2017-08-01,2017-07-01,6507.0,6696.0,4,persistence,cv,4
2017-09-01,2017-08-01,6894.0,6507.0,4,persistence,cv,4
2017-10-01,2017-09-01,7080.0,6894.0,4,persistence,cv,4
2017-11-01,2017-10-01,7112.0,7080.0,4,persistence,cv,4
2017-12-01,2017-11-01,7558.0,7112.0,4,persistence,cv,4
2018-01-01,2017-12-01,7650.0,7558.0,4,persistence,cv,4
2018-02-01,2018-01-01,8400.0,7650.0,4,persistence,cv,4
2018-03-01,2018-02-01,7711.0,8400.0,4,persistence,cv,4
2018-04-01,2018-03-01,7170.0,7711.0,4,persistence,cv,4
2018-05-01,2018-04-01,6793.0,7170.0,4,persistence,cv,4
2018-06-01,2018-05-01,7275.0,6793.0,4,persistence,cv,4
2018-07-01,2018-06-01,6966.0,7275.0,4,persistence,cv,5
2018-08-01,2018-07-01,6406.0,6966.0,4,persistence,cv,5
2018-09-01,2018-08-01,6998.0,6406.0,4,persistence,cv,5
2018-10-01,2018-09-01,6816.0,6998.0,4,persistence,cv,5
2018-11-01,2018-10-01,6939.0,6816.0,4,persistence,cv,5
2018-12-01,2018-11-01,7324.0,6939.0,4,persistence,cv,5
2019-01-01,2018-12-01,7499.0,7324.0,4,persistence,cv,5
2019-02-01,2019-01-01,7394.0,7499.0,4,persistence,cv,5
2019-03-01,2019-02-01,6861.0,7394.0,4,persistence,cv,5
2019-04-01,2019-03-01,6567.0,6861.0,4,persistence,cv,5
2019-05-01,2019-04-01,7223.0,6567.0,4,persistence,cv,5
2019-06-01,2019-05-01,7457.0,7223.0,4,persistence,cv,5
2019-07-01,2019-06-01,7435.0,7457.0,4,persistence,cv,6
2019-08-01,2019-07-01,7437.0,7435.0,4,persistence,cv,6
2019-09-01,2019-08-01,7651.0,7437.0,4,persistence,cv,6
2019-10-01,2019-09-01,6666.0,7651.0,4,persistence,cv,6
2019-11-01,2019-10-01,7314.0,6666.0,4,persistence,cv,6
2019-12-01,2019-11-01,8279.0,7314.0,4,persistence,cv,6
2020-01-01,2019-12-01,8878.0,8279.0,4,persistence,cv,6
2020-02-01,2020-01-01,8966.0,8878.0,4,persistence,cv,6
2020-03-01,2020-02-01,9220.0,8966.0,4,persistence,cv,6
2020-04-01,2020-03-01,8373.0,9220.0,4,persistence,cv,6
2020-05-01,2020-04-01,7485.0,8373.0,4,persistence,cv,6
2020-06-01,2020-05-01,7655.0,7485.0,4,persistence,cv,6
2020-07-01,2020-06-01,7333.0,7655.0,4,persistence,cv,7
2020-08-01,2020-07-01,7367.0,7333.0,4,persistence,cv,7
2020-09-01,2020-08-01,7592.0,7367.0,4,persistence,cv,7
2020-10-01,2020-09-01,7588.0,7592.0,4,persistence,cv,7
2020-11-01,2020-10-01,8440.0,7588.0,4,persistence,cv,7
2020-12-01,2020-11-01,8657.0,8440.0,4,persistence,cv,7
2021-01-01,2020-12-01,8868.0,8657.0,4,persistence,cv,7
2021-02-01,2021-01-01,8844.0,8868.0,4,persistence,cv,7
2021-03-01,2021-02-01,8564.0,8844.0,4,persistence,cv,7
2021-04-01,2021-03-01,8119.0,8564.0,4,persistence,cv,7
2021-05-01,2021-04-01,7258.0,8119.0,4,persistence,cv,7
2021-06-01,2021-05-01,6162.0,7258.0,4,persistence,cv,7
2021-07-01,2021-06-01,6234.0,6162.0,4,persistence,cv,8
2021-08-01,2021-07-01,6718.0,6234.0,4,persistence,cv,8
2021-09-01,2021-08-01,7644.0,6718.0,4,persistence,cv,8
2021-10-01,2021-09-01,7594.0,7644.0,4,persistence,cv,8
2021-11-01,2021-10-01,7777.0,7594.0,4,persistence,cv,8
2021-12-01,2021-11-01,8147.0,7777.0,4,persistence,cv,8
2022-01-01,2021-12-01,8910.0,8147.0,4,persistence,cv,8
2022-02-01,2022-01-01,8302.0,8910.0,4,persistence,cv,8
2022-03-01,2022-02-01,8083.0,8302.0,4,persistence,cv,8
2022-04-01,2022-03-01,7951.0,8083.0,4,persistence,cv,8
2022-05-01,2022-04-01,6140.0,7951.0,4,persistence,cv,8
2022-06-01,2022-05-01,6448.0,6140.0,4,persistence,cv,8
2022-07-01,2022-06-01,6816.0,6448.0,4,persistence,cv,9
2022-08-01,2022-07-01,6394.0,6816.0,4,persistence,cv,9
2022-09-01,2022-08-01,6386.0,6394.0,4,persistence,cv,9
2022-10-01,2022-09-01,7003.0,6386.0,4,persistence,cv,9
2022-11-01,2022-10-01,7200.0,7003.0,4,persistence,cv,9
2022-12-01,2022-11-01,7417.0,7200.0,4,persistence,cv,9
2023-01-01,2022-12-01,7387.0,7417.0,4,persistence,cv,9
2023-02-01,2023-01-01,7666.0,7387.0,4,persistence,cv,9
2023-03-01,2023-02-01,7844.0,7666.0,4,persistence,cv,9
2023-04-01,2023-03-01,7295.0,7844.0,4,persistence,cv,9
2023-05-01,2023-04-01,6761.0,7295.0,4,persistence,cv,9
2023-06-01,2023-05-01,6916.0,6761.0,4,persistence,cv,9
2023-07-01,2023-06-01,7197.0,6916.0,4,persistence,cv,10
2023-08-01,2023-07-01,7195.0,7197.0,4,persistence,cv,10
2023-09-01,2023-08-01,7164.0,7195.0,4,persistence,cv,10
2023-10-01,2023-09-01,7208.0,7164.0,4,persistence,cv,10
2023-11-01,2023-10-01,7661.0,7208.0,4,persistence,cv,10
2023-12-01,2023-11-01,7902.0,7661.0,4,persistence,cv,10
2024-01-01,2023-12-01,8642.0,7902.0,4,persistence,cv,10
2024-02-01,2024-01-01,8495.0,8642.0,4,persistence,cv,10
2024-03-01,2024-02-01,8558.0,8495.0,4,persistence,cv,10
2024-04-01,2024-03-01,8572.0,8558.0,4,persistence,cv,10
2024-05-01,2024-04-01,8144.0,8572.0,4,persistence,cv,10
2024-06-01,2024-05-01,8044.0,8144.0,4,persistence,cv,10
2014-07-01,2014-06-01,6539.0,6612.0,4,seasonal_naive,cv,1
2014-08-01,2014-07-01,6891.0,6709.0,4,seasonal_naive,cv,1
2014-09-01,2014-08-01,7410.0,6323.0,4,seasonal_naive,cv,1
2014-10-01,2014-09-01,6520.0,7269.0,4,seasonal_naive,cv,1
2014-11-01,2014-10-01,7858.0,7408.0,4,seasonal_naive,cv,1
2014-12-01,2014-11-01,7902.0,7070.0,4,seasonal_naive,cv,1
2015-01-01,2014-12-01,7651.0,7147.0,4,seasonal_naive,cv,1
2015-02-01,2015-01-01,7771.0,6256.0,4,seasonal_naive,cv,1
2015-03-01,2015-02-01,6460.0,6431.0,4,seasonal_naive,cv,1
2015-04-01,2015-03-01,6792.0,6284.0,4,seasonal_naive,cv,1
2015-05-01,2015-04-01,7064.0,6664.0,4,seasonal_naive,cv,1
2015-06-01,2015-05-01,6761.0,6096.0,4,seasonal_naive,cv,1
2015-07-01,2015-06-01,6448.0,6539.0,4,seasonal_naive,cv,2
2015-08-01,2015-07-01,6862.0,6891.0,4,seasonal_naive,cv,2
2015-09-01,2015-08-01,7154.0,7410.0,4,seasonal_naive,cv,2
2015-10-01,2015-09-01,6800.0,6520.0,4,seasonal_naive,cv,2
2015-11-01,2015-10-01,7226.0,7858.0,4,seasonal_naive,cv,2
2015-12-01,2015-11-01,7716.0,7902.0,4,seasonal_naive,cv,2
2016-01-01,2015-12-01,8001.0,7651.0,4,seasonal_naive,cv,2
2016-02-01,2016-01-01,8379.0,7771.0,4,seasonal_naive,cv,2
2016-03-01,2016-02-01,8386.0,6460.0,4,seasonal_naive,cv,2
2016-04-01,2016-03-01,7606.0,6792.0,4,seasonal_naive,cv,2
2016-05-01,2016-04-01,7567.0,7064.0,4,seasonal_naive,cv,2
2016-06-01,2016-05-01,7444.0,6761.0,4,seasonal_naive,cv,2
2016-07-01,2016-06-01,7418.0,6448.0,4,seasonal_naive,cv,3
2016-08-01,2016-07-01,6833.0,6862.0,4,seasonal_naive,cv,3
2016-09-01,2016-08-01,6937.0,7154.0,4,seasonal_naive,cv,3
2016-10-01,2016-09-01,7295.0,6800.0,4,seasonal_naive,cv,3
2016-11-01,2016-10-01,8096.0,7226.0,4,seasonal_naive,cv,3
2016-12-01,2016-11-01,7910.0,7716.0,4,seasonal_naive,cv,3
2017-01-01,2016-12-01,8615.0,8001.0,4,seasonal_naive,cv,3
2017-02-01,2017-01-01,8456.0,8379.0,4,seasonal_naive,cv,3
2017-03-01,2017-02-01,7940.0,8386.0,4,seasonal_naive,cv,3
2017-04-01,2017-03-01,7809.0,7606.0,4,seasonal_naive,cv,3
2017-05-01,2017-04-01,7665.0,7567.0,4,seasonal_naive,cv,3
2017-06-01,2017-05-01,7021.0,7444.0,4,seasonal_naive,cv,3
2017-07-01,2017-06-01,6696.0,7418.0,4,seasonal_naive,cv,4
2017-08-01,2017-07-01,6507.0,6833.0,4,seasonal_naive,cv,4
2017-09-01,2017-08-01,6894.0,6937.0,4,seasonal_naive,cv,4
2017-10-01,2017-09-01,7080.0,7295.0,4,seasonal_naive,cv,4
2017-11-01,2017-10-01,7112.0,8096.0,4,seasonal_naive,cv,4
2017-12-01,2017-11-01,7558.0,7910.0,4,seasonal_naive,cv,4
2018-01-01,2017-12-01,7650.0,8615.0,4,seasonal_naive,cv,4
2018-02-01,2018-01-01,8400.0,8456.0,4,seasonal_naive,cv,4
2018-03-01,2018-02-01,7711.0,7940.0,4,seasonal_naive,cv,4
2018-04-01,2018-03-01,7170.0,7809.0,4,seasonal_naive,cv,4
2018-05-01,2018-04-01,6793.0,7665.0,4,seasonal_naive,cv,4
2018-06-01,2018-05-01,7275.0,7021.0,4,seasonal_naive,cv,4
2018-07-01,2018-06-01,6966.0,6696.0,4,seasonal_naive,cv,5
2018-08-01,2018-07-01,6406.0,6507.0,4,seasonal_naive,cv,5
2018-09-01,2018-08-01,6998.0,6894.0,4,seasonal_naive,cv,5
2018-10-01,2018-09-01,6816.0,7080.0,4,seasonal_naive,cv,5
2018-11-01,2018-10-01,6939.0,7112.0,4,seasonal_naive,cv,5
2018-12-01,2018-11-01,7324.0,7558.0,4,seasonal_naive,cv,5
2019-01-01,2018-12-01,7499.0,7650.0,4,seasonal_naive,cv,5
2019-02-01,2019-01-01,7394.0,8400.0,4,seasonal_naive,cv,5
2019-03-01,2019-02-01,6861.0,7711.0,4,seasonal_naive,cv,5
2019-04-01,2019-03-01,6567.0,7170.0,4,seasonal_naive,cv,5
2019-05-01,2019-04-01,7223.0,6793.0,4,seasonal_naive,cv,5
2019-06-01,2019-05-01,7457.0,7275.0,4,seasonal_naive,cv,5
2019-07-01,2019-06-01,7435.0,6966.0,4,seasonal_naive,cv,6
2019-08-01,2019-07-01,7437.0,6406.0,4,seasonal_naive,cv,6
2019-09-01,2019-08-01,7651.0,6998.0,4,seasonal_naive,cv,6
2019-10-01,2019-09-01,6666.0,6816.0,4,seasonal_naive,cv,6
2019-11-01,2019-10-01,7314.0,6939.0,4,seasonal_naive,cv,6
2019-12-01,2019-11-01,8279.0,7324.0,4,seasonal_naive,cv,6
2020-01-01,2019-12-01,8878.0,7499.0,4,seasonal_naive,cv,6
2020-02-01,2020-01-01,8966.0,7394.0,4,seasonal_naive,cv,6
2020-03-01,2020-02-01,9220.0,6861.0,4,seasonal_naive,cv,6
2020-04-01,2020-03-01,8373.0,6567.0,4,seasonal_naive,cv,6
2020-05-01,2020-04-01,7485.0,7223.0,4,seasonal_naive,cv,6
2020-06-01,2020-05-01,7655.0,7457.0,4,seasonal_naive,cv,6
2020-07-01,2020-06-01,7333.0,7435.0,4,seasonal_naive,cv,7
2020-08-01,2020-07-01,7367.0,7437.0,4,seasonal_naive,cv,7
2020-09-01,2020-08-01,7592.0,7651.0,4,seasonal_naive,cv,7
2020-10-01,2020-09-01,7588.0,6666.0,4,seasonal_naive,cv,7
2020-11-01,2020-10-01,8440.0,7314.0,4,seasonal_naive,cv,7
2020-12-01,2020-11-01,8657.0,8279.0,4,seasonal_naive,cv,7
2021-01-01,2020-12-01,8868.0,8878.0,4,seasonal_naive,cv,7
2021-02-01,2021-01-01,8844.0,8966.0,4,seasonal_naive,cv,7
2021-03-01,2021-02-01,8564.0,9220.0,4,seasonal_naive,cv,7
2021-04-01,2021-03-01,8119.0,8373.0,4,seasonal_naive,cv,7
2021-05-01,2021-04-01,7258.0,7485.0,4,seasonal_naive,cv,7
2021-06-01,2021-05-01,6162.0,7655.0,4,seasonal_naive,cv,7
2021-07-01,2021-06-01,6234.0,7333.0,4,seasonal_naive,cv,8
2021-08-01,2021-07-01,6718.0,7367.0,4,seasonal_naive,cv,8
2021-09-01,2021-08-01,7644.0,7592.0,4,seasonal_naive,cv,8
2021-10-01,2021-09-01,7594.0,7588.0,4,seasonal_naive,cv,8
2021-11-01,2021-10-01,7777.0,8440.0,4,seasonal_naive,cv,8
2021-12-01,2021-11-01,8147.0,8657.0,4,seasonal_naive,cv,8
2022-01-01,2021-12-01,8910.0,8868.0,4,seasonal_naive,cv,8
2022-02-01,2022-01-01,8302.0,8844.0,4,seasonal_naive,cv,8
2022-03-01,2022-02-01,8083.0,8564.0,4,seasonal_naive,cv,8
2022-04-01,2022-03-01,7951.0,8119.0,4,seasonal_naive,cv,8
2022-05-01,2022-04-01,6140.0,7258.0,4,seasonal_naive,cv,8
2022-06-01,2022-05-01,6448.0,6162.0,4,seasonal_naive,cv,8
2022-07-01,2022-06-01,6816.0,6234.0,4,seasonal_naive,cv,9
2022-08-01,2022-07-01,6394.0,6718.0,4,seasonal_naive,cv,9
2022-09-01,2022-08-01,6386.0,7644.0,4,seasonal_naive,cv,9
2022-10-01,2022-09-01,7003.0,7594.0,4,seasonal_naive,cv,9
2022-11-01,2022-10-01,7200.0,7777.0,4,seasonal_naive,cv,9
2022-12-01,2022-11-01,7417.0,8147.0,4,seasonal_naive,cv,9
2023-01-01,2022-12-01,7387.0,8910.0,4,seasonal_naive,cv,9
2023-02-01,2023-01-01,7666.0,8302.0,4,seasonal_naive,cv,9
2023-03-01,2023-02-01,7844.0,8083.0,4,seasonal_naive,cv,9
2023-04-01,2023-03-01,7295.0,7951.0,4,seasonal_naive,cv,9
2023-05-01,2023-04-01,6761.0,6140.0,4,seasonal_naive,cv,9
2023-06-01,2023-05-01,6916.0,6448.0,4,seasonal_naive,cv,9
2023-07-01,2023-06-01,7197.0,6816.0,4,seasonal_naive,cv,10
2023-08-01,2023-07-01,7195.0,6394.0,4,seasonal_naive,cv,10
2023-09-01,2023-08-01,7164.0,6386.0,4,seasonal_naive,cv,10
2023-10-01,2023-09-01,7208.0,7003.0,4,seasonal_naive,cv,10
2023-11-01,2023-10-01,7661.0,7200.0,4,seasonal_naive,cv,10
2023-12-01,2023-11-01,7902.0,7417.0,4,seasonal_naive,cv,10
2024-01-01,2023-12-01,8642.0,7387.0,4,seasonal_naive,cv,10
2024-02-01,2024-01-01,8495.0,7666.0,4,seasonal_naive,cv,10
2024-03-01,2024-02-01,8558.0,7844.0,4,seasonal_naive,cv,10
2024-04-01,2024-03-01,8572.0,7295.0,4,seasonal_naive,cv,10
2024-05-01,2024-04-01,8144.0,6761.0,4,seasonal_naive,cv,10
2024-06-01,2024-05-01,8044.0,6916.0,4,seasonal_naive,cv,10
2014-07-01,2014-06-01,6539.0,5822.397023809524,4,forecast_flow_identity,cv,1
2014-08-01,2014-07-01,6891.0,6444.572023809527,4,forecast_flow_identity,cv,1
2014-09-01,2014-08-01,7410.0,7086.782603686638,4,forecast_flow_identity,cv,1
2014-10-01,2014-09-01,6520.0,7597.089702380951,4,forecast_flow_identity,cv,1
2014-11-01,2014-10-01,7858.0,7152.218087557601,4,forecast_flow_identity,cv,1
2014-12-01,2014-11-01,7902.0,7666.573690476194,4,forecast_flow_identity,cv,1
2015-01-01,2014-12-01,7651.0,7795.948690476192,4,forecast_flow_identity,cv,1
2015-02-01,2015-01-01,7771.0,7278.698817204302,4,forecast_flow_identity,cv,1
2015-03-01,2015-02-01,6460.0,7648.403154761906,4,forecast_flow_identity,cv,1
2015-04-01,2015-03-01,6792.0,6210.203052995389,4,forecast_flow_identity,cv,1
2015-05-01,2015-04-01,7064.0,6875.1439880952385,4,forecast_flow_identity,cv,1
2015-06-01,2015-05-01,6761.0,7277.1103110599115,4,forecast_flow_identity,cv,1
2015-07-01,2015-06-01,6448.0,6733.3189880952405,4,forecast_flow_identity,cv,2
2015-08-01,2015-07-01,6862.0,6384.118988095241,4,forecast_flow_identity,cv,2
2015-09-01,2015-08-01,7154.0,7075.2054723502315,4,forecast_flow_identity,cv,2
2015-10-01,2015-09-01,6800.0,7259.72648809524,4,forecast_flow_identity,cv,2
2015-11-01,2015-10-01,7226.0,7534.874020737332,4,forecast_flow_identity,cv,2
2015-12-01,2015-11-01,7716.0,7194.087321428575,4,forecast_flow_identity,cv,2
2016-01-01,2015-12-01,8001.0,7554.912321428571,4,forecast_flow_identity,cv,2
2016-02-01,2016-01-01,8379.0,7673.745858294928,4,forecast_flow_identity,cv,2
2016-03-01,2016-02-01,8386.0,8076.571126847292,4,forecast_flow_identity,cv,2
2016-04-01,2016-03-01,7606.0,8239.655929207054,4,forecast_flow_identity,cv,2
2016-05-01,2016-04-01,7567.0,7750.5127935139535,4,forecast_flow_identity,cv,2
2016-06-01,2016-05-01,7444.0,7714.9043163038305,4,forecast_flow_identity,cv,2
2016-07-01,2016-06-01,7418.0,7524.409460180625,4,forecast_flow_identity,cv,3
2016-08-01,2016-07-01,6833.0,7469.059460180625,4,forecast_flow_identity,cv,3
2016-09-01,2016-08-01,6937.0,6961.7543163038345,4,forecast_flow_identity,cv,3
2016-10-01,2016-09-01,7295.0,6913.579460180628,4,forecast_flow_identity,cv,3
2016-11-01,2016-10-01,8096.0,8059.004316303831,4,forecast_flow_identity,cv,3
2016-12-01,2016-11-01,7910.0,8222.826126847292,4,forecast_flow_identity,cv,3
2017-01-01,2016-12-01,8615.0,7855.60112684729,4,forecast_flow_identity,cv,3
2017-02-01,2017-01-01,8456.0,8423.340596959586,4,forecast_flow_identity,cv,3
2017-03-01,2017-02-01,7940.0,8178.194045566502,4,forecast_flow_identity,cv,3
2017-04-01,2017-03-01,7809.0,7711.40714087081,4,forecast_flow_identity,cv,3
2017-05-01,2017-04-01,7665.0,7775.591545566504,4,forecast_flow_identity,cv,3
2017-06-01,2017-05-01,7021.0,7697.095044096616,4,forecast_flow_identity,cv,3
2017-07-01,2017-06-01,6696.0,7110.1965455665,4,forecast_flow_identity,cv,4
2017-08-01,2017-07-01,6507.0,6669.046545566501,4,forecast_flow_identity,cv,4
2017-09-01,2017-08-01,6894.0,6636.691818290164,4,forecast_flow_identity,cv,4
2017-10-01,2017-09-01,7080.0,6835.242378899839,4,forecast_flow_identity,cv,4
2017-11-01,2017-10-01,7112.0,7772.979721515974,4,forecast_flow_identity,cv,4
2017-12-01,2017-11-01,7558.0,7097.329878899836,4,forecast_flow_identity,cv,4
2018-01-01,2017-12-01,7650.0,7657.229878899838,4,forecast_flow_identity,cv,4
2018-02-01,2018-01-01,8400.0,7458.574929551352,4,forecast_flow_identity,cv,4
2018-03-01,2018-02-01,7711.0,8038.124583333331,4,forecast_flow_identity,cv,4
2018-04-01,2018-03-01,7170.0,7515.085080645162,4,forecast_flow_identity,cv,4
2018-05-01,2018-04-01,6793.0,7125.180416666668,4,forecast_flow_identity,cv,4
2018-06-01,2018-05-01,7275.0,6503.929435483873,4,forecast_flow_identity,cv,4
2018-07-01,2018-06-01,6966.0,7263.9820833333315,4,forecast_flow_identity,cv,5
2018-08-01,2018-07-01,6406.0,6993.932083333337,4,forecast_flow_identity,cv,5
2018-09-01,2018-08-01,6998.0,6576.529435483873,4,forecast_flow_identity,cv,5
2018-10-01,2018-09-01,6816.0,7011.115416666675,4,forecast_flow_identity,cv,5
2018-11-01,2018-10-01,6939.0,7382.382661290323,4,forecast_flow_identity,cv,5
2018-12-01,2018-11-01,7324.0,6996.237083333336,4,forecast_flow_identity,cv,5
2019-01-01,2018-12-01,7499.0,7454.137083333334,4,forecast_flow_identity,cv,5
2019-02-01,2019-01-01,7394.0,7481.520346681499,4,forecast_flow_identity,cv,5
2019-03-01,2019-02-01,6861.0,6782.845180623971,4,forecast_flow_identity,cv,5
2019-04-01,2019-03-01,6567.0,6511.311465119977,4,forecast_flow_identity,cv,5
2019-05-01,2019-04-01,7223.0,6491.617680623978,4,forecast_flow_identity,cv,5
2019-06-01,2019-05-01,7457.0,6958.357432861907,4,forecast_flow_identity,cv,5
2019-07-01,2019-06-01,7435.0,7314.376013957306,4,forecast_flow_identity,cv,6
2019-08-01,2019-07-01,7437.0,7329.7067898193745,4,forecast_flow_identity,cv,6
2019-09-01,2019-08-01,7651.0,7862.675925631653,4,forecast_flow_identity,cv,6
2019-10-01,2019-09-01,6666.0,7526.551847290633,4,forecast_flow_identity,cv,6
2019-11-01,2019-10-01,7314.0,7169.556626410293,4,forecast_flow_identity,cv,6
2019-12-01,2019-11-01,8279.0,7574.76184729064,4,forecast_flow_identity,cv,6
2020-01-01,2019-12-01,8878.0,8527.236847290638,4,forecast_flow_identity,cv,6
2020-02-01,2020-01-01,8966.0,9109.352261904765,4,forecast_flow_identity,cv,6
2020-03-01,2020-02-01,9220.0,8378.804642857143,4,forecast_flow_identity,cv,6
2020-04-01,2020-03-01,8373.0,8948.291589861754,4,forecast_flow_identity,cv,6
2020-05-01,2020-04-01,7485.0,8476.202976190474,4,forecast_flow_identity,cv,6
2020-06-01,2020-05-01,7655.0,7410.936751152076,4,forecast_flow_identity,cv,6
2020-07-01,2020-06-01,7333.0,7446.873809523809,4,forecast_flow_identity,cv,7
2020-08-01,2020-07-01,7367.0,7125.192861247948,4,forecast_flow_identity,cv,7
2020-09-01,2020-08-01,7592.0,7714.726962498013,4,forecast_flow_identity,cv,7
2020-10-01,2020-09-01,7588.0,7421.979642857142,4,forecast_flow_identity,cv,7
2020-11-01,2020-10-01,8440.0,8016.310944700465,4,forecast_flow_identity,cv,7
2020-12-01,2020-11-01,8657.0,8907.579527914617,4,forecast_flow_identity,cv,7
2021-01-01,2020-12-01,8868.0,9070.879527914614,4,forecast_flow_identity,cv,7
2021-02-01,2021-01-01,8844.0,9080.28985168706,4,forecast_flow_identity,cv,7
2021-03-01,2021-02-01,8564.0,8580.144343185551,4,forecast_flow_identity,cv,7
2021-04-01,2021-03-01,8119.0,8098.450977276337,4,forecast_flow_identity,cv,7
2021-05-01,2021-04-01,7258.0,7998.76350985222,4,forecast_flow_identity,cv,7
2021-06-01,2021-05-01,6162.0,7293.571138566662,4,forecast_flow_identity,cv,7
2021-07-01,2021-06-01,6234.0,5904.1301765188855,4,forecast_flow_identity,cv,8
2021-08-01,2021-07-01,6718.0,5943.880176518881,4,forecast_flow_identity,cv,8
2021-09-01,2021-08-01,7644.0,7005.3969450182785,4,forecast_flow_identity,cv,8
2021-10-01,2021-09-01,7594.0,7517.666843185548,4,forecast_flow_identity,cv,8
2021-11-01,2021-10-01,7777.0,8123.030815986016,4,forecast_flow_identity,cv,8
2021-12-01,2021-11-01,8147.0,8189.577676518882,4,forecast_flow_identity,cv,8
2022-01-01,2021-12-01,8910.0,8509.502676518878,4,forecast_flow_identity,cv,8
2022-02-01,2022-01-01,8302.0,9066.927779013718,4,forecast_flow_identity,cv,8
2022-03-01,2022-02-01,8083.0,7940.283988095238,4,forecast_flow_identity,cv,8
2022-04-01,2022-03-01,7951.0,7616.965149769589,4,forecast_flow_identity,cv,8
2022-05-01,2022-04-01,6140.0,7654.243154761907,4,forecast_flow_identity,cv,8
2022-06-01,2022-05-01,6448.0,5935.733698156682,4,forecast_flow_identity,cv,8
2022-07-01,2022-06-01,6816.0,6220.283154761904,4,forecast_flow_identity,cv,9
2022-08-01,2022-07-01,6394.0,6739.9581547619055,4,forecast_flow_identity,cv,9
2022-09-01,2022-08-01,6386.0,6805.6207949308755,4,forecast_flow_identity,cv,9
2022-10-01,2022-09-01,7003.0,6088.7081547619055,4,forecast_flow_identity,cv,9
2022-11-01,2022-10-01,7200.0,7360.353341013827,4,forecast_flow_identity,cv,9
2022-12-01,2022-11-01,7417.0,7638.225119047619,4,forecast_flow_identity,cv,9
2023-01-01,2022-12-01,7387.0,7726.6501190476165,4,forecast_flow_identity,cv,9
2023-02-01,2023-01-01,7666.0,7307.108426028923,4,forecast_flow_identity,cv,9
2023-03-01,2023-02-01,7844.0,7337.617025862068,4,forecast_flow_identity,cv,9
2023-04-01,2023-03-01,7295.0,7352.006799221354,4,forecast_flow_identity,cv,9
2023-05-01,2023-04-01,6761.0,6585.132025862067,4,forecast_flow_identity,cv,9
2023-06-01,2023-05-01,6916.0,6755.058412124579,4,forecast_flow_identity,cv,9
2023-07-01,2023-06-01,7197.0,6889.838692528735,4,forecast_flow_identity,cv,10
2023-08-01,2023-07-01,7195.0,7116.963692528735,4,forecast_flow_identity,cv,10
2023-09-01,2023-08-01,7164.0,7567.545508898779,4,forecast_flow_identity,cv,10
2023-10-01,2023-09-01,7208.0,7019.0670258620685,4,forecast_flow_identity,cv,10
2023-11-01,2023-10-01,7661.0,7611.7641466709065,4,forecast_flow_identity,cv,10
2023-12-01,2023-11-01,7902.0,8074.037118226601,4,forecast_flow_identity,cv,10
2024-01-01,2023-12-01,8642.0,8193.560359195404,4,forecast_flow_identity,cv,10
2024-02-01,2024-01-01,8495.0,8522.755082565282,4,forecast_flow_identity,cv,10
2024-03-01,2024-02-01,8558.0,8324.032095648605,4,forecast_flow_identity,cv,10
2024-04-01,2024-03-01,8572.0,8033.840737724458,4,forecast_flow_identity,cv,10
2024-05-01,2024-04-01,8144.0,7847.584595648605,4,forecast_flow_identity,cv,10
2024-06-01,2024-05-01,8044.0,8172.9189635309085,4,forecast_flow_identity,cv,10
2014-07-01,2014-06-01,6539.0,6204.184083378395,4,constrained_level,cv,1
2014-08-01,2014-07-01,6891.0,6572.8423880881655,4,constrained_level,cv,1
2014-09-01,2014-08-01,7410.0,6811.390548189856,4,constrained_level,cv,1
2014-10-01,2014-09-01,6520.0,7028.210499590159,4,constrained_level,cv,1
2014-11-01,2014-10-01,7858.0,6470.308774797431,4,constrained_level,cv,1
2014-12-01,2014-11-01,7902.0,7245.499555731084,4,constrained_level,cv,1
2015-01-01,2014-12-01,7651.0,7279.459270311168,4,constrained_level,cv,1
2015-02-01,2015-01-01,7771.0,6966.628387309635,4,constrained_level,cv,1
2015-03-01,2015-02-01,6460.0,7193.711321336934,4,constrained_level,cv,1
2015-04-01,2015-03-01,6792.0,6432.38924909335,4,constrained_level,cv,1
2015-05-01,2015-04-01,7064.0,6720.548461242206,4,constrained_level,cv,1
2015-06-01,2015-05-01,6761.0,6834.682130113623,4,constrained_level,cv,1
2015-07-01,2015-06-01,6448.0,6773.315412584833,4,constrained_level,cv,2
2015-08-01,2015-07-01,6862.0,6684.415483344414,4,constrained_level,cv,2
2015-09-01,2015-08-01,7154.0,7117.879437780473,4,constrained_level,cv,2
2015-10-01,2015-09-01,6800.0,7141.136727714314,4,constrained_level,cv,2
2015-11-01,2015-10-01,7226.0,6779.202030828604,4,constrained_level,cv,2
2015-12-01,2015-11-01,7716.0,7005.119186206758,4,constrained_level,cv,2
2016-01-01,2015-12-01,8001.0,7353.346636015832,4,constrained_level,cv,2
2016-02-01,2016-01-01,8379.0,7473.127849078387,4,constrained_level,cv,2
2016-03-01,2016-02-01,8386.0,7714.976620492311,4,constrained_level,cv,2
2016-04-01,2016-03-01,7606.0,7908.53855668368,4,constrained_level,cv,2
2016-05-01,2016-04-01,7567.0,7495.027976967439,4,constrained_level,cv,2
2016-06-01,2016-05-01,7444.0,7319.3093873720445,4,constrained_level,cv,2
2016-07-01,2016-06-01,7418.0,7352.627318994808,4,constrained_level,cv,3
2016-08-01,2016-07-01,6833.0,7443.503423586001,4,constrained_level,cv,3
2016-09-01,2016-08-01,6937.0,6980.237954755665,4,constrained_level,cv,3
2016-10-01,2016-09-01,7295.0,7014.348078203924,4,constrained_level,cv,3
2016-11-01,2016-10-01,8096.0,7215.600943900975,4,constrained_level,cv,3
2016-12-01,2016-11-01,7910.0,7756.5471761133285,4,constrained_level,cv,3
2017-01-01,2016-12-01,8615.0,7605.185611812086,4,constrained_level,cv,3
2017-02-01,2017-01-01,8456.0,8056.885899978066,4,constrained_level,cv,3
2017-03-01,2017-02-01,7940.0,7777.056726981169,4,constrained_level,cv,3
2017-04-01,2017-03-01,7809.0,7555.3026266285915,4,constrained_level,cv,3
2017-05-01,2017-04-01,7665.0,7520.145941266636,4,constrained_level,cv,3
2017-06-01,2017-05-01,7021.0,7475.5647776229025,4,constrained_level,cv,3
2017-07-01,2017-06-01,6696.0,7080.118694343849,4,constrained_level,cv,4
2017-08-01,2017-07-01,6507.0,6976.95720023615,4,constrained_level,cv,4
2017-09-01,2017-08-01,6894.0,6849.292539534434,4,constrained_level,cv,4
2017-10-01,2017-09-01,7080.0,7097.789769170797,4,constrained_level,cv,4
2017-11-01,2017-10-01,7112.0,7217.6133653127945,4,constrained_level,cv,4
2017-12-01,2017-11-01,7558.0,7148.027939302284,4,constrained_level,cv,4
2018-01-01,2017-12-01,7650.0,7507.692225865971,4,constrained_level,cv,4
2018-02-01,2018-01-01,8400.0,7563.399881947883,4,constrained_level,cv,4
2018-03-01,2018-02-01,7711.0,7980.218040791496,4,constrained_level,cv,4
2018-04-01,2018-03-01,7170.0,7562.567374638729,4,constrained_level,cv,4
2018-05-01,2018-04-01,6793.0,7032.085577452915,4,constrained_level,cv,4
2018-06-01,2018-05-01,7275.0,6866.889518281112,4,constrained_level,cv,4
2018-07-01,2018-06-01,6966.0,7285.9119241257795,4,constrained_level,cv,5
2018-08-01,2018-07-01,6406.0,7084.466469085729,4,constrained_level,cv,5
2018-09-01,2018-08-01,6998.0,6620.206706458747,4,constrained_level,cv,5
2018-10-01,2018-09-01,6816.0,7098.998165589628,4,constrained_level,cv,5
2018-11-01,2018-10-01,6939.0,6958.530192387037,4,constrained_level,cv,5
2018-12-01,2018-11-01,7324.0,6935.147725930863,4,constrained_level,cv,5
2019-01-01,2018-12-01,7499.0,7365.316781419994,4,constrained_level,cv,5
2019-02-01,2019-01-01,7394.0,7488.023301211457,4,constrained_level,cv,5
2019-03-01,2019-02-01,6861.0,7211.626522892436,4,constrained_level,cv,5
2019-04-01,2019-03-01,6567.0,6922.825542887229,4,constrained_level,cv,5
2019-05-01,2019-04-01,7223.0,6672.735142562213,4,constrained_level,cv,5
2019-06-01,2019-05-01,7457.0,7280.707188027639,4,constrained_level,cv,5
2019-07-01,2019-06-01,7435.0,7418.715544013733,4,constrained_level,cv,6
2019-08-01,2019-07-01,7437.0,7514.636130217899,4,constrained_level,cv,6
2019-09-01,2019-08-01,7651.0,7524.114329570303,4,constrained_level,cv,6
2019-10-01,2019-09-01,6666.0,7564.717693916298,4,constrained_level,cv,6
2019-11-01,2019-10-01,7314.0,6754.979771846384,4,constrained_level,cv,6
2019-12-01,2019-11-01,8279.0,7251.478806307388,4,constrained_level,cv,6
2020-01-01,2019-12-01,8878.0,8047.820605798158,4,constrained_level,cv,6
2020-02-01,2020-01-01,8966.0,8380.73013096904,4,constrained_level,cv,6
2020-03-01,2020-02-01,9220.0,8294.771645863331,4,constrained_level,cv,6
2020-04-01,2020-03-01,8373.0,8334.01411469136,4,constrained_level,cv,6
2020-05-01,2020-04-01,7485.0,7384.86341399836,4,constrained_level,cv,6
2020-06-01,2020-05-01,7655.0,7010.011994732109,4,constrained_level,cv,6
2020-07-01,2020-06-01,7333.0,7404.231873990836,4,constrained_level,cv,7
2020-08-01,2020-07-01,7367.0,7267.5801841638795,4,constrained_level,cv,7
2020-09-01,2020-08-01,7592.0,7330.525146998045,4,constrained_level,cv,7
2020-10-01,2020-09-01,7588.0,7443.695018137508,4,constrained_level,cv,7
2020-11-01,2020-10-01,8440.0,7410.611808274523,4,constrained_level,cv,7
2020-12-01,2020-11-01,8657.0,8001.311231716819,4,constrained_level,cv,7
2021-01-01,2020-12-01,8868.0,8157.701090371349,4,constrained_level,cv,7
2021-02-01,2021-01-01,8844.0,8327.578193390784,4,constrained_level,cv,7
2021-03-01,2021-02-01,8564.0,8220.821541553625,4,constrained_level,cv,7
2021-04-01,2021-03-01,8119.0,8065.67938506381,4,constrained_level,cv,7
2021-05-01,2021-04-01,7258.0,7662.791920456472,4,constrained_level,cv,7
2021-06-01,2021-05-01,6162.0,7060.787748477938,4,constrained_level,cv,7
2021-07-01,2021-06-01,6234.0,6216.430787877667,4,constrained_level,cv,8
2021-08-01,2021-07-01,6718.0,6488.752315942109,4,constrained_level,cv,8
2021-09-01,2021-08-01,7644.0,6835.2915580962745,4,constrained_level,cv,8
2021-10-01,2021-09-01,7594.0,7536.583670191232,4,constrained_level,cv,8
2021-11-01,2021-10-01,7777.0,7499.316593150519,4,constrained_level,cv,8
2021-12-01,2021-11-01,8147.0,7641.974287345506,4,constrained_level,cv,8
2022-01-01,2021-12-01,8910.0,7952.0849159316085,4,constrained_level,cv,8
2022-02-01,2022-01-01,8302.0,8554.542421449652,4,constrained_level,cv,8
2022-03-01,2022-02-01,8083.0,7895.5935918843625,4,constrained_level,cv,8
2022-04-01,2022-03-01,7951.0,7821.162573665123,4,constrained_level,cv,8
2022-05-01,2022-04-01,6140.0,7635.008714708929,4,constrained_level,cv,8
2022-06-01,2022-05-01,6448.0,6131.561599426977,4,constrained_level,cv,8
2022-07-01,2022-06-01,6816.0,6642.515435437322,4,constrained_level,cv,9
2022-08-01,2022-07-01,6394.0,6983.539808720522,4,constrained_level,cv,9
2022-09-01,2022-08-01,6386.0,6683.162588468479,4,constrained_level,cv,9
2022-10-01,2022-09-01,7003.0,6498.62618580204,4,constrained_level,cv,9
2022-11-01,2022-10-01,7200.0,7163.312444920759,4,constrained_level,cv,9
2022-12-01,2022-11-01,7417.0,7217.940290555468,4,constrained_level,cv,9
2023-01-01,2022-12-01,7387.0,7349.982058757952,4,constrained_level,cv,9
2023-02-01,2023-01-01,7666.0,7104.766531066291,4,constrained_level,cv,9
2023-03-01,2023-02-01,7844.0,7314.704794883224,4,constrained_level,cv,9
2023-04-01,2023-03-01,7295.0,7621.44619234529,4,constrained_level,cv,9
2023-05-01,2023-04-01,6761.0,7093.066354250581,4,constrained_level,cv,9
2023-06-01,2023-05-01,6916.0,6703.764670147521,4,constrained_level,cv,9
2023-07-01,2023-06-01,7197.0,6991.390498005879,4,constrained_level,cv,10
2023-08-01,2023-07-01,7195.0,7275.7215948075245,4,constrained_level,cv,10
2023-09-01,2023-08-01,7164.0,7243.955324791207,4,constrained_level,cv,10
2023-10-01,2023-09-01,7208.0,7162.474901494275,4,constrained_level,cv,10
2023-11-01,2023-10-01,7661.0,7278.020604345412,4,constrained_level,cv,10
2023-12-01,2023-11-01,7902.0,7620.5786644388345,4,constrained_level,cv,10
2024-01-01,2023-12-01,8642.0,7725.420783079901,4,constrained_level,cv,10
2024-02-01,2024-01-01,8495.0,8376.284028415957,4,constrained_level,cv,10
2024-03-01,2024-02-01,8558.0,8018.291183930424,4,constrained_level,cv,10
2024-04-01,2024-03-01,8572.0,8157.0583784955215,4,constrained_level,cv,10
2024-05-01,2024-04-01,8144.0,8226.912775966495,4,constrained_level,cv,10
2024-06-01,2024-05-01,8044.0,7956.237098809026,4,constrained_level,cv,10
2014-07-01,2014-06-01,6539.0,6171.784198406027,4,ridge_change,cv,1
2014-08-01,2014-07-01,6891.0,6602.273826508201,4,ridge_change,cv,1
2014-09-01,2014-08-01,7410.0,6892.21268091186,4,ridge_change,cv,1
2014-10-01,2014-09-01,6520.0,7283.213602613426,4,ridge_change,cv,1
2014-11-01,2014-10-01,7858.0,6613.673945623995,4,ridge_change,cv,1
2014-12-01,2014-11-01,7902.0,7588.823704041573,4,ridge_change,cv,1
2015-01-01,2014-12-01,7651.0,7591.517694142978,4,ridge_change,cv,1
2015-02-01,2015-01-01,7771.0,7262.053248880635,4,ridge_change,cv,1
2015-03-01,2015-02-01,6460.0,7464.67840453935,4,ridge_change,cv,1
2015-04-01,2015-03-01,6792.0,6412.187938477134,4,ridge_change,cv,1
2015-05-01,2015-04-01,7064.0,6699.303138055063,4,ridge_change,cv,1
2015-06-01,2015-05-01,6761.0,6922.948674475958,4,ridge_change,cv,1
2015-07-01,2015-06-01,6448.0,6763.690627396873,4,ridge_change,cv,2
2015-08-01,2015-07-01,6862.0,6591.748656735071,4,ridge_change,cv,2
2015-09-01,2015-08-01,7154.0,7006.312608850471,4,ridge_change,cv,2
2015-10-01,2015-09-01,6800.0,7000.326908816008,4,ridge_change,cv,2
2015-11-01,2015-10-01,7226.0,6865.222013280896,4,ridge_change,cv,2
2015-12-01,2015-11-01,7716.0,7148.842855144515,4,ridge_change,cv,2
2016-01-01,2015-12-01,8001.0,7505.371176103775,4,ridge_change,cv,2
2016-02-01,2016-01-01,8379.0,7753.691152702861,4,ridge_change,cv,2
2016-03-01,2016-02-01,8386.0,8014.8740387066,4,ridge_change,cv,2
2016-04-01,2016-03-01,7606.0,8185.202651724358,4,ridge_change,cv,2
2016-05-01,2016-04-01,7567.0,7630.973495856009,4,ridge_change,cv,2
2016-06-01,2016-05-01,7444.0,7500.713774155175,4,ridge_change,cv,2
2016-07-01,2016-06-01,7418.0,7343.788792945606,4,ridge_change,cv,3
2016-08-01,2016-07-01,6833.0,7456.624302697351,4,ridge_change,cv,3
2016-09-01,2016-08-01,6937.0,7036.586105280976,4,ridge_change,cv,3
2016-10-01,2016-09-01,7295.0,7005.507645637404,4,ridge_change,cv,3
2016-11-01,2016-10-01,8096.0,7271.531848229108,4,ridge_change,cv,3
2016-12-01,2016-11-01,7910.0,7964.677199232183,4,ridge_change,cv,3
2017-01-01,2016-12-01,8615.0,7886.8289465999505,4,ridge_change,cv,3
2017-02-01,2017-01-01,8456.0,8448.674098425365,4,ridge_change,cv,3
2017-03-01,2017-02-01,7940.0,8320.076920329173,4,ridge_change,cv,3
2017-04-01,2017-03-01,7809.0,7907.276351394874,4,ridge_change,cv,3
2017-05-01,2017-04-01,7665.0,7764.7694615819855,4,ridge_change,cv,3
2017-06-01,2017-05-01,7021.0,7710.59559430131,4,ridge_change,cv,3
2017-07-01,2017-06-01,6696.0,7105.277075232456,4,ridge_change,cv,4
2017-08-01,2017-07-01,6507.0,6821.704752485658,4,ridge_change,cv,4
2017-09-01,2017-08-01,6894.0,6653.670759264349,4,ridge_change,cv,4
2017-10-01,2017-09-01,7080.0,6945.394140830505,4,ridge_change,cv,4
2017-11-01,2017-10-01,7112.0,7175.864225318947,4,ridge_change,cv,4
2017-12-01,2017-11-01,7558.0,7181.161998691014,4,ridge_change,cv,4
2018-01-01,2017-12-01,7650.0,7660.772961400553,4,ridge_change,cv,4
2018-02-01,2018-01-01,8400.0,7642.784484651833,4,ridge_change,cv,4
2018-03-01,2018-02-01,7711.0,8189.131238534521,4,ridge_change,cv,4
2018-04-01,2018-03-01,7170.0,7713.69976033274,4,ridge_change,cv,4
2018-05-01,2018-04-01,6793.0,7183.924243204931,4,ridge_change,cv,4
2018-06-01,2018-05-01,7275.0,6752.149932343824,4,ridge_change,cv,4
2018-07-01,2018-06-01,6966.0,7229.440955102869,4,ridge_change,cv,5
2018-08-01,2018-07-01,6406.0,6977.179142647518,4,ridge_change,cv,5
2018-09-01,2018-08-01,6998.0,6526.480738167566,4,ridge_change,cv,5
2018-10-01,2018-09-01,6816.0,7012.0925087469095,4,ridge_change,cv,5
2018-11-01,2018-10-01,6939.0,6843.583269223212,4,ridge_change,cv,5
2018-12-01,2018-11-01,7324.0,6986.981372637591,4,ridge_change,cv,5
2019-01-01,2018-12-01,7499.0,7314.683121705908,4,ridge_change,cv,5
2019-02-01,2019-01-01,7394.0,7524.153666919394,4,ridge_change,cv,5
2019-03-01,2019-02-01,6861.0,7367.137368555436,4,ridge_change,cv,5
2019-04-01,2019-03-01,6567.0,6887.737072848684,4,ridge_change,cv,5
2019-05-01,2019-04-01,7223.0,6562.775263011558,4,ridge_change,cv,5
2019-06-01,2019-05-01,7457.0,7027.610319386487,4,ridge_change,cv,5
2019-07-01,2019-06-01,7435.0,7434.07433976758,4,ridge_change,cv,6
2019-08-01,2019-07-01,7437.0,7393.661657876554,4,ridge_change,cv,6
2019-09-01,2019-08-01,7651.0,7456.2543412391515,4,ridge_change,cv,6
2019-10-01,2019-09-01,6666.0,7577.755423107809,4,ridge_change,cv,6
2019-11-01,2019-10-01,7314.0,6788.861365237587,4,ridge_change,cv,6
2019-12-01,2019-11-01,8279.0,7259.295140804836,4,ridge_change,cv,6
2020-01-01,2019-12-01,8878.0,8083.937907512159,4,ridge_change,cv,6
2020-02-01,2020-01-01,8966.0,8598.740233020433,4,ridge_change,cv,6
2020-03-01,2020-02-01,9220.0,8620.062893489154,4,ridge_change,cv,6
2020-04-01,2020-03-01,8373.0,8746.227497198557,4,ridge_change,cv,6
2020-05-01,2020-04-01,7485.0,8070.161557435465,4,ridge_change,cv,6
2020-06-01,2020-05-01,7655.0,7400.074818458138,4,ridge_change,cv,6
2020-07-01,2020-06-01,7333.0,7621.785390004234,4,ridge_change,cv,7
2020-08-01,2020-07-01,7367.0,7387.954346596791,4,ridge_change,cv,7
2020-09-01,2020-08-01,7592.0,7438.067455918075,4,ridge_change,cv,7
2020-10-01,2020-09-01,7588.0,7474.697308786478,4,ridge_change,cv,7
2020-11-01,2020-10-01,8440.0,7578.587058753208,4,ridge_change,cv,7
2020-12-01,2020-11-01,8657.0,8319.361167419984,4,ridge_change,cv,7
2021-01-01,2020-12-01,8868.0,8630.225534726686,4,ridge_change,cv,7
2021-02-01,2021-01-01,8844.0,8824.225334564711,4,ridge_change,cv,7
2021-03-01,2021-02-01,8564.0,8787.291244382475,4,ridge_change,cv,7
2021-04-01,2021-03-01,8119.0,8561.492732610819,4,ridge_change,cv,7
2021-05-01,2021-04-01,7258.0,8076.275319488015,4,ridge_change,cv,7
2021-06-01,2021-05-01,6162.0,7399.758814758169,4,ridge_change,cv,7
2021-07-01,2021-06-01,6234.0,6347.6507033597145,4,ridge_change,cv,8
2021-08-01,2021-07-01,6718.0,6447.311565043836,4,ridge_change,cv,8
2021-09-01,2021-08-01,7644.0,6910.316328154438,4,ridge_change,cv,8
2021-10-01,2021-09-01,7594.0,7685.556164367241,4,ridge_change,cv,8
2021-11-01,2021-10-01,7777.0,7698.251669262961,4,ridge_change,cv,8
2021-12-01,2021-11-01,8147.0,7822.024815558351,4,ridge_change,cv,8
2022-01-01,2021-12-01,8910.0,8180.854589277423,4,ridge_change,cv,8
2022-02-01,2022-01-01,8302.0,8840.105145169571,4,ridge_change,cv,8
2022-03-01,2022-02-01,8083.0,8213.806656501616,4,ridge_change,cv,8
2022-04-01,2022-03-01,7951.0,8077.901469757015,4,ridge_change,cv,8
2022-05-01,2022-04-01,6140.0,7836.639888677011,4,ridge_change,cv,8
2022-06-01,2022-05-01,6448.0,6196.299797663852,4,ridge_change,cv,8
2022-07-01,2022-06-01,6816.0,6532.9531453610325,4,ridge_change,cv,9
2022-08-01,2022-07-01,6394.0,6907.454243482591,4,ridge_change,cv,9
2022-09-01,2022-08-01,6386.0,6669.209279788645,4,ridge_change,cv,9
2022-10-01,2022-09-01,7003.0,6557.217185762849,4,ridge_change,cv,9
2022-11-01,2022-10-01,7200.0,7184.649524339784,4,ridge_change,cv,9
2022-12-01,2022-11-01,7417.0,7315.147477371142,4,ridge_change,cv,9
2023-01-01,2022-12-01,7387.0,7513.83112494739,4,ridge_change,cv,9
2023-02-01,2023-01-01,7666.0,7297.036282622556,4,ridge_change,cv,9
2023-03-01,2023-02-01,7844.0,7526.588053912716,4,ridge_change,cv,9
2023-04-01,2023-03-01,7295.0,7770.109059656322,4,ridge_change,cv,9
2023-05-01,2023-04-01,6761.0,7158.345042967052,4,ridge_change,cv,9
2023-06-01,2023-05-01,6916.0,6786.016766140789,4,ridge_change,cv,9
2023-07-01,2023-06-01,7197.0,6991.262201745084,4,ridge_change,cv,10
2023-08-01,2023-07-01,7195.0,7262.592440699858,4,ridge_change,cv,10
2023-09-01,2023-08-01,7164.0,7221.48567127294,4,ridge_change,cv,10
2023-10-01,2023-09-01,7208.0,7185.015367031195,4,ridge_change,cv,10
2023-11-01,2023-10-01,7661.0,7232.02613078885,4,ridge_change,cv,10
2023-12-01,2023-11-01,7902.0,7595.001345827207,4,ridge_change,cv,10
2024-01-01,2023-12-01,8642.0,7776.172515004916,4,ridge_change,cv,10
2024-02-01,2024-01-01,8495.0,8468.971988699628,4,ridge_change,cv,10
2024-03-01,2024-02-01,8558.0,8250.07828535425,4,ridge_change,cv,10
2024-04-01,2024-03-01,8572.0,8305.214067914034,4,ridge_change,cv,10
2024-05-01,2024-04-01,8144.0,8315.18185186447,4,ridge_change,cv,10
2024-06-01,2024-05-01,8044.0,8043.671665411004,4,ridge_change,cv,10
2014-07-01,2014-06-01,6539.0,6159.700486528058,4,seasonal_ridge_change,cv,1
2014-08-01,2014-07-01,6891.0,6610.498883813274,4,seasonal_ridge_change,cv,1
2014-09-01,2014-08-01,7410.0,6931.598034439882,4,seasonal_ridge_change,cv,1
2014-10-01,2014-09-01,6520.0,7345.100227235931,4,seasonal_ridge_change,cv,1
2014-11-01,2014-10-01,7858.0,6700.885882688257,4,seasonal_ridge_change,cv,1
2014-12-01,2014-11-01,7902.0,7620.845495389473,4,seasonal_ridge_change,cv,1
2015-01-01,2014-12-01,7651.0,7592.146976542551,4,seasonal_ridge_change,cv,1
2015-02-01,2015-01-01,7771.0,7242.817308161886,4,seasonal_ridge_change,cv,1
2015-03-01,2015-02-01,6460.0,7396.770972570864,4,seasonal_ridge_change,cv,1
2015-04-01,2015-03-01,6792.0,6336.605700283072,4,seasonal_ridge_change,cv,1
2015-05-01,2015-04-01,7064.0,6597.518661141568,4,seasonal_ridge_change,cv,1
2015-06-01,2015-05-01,6761.0,6850.809232690082,4,seasonal_ridge_change,cv,1
2015-07-01,2015-06-01,6448.0,6749.323753334263,4,seasonal_ridge_change,cv,2
2015-08-01,2015-07-01,6862.0,6603.552304923307,4,seasonal_ridge_change,cv,2
2015-09-01,2015-08-01,7154.0,7042.438893905429,4,seasonal_ridge_change,cv,2
2015-10-01,2015-09-01,6800.0,7097.388355318026,4,seasonal_ridge_change,cv,2
2015-11-01,2015-10-01,7226.0,6936.424795732728,4,seasonal_ridge_change,cv,2
2015-12-01,2015-11-01,7716.0,7182.23286669754,4,seasonal_ridge_change,cv,2
2016-01-01,2015-12-01,8001.0,7483.920658988999,4,seasonal_ridge_change,cv,2
2016-02-01,2016-01-01,8379.0,7689.111742618256,4,seasonal_ridge_change,cv,2
2016-03-01,2016-02-01,8386.0,7939.481368409844,4,seasonal_ridge_change,cv,2
2016-04-01,2016-03-01,7606.0,8068.378043691866,4,seasonal_ridge_change,cv,2
2016-05-01,2016-04-01,7567.0,7549.61614861639,4,seasonal_ridge_change,cv,2
2016-06-01,2016-05-01,7444.0,7417.978867846979,4,seasonal_ridge_change,cv,2
2016-07-01,2016-06-01,7418.0,7330.1315489474355,4,seasonal_ridge_change,cv,3
2016-08-01,2016-07-01,6833.0,7461.319763539748,4,seasonal_ridge_change,cv,3
2016-09-01,2016-08-01,6937.0,7093.317114957964,4,seasonal_ridge_change,cv,3
2016-10-01,2016-09-01,7295.0,7078.019498704515,4,seasonal_ridge_change,cv,3
2016-11-01,2016-10-01,8096.0,7339.45287016835,4,seasonal_ridge_change,cv,3
2016-12-01,2016-11-01,7910.0,7992.764431815965,4,seasonal_ridge_change,cv,3
2017-01-01,2016-12-01,8615.0,7883.157292452661,4,seasonal_ridge_change,cv,3
2017-02-01,2017-01-01,8456.0,8377.536530259606,4,seasonal_ridge_change,cv,3
2017-03-01,2017-02-01,7940.0,8246.061757658626,4,seasonal_ridge_change,cv,3
2017-04-01,2017-03-01,7809.0,7805.744618827842,4,seasonal_ridge_change,cv,3
2017-05-01,2017-04-01,7665.0,7657.054614288225,4,seasonal_ridge_change,cv,3
2017-06-01,2017-05-01,7021.0,7625.835359369068,4,seasonal_ridge_change,cv,3
2017-07-01,2017-06-01,6696.0,7069.229280875443,4,seasonal_ridge_change,cv,4
2017-08-01,2017-07-01,6507.0,6823.169934444647,4,seasonal_ridge_change,cv,4
2017-09-01,2017-08-01,6894.0,6702.399494476916,4,seasonal_ridge_change,cv,4
2017-10-01,2017-09-01,7080.0,7015.626973236889,4,seasonal_ridge_change,cv,4
2017-11-01,2017-10-01,7112.0,7244.304813120951,4,seasonal_ridge_change,cv,4
2017-12-01,2017-11-01,7558.0,7241.138863506963,4,seasonal_ridge_change,cv,4
2018-01-01,2017-12-01,7650.0,7637.827698592908,4,seasonal_ridge_change,cv,4
2018-02-01,2018-01-01,8400.0,7590.851940361147,4,seasonal_ridge_change,cv,4
2018-03-01,2018-02-01,7711.0,8089.794495293065,4,seasonal_ridge_change,cv,4
2018-04-01,2018-03-01,7170.0,7608.334380224809,4,seasonal_ridge_change,cv,4
2018-05-01,2018-04-01,6793.0,7087.753843751327,4,seasonal_ridge_change,cv,4
2018-06-01,2018-05-01,7275.0,6679.3082288612795,4,seasonal_ridge_change,cv,4
2018-07-01,2018-06-01,6966.0,7161.265639421158,4,seasonal_ridge_change,cv,5
2018-08-01,2018-07-01,6406.0,6998.346315408057,4,seasonal_ridge_change,cv,5
2018-09-01,2018-08-01,6998.0,6611.911452744211,4,seasonal_ridge_change,cv,5
2018-10-01,2018-09-01,6816.0,7087.9367721854205,4,seasonal_ridge_change,cv,5
2018-11-01,2018-10-01,6939.0,6959.87042061758,4,seasonal_ridge_change,cv,5
2018-12-01,2018-11-01,7324.0,7067.545239571988,4,seasonal_ridge_change,cv,5
2019-01-01,2018-12-01,7499.0,7323.734066231818,4,seasonal_ridge_change,cv,5
2019-02-01,2019-01-01,7394.0,7471.279321965624,4,seasonal_ridge_change,cv,5
2019-03-01,2019-02-01,6861.0,7295.524967708615,4,seasonal_ridge_change,cv,5
2019-04-01,2019-03-01,6567.0,6790.500112077568,4,seasonal_ridge_change,cv,5
2019-05-01,2019-04-01,7223.0,6464.877669502722,4,seasonal_ridge_change,cv,5
2019-06-01,2019-05-01,7457.0,6930.967654593513,4,seasonal_ridge_change,cv,5
2019-07-01,2019-06-01,7435.0,7371.166235777993,4,seasonal_ridge_change,cv,6
2019-08-01,2019-07-01,7437.0,7396.703139904502,4,seasonal_ridge_change,cv,6
2019-09-01,2019-08-01,7651.0,7515.640464330755,4,seasonal_ridge_change,cv,6
2019-10-01,2019-09-01,6666.0,7690.978891404164,4,seasonal_ridge_change,cv,6
2019-11-01,2019-10-01,7314.0,6931.941339468901,4,seasonal_ridge_change,cv,6
2019-12-01,2019-11-01,8279.0,7324.613107594314,4,seasonal_ridge_change,cv,6
2020-01-01,2019-12-01,8878.0,8086.69690529085,4,seasonal_ridge_change,cv,6
2020-02-01,2020-01-01,8966.0,8562.285515899639,4,seasonal_ridge_change,cv,6
2020-03-01,2020-02-01,9220.0,8572.384485658975,4,seasonal_ridge_change,cv,6
2020-04-01,2020-03-01,8373.0,8685.313938892483,4,seasonal_ridge_change,cv,6
2020-05-01,2020-04-01,7485.0,8059.685819909228,4,seasonal_ridge_change,cv,6
2020-06-01,2020-05-01,7655.0,7373.408655833863,4,seasonal_ridge_change,cv,6
2020-07-01,2020-06-01,7333.0,7568.177388818771,4,seasonal_ridge_change,cv,7
2020-08-01,2020-07-01,7367.0,7398.040367457663,4,seasonal_ridge_change,cv,7
2020-09-01,2020-08-01,7592.0,7485.554288174616,4,seasonal_ridge_change,cv,7
2020-10-01,2020-09-01,7588.0,7590.728720967583,4,seasonal_ridge_change,cv,7
2020-11-01,2020-10-01,8440.0,7695.624310356091,4,seasonal_ridge_change,cv,7
2020-12-01,2020-11-01,8657.0,8394.946208016609,4,seasonal_ridge_change,cv,7
2021-01-01,2020-12-01,8868.0,8664.729630385737,4,seasonal_ridge_change,cv,7
2021-02-01,2021-01-01,8844.0,8802.365067960978,4,seasonal_ridge_change,cv,7
2021-03-01,2021-02-01,8564.0,8723.049303061527,4,seasonal_ridge_change,cv,7
2021-04-01,2021-03-01,8119.0,8459.9629963082,4,seasonal_ridge_change,cv,7
2021-05-01,2021-04-01,7258.0,7984.808414933286,4,seasonal_ridge_change,cv,7
2021-06-01,2021-05-01,6162.0,7317.199945620686,4,seasonal_ridge_change,cv,7
2021-07-01,2021-06-01,6234.0,6319.767156215481,4,seasonal_ridge_change,cv,8
2021-08-01,2021-07-01,6718.0,6412.344344114738,4,seasonal_ridge_change,cv,8
2021-09-01,2021-08-01,7644.0,6930.56780064426,4,seasonal_ridge_change,cv,8
2021-10-01,2021-09-01,7594.0,7758.401550581983,4,seasonal_ridge_change,cv,8
2021-11-01,2021-10-01,7777.0,7813.617794211607,4,seasonal_ridge_change,cv,8
2021-12-01,2021-11-01,8147.0,7911.016460800879,4,seasonal_ridge_change,cv,8
2022-01-01,2021-12-01,8910.0,8203.230023822167,4,seasonal_ridge_change,cv,8
2022-02-01,2022-01-01,8302.0,8783.967507058716,4,seasonal_ridge_change,cv,8
2022-03-01,2022-02-01,8083.0,8174.449464802381,4,seasonal_ridge_change,cv,8
2022-04-01,2022-03-01,7951.0,7953.629142714294,4,seasonal_ridge_change,cv,8
2022-05-01,2022-04-01,6140.0,7727.11573534939,4,seasonal_ridge_change,cv,8
2022-06-01,2022-05-01,6448.0,6181.914872505273,4,seasonal_ridge_change,cv,8
2022-07-01,2022-06-01,6816.0,6440.890592430431,4,seasonal_ridge_change,cv,9
2022-08-01,2022-07-01,6394.0,6878.965313759649,4,seasonal_ridge_change,cv,9
2022-09-01,2022-08-01,6386.0,6714.717380101739,4,seasonal_ridge_change,cv,9
2022-10-01,2022-09-01,7003.0,6686.594613818555,4,seasonal_ridge_change,cv,9
2022-11-01,2022-10-01,7200.0,7266.644854242719,4,seasonal_ridge_change,cv,9
2022-12-01,2022-11-01,7417.0,7408.851220794091,4,seasonal_ridge_change,cv,9
2023-01-01,2022-12-01,7387.0,7553.353759593338,4,seasonal_ridge_change,cv,9
2023-02-01,2023-01-01,7666.0,7331.0405806124945,4,seasonal_ridge_change,cv,9
2023-03-01,2023-02-01,7844.0,7472.540374847424,4,seasonal_ridge_change,cv,9
2023-04-01,2023-03-01,7295.0,7636.042071237473,4,seasonal_ridge_change,cv,9
2023-05-01,2023-04-01,6761.0,7072.707134216659,4,seasonal_ridge_change,cv,9
2023-06-01,2023-05-01,6916.0,6697.027957423309,4,seasonal_ridge_change,cv,9
2023-07-01,2023-06-01,7197.0,6893.682271289642,4,seasonal_ridge_change,cv,10
2023-08-01,2023-07-01,7195.0,7231.133325097607,4,seasonal_ridge_change,cv,10
2023-09-01,2023-08-01,7164.0,7295.949628782907,4,seasonal_ridge_change,cv,10
2023-10-01,2023-09-01,7208.0,7323.374069580487,4,seasonal_ridge_change,cv,10
2023-11-01,2023-10-01,7661.0,7367.3876372621935,4,seasonal_ridge_change,cv,10
2023-12-01,2023-11-01,7902.0,7697.492475758493,4,seasonal_ridge_change,cv,10
2024-01-01,2023-12-01,8642.0,7852.810786472155,4,seasonal_ridge_change,cv,10
2024-02-01,2024-01-01,8495.0,8427.505032684574,4,seasonal_ridge_change,cv,10
2024-03-01,2024-02-01,8558.0,8223.848981682902,4,seasonal_ridge_change,cv,10
2024-04-01,2024-03-01,8572.0,8207.631110342041,4,seasonal_ridge_change,cv,10
2024-05-01,2024-04-01,8144.0,8193.373323474601,4,seasonal_ridge_change,cv,10
2024-06-01,2024-05-01,8044.0,7931.542696971149,4,seasonal_ridge_change,cv,10
2014-07-01,2014-06-01,6539.0,6159.700486528058,4,polynomial_ridge_change,cv,1
2014-08-01,2014-07-01,6891.0,6610.498883813274,4,polynomial_ridge_change,cv,1
2014-09-01,2014-08-01,7410.0,6931.598034439882,4,polynomial_ridge_change,cv,1
2014-10-01,2014-09-01,6520.0,7345.100227235931,4,polynomial_ridge_change,cv,1
2014-11-01,2014-10-01,7858.0,6700.885882688257,4,polynomial_ridge_change,cv,1
2014-12-01,2014-11-01,7902.0,7620.845495389473,4,polynomial_ridge_change,cv,1
2015-01-01,2014-12-01,7651.0,7592.14697654255,4,polynomial_ridge_change,cv,1
2015-02-01,2015-01-01,7771.0,7242.817308161886,4,polynomial_ridge_change,cv,1
2015-03-01,2015-02-01,6460.0,7396.770972570864,4,polynomial_ridge_change,cv,1
2015-04-01,2015-03-01,6792.0,6336.605700283072,4,polynomial_ridge_change,cv,1
2015-05-01,2015-04-01,7064.0,6597.518661141568,4,polynomial_ridge_change,cv,1
2015-06-01,2015-05-01,6761.0,6850.809232690082,4,polynomial_ridge_change,cv,1
2015-07-01,2015-06-01,6448.0,6749.323753334263,4,polynomial_ridge_change,cv,2
2015-08-01,2015-07-01,6862.0,6603.552304923307,4,polynomial_ridge_change,cv,2
2015-09-01,2015-08-01,7154.0,7042.438893905429,4,polynomial_ridge_change,cv,2
2015-10-01,2015-09-01,6800.0,7097.388355318026,4,polynomial_ridge_change,cv,2
2015-11-01,2015-10-01,7226.0,6936.424795732728,4,polynomial_ridge_change,cv,2
2015-12-01,2015-11-01,7716.0,7182.23286669754,4,polynomial_ridge_change,cv,2
2016-01-01,2015-12-01,8001.0,7483.920658988999,4,polynomial_ridge_change,cv,2
2016-02-01,2016-01-01,8379.0,7689.111742618256,4,polynomial_ridge_change,cv,2
2016-03-01,2016-02-01,8386.0,7939.481368409844,4,polynomial_ridge_change,cv,2
2016-04-01,2016-03-01,7606.0,8068.378043691866,4,polynomial_ridge_change,cv,2
2016-05-01,2016-04-01,7567.0,7549.61614861639,4,polynomial_ridge_change,cv,2
2016-06-01,2016-05-01,7444.0,7417.978867846979,4,polynomial_ridge_change,cv,2
2016-07-01,2016-06-01,7418.0,7330.1315489474355,4,polynomial_ridge_change,cv,3
2016-08-01,2016-07-01,6833.0,7461.319763539748,4,polynomial_ridge_change,cv,3
2016-09-01,2016-08-01,6937.0,7093.317114957964,4,polynomial_ridge_change,cv,3
2016-10-01,2016-09-01,7295.0,7078.019498704515,4,polynomial_ridge_change,cv,3
2016-11-01,2016-10-01,8096.0,7339.45287016835,4,polynomial_ridge_change,cv,3
2016-12-01,2016-11-01,7910.0,7992.764431815965,4,polynomial_ridge_change,cv,3
2017-01-01,2016-12-01,8615.0,7883.157292452661,4,polynomial_ridge_change,cv,3
2017-02-01,2017-01-01,8456.0,8377.536530259606,4,polynomial_ridge_change,cv,3
2017-03-01,2017-02-01,7940.0,8246.061757658626,4,polynomial_ridge_change,cv,3
2017-04-01,2017-03-01,7809.0,7805.744618827842,4,polynomial_ridge_change,cv,3
2017-05-01,2017-04-01,7665.0,7657.054614288225,4,polynomial_ridge_change,cv,3
2017-06-01,2017-05-01,7021.0,7625.835359369068,4,polynomial_ridge_change,cv,3
2017-07-01,2017-06-01,6696.0,7069.229280875443,4,polynomial_ridge_change,cv,4
2017-08-01,2017-07-01,6507.0,6823.169934444647,4,polynomial_ridge_change,cv,4
2017-09-01,2017-08-01,6894.0,6702.399494476916,4,polynomial_ridge_change,cv,4
2017-10-01,2017-09-01,7080.0,7015.626973236889,4,polynomial_ridge_change,cv,4
2017-11-01,2017-10-01,7112.0,7244.304813120951,4,polynomial_ridge_change,cv,4
2017-12-01,2017-11-01,7558.0,7241.138863506963,4,polynomial_ridge_change,cv,4
2018-01-01,2017-12-01,7650.0,7637.827698592908,4,polynomial_ridge_change,cv,4
2018-02-01,2018-01-01,8400.0,7590.851940361147,4,polynomial_ridge_change,cv,4
2018-03-01,2018-02-01,7711.0,8089.794495293065,4,polynomial_ridge_change,cv,4
2018-04-01,2018-03-01,7170.0,7608.334380224809,4,polynomial_ridge_change,cv,4
2018-05-01,2018-04-01,6793.0,7087.753843751327,4,polynomial_ridge_change,cv,4
2018-06-01,2018-05-01,7275.0,6679.3082288612795,4,polynomial_ridge_change,cv,4
2018-07-01,2018-06-01,6966.0,7161.265639421158,4,polynomial_ridge_change,cv,5
2018-08-01,2018-07-01,6406.0,6998.346315408057,4,polynomial_ridge_change,cv,5
2018-09-01,2018-08-01,6998.0,6611.911452744211,4,polynomial_ridge_change,cv,5
2018-10-01,2018-09-01,6816.0,7087.9367721854205,4,polynomial_ridge_change,cv,5
2018-11-01,2018-10-01,6939.0,6959.87042061758,4,polynomial_ridge_change,cv,5
2018-12-01,2018-11-01,7324.0,7067.545239571988,4,polynomial_ridge_change,cv,5
2019-01-01,2018-12-01,7499.0,7323.734066231818,4,polynomial_ridge_change,cv,5
2019-02-01,2019-01-01,7394.0,7471.279321965624,4,polynomial_ridge_change,cv,5
2019-03-01,2019-02-01,6861.0,7295.524967708615,4,polynomial_ridge_change,cv,5
2019-04-01,2019-03-01,6567.0,6790.500112077567,4,polynomial_ridge_change,cv,5
2019-05-01,2019-04-01,7223.0,6464.877669502722,4,polynomial_ridge_change,cv,5
2019-06-01,2019-05-01,7457.0,6930.967654593513,4,polynomial_ridge_change,cv,5
2019-07-01,2019-06-01,7435.0,7371.166235777993,4,polynomial_ridge_change,cv,6
2019-08-01,2019-07-01,7437.0,7396.703139904502,4,polynomial_ridge_change,cv,6
2019-09-01,2019-08-01,7651.0,7515.640464330755,4,polynomial_ridge_change,cv,6
2019-10-01,2019-09-01,6666.0,7690.978891404164,4,polynomial_ridge_change,cv,6
2019-11-01,2019-10-01,7314.0,6931.941339468901,4,polynomial_ridge_change,cv,6
2019-12-01,2019-11-01,8279.0,7324.613107594314,4,polynomial_ridge_change,cv,6
2020-01-01,2019-12-01,8878.0,8086.69690529085,4,polynomial_ridge_change,cv,6
2020-02-01,2020-01-01,8966.0,8562.285515899639,4,polynomial_ridge_change,cv,6
2020-03-01,2020-02-01,9220.0,8572.384485658975,4,polynomial_ridge_change,cv,6
2020-04-01,2020-03-01,8373.0,8685.313938892483,4,polynomial_ridge_change,cv,6
2020-05-01,2020-04-01,7485.0,8059.685819909228,4,polynomial_ridge_change,cv,6
2020-06-01,2020-05-01,7655.0,7373.408655833863,4,polynomial_ridge_change,cv,6
2020-07-01,2020-06-01,7333.0,7568.177388818771,4,polynomial_ridge_change,cv,7
2020-08-01,2020-07-01,7367.0,7398.040367457663,4,polynomial_ridge_change,cv,7
2020-09-01,2020-08-01,7592.0,7485.554288174616,4,polynomial_ridge_change,cv,7
2020-10-01,2020-09-01,7588.0,7590.728720967583,4,polynomial_ridge_change,cv,7
2020-11-01,2020-10-01,8440.0,7695.624310356091,4,polynomial_ridge_change,cv,7
2020-12-01,2020-11-01,8657.0,8394.946208016609,4,polynomial_ridge_change,cv,7
2021-01-01,2020-12-01,8868.0,8664.729630385737,4,polynomial_ridge_change,cv,7
2021-02-01,2021-01-01,8844.0,8802.365067960978,4,polynomial_ridge_change,cv,7
2021-03-01,2021-02-01,8564.0,8723.049303061527,4,polynomial_ridge_change,cv,7
2021-04-01,2021-03-01,8119.0,8459.9629963082,4,polynomial_ridge_change,cv,7
2021-05-01,2021-04-01,7258.0,7984.808414933286,4,polynomial_ridge_change,cv,7
2021-06-01,2021-05-01,6162.0,7317.199945620686,4,polynomial_ridge_change,cv,7
2021-07-01,2021-06-01,6234.0,6319.767156215481,4,polynomial_ridge_change,cv,8
2021-08-01,2021-07-01,6718.0,6412.344344114738,4,polynomial_ridge_change,cv,8
2021-09-01,2021-08-01,7644.0,6930.56780064426,4,polynomial_ridge_change,cv,8
2021-10-01,2021-09-01,7594.0,7758.401550581983,4,polynomial_ridge_change,cv,8
2021-11-01,2021-10-01,7777.0,7813.617794211607,4,polynomial_ridge_change,cv,8
2021-12-01,2021-11-01,8147.0,7911.016460800879,4,polynomial_ridge_change,cv,8
2022-01-01,2021-12-01,8910.0,8203.230023822167,4,polynomial_ridge_change,cv,8
2022-02-01,2022-01-01,8302.0,8783.967507058716,4,polynomial_ridge_change,cv,8
2022-03-01,2022-02-01,8083.0,8174.449464802381,4,polynomial_ridge_change,cv,8
2022-04-01,2022-03-01,7951.0,7953.629142714294,4,polynomial_ridge_change,cv,8
2022-05-01,2022-04-01,6140.0,7727.11573534939,4,polynomial_ridge_change,cv,8
2022-06-01,2022-05-01,6448.0,6181.914872505273,4,polynomial_ridge_change,cv,8
2022-07-01,2022-06-01,6816.0,6440.890592430431,4,polynomial_ridge_change,cv,9
2022-08-01,2022-07-01,6394.0,6878.965313759649,4,polynomial_ridge_change,cv,9
2022-09-01,2022-08-01,6386.0,6714.717380101739,4,polynomial_ridge_change,cv,9
2022-10-01,2022-09-01,7003.0,6686.594613818555,4,polynomial_ridge_change,cv,9
2022-11-01,2022-10-01,7200.0,7266.644854242719,4,polynomial_ridge_change,cv,9
2022-12-01,2022-11-01,7417.0,7408.851220794091,4,polynomial_ridge_change,cv,9
2023-01-01,2022-12-01,7387.0,7553.353759593338,4,polynomial_ridge_change,cv,9
2023-02-01,2023-01-01,7666.0,7331.0405806124945,4,polynomial_ridge_change,cv,9
2023-03-01,2023-02-01,7844.0,7472.540374847424,4,polynomial_ridge_change,cv,9
2023-04-01,2023-03-01,7295.0,7636.042071237473,4,polynomial_ridge_change,cv,9
2023-05-01,2023-04-01,6761.0,7072.707134216659,4,polynomial_ridge_change,cv,9
2023-06-01,2023-05-01,6916.0,6697.027957423308,4,polynomial_ridge_change,cv,9
2023-07-01,2023-06-01,7197.0,6893.682271289642,4,polynomial_ridge_change,cv,10
2023-08-01,2023-07-01,7195.0,7231.133325097607,4,polynomial_ridge_change,cv,10
2023-09-01,2023-08-01,7164.0,7295.949628782907,4,polynomial_ridge_change,cv,10
2023-10-01,2023-09-01,7208.0,7323.374069580487,4,polynomial_ridge_change,cv,10
2023-11-01,2023-10-01,7661.0,7367.3876372621935,4,polynomial_ridge_change,cv,10
2023-12-01,2023-11-01,7902.0,7697.492475758493,4,polynomial_ridge_change,cv,10
2024-01-01,2023-12-01,8642.0,7852.810786472155,4,polynomial_ridge_change,cv,10
2024-02-01,2024-01-01,8495.0,8427.505032684574,4,polynomial_ridge_change,cv,10
2024-03-01,2024-02-01,8558.0,8223.848981682902,4,polynomial_ridge_change,cv,10
2024-04-01,2024-03-01,8572.0,8207.631110342041,4,polynomial_ridge_change,cv,10
2024-05-01,2024-04-01,8144.0,8193.373323474601,4,polynomial_ridge_change,cv,10
2024-06-01,2024-05-01,8044.0,7931.54269697115,4,polynomial_ridge_change,cv,10
2014-07-01,2014-06-01,6539.0,6258.587014013182,4,spline_ridge_change,cv,1
2014-08-01,2014-07-01,6891.0,6528.104890521006,4,spline_ridge_change,cv,1
2014-09-01,2014-08-01,7410.0,6800.401320532116,4,spline_ridge_change,cv,1
2014-10-01,2014-09-01,6520.0,7453.132283047046,4,spline_ridge_change,cv,1
2014-11-01,2014-10-01,7858.0,6916.049350559941,4,spline_ridge_change,cv,1
2014-12-01,2014-11-01,7902.0,7674.4395333095,4,spline_ridge_change,cv,1
2015-01-01,2014-12-01,7651.0,7588.258265996106,4,spline_ridge_change,cv,1
2015-02-01,2015-01-01,7771.0,7391.527121752039,4,spline_ridge_change,cv,1
2015-03-01,2015-02-01,6460.0,7325.514983877664,4,spline_ridge_change,cv,1
2015-04-01,2015-03-01,6792.0,6346.507584023742,4,spline_ridge_change,cv,1
2015-05-01,2015-04-01,7064.0,6534.097671720116,4,spline_ridge_change,cv,1
2015-06-01,2015-05-01,6761.0,6926.3525079691,4,spline_ridge_change,cv,1
2015-07-01,2015-06-01,6448.0,6852.952973743523,4,spline_ridge_change,cv,2
2015-08-01,2015-07-01,6862.0,6618.722168447435,4,spline_ridge_change,cv,2
2015-09-01,2015-08-01,7154.0,6820.752451319394,4,spline_ridge_change,cv,2
2015-10-01,2015-09-01,6800.0,6875.09532336902,4,spline_ridge_change,cv,2
2015-11-01,2015-10-01,7226.0,7359.14479923381,4,spline_ridge_change,cv,2
2015-12-01,2015-11-01,7716.0,7512.425868870626,4,spline_ridge_change,cv,2
2016-01-01,2015-12-01,8001.0,7564.7129736412835,4,spline_ridge_change,cv,2
2016-02-01,2016-01-01,8379.0,7650.210623020352,4,spline_ridge_change,cv,2
2016-03-01,2016-02-01,8386.0,7841.736213413596,4,spline_ridge_change,cv,2
2016-04-01,2016-03-01,7606.0,7756.794227962209,4,spline_ridge_change,cv,2
2016-05-01,2016-04-01,7567.0,7158.427795903134,4,spline_ridge_change,cv,2
2016-06-01,2016-05-01,7444.0,7464.541651483711,4,spline_ridge_change,cv,2
2016-07-01,2016-06-01,7418.0,7317.514786554369,4,spline_ridge_change,cv,3
2016-08-01,2016-07-01,6833.0,7324.732327956579,4,spline_ridge_change,cv,3
2016-09-01,2016-08-01,6937.0,7103.171021387369,4,spline_ridge_change,cv,3
2016-10-01,2016-09-01,7295.0,7059.334086462269,4,spline_ridge_change,cv,3
2016-11-01,2016-10-01,8096.0,7479.904100813548,4,spline_ridge_change,cv,3
2016-12-01,2016-11-01,7910.0,8260.197048024867,4,spline_ridge_change,cv,3
2017-01-01,2016-12-01,8615.0,8125.318240571907,4,spline_ridge_change,cv,3
2017-02-01,2017-01-01,8456.0,8773.465448708903,4,spline_ridge_change,cv,3
2017-03-01,2017-02-01,7940.0,8498.012085693394,4,spline_ridge_change,cv,3
2017-04-01,2017-03-01,7809.0,7764.440327439732,4,spline_ridge_change,cv,3
2017-05-01,2017-04-01,7665.0,7685.530410939911,4,spline_ridge_change,cv,3
2017-06-01,2017-05-01,7021.0,7681.85348190916,4,spline_ridge_change,cv,3
2017-07-01,2017-06-01,6696.0,7033.468367317703,4,spline_ridge_change,cv,4
2017-08-01,2017-07-01,6507.0,6580.7998155964715,4,spline_ridge_change,cv,4
2017-09-01,2017-08-01,6894.0,6689.894894830076,4,spline_ridge_change,cv,4
2017-10-01,2017-09-01,7080.0,7325.703888329066,4,spline_ridge_change,cv,4
2017-11-01,2017-10-01,7112.0,7418.497008796607,4,spline_ridge_change,cv,4
2017-12-01,2017-11-01,7558.0,7451.05202122528,4,spline_ridge_change,cv,4
2018-01-01,2017-12-01,7650.0,7762.413550494758,4,spline_ridge_change,cv,4
2018-02-01,2018-01-01,8400.0,7740.043329445928,4,spline_ridge_change,cv,4
2018-03-01,2018-02-01,7711.0,8014.958535897671,4,spline_ridge_change,cv,4
2018-04-01,2018-03-01,7170.0,7619.911348253721,4,spline_ridge_change,cv,4
2018-05-01,2018-04-01,6793.0,7058.201054406962,4,spline_ridge_change,cv,4
2018-06-01,2018-05-01,7275.0,6615.511207617814,4,spline_ridge_change,cv,4
2018-07-01,2018-06-01,6966.0,7151.275187890114,4,spline_ridge_change,cv,5
2018-08-01,2018-07-01,6406.0,7117.84478249069,4,spline_ridge_change,cv,5
2018-09-01,2018-08-01,6998.0,6476.141184941999,4,spline_ridge_change,cv,5
2018-10-01,2018-09-01,6816.0,7173.747822059321,4,spline_ridge_change,cv,5
2018-11-01,2018-10-01,6939.0,6957.547837230057,4,spline_ridge_change,cv,5
2018-12-01,2018-11-01,7324.0,7226.56928673271,4,spline_ridge_change,cv,5
2019-01-01,2018-12-01,7499.0,7392.7343584175605,4,spline_ridge_change,cv,5
2019-02-01,2019-01-01,7394.0,7769.865151916532,4,spline_ridge_change,cv,5
2019-03-01,2019-02-01,6861.0,7166.553977825772,4,spline_ridge_change,cv,5
2019-04-01,2019-03-01,6567.0,6777.705405824661,4,spline_ridge_change,cv,5
2019-05-01,2019-04-01,7223.0,6392.5936800624895,4,spline_ridge_change,cv,5
2019-06-01,2019-05-01,7457.0,7571.370040765298,4,spline_ridge_change,cv,5
2019-07-01,2019-06-01,7435.0,7286.316826366697,4,spline_ridge_change,cv,6
2019-08-01,2019-07-01,7437.0,7093.715510837266,4,spline_ridge_change,cv,6
2019-09-01,2019-08-01,7651.0,7196.066889709209,4,spline_ridge_change,cv,6
2019-10-01,2019-09-01,6666.0,7695.924769441599,4,spline_ridge_change,cv,6
2019-11-01,2019-10-01,7314.0,7122.4424216013,4,spline_ridge_change,cv,6
2019-12-01,2019-11-01,8279.0,7375.8778775610135,4,spline_ridge_change,cv,6
2020-01-01,2019-12-01,8878.0,8195.782018217606,4,spline_ridge_change,cv,6
2020-02-01,2020-01-01,8966.0,8720.246924326697,4,spline_ridge_change,cv,6
2020-03-01,2020-02-01,9220.0,8523.896885961116,4,spline_ridge_change,cv,6
2020-04-01,2020-03-01,8373.0,8504.434533218262,4,spline_ridge_change,cv,6
2020-05-01,2020-04-01,7485.0,7908.966631971817,4,spline_ridge_change,cv,6
2020-06-01,2020-05-01,7655.0,7310.257963041327,4,spline_ridge_change,cv,6
2020-07-01,2020-06-01,7333.0,7544.036636174426,4,spline_ridge_change,cv,7
2020-08-01,2020-07-01,7367.0,7252.754779526848,4,spline_ridge_change,cv,7
2020-09-01,2020-08-01,7592.0,7361.039530449206,4,spline_ridge_change,cv,7
2020-10-01,2020-09-01,7588.0,7519.053106601237,4,spline_ridge_change,cv,7
2020-11-01,2020-10-01,8440.0,7737.65978015226,4,spline_ridge_change,cv,7
2020-12-01,2020-11-01,8657.0,8481.80206432233,4,spline_ridge_change,cv,7
2021-01-01,2020-12-01,8868.0,8780.778334402341,4,spline_ridge_change,cv,7
2021-02-01,2021-01-01,8844.0,8916.333962801074,4,spline_ridge_change,cv,7
2021-03-01,2021-02-01,8564.0,8688.342473393619,4,spline_ridge_change,cv,7
2021-04-01,2021-03-01,8119.0,8459.275736205962,4,spline_ridge_change,cv,7
2021-05-01,2021-04-01,7258.0,8075.8701086074425,4,spline_ridge_change,cv,7
2021-06-01,2021-05-01,6162.0,7531.958150508238,4,spline_ridge_change,cv,7
2021-07-01,2021-06-01,6234.0,6588.435732996585,4,spline_ridge_change,cv,8
2021-08-01,2021-07-01,6718.0,6398.557911715912,4,spline_ridge_change,cv,8
2021-09-01,2021-08-01,7644.0,6918.948812609805,4,spline_ridge_change,cv,8
2021-10-01,2021-09-01,7594.0,7843.173766521989,4,spline_ridge_change,cv,8
2021-11-01,2021-10-01,7777.0,7863.736262168067,4,spline_ridge_change,cv,8
2021-12-01,2021-11-01,8147.0,7993.294445192932,4,spline_ridge_change,cv,8
2022-01-01,2021-12-01,8910.0,8275.886890426595,4,spline_ridge_change,cv,8
2022-02-01,2022-01-01,8302.0,8890.403768047381,4,spline_ridge_change,cv,8
2022-03-01,2022-02-01,8083.0,8086.996682235283,4,spline_ridge_change,cv,8
2022-04-01,2022-03-01,7951.0,7796.480216981023,4,spline_ridge_change,cv,8
2022-05-01,2022-04-01,6140.0,7661.413883873715,4,spline_ridge_change,cv,8
2022-06-01,2022-05-01,6448.0,6636.559434152807,4,spline_ridge_change,cv,8
2022-07-01,2022-06-01,6816.0,6478.49848495661,4,spline_ridge_change,cv,9
2022-08-01,2022-07-01,6394.0,6800.087117229004,4,spline_ridge_change,cv,9
2022-09-01,2022-08-01,6386.0,6717.510450059779,4,spline_ridge_change,cv,9
2022-10-01,2022-09-01,7003.0,6846.146718276582,4,spline_ridge_change,cv,9
2022-11-01,2022-10-01,7200.0,7369.836491416943,4,spline_ridge_change,cv,9
2022-12-01,2022-11-01,7417.0,7511.292856740678,4,spline_ridge_change,cv,9
2023-01-01,2022-12-01,7387.0,7674.754960202742,4,spline_ridge_change,cv,9
2023-02-01,2023-01-01,7666.0,7270.619425403271,4,spline_ridge_change,cv,9
2023-03-01,2023-02-01,7844.0,7280.740275725658,4,spline_ridge_change,cv,9
2023-04-01,2023-03-01,7295.0,7467.174034847398,4,spline_ridge_change,cv,9
2023-05-01,2023-04-01,6761.0,7006.847598475259,4,spline_ridge_change,cv,9
2023-06-01,2023-05-01,6916.0,6765.4781268524,4,spline_ridge_change,cv,9
2023-07-01,2023-06-01,7197.0,6831.695850005141,4,spline_ridge_change,cv,10
2023-08-01,2023-07-01,7195.0,7069.346342740631,4,spline_ridge_change,cv,10
2023-09-01,2023-08-01,7164.0,7178.415503699344,4,spline_ridge_change,cv,10
2023-10-01,2023-09-01,7208.0,7352.14590687618,4,spline_ridge_change,cv,10
2023-11-01,2023-10-01,7661.0,7579.282333118694,4,spline_ridge_change,cv,10
2023-12-01,2023-11-01,7902.0,7806.8031504100045,4,spline_ridge_change,cv,10
2024-01-01,2023-12-01,8642.0,7973.122442416495,4,spline_ridge_change,cv,10
2024-02-01,2024-01-01,8495.0,8478.31641933757,4,spline_ridge_change,cv,10
2024-03-01,2024-02-01,8558.0,8160.971461207055,4,spline_ridge_change,cv,10
2024-04-01,2024-03-01,8572.0,8142.706624506056,4,spline_ridge_change,cv,10
2024-05-01,2024-04-01,8144.0,8160.303532713279,4,spline_ridge_change,cv,10
2024-06-01,2024-05-01,8044.0,7927.567075246161,4,spline_ridge_change,cv,10
2014-07-01,2014-06-01,6539.0,6304.941001950344,4,random_forest_change,cv,1
2014-08-01,2014-07-01,6891.0,6574.9369110173175,4,random_forest_change,cv,1
2014-09-01,2014-08-01,7410.0,6776.171042009857,4,random_forest_change,cv,1
2014-10-01,2014-09-01,6520.0,7283.676662021005,4,random_forest_change,cv,1
2014-11-01,2014-10-01,7858.0,6614.065084613484,4,random_forest_change,cv,1
2014-12-01,2014-11-01,7902.0,7714.266205256603,4,random_forest_change,cv,1
2015-01-01,2014-12-01,7651.0,7729.327334310234,4,random_forest_change,cv,1
2015-02-01,2015-01-01,7771.0,7381.231405482669,4,random_forest_change,cv,1
2015-03-01,2015-02-01,6460.0,7503.150939779085,4,random_forest_change,cv,1
2015-04-01,2015-03-01,6792.0,6313.371933429293,4,random_forest_change,cv,1
2015-05-01,2015-04-01,7064.0,6581.568700492977,4,random_forest_change,cv,1
2015-06-01,2015-05-01,6761.0,6892.921227587125,4,random_forest_change,cv,1
2015-07-01,2015-06-01,6448.0,6606.257188261252,4,random_forest_change,cv,2
2015-08-01,2015-07-01,6862.0,6624.008466586444,4,random_forest_change,cv,2
2015-09-01,2015-08-01,7154.0,6779.740893541139,4,random_forest_change,cv,2
2015-10-01,2015-09-01,6800.0,6970.393618972215,4,random_forest_change,cv,2
2015-11-01,2015-10-01,7226.0,6695.375038999452,4,random_forest_change,cv,2
2015-12-01,2015-11-01,7716.0,7053.357128297936,4,random_forest_change,cv,2
2016-01-01,2015-12-01,8001.0,7538.522287402594,4,random_forest_change,cv,2
2016-02-01,2016-01-01,8379.0,7725.88695130598,4,random_forest_change,cv,2
2016-03-01,2016-02-01,8386.0,8079.421529448838,4,random_forest_change,cv,2
2016-04-01,2016-03-01,7606.0,8123.528554916301,4,random_forest_change,cv,2
2016-05-01,2016-04-01,7567.0,7469.402262707872,4,random_forest_change,cv,2
2016-06-01,2016-05-01,7444.0,7367.865081227216,4,random_forest_change,cv,2
2016-07-01,2016-06-01,7418.0,7285.719766044391,4,random_forest_change,cv,3
2016-08-01,2016-07-01,6833.0,7262.205175063911,4,random_forest_change,cv,3
2016-09-01,2016-08-01,6937.0,6793.727822967323,4,random_forest_change,cv,3
2016-10-01,2016-09-01,7295.0,6790.781681287056,4,random_forest_change,cv,3
2016-11-01,2016-10-01,8096.0,7336.903115019747,4,random_forest_change,cv,3
2016-12-01,2016-11-01,7910.0,8124.826739502133,4,random_forest_change,cv,3
2017-01-01,2016-12-01,8615.0,7861.030611871035,4,random_forest_change,cv,3
2017-02-01,2017-01-01,8456.0,8497.319600537741,4,random_forest_change,cv,3
2017-03-01,2017-02-01,7940.0,8238.967984567842,4,random_forest_change,cv,3
2017-04-01,2017-03-01,7809.0,7781.262519839907,4,random_forest_change,cv,3
2017-05-01,2017-04-01,7665.0,7693.544624417373,4,random_forest_change,cv,3
2017-06-01,2017-05-01,7021.0,7516.479564938748,4,random_forest_change,cv,3
2017-07-01,2017-06-01,6696.0,7055.1416121382435,4,random_forest_change,cv,4
2017-08-01,2017-07-01,6507.0,6676.571308558519,4,random_forest_change,cv,4
2017-09-01,2017-08-01,6894.0,6718.792229524507,4,random_forest_change,cv,4
2017-10-01,2017-09-01,7080.0,6982.960247827971,4,random_forest_change,cv,4
2017-11-01,2017-10-01,7112.0,7211.524553655809,4,random_forest_change,cv,4
2017-12-01,2017-11-01,7558.0,7205.191740809195,4,random_forest_change,cv,4
2018-01-01,2017-12-01,7650.0,7620.4573980710275,4,random_forest_change,cv,4
2018-02-01,2018-01-01,8400.0,7442.7240725322345,4,random_forest_change,cv,4
2018-03-01,2018-02-01,7711.0,8208.020068951924,4,random_forest_change,cv,4
2018-04-01,2018-03-01,7170.0,7537.978465952675,4,random_forest_change,cv,4
2018-05-01,2018-04-01,6793.0,7069.614005566165,4,random_forest_change,cv,4
2018-06-01,2018-05-01,7275.0,6728.512073032857,4,random_forest_change,cv,4
2018-07-01,2018-06-01,6966.0,7185.800692113954,4,random_forest_change,cv,5
2018-08-01,2018-07-01,6406.0,6888.605527161844,4,random_forest_change,cv,5
2018-09-01,2018-08-01,6998.0,6651.145172274033,4,random_forest_change,cv,5
2018-10-01,2018-09-01,6816.0,7060.994594328458,4,random_forest_change,cv,5
2018-11-01,2018-10-01,6939.0,6951.696851218644,4,random_forest_change,cv,5
2018-12-01,2018-11-01,7324.0,6973.0676252718995,4,random_forest_change,cv,5
2019-01-01,2018-12-01,7499.0,7417.690374367283,4,random_forest_change,cv,5
2019-02-01,2019-01-01,7394.0,7423.102456723701,4,random_forest_change,cv,5
2019-03-01,2019-02-01,6861.0,7103.288039256077,4,random_forest_change,cv,5
2019-04-01,2019-03-01,6567.0,6726.887224945192,4,random_forest_change,cv,5
2019-05-01,2019-04-01,7223.0,6606.762250038897,4,random_forest_change,cv,5
2019-06-01,2019-05-01,7457.0,7161.046769960367,4,random_forest_change,cv,5
2019-07-01,2019-06-01,7435.0,7313.746877816452,4,random_forest_change,cv,6
2019-08-01,2019-07-01,7437.0,7242.532598701994,4,random_forest_change,cv,6
2019-09-01,2019-08-01,7651.0,7344.179775117142,4,random_forest_change,cv,6
2019-10-01,2019-09-01,6666.0,7568.871391787468,4,random_forest_change,cv,6
2019-11-01,2019-10-01,7314.0,6764.026040451169,4,random_forest_change,cv,6
2019-12-01,2019-11-01,8279.0,7394.977485616251,4,random_forest_change,cv,6
2020-01-01,2019-12-01,8878.0,8396.841057381846,4,random_forest_change,cv,6
2020-02-01,2020-01-01,8966.0,8812.509298934283,4,random_forest_change,cv,6
2020-03-01,2020-02-01,9220.0,8675.45458850836,4,random_forest_change,cv,6
2020-04-01,2020-03-01,8373.0,8880.762154807344,4,random_forest_change,cv,6
2020-05-01,2020-04-01,7485.0,8156.398280420771,4,random_forest_change,cv,6
2020-06-01,2020-05-01,7655.0,7312.3553080043675,4,random_forest_change,cv,6
2020-07-01,2020-06-01,7333.0,7529.094299796285,4,random_forest_change,cv,7
2020-08-01,2020-07-01,7367.0,7253.55327686609,4,random_forest_change,cv,7
2020-09-01,2020-08-01,7592.0,7344.391816584313,4,random_forest_change,cv,7
2020-10-01,2020-09-01,7588.0,7449.805432763369,4,random_forest_change,cv,7
2020-11-01,2020-10-01,8440.0,7778.009628968833,4,random_forest_change,cv,7
2020-12-01,2020-11-01,8657.0,8503.244097685802,4,random_forest_change,cv,7
2021-01-01,2020-12-01,8868.0,8768.010952669749,4,random_forest_change,cv,7
2021-02-01,2021-01-01,8844.0,8720.710772244629,4,random_forest_change,cv,7
2021-03-01,2021-02-01,8564.0,8552.699840016114,4,random_forest_change,cv,7
2021-04-01,2021-03-01,8119.0,8411.832975866271,4,random_forest_change,cv,7
2021-05-01,2021-04-01,7258.0,8030.950523703132,4,random_forest_change,cv,7
2021-06-01,2021-05-01,6162.0,7183.219429903162,4,random_forest_change,cv,7
2021-07-01,2021-06-01,6234.0,6412.889767633592,4,random_forest_change,cv,8
2021-08-01,2021-07-01,6718.0,6478.449108901594,4,random_forest_change,cv,8
2021-09-01,2021-08-01,7644.0,6769.5553523017325,4,random_forest_change,cv,8
2021-10-01,2021-09-01,7594.0,7598.796459027459,4,random_forest_change,cv,8
2021-11-01,2021-10-01,7777.0,7880.1457613515295,4,random_forest_change,cv,8
2021-12-01,2021-11-01,8147.0,8014.9128683538265,4,random_forest_change,cv,8
2022-01-01,2021-12-01,8910.0,8381.90381736077,4,random_forest_change,cv,8
2022-02-01,2022-01-01,8302.0,8770.792480587299,4,random_forest_change,cv,8
2022-03-01,2022-02-01,8083.0,8024.851957555989,4,random_forest_change,cv,8
2022-04-01,2022-03-01,7951.0,7768.670531438195,4,random_forest_change,cv,8
2022-05-01,2022-04-01,6140.0,7670.22506205424,4,random_forest_change,cv,8
2022-06-01,2022-05-01,6448.0,6329.490419557571,4,random_forest_change,cv,8
2022-07-01,2022-06-01,6816.0,6594.6712846862965,4,random_forest_change,cv,9
2022-08-01,2022-07-01,6394.0,6769.108017969842,4,random_forest_change,cv,9
2022-09-01,2022-08-01,6386.0,6725.848213411699,4,random_forest_change,cv,9
2022-10-01,2022-09-01,7003.0,6708.71601850385,4,random_forest_change,cv,9
2022-11-01,2022-10-01,7200.0,7339.519684750409,4,random_forest_change,cv,9
2022-12-01,2022-11-01,7417.0,7520.875335565407,4,random_forest_change,cv,9
2023-01-01,2022-12-01,7387.0,7702.909069505903,4,random_forest_change,cv,9
2023-02-01,2023-01-01,7666.0,7091.379026066671,4,random_forest_change,cv,9
2023-03-01,2023-02-01,7844.0,7311.236160530049,4,random_forest_change,cv,9
2023-04-01,2023-03-01,7295.0,7577.0346629669475,4,random_forest_change,cv,9
2023-05-01,2023-04-01,6761.0,7002.765678221346,4,random_forest_change,cv,9
2023-06-01,2023-05-01,6916.0,6553.787724600759,4,random_forest_change,cv,9
2023-07-01,2023-06-01,7197.0,6790.516948308645,4,random_forest_change,cv,10
2023-08-01,2023-07-01,7195.0,7048.256413256232,4,random_forest_change,cv,10
2023-09-01,2023-08-01,7164.0,7136.840093749144,4,random_forest_change,cv,10
2023-10-01,2023-09-01,7208.0,7129.437629889195,4,random_forest_change,cv,10
2023-11-01,2023-10-01,7661.0,7414.394003718684,4,random_forest_change,cv,10
2023-12-01,2023-11-01,7902.0,7852.99265834653,4,random_forest_change,cv,10
2024-01-01,2023-12-01,8642.0,8083.902302881396,4,random_forest_change,cv,10
2024-02-01,2024-01-01,8495.0,8539.528731163853,4,random_forest_change,cv,10
2024-03-01,2024-02-01,8558.0,8143.421408240884,4,random_forest_change,cv,10
2024-04-01,2024-03-01,8572.0,8242.743139939865,4,random_forest_change,cv,10
2024-05-01,2024-04-01,8144.0,8247.10548643687,4,random_forest_change,cv,10
2024-06-01,2024-05-01,8044.0,7857.880184820739,4,random_forest_change,cv,10
2014-07-01,2014-06-01,6539.0,6214.48779296875,4,xgboost_change,cv,1
2014-08-01,2014-07-01,6891.0,6575.150390625,4,xgboost_change,cv,1
2014-09-01,2014-08-01,7410.0,6730.486328125,4,xgboost_change,cv,1
2014-10-01,2014-09-01,6520.0,7335.85498046875,4,xgboost_change,cv,1
2014-11-01,2014-10-01,7858.0,6691.27392578125,4,xgboost_change,cv,1
2014-12-01,2014-11-01,7902.0,7794.0283203125,4,xgboost_change,cv,1
2015-01-01,2014-12-01,7651.0,7778.740234375,4,xgboost_change,cv,1
2015-02-01,2015-01-01,7771.0,7380.5390625,4,xgboost_change,cv,1
2015-03-01,2015-02-01,6460.0,7448.68359375,4,xgboost_change,cv,1
2015-04-01,2015-03-01,6792.0,6307.6708984375,4,xgboost_change,cv,1
2015-05-01,2015-04-01,7064.0,6550.79150390625,4,xgboost_change,cv,1
2015-06-01,2015-05-01,6761.0,6809.6396484375,4,xgboost_change,cv,1
2015-07-01,2015-06-01,6448.0,6556.6044921875,4,xgboost_change,cv,2
2015-08-01,2015-07-01,6862.0,6556.4072265625,4,xgboost_change,cv,2
2015-09-01,2015-08-01,7154.0,6757.748046875,4,xgboost_change,cv,2
2015-10-01,2015-09-01,6800.0,6973.20751953125,4,xgboost_change,cv,2
2015-11-01,2015-10-01,7226.0,6719.86865234375,4,xgboost_change,cv,2
2015-12-01,2015-11-01,7716.0,7133.6953125,4,xgboost_change,cv,2
2016-01-01,2015-12-01,8001.0,7633.0751953125,4,xgboost_change,cv,2
2016-02-01,2016-01-01,8379.0,7749.8232421875,4,xgboost_change,cv,2
2016-03-01,2016-02-01,8386.0,8038.88330078125,4,xgboost_change,cv,2
2016-04-01,2016-03-01,7606.0,8130.712890625,4,xgboost_change,cv,2
2016-05-01,2016-04-01,7567.0,7544.701171875,4,xgboost_change,cv,2
2016-06-01,2016-05-01,7444.0,7391.92919921875,4,xgboost_change,cv,2
2016-07-01,2016-06-01,7418.0,7316.2158203125,4,xgboost_change,cv,3
2016-08-01,2016-07-01,6833.0,7293.80859375,4,xgboost_change,cv,3
2016-09-01,2016-08-01,6937.0,6930.15087890625,4,xgboost_change,cv,3
2016-10-01,2016-09-01,7295.0,6859.23974609375,4,xgboost_change,cv,3
2016-11-01,2016-10-01,8096.0,7414.42041015625,4,xgboost_change,cv,3
2016-12-01,2016-11-01,7910.0,8223.3525390625,4,xgboost_change,cv,3
2017-01-01,2016-12-01,8615.0,7955.07177734375,4,xgboost_change,cv,3
2017-02-01,2017-01-01,8456.0,8517.806640625,4,xgboost_change,cv,3
2017-03-01,2017-02-01,7940.0,8277.2353515625,4,xgboost_change,cv,3
2017-04-01,2017-03-01,7809.0,7833.6826171875,4,xgboost_change,cv,3
2017-05-01,2017-04-01,7665.0,7799.85546875,4,xgboost_change,cv,3
2017-06-01,2017-05-01,7021.0,7666.3134765625,4,xgboost_change,cv,3
2017-07-01,2017-06-01,6696.0,7084.03466796875,4,xgboost_change,cv,4
2017-08-01,2017-07-01,6507.0,6620.47021484375,4,xgboost_change,cv,4
2017-09-01,2017-08-01,6894.0,6748.89404296875,4,xgboost_change,cv,4
2017-10-01,2017-09-01,7080.0,7034.9326171875,4,xgboost_change,cv,4
2017-11-01,2017-10-01,7112.0,7276.02392578125,4,xgboost_change,cv,4
2017-12-01,2017-11-01,7558.0,7280.1171875,4,xgboost_change,cv,4
2018-01-01,2017-12-01,7650.0,7704.1220703125,4,xgboost_change,cv,4
2018-02-01,2018-01-01,8400.0,7507.6494140625,4,xgboost_change,cv,4
2018-03-01,2018-02-01,7711.0,8183.37158203125,4,xgboost_change,cv,4
2018-04-01,2018-03-01,7170.0,7614.41796875,4,xgboost_change,cv,4
2018-05-01,2018-04-01,6793.0,7087.1708984375,4,xgboost_change,cv,4
2018-06-01,2018-05-01,7275.0,6675.9267578125,4,xgboost_change,cv,4
2018-07-01,2018-06-01,6966.0,7144.9150390625,4,xgboost_change,cv,5
2018-08-01,2018-07-01,6406.0,6859.63720703125,4,xgboost_change,cv,5
2018-09-01,2018-08-01,6998.0,6681.77685546875,4,xgboost_change,cv,5
2018-10-01,2018-09-01,6816.0,7118.9306640625,4,xgboost_change,cv,5
2018-11-01,2018-10-01,6939.0,7024.8740234375,4,xgboost_change,cv,5
2018-12-01,2018-11-01,7324.0,7074.25146484375,4,xgboost_change,cv,5
2019-01-01,2018-12-01,7499.0,7472.0810546875,4,xgboost_change,cv,5
2019-02-01,2019-01-01,7394.0,7505.57373046875,4,xgboost_change,cv,5
2019-03-01,2019-02-01,6861.0,7085.978515625,4,xgboost_change,cv,5
2019-04-01,2019-03-01,6567.0,6747.50244140625,4,xgboost_change,cv,5
2019-05-01,2019-04-01,7223.0,6649.5556640625,4,xgboost_change,cv,5
2019-06-01,2019-05-01,7457.0,7142.2548828125,4,xgboost_change,cv,5
2019-07-01,2019-06-01,7435.0,7339.34619140625,4,xgboost_change,cv,6
2019-08-01,2019-07-01,7437.0,7263.318359375,4,xgboost_change,cv,6
2019-09-01,2019-08-01,7651.0,7370.62939453125,4,xgboost_change,cv,6
2019-10-01,2019-09-01,6666.0,7600.83837890625,4,xgboost_change,cv,6
2019-11-01,2019-10-01,7314.0,6847.30029296875,4,xgboost_change,cv,6
2019-12-01,2019-11-01,8279.0,7387.1962890625,4,xgboost_change,cv,6
2020-01-01,2019-12-01,8878.0,8392.96875,4,xgboost_change,cv,6
2020-02-01,2020-01-01,8966.0,8828.8037109375,4,xgboost_change,cv,6
2020-03-01,2020-02-01,9220.0,8665.6962890625,4,xgboost_change,cv,6
2020-04-01,2020-03-01,8373.0,8854.001953125,4,xgboost_change,cv,6
2020-05-01,2020-04-01,7485.0,8143.6767578125,4,xgboost_change,cv,6
2020-06-01,2020-05-01,7655.0,7275.61376953125,4,xgboost_change,cv,6
2020-07-01,2020-06-01,7333.0,7482.98486328125,4,xgboost_change,cv,7
2020-08-01,2020-07-01,7367.0,7202.0322265625,4,xgboost_change,cv,7
2020-09-01,2020-08-01,7592.0,7317.11474609375,4,xgboost_change,cv,7
2020-10-01,2020-09-01,7588.0,7478.46484375,4,xgboost_change,cv,7
2020-11-01,2020-10-01,8440.0,7764.8056640625,4,xgboost_change,cv,7
2020-12-01,2020-11-01,8657.0,8428.9638671875,4,xgboost_change,cv,7
2021-01-01,2020-12-01,8868.0,8739.2392578125,4,xgboost_change,cv,7
2021-02-01,2021-01-01,8844.0,8772.4375,4,xgboost_change,cv,7
2021-03-01,2021-02-01,8564.0,8535.974609375,4,xgboost_change,cv,7
2021-04-01,2021-03-01,8119.0,8398.16796875,4,xgboost_change,cv,7
2021-05-01,2021-04-01,7258.0,8015.76611328125,4,xgboost_change,cv,7
2021-06-01,2021-05-01,6162.0,7175.2333984375,4,xgboost_change,cv,7
2021-07-01,2021-06-01,6234.0,6357.47119140625,4,xgboost_change,cv,8
2021-08-01,2021-07-01,6718.0,6440.0888671875,4,xgboost_change,cv,8
2021-09-01,2021-08-01,7644.0,6755.63134765625,4,xgboost_change,cv,8
2021-10-01,2021-09-01,7594.0,7616.85791015625,4,xgboost_change,cv,8
2021-11-01,2021-10-01,7777.0,7807.609375,4,xgboost_change,cv,8
2021-12-01,2021-11-01,8147.0,8000.1318359375,4,xgboost_change,cv,8
2022-01-01,2021-12-01,8910.0,8357.578125,4,xgboost_change,cv,8
2022-02-01,2022-01-01,8302.0,8830.9853515625,4,xgboost_change,cv,8
2022-03-01,2022-02-01,8083.0,8086.45166015625,4,xgboost_change,cv,8
2022-04-01,2022-03-01,7951.0,7747.89892578125,4,xgboost_change,cv,8
2022-05-01,2022-04-01,6140.0,7640.89453125,4,xgboost_change,cv,8
2022-06-01,2022-05-01,6448.0,6291.1474609375,4,xgboost_change,cv,8
2022-07-01,2022-06-01,6816.0,6575.84033203125,4,xgboost_change,cv,9
2022-08-01,2022-07-01,6394.0,6766.5908203125,4,xgboost_change,cv,9
2022-09-01,2022-08-01,6386.0,6757.6259765625,4,xgboost_change,cv,9
2022-10-01,2022-09-01,7003.0,6740.63037109375,4,xgboost_change,cv,9
2022-11-01,2022-10-01,7200.0,7326.30224609375,4,xgboost_change,cv,9
2022-12-01,2022-11-01,7417.0,7473.79541015625,4,xgboost_change,cv,9
2023-01-01,2022-12-01,7387.0,7657.1513671875,4,xgboost_change,cv,9
2023-02-01,2023-01-01,7666.0,7095.07275390625,4,xgboost_change,cv,9
2023-03-01,2023-02-01,7844.0,7339.0126953125,4,xgboost_change,cv,9
2023-04-01,2023-03-01,7295.0,7531.52978515625,4,xgboost_change,cv,9
2023-05-01,2023-04-01,6761.0,6992.13134765625,4,xgboost_change,cv,9
2023-06-01,2023-05-01,6916.0,6596.63671875,4,xgboost_change,cv,9
2023-07-01,2023-06-01,7197.0,6807.71533203125,4,xgboost_change,cv,10
2023-08-01,2023-07-01,7195.0,7018.58544921875,4,xgboost_change,cv,10
2023-09-01,2023-08-01,7164.0,7190.1728515625,4,xgboost_change,cv,10
2023-10-01,2023-09-01,7208.0,7153.505859375,4,xgboost_change,cv,10
2023-11-01,2023-10-01,7661.0,7384.0576171875,4,xgboost_change,cv,10
2023-12-01,2023-11-01,7902.0,7802.79248046875,4,xgboost_change,cv,10
2024-01-01,2023-12-01,8642.0,8047.0634765625,4,xgboost_change,cv,10
2024-02-01,2024-01-01,8495.0,8603.2705078125,4,xgboost_change,cv,10
2024-03-01,2024-02-01,8558.0,8185.599609375,4,xgboost_change,cv,10
2024-04-01,2024-03-01,8572.0,8210.095703125,4,xgboost_change,cv,10
2024-05-01,2024-04-01,8144.0,8216.55859375,4,xgboost_change,cv,10
2024-06-01,2024-05-01,8044.0,7886.1787109375,4,xgboost_change,cv,10
2014-07-01,2014-06-01,6539.0,6180.672312944918,4,neural_network_change,cv,1
2014-08-01,2014-07-01,6891.0,6603.649250822362,4,neural_network_change,cv,1
2014-09-01,2014-08-01,7410.0,6906.5191973797855,4,neural_network_change,cv,1
2014-10-01,2014-09-01,6520.0,7323.347381367432,4,neural_network_change,cv,1
2014-11-01,2014-10-01,7858.0,6893.363334355498,4,neural_network_change,cv,1
2014-12-01,2014-11-01,7902.0,7552.396249849724,4,neural_network_change,cv,1
2015-01-01,2014-12-01,7651.0,7541.548819089233,4,neural_network_change,cv,1
2015-02-01,2015-01-01,7771.0,7254.510384669913,4,neural_network_change,cv,1
2015-03-01,2015-02-01,6460.0,7382.0478793354205,4,neural_network_change,cv,1
2015-04-01,2015-03-01,6792.0,6255.7857684452,4,neural_network_change,cv,1
2015-05-01,2015-04-01,7064.0,6530.4740421023835,4,neural_network_change,cv,1
2015-06-01,2015-05-01,6761.0,6824.970041165728,4,neural_network_change,cv,1
2015-07-01,2015-06-01,6448.0,6733.6171787717385,4,neural_network_change,cv,2
2015-08-01,2015-07-01,6862.0,6710.44796076753,4,neural_network_change,cv,2
2015-09-01,2015-08-01,7154.0,7124.071262891771,4,neural_network_change,cv,2
2015-10-01,2015-09-01,6800.0,7106.417998399975,4,neural_network_change,cv,2
2015-11-01,2015-10-01,7226.0,7111.723526742554,4,neural_network_change,cv,2
2015-12-01,2015-11-01,7716.0,7217.086747384844,4,neural_network_change,cv,2
2016-01-01,2015-12-01,8001.0,7429.226515756607,4,neural_network_change,cv,2
2016-02-01,2016-01-01,8379.0,7596.340654441272,4,neural_network_change,cv,2
2016-03-01,2016-02-01,8386.0,7906.990110361933,4,neural_network_change,cv,2
2016-04-01,2016-03-01,7606.0,8106.689881515694,4,neural_network_change,cv,2
2016-05-01,2016-04-01,7567.0,7524.652748707312,4,neural_network_change,cv,2
2016-06-01,2016-05-01,7444.0,7372.044835601662,4,neural_network_change,cv,2
2016-07-01,2016-06-01,7418.0,7285.2072993535185,4,neural_network_change,cv,3
2016-08-01,2016-07-01,6833.0,7406.575409532917,4,neural_network_change,cv,3
2016-09-01,2016-08-01,6937.0,7233.019532384098,4,neural_network_change,cv,3
2016-10-01,2016-09-01,7295.0,7114.864465582496,4,neural_network_change,cv,3
2016-11-01,2016-10-01,8096.0,7306.319839645673,4,neural_network_change,cv,3
2016-12-01,2016-11-01,7910.0,7996.439717715981,4,neural_network_change,cv,3
2017-01-01,2016-12-01,8615.0,7878.940802300932,4,neural_network_change,cv,3
2017-02-01,2017-01-01,8456.0,8445.74601293286,4,neural_network_change,cv,3
2017-03-01,2017-02-01,7940.0,8257.122808927303,4,neural_network_change,cv,3
2017-04-01,2017-03-01,7809.0,7806.457555726763,4,neural_network_change,cv,3
2017-05-01,2017-04-01,7665.0,7662.3151250220235,4,neural_network_change,cv,3
2017-06-01,2017-05-01,7021.0,7574.667580487381,4,neural_network_change,cv,3
2017-07-01,2017-06-01,6696.0,7033.266638039852,4,neural_network_change,cv,4
2017-08-01,2017-07-01,6507.0,6804.322409047483,4,neural_network_change,cv,4
2017-09-01,2017-08-01,6894.0,6752.376154897013,4,neural_network_change,cv,4
2017-10-01,2017-09-01,7080.0,7064.882690909062,4,neural_network_change,cv,4
2017-11-01,2017-10-01,7112.0,7350.002907290114,4,neural_network_change,cv,4
2017-12-01,2017-11-01,7558.0,7385.395138508932,4,neural_network_change,cv,4
2018-01-01,2017-12-01,7650.0,7709.793842416235,4,neural_network_change,cv,4
2018-02-01,2018-01-01,8400.0,7684.142074104641,4,neural_network_change,cv,4
2018-03-01,2018-02-01,7711.0,8013.857827343457,4,neural_network_change,cv,4
2018-04-01,2018-03-01,7170.0,7581.373280256757,4,neural_network_change,cv,4
2018-05-01,2018-04-01,6793.0,7021.074138455804,4,neural_network_change,cv,4
2018-06-01,2018-05-01,7275.0,6621.843161109125,4,neural_network_change,cv,4
2018-07-01,2018-06-01,6966.0,7052.070701127326,4,neural_network_change,cv,5
2018-08-01,2018-07-01,6406.0,6898.635134825684,4,neural_network_change,cv,5
2018-09-01,2018-08-01,6998.0,6648.416186937663,4,neural_network_change,cv,5
2018-10-01,2018-09-01,6816.0,7109.713929828216,4,neural_network_change,cv,5
2018-11-01,2018-10-01,6939.0,7006.975228989018,4,neural_network_change,cv,5
2018-12-01,2018-11-01,7324.0,7240.686134924861,4,neural_network_change,cv,5
2019-01-01,2018-12-01,7499.0,7401.319952152721,4,neural_network_change,cv,5
2019-02-01,2019-01-01,7394.0,7715.007650871107,4,neural_network_change,cv,5
2019-03-01,2019-02-01,6861.0,7261.898689240838,4,neural_network_change,cv,5
2019-04-01,2019-03-01,6567.0,6740.997435894621,4,neural_network_change,cv,5
2019-05-01,2019-04-01,7223.0,6536.614990582234,4,neural_network_change,cv,5
2019-06-01,2019-05-01,7457.0,7055.047952013056,4,neural_network_change,cv,5
2019-07-01,2019-06-01,7435.0,7209.891676638187,4,neural_network_change,cv,6
2019-08-01,2019-07-01,7437.0,7204.703024474658,4,neural_network_change,cv,6
2019-09-01,2019-08-01,7651.0,7374.017224912683,4,neural_network_change,cv,6
2019-10-01,2019-09-01,6666.0,7567.327719033839,4,neural_network_change,cv,6
2019-11-01,2019-10-01,7314.0,7124.123728585188,4,neural_network_change,cv,6
2019-12-01,2019-11-01,8279.0,7333.817051186718,4,neural_network_change,cv,6
2020-01-01,2019-12-01,8878.0,8132.394328571928,4,neural_network_change,cv,6
2020-02-01,2020-01-01,8966.0,8605.267215998088,4,neural_network_change,cv,6
2020-03-01,2020-02-01,9220.0,8429.145544305551,4,neural_network_change,cv,6
2020-04-01,2020-03-01,8373.0,8562.194097018339,4,neural_network_change,cv,6
2020-05-01,2020-04-01,7485.0,7748.0186993127145,4,neural_network_change,cv,6
2020-06-01,2020-05-01,7655.0,7200.911437409117,4,neural_network_change,cv,6
2020-07-01,2020-06-01,7333.0,7467.3242209388645,4,neural_network_change,cv,7
2020-08-01,2020-07-01,7367.0,7323.114273035547,4,neural_network_change,cv,7
2020-09-01,2020-08-01,7592.0,7409.578119034481,4,neural_network_change,cv,7
2020-10-01,2020-09-01,7588.0,7519.681463209913,4,neural_network_change,cv,7
2020-11-01,2020-10-01,8440.0,7834.659070237095,4,neural_network_change,cv,7
2020-12-01,2020-11-01,8657.0,8479.964162607963,4,neural_network_change,cv,7
2021-01-01,2020-12-01,8868.0,8727.527870559228,4,neural_network_change,cv,7
2021-02-01,2021-01-01,8844.0,8885.141898732218,4,neural_network_change,cv,7
2021-03-01,2021-02-01,8564.0,8713.20452139335,4,neural_network_change,cv,7
2021-04-01,2021-03-01,8119.0,8390.838764200042,4,neural_network_change,cv,7
2021-05-01,2021-04-01,7258.0,7870.31901311603,4,neural_network_change,cv,7
2021-06-01,2021-05-01,6162.0,7414.1089201090945,4,neural_network_change,cv,7
2021-07-01,2021-06-01,6234.0,6532.60684090984,4,neural_network_change,cv,8
2021-08-01,2021-07-01,6718.0,6360.083823867933,4,neural_network_change,cv,8
2021-09-01,2021-08-01,7644.0,6903.945239547312,4,neural_network_change,cv,8
2021-10-01,2021-09-01,7594.0,7761.82252696183,4,neural_network_change,cv,8
2021-11-01,2021-10-01,7777.0,8004.390432004,4,neural_network_change,cv,8
2021-12-01,2021-11-01,8147.0,8140.841161850752,4,neural_network_change,cv,8
2022-01-01,2021-12-01,8910.0,8421.902915844328,4,neural_network_change,cv,8
2022-02-01,2022-01-01,8302.0,8922.697234347605,4,neural_network_change,cv,8
2022-03-01,2022-02-01,8083.0,8080.478729456353,4,neural_network_change,cv,8
2022-04-01,2022-03-01,7951.0,7788.359043784719,4,neural_network_change,cv,8
2022-05-01,2022-04-01,6140.0,7569.570544240132,4,neural_network_change,cv,8
2022-06-01,2022-05-01,6448.0,6563.361969928538,4,neural_network_change,cv,8
2022-07-01,2022-06-01,6816.0,6422.472126376585,4,neural_network_change,cv,9
2022-08-01,2022-07-01,6394.0,6817.1775725732705,4,neural_network_change,cv,9
2022-09-01,2022-08-01,6386.0,6839.5446119622,4,neural_network_change,cv,9
2022-10-01,2022-09-01,7003.0,7000.973134187245,4,neural_network_change,cv,9
2022-11-01,2022-10-01,7200.0,7394.755368611853,4,neural_network_change,cv,9
2022-12-01,2022-11-01,7417.0,7613.241098756602,4,neural_network_change,cv,9
2023-01-01,2022-12-01,7387.0,7856.033327166433,4,neural_network_change,cv,9
2023-02-01,2023-01-01,7666.0,7414.8726985860185,4,neural_network_change,cv,9
2023-03-01,2023-02-01,7844.0,7279.926613236469,4,neural_network_change,cv,9
2023-04-01,2023-03-01,7295.0,7439.903459512918,4,neural_network_change,cv,9
2023-05-01,2023-04-01,6761.0,6847.49847101089,4,neural_network_change,cv,9
2023-06-01,2023-05-01,6916.0,6553.561601504071,4,neural_network_change,cv,9
2023-07-01,2023-06-01,7197.0,6707.528921376381,4,neural_network_change,cv,10
2023-08-01,2023-07-01,7195.0,7010.0089104757935,4,neural_network_change,cv,10
2023-09-01,2023-08-01,7164.0,7209.092158671656,4,neural_network_change,cv,10
2023-10-01,2023-09-01,7208.0,7393.443836522412,4,neural_network_change,cv,10
2023-11-01,2023-10-01,7661.0,7471.476871798464,4,neural_network_change,cv,10
2023-12-01,2023-11-01,7902.0,7867.76024501055,4,neural_network_change,cv,10
2024-01-01,2023-12-01,8642.0,7964.311267341018,4,neural_network_change,cv,10
2024-02-01,2024-01-01,8495.0,8535.227204956242,4,neural_network_change,cv,10
2024-03-01,2024-02-01,8558.0,8166.431322475892,4,neural_network_change,cv,10
2024-04-01,2024-03-01,8572.0,8099.447907505523,4,neural_network_change,cv,10
2024-05-01,2024-04-01,8144.0,8054.387351363877,4,neural_network_change,cv,10
2024-06-01,2024-05-01,8044.0,7771.663026385945,4,neural_network_change,cv,10
2024-07-01,2024-06-01,6895.0,8044.0,4,persistence,holdout,0
2024-08-01,2024-07-01,6777.0,6895.0,4,persistence,holdout,0
2024-09-01,2024-08-01,6835.0,6777.0,4,persistence,holdout,0
2024-10-01,2024-09-01,6907.0,6835.0,4,persistence,holdout,0
2024-11-01,2024-10-01,7997.0,6907.0,4,persistence,holdout,0
2024-12-01,2024-11-01,8449.0,7997.0,4,persistence,holdout,0
2025-01-01,2024-12-01,8875.0,8449.0,4,persistence,holdout,0
2025-02-01,2025-01-01,8936.0,8875.0,4,persistence,holdout,0
2025-03-01,2025-02-01,8714.0,8936.0,4,persistence,holdout,0
2025-04-01,2025-03-01,7988.0,8714.0,4,persistence,holdout,0
2025-05-01,2025-04-01,7608.0,7988.0,4,persistence,holdout,0
2025-06-01,2025-05-01,7142.0,7608.0,4,persistence,holdout,0
2025-07-01,2025-06-01,6981.0,7142.0,4,persistence,holdout,0
2025-08-01,2025-07-01,6644.0,6981.0,4,persistence,holdout,0
2025-09-01,2025-08-01,7195.0,6644.0,4,persistence,holdout,0
2025-10-01,2025-09-01,7282.0,7195.0,4,persistence,holdout,0
2025-11-01,2025-10-01,8187.0,7282.0,4,persistence,holdout,0
2025-12-01,2025-11-01,8431.0,8187.0,4,persistence,holdout,0
2026-01-01,2025-12-01,8479.0,8431.0,4,persistence,holdout,0
2026-02-01,2026-01-01,9604.0,8479.0,4,persistence,holdout,0
2026-03-01,2026-02-01,9245.0,9604.0,4,persistence,holdout,0
2026-04-01,2026-03-01,7437.0,9245.0,4,persistence,holdout,0
2026-05-01,2026-04-01,7067.0,7437.0,4,persistence,holdout,0
2026-06-01,2026-05-01,7075.0,7067.0,4,persistence,holdout,0
2024-07-01,2024-06-01,6895.0,7197.0,4,seasonal_naive,holdout,0
2024-08-01,2024-07-01,6777.0,7195.0,4,seasonal_naive,holdout,0
2024-09-01,2024-08-01,6835.0,7164.0,4,seasonal_naive,holdout,0
2024-10-01,2024-09-01,6907.0,7208.0,4,seasonal_naive,holdout,0
2024-11-01,2024-10-01,7997.0,7661.0,4,seasonal_naive,holdout,0
2024-12-01,2024-11-01,8449.0,7902.0,4,seasonal_naive,holdout,0
2025-01-01,2024-12-01,8875.0,8642.0,4,seasonal_naive,holdout,0
2025-02-01,2025-01-01,8936.0,8495.0,4,seasonal_naive,holdout,0
2025-03-01,2025-02-01,8714.0,8558.0,4,seasonal_naive,holdout,0
2025-04-01,2025-03-01,7988.0,8572.0,4,seasonal_naive,holdout,0
2025-05-01,2025-04-01,7608.0,8144.0,4,seasonal_naive,holdout,0
2025-06-01,2025-05-01,7142.0,8044.0,4,seasonal_naive,holdout,0
2025-07-01,2025-06-01,6981.0,6895.0,4,seasonal_naive,holdout,0
2025-08-01,2025-07-01,6644.0,6777.0,4,seasonal_naive,holdout,0
2025-09-01,2025-08-01,7195.0,6835.0,4,seasonal_naive,holdout,0
2025-10-01,2025-09-01,7282.0,6907.0,4,seasonal_naive,holdout,0
2025-11-01,2025-10-01,8187.0,7997.0,4,seasonal_naive,holdout,0
2025-12-01,2025-11-01,8431.0,8449.0,4,seasonal_naive,holdout,0
2026-01-01,2025-12-01,8479.0,8875.0,4,seasonal_naive,holdout,0
2026-02-01,2026-01-01,9604.0,8936.0,4,seasonal_naive,holdout,0
2026-03-01,2026-02-01,9245.0,8714.0,4,seasonal_naive,holdout,0
2026-04-01,2026-03-01,7437.0,7988.0,4,seasonal_naive,holdout,0
2026-05-01,2026-04-01,7067.0,7608.0,4,seasonal_naive,holdout,0
2026-06-01,2026-05-01,7075.0,7142.0,4,seasonal_naive,holdout,0
2024-07-01,2024-06-01,6895.0,8215.6420956486,4,forecast_flow_identity,holdout,0
2024-08-01,2024-07-01,6777.0,6941.642095648604,4,forecast_flow_identity,holdout,0
2024-09-01,2024-08-01,6835.0,7061.069769982518,4,forecast_flow_identity,holdout,0
2024-10-01,2024-09-01,6907.0,6763.9929289819365,4,forecast_flow_identity,holdout,0
2024-11-01,2024-10-01,7997.0,7323.890759574129,4,forecast_flow_identity,holdout,0
2024-12-01,2024-11-01,8449.0,8389.235428981941,4,forecast_flow_identity,holdout,0
2025-01-01,2024-12-01,8875.0,8940.535428981942,4,forecast_flow_identity,holdout,0
2025-02-01,2025-01-01,8936.0,8832.822767890251,4,forecast_flow_identity,holdout,0
2025-03-01,2025-02-01,8714.0,9001.267325533663,4,forecast_flow_identity,holdout,0
2025-04-01,2025-03-01,7988.0,8393.490960193862,4,forecast_flow_identity,holdout,0
2025-05-01,2025-04-01,7608.0,7104.77399220033,4,forecast_flow_identity,holdout,0
2025-06-01,2025-05-01,7142.0,7542.255476322897,4,forecast_flow_identity,holdout,0
2025-07-01,2025-06-01,6981.0,7044.292325533664,4,forecast_flow_identity,holdout,0
2025-08-01,2025-07-01,6644.0,7015.117325533659,4,forecast_flow_identity,holdout,0
2025-09-01,2025-08-01,7195.0,6902.603863419674,4,forecast_flow_identity,holdout,0
2025-10-01,2025-09-01,7282.0,7371.672325533656,4,forecast_flow_identity,holdout,0
2025-11-01,2025-10-01,8187.0,7864.045798903544,4,forecast_flow_identity,holdout,0
2025-12-01,2025-11-01,8431.0,8555.648158866989,4,forecast_flow_identity,holdout,0
2026-01-01,2025-12-01,8479.0,8913.273158866996,4,forecast_flow_identity,holdout,0
2026-02-01,2026-01-01,9604.0,8415.66696885428,4,forecast_flow_identity,holdout,0
2026-03-01,2026-02-01,9245.0,9606.162321428574,4,forecast_flow_identity,holdout,0
2026-04-01,2026-03-01,7437.0,8946.15224654378,4,forecast_flow_identity,holdout,0
2026-05-01,2026-04-01,7067.0,6624.643988095244,4,forecast_flow_identity,holdout,0
2026-06-01,2026-05-01,7075.0,6834.445794930876,4,forecast_flow_identity,holdout,0
2024-07-01,2024-06-01,6895.0,7964.080204680812,4,constrained_level,holdout,0
2024-08-01,2024-07-01,6777.0,6996.928678693987,4,constrained_level,holdout,0
2024-09-01,2024-08-01,6835.0,6998.78759668124,4,constrained_level,holdout,0
2024-10-01,2024-09-01,6907.0,6982.288330717642,4,constrained_level,holdout,0
2024-11-01,2024-10-01,7997.0,7053.774663130971,4,constrained_level,holdout,0
2024-12-01,2024-11-01,8449.0,7949.4470546402235,4,constrained_level,holdout,0
2025-01-01,2024-12-01,8875.0,8233.282547100433,4,constrained_level,holdout,0
2025-02-01,2025-01-01,8936.0,8584.33232868655,4,constrained_level,holdout,0
2025-03-01,2025-02-01,8714.0,8453.759690168119,4,constrained_level,holdout,0
2025-04-01,2025-03-01,7988.0,8371.426127944247,4,constrained_level,holdout,0
2025-05-01,2025-04-01,7608.0,7722.521487598628,4,constrained_level,holdout,0
2025-06-01,2025-05-01,7142.0,7531.151416741195,4,constrained_level,holdout,0
2025-07-01,2025-06-01,6981.0,7214.031710502744,4,constrained_level,holdout,0
2025-08-01,2025-07-01,6644.0,7308.122457437087,4,constrained_level,holdout,0
2025-09-01,2025-08-01,7195.0,6864.690119423442,4,constrained_level,holdout,0
2025-10-01,2025-09-01,7282.0,7314.251701520411,4,constrained_level,holdout,0
2025-11-01,2025-10-01,8187.0,7374.366909788388,4,constrained_level,holdout,0
2025-12-01,2025-11-01,8431.0,8092.3538882497005,4,constrained_level,holdout,0
2026-01-01,2025-12-01,8479.0,8296.43510064856,4,constrained_level,holdout,0
2026-02-01,2026-01-01,9604.0,8314.912686161726,4,constrained_level,holdout,0
2026-03-01,2026-02-01,9245.0,9118.452910502634,4,constrained_level,holdout,0
2026-04-01,2026-03-01,7437.0,8767.147885590986,4,constrained_level,holdout,0
2026-05-01,2026-04-01,7067.0,7106.420647170139,4,constrained_level,holdout,0
2026-06-01,2026-05-01,7075.0,7093.742521716647,4,constrained_level,holdout,0
2024-07-01,2024-06-01,6895.0,7950.020976673265,4,ridge_change,holdout,0
2024-08-01,2024-07-01,6777.0,6974.127723368681,4,ridge_change,holdout,0
2024-09-01,2024-08-01,6835.0,6919.608110654376,4,ridge_change,holdout,0
2024-10-01,2024-09-01,6907.0,6866.979492599392,4,ridge_change,holdout,0
2024-11-01,2024-10-01,7997.0,7045.380292897202,4,ridge_change,holdout,0
2024-12-01,2024-11-01,8449.0,7952.6417180661865,4,ridge_change,holdout,0
2025-01-01,2024-12-01,8875.0,8380.413217256693,4,ridge_change,holdout,0
2025-02-01,2025-01-01,8936.0,8747.925492087386,4,ridge_change,holdout,0
2025-03-01,2025-02-01,8714.0,8702.488845597505,4,ridge_change,holdout,0
2025-04-01,2025-03-01,7988.0,8607.726620042113,4,ridge_change,holdout,0
2025-05-01,2025-04-01,7608.0,7953.533861126762,4,ridge_change,holdout,0
2025-06-01,2025-05-01,7142.0,7617.104869246365,4,ridge_change,holdout,0
2025-07-01,2025-06-01,6981.0,7141.7693291435335,4,ridge_change,holdout,0
2025-08-01,2025-07-01,6644.0,7095.054714179916,4,ridge_change,holdout,0
2025-09-01,2025-08-01,7195.0,6708.792681701565,4,ridge_change,holdout,0
2025-10-01,2025-09-01,7282.0,7185.1325425238265,4,ridge_change,holdout,0
2025-11-01,2025-10-01,8187.0,7400.555799658526,4,ridge_change,holdout,0
2025-12-01,2025-11-01,8431.0,8174.265224520248,4,ridge_change,holdout,0
2026-01-01,2025-12-01,8479.0,8408.264557011387,4,ridge_change,holdout,0
2026-02-01,2026-01-01,9604.0,8492.041724859278,4,ridge_change,holdout,0
2026-03-01,2026-02-01,9245.0,9351.481861969383,4,ridge_change,holdout,0
2026-04-01,2026-03-01,7437.0,9027.034335767417,4,ridge_change,holdout,0
2026-05-01,2026-04-01,7067.0,7361.569697504497,4,ridge_change,holdout,0
2026-06-01,2026-05-01,7075.0,7109.206672627485,4,ridge_change,holdout,0
2024-07-01,2024-06-01,6895.0,7870.546153519782,4,seasonal_ridge_change,holdout,0
2024-08-01,2024-07-01,6777.0,7006.791725045508,4,seasonal_ridge_change,holdout,0
2024-09-01,2024-08-01,6835.0,6981.03056702054,4,seasonal_ridge_change,holdout,0
2024-10-01,2024-09-01,6907.0,6999.474106194327,4,seasonal_ridge_change,holdout,0
2024-11-01,2024-10-01,7997.0,7181.587897747361,4,seasonal_ridge_change,holdout,0
2024-12-01,2024-11-01,8449.0,8035.8897947976275,4,seasonal_ridge_change,holdout,0
2025-01-01,2024-12-01,8875.0,8448.280358974174,4,seasonal_ridge_change,holdout,0
2025-02-01,2025-01-01,8936.0,8710.146625542246,4,seasonal_ridge_change,holdout,0
2025-03-01,2025-02-01,8714.0,8649.080398123146,4,seasonal_ridge_change,holdout,0
2025-04-01,2025-03-01,7988.0,8486.343179148642,4,seasonal_ridge_change,holdout,0
2025-05-01,2025-04-01,7608.0,7849.2596811664935,4,seasonal_ridge_change,holdout,0
2025-06-01,2025-05-01,7142.0,7483.657302487873,4,seasonal_ridge_change,holdout,0
2025-07-01,2025-06-01,6981.0,7075.733813545788,4,seasonal_ridge_change,holdout,0
2025-08-01,2025-07-01,6644.0,7049.966475117039,4,seasonal_ridge_change,holdout,0
2025-09-01,2025-08-01,7195.0,6789.845280180012,4,seasonal_ridge_change,holdout,0
2025-10-01,2025-09-01,7282.0,7285.146456245271,4,seasonal_ridge_change,holdout,0
2025-11-01,2025-10-01,8187.0,7507.404552214976,4,seasonal_ridge_change,holdout,0
2025-12-01,2025-11-01,8431.0,8236.16557047674,4,seasonal_ridge_change,holdout,0
2026-01-01,2025-12-01,8479.0,8434.669242367845,4,seasonal_ridge_change,holdout,0
2026-02-01,2026-01-01,9604.0,8451.745309476019,4,seasonal_ridge_change,holdout,0
2026-03-01,2026-02-01,9245.0,9232.380348009578,4,seasonal_ridge_change,holdout,0
2026-04-01,2026-03-01,7437.0,8920.27917058946,4,seasonal_ridge_change,holdout,0
2026-05-01,2026-04-01,7067.0,7330.366919773947,4,seasonal_ridge_change,holdout,0
2026-06-01,2026-05-01,7075.0,6982.495550077455,4,seasonal_ridge_change,holdout,0
2024-07-01,2024-06-01,6895.0,7870.546153519782,4,polynomial_ridge_change,holdout,0
2024-08-01,2024-07-01,6777.0,7006.791725045508,4,polynomial_ridge_change,holdout,0
2024-09-01,2024-08-01,6835.0,6981.03056702054,4,polynomial_ridge_change,holdout,0
2024-10-01,2024-09-01,6907.0,6999.474106194327,4,polynomial_ridge_change,holdout,0
2024-11-01,2024-10-01,7997.0,7181.587897747361,4,polynomial_ridge_change,holdout,0
2024-12-01,2024-11-01,8449.0,8035.8897947976275,4,polynomial_ridge_change,holdout,0
2025-01-01,2024-12-01,8875.0,8448.280358974174,4,polynomial_ridge_change,holdout,0
2025-02-01,2025-01-01,8936.0,8710.146625542246,4,polynomial_ridge_change,holdout,0
2025-03-01,2025-02-01,8714.0,8649.080398123146,4,polynomial_ridge_change,holdout,0
2025-04-01,2025-03-01,7988.0,8486.343179148642,4,polynomial_ridge_change,holdout,0
2025-05-01,2025-04-01,7608.0,7849.2596811664935,4,polynomial_ridge_change,holdout,0
2025-06-01,2025-05-01,7142.0,7483.657302487873,4,polynomial_ridge_change,holdout,0
2025-07-01,2025-06-01,6981.0,7075.733813545788,4,polynomial_ridge_change,holdout,0
2025-08-01,2025-07-01,6644.0,7049.966475117039,4,polynomial_ridge_change,holdout,0
2025-09-01,2025-08-01,7195.0,6789.845280180012,4,polynomial_ridge_change,holdout,0
2025-10-01,2025-09-01,7282.0,7285.146456245271,4,polynomial_ridge_change,holdout,0
2025-11-01,2025-10-01,8187.0,7507.404552214976,4,polynomial_ridge_change,holdout,0
2025-12-01,2025-11-01,8431.0,8236.16557047674,4,polynomial_ridge_change,holdout,0
2026-01-01,2025-12-01,8479.0,8434.669242367845,4,polynomial_ridge_change,holdout,0
2026-02-01,2026-01-01,9604.0,8451.745309476019,4,polynomial_ridge_change,holdout,0
2026-03-01,2026-02-01,9245.0,9232.380348009578,4,polynomial_ridge_change,holdout,0
2026-04-01,2026-03-01,7437.0,8920.27917058946,4,polynomial_ridge_change,holdout,0
2026-05-01,2026-04-01,7067.0,7330.366919773947,4,polynomial_ridge_change,holdout,0
2026-06-01,2026-05-01,7075.0,6982.495550077455,4,polynomial_ridge_change,holdout,0
2024-07-01,2024-06-01,6895.0,7892.626561777966,4,spline_ridge_change,holdout,0
2024-08-01,2024-07-01,6777.0,7028.149082280945,4,spline_ridge_change,holdout,0
2024-09-01,2024-08-01,6835.0,7103.079770278607,4,spline_ridge_change,holdout,0
2024-10-01,2024-09-01,6907.0,7110.276916664186,4,spline_ridge_change,holdout,0
2024-11-01,2024-10-01,7997.0,7392.1806942297735,4,spline_ridge_change,holdout,0
2024-12-01,2024-11-01,8449.0,8198.055789901588,4,spline_ridge_change,holdout,0
2025-01-01,2024-12-01,8875.0,8695.991381201424,4,spline_ridge_change,holdout,0
2025-02-01,2025-01-01,8936.0,8822.846967903855,4,spline_ridge_change,holdout,0
2025-03-01,2025-02-01,8714.0,8560.80633544918,4,spline_ridge_change,holdout,0
2025-04-01,2025-03-01,7988.0,8520.913663914378,4,spline_ridge_change,holdout,0
2025-05-01,2025-04-01,7608.0,7866.64694445207,4,spline_ridge_change,holdout,0
2025-06-01,2025-05-01,7142.0,7477.289861393508,4,spline_ridge_change,holdout,0
2025-07-01,2025-06-01,6981.0,7055.7131194211115,4,spline_ridge_change,holdout,0
2025-08-01,2025-07-01,6644.0,7044.824573828138,4,spline_ridge_change,holdout,0
2025-09-01,2025-08-01,7195.0,6764.212581793632,4,spline_ridge_change,holdout,0
2025-10-01,2025-09-01,7282.0,7274.720376573825,4,spline_ridge_change,holdout,0
2025-11-01,2025-10-01,8187.0,7612.21105744862,4,spline_ridge_change,holdout,0
2025-12-01,2025-11-01,8431.0,8339.073235630349,4,spline_ridge_change,holdout,0
2026-01-01,2025-12-01,8479.0,8595.868594872729,4,spline_ridge_change,holdout,0
2026-02-01,2026-01-01,9604.0,8597.80867559346,4,spline_ridge_change,holdout,0
2026-03-01,2026-02-01,9245.0,9346.166160565186,4,spline_ridge_change,holdout,0
2026-04-01,2026-03-01,7437.0,8998.336991615488,4,spline_ridge_change,holdout,0
2026-05-01,2026-04-01,7067.0,7492.495677052969,4,spline_ridge_change,holdout,0
2026-06-01,2026-05-01,7075.0,6948.849007766071,4,spline_ridge_change,holdout,0
2024-07-01,2024-06-01,6895.0,7863.931038688966,4,random_forest_change,holdout,0
2024-08-01,2024-07-01,6777.0,6890.228088159784,4,random_forest_change,holdout,0
2024-09-01,2024-08-01,6835.0,6855.650268629923,4,random_forest_change,holdout,0
2024-10-01,2024-09-01,6907.0,6904.213322160331,4,random_forest_change,holdout,0
2024-11-01,2024-10-01,7997.0,7298.1508101877625,4,random_forest_change,holdout,0
2024-12-01,2024-11-01,8449.0,8284.18282896477,4,random_forest_change,holdout,0
2025-01-01,2024-12-01,8875.0,8688.21160608836,4,random_forest_change,holdout,0
2025-02-01,2025-01-01,8936.0,8753.949252209217,4,random_forest_change,holdout,0
2025-03-01,2025-02-01,8714.0,8655.866361565191,4,random_forest_change,holdout,0
2025-04-01,2025-03-01,7988.0,8474.099337111644,4,random_forest_change,holdout,0
2025-05-01,2025-04-01,7608.0,7684.152586140416,4,random_forest_change,holdout,0
2025-06-01,2025-05-01,7142.0,7429.594292161304,4,random_forest_change,holdout,0
2025-07-01,2025-06-01,6981.0,6982.223468800961,4,random_forest_change,holdout,0
2025-08-01,2025-07-01,6644.0,6824.133902367121,4,random_forest_change,holdout,0
2025-09-01,2025-08-01,7195.0,6693.468299848734,4,random_forest_change,holdout,0
2025-10-01,2025-09-01,7282.0,7091.635079518976,4,random_forest_change,holdout,0
2025-11-01,2025-10-01,8187.0,7600.251539942396,4,random_forest_change,holdout,0
2025-12-01,2025-11-01,8431.0,8458.264552544239,4,random_forest_change,holdout,0
2026-01-01,2025-12-01,8479.0,8706.7435661033,4,random_forest_change,holdout,0
2026-02-01,2026-01-01,9604.0,8378.445397338843,4,random_forest_change,holdout,0
2026-03-01,2026-02-01,9245.0,9389.949958056433,4,random_forest_change,holdout,0
2026-04-01,2026-03-01,7437.0,8983.064016707798,4,random_forest_change,holdout,0
2026-05-01,2026-04-01,7067.0,7183.720269685662,4,random_forest_change,holdout,0
2026-06-01,2026-05-01,7075.0,6865.259021504391,4,random_forest_change,holdout,0
2024-07-01,2024-06-01,6895.0,7838.12939453125,4,xgboost_change,holdout,0
2024-08-01,2024-07-01,6777.0,6879.70166015625,4,xgboost_change,holdout,0
2024-09-01,2024-08-01,6835.0,6921.22802734375,4,xgboost_change,holdout,0
2024-10-01,2024-09-01,6907.0,6969.73681640625,4,xgboost_change,holdout,0
2024-11-01,2024-10-01,7997.0,7312.47119140625,4,xgboost_change,holdout,0
2024-12-01,2024-11-01,8449.0,8176.8193359375,4,xgboost_change,holdout,0
2025-01-01,2024-12-01,8875.0,8580.7822265625,4,xgboost_change,holdout,0
2025-02-01,2025-01-01,8936.0,8790.3291015625,4,xgboost_change,holdout,0
2025-03-01,2025-02-01,8714.0,8651.4716796875,4,xgboost_change,holdout,0
2025-04-01,2025-03-01,7988.0,8446.212890625,4,xgboost_change,holdout,0
2025-05-01,2025-04-01,7608.0,7713.1796875,4,xgboost_change,holdout,0
2025-06-01,2025-05-01,7142.0,7410.7568359375,4,xgboost_change,holdout,0
2025-07-01,2025-06-01,6981.0,6951.421875,4,xgboost_change,holdout,0
2025-08-01,2025-07-01,6644.0,6794.51318359375,4,xgboost_change,holdout,0
2025-09-01,2025-08-01,7195.0,6744.6708984375,4,xgboost_change,holdout,0
2025-10-01,2025-09-01,7282.0,7189.33056640625,4,xgboost_change,holdout,0
2025-11-01,2025-10-01,8187.0,7540.65380859375,4,xgboost_change,holdout,0
2025-12-01,2025-11-01,8431.0,8388.5068359375,4,xgboost_change,holdout,0
2026-01-01,2025-12-01,8479.0,8700.7080078125,4,xgboost_change,holdout,0
2026-02-01,2026-01-01,9604.0,8477.4677734375,4,xgboost_change,holdout,0
2026-03-01,2026-02-01,9245.0,9336.830078125,4,xgboost_change,holdout,0
2026-04-01,2026-03-01,7437.0,8934.8681640625,4,xgboost_change,holdout,0
2026-05-01,2026-04-01,7067.0,7167.0791015625,4,xgboost_change,holdout,0
2026-06-01,2026-05-01,7075.0,6797.9130859375,4,xgboost_change,holdout,0
2024-07-01,2024-06-01,6895.0,7810.822237675138,4,neural_network_change,holdout,0
2024-08-01,2024-07-01,6777.0,6963.792905165575,4,neural_network_change,holdout,0
2024-09-01,2024-08-01,6835.0,6979.680115916722,4,neural_network_change,holdout,0
2024-10-01,2024-09-01,6907.0,6972.291545981221,4,neural_network_change,holdout,0
2024-11-01,2024-10-01,7997.0,7304.534314444634,4,neural_network_change,holdout,0
2024-12-01,2024-11-01,8449.0,8296.569326396946,4,neural_network_change,holdout,0
2025-01-01,2024-12-01,8875.0,8841.36210024889,4,neural_network_change,holdout,0
2025-02-01,2025-01-01,8936.0,8906.218290504996,4,neural_network_change,holdout,0
2025-03-01,2025-02-01,8714.0,8693.002276461959,4,neural_network_change,holdout,0
2025-04-01,2025-03-01,7988.0,8538.617565525989,4,neural_network_change,holdout,0
2025-05-01,2025-04-01,7608.0,7820.222018118019,4,neural_network_change,holdout,0
2025-06-01,2025-05-01,7142.0,7431.506504841953,4,neural_network_change,holdout,0
2025-07-01,2025-06-01,6981.0,6979.167641026853,4,neural_network_change,holdout,0
2025-08-01,2025-07-01,6644.0,6894.037537371023,4,neural_network_change,holdout,0
2025-09-01,2025-08-01,7195.0,6730.755801807767,4,neural_network_change,holdout,0
2025-10-01,2025-09-01,7282.0,7297.725201143371,4,neural_network_change,holdout,0
2025-11-01,2025-10-01,8187.0,7643.261175625964,4,neural_network_change,holdout,0
2025-12-01,2025-11-01,8431.0,8497.866089140676,4,neural_network_change,holdout,0
2026-01-01,2025-12-01,8479.0,8753.790456530365,4,neural_network_change,holdout,0
2026-02-01,2026-01-01,9604.0,8834.055102488373,4,neural_network_change,holdout,0
2026-03-01,2026-02-01,9245.0,9401.182961035476,4,neural_network_change,holdout,0
2026-04-01,2026-03-01,7437.0,8869.042236673056,4,neural_network_change,holdout,0
2026-05-01,2026-04-01,7067.0,7207.738310931273,4,neural_network_change,holdout,0
2026-06-01,2026-05-01,7075.0,6780.584671480053,4,neural_network_change,holdout,0
2014-07-01,2014-06-01,27204.0,27062.0,5,persistence,cv,1
2014-08-01,2014-07-01,26362.0,27204.0,5,persistence,cv,1
2014-09-01,2014-08-01,27328.0,26362.0,5,persistence,cv,1
2014-10-01,2014-09-01,26960.0,27328.0,5,persistence,cv,1
2014-11-01,2014-10-01,29928.0,26960.0,5,persistence,cv,1
2014-12-01,2014-11-01,33741.0,29928.0,5,persistence,cv,1
2015-01-01,2014-12-01,33103.0,33741.0,5,persistence,cv,1
2015-02-01,2015-01-01,30614.0,33103.0,5,persistence,cv,1
2015-03-01,2015-02-01,29228.0,30614.0,5,persistence,cv,1
2015-04-01,2015-03-01,28650.0,29228.0,5,persistence,cv,1
2015-05-01,2015-04-01,28371.0,28650.0,5,persistence,cv,1
2015-06-01,2015-05-01,28026.0,28371.0,5,persistence,cv,1
2015-07-01,2015-06-01,27106.0,28026.0,5,persistence,cv,2
2015-08-01,2015-07-01,26702.0,27106.0,5,persistence,cv,2
2015-09-01,2015-08-01,30294.0,26702.0,5,persistence,cv,2
2015-10-01,2015-09-01,28850.0,30294.0,5,persistence,cv,2
2015-11-01,2015-10-01,29709.0,28850.0,5,persistence,cv,2
2015-12-01,2015-11-01,28746.0,29709.0,5,persistence,cv,2
2016-01-01,2015-12-01,34433.0,28746.0,5,persistence,cv,2
2016-02-01,2016-01-01,32585.0,34433.0,5,persistence,cv,2
2016-03-01,2016-02-01,29439.0,32585.0,5,persistence,cv,2
2016-04-01,2016-03-01,29724.0,29439.0,5,persistence,cv,2
2016-05-01,2016-04-01,29812.0,29724.0,5,persistence,cv,2
2016-06-01,2016-05-01,27902.0,29812.0,5,persistence,cv,2
2016-07-01,2016-06-01,29958.0,27902.0,5,persistence,cv,3
2016-08-01,2016-07-01,28297.0,29958.0,5,persistence,cv,3
2016-09-01,2016-08-01,27596.0,28297.0,5,persistence,cv,3
2016-10-01,2016-09-01,28211.0,27596.0,5,persistence,cv,3
2016-11-01,2016-10-01,29878.0,28211.0,5,persistence,cv,3
2016-12-01,2016-11-01,29286.0,29878.0,5,persistence,cv,3
2017-01-01,2016-12-01,30970.0,29286.0,5,persistence,cv,3
2017-02-01,2017-01-01,30766.0,30970.0,5,persistence,cv,3
2017-03-01,2017-02-01,29662.0,30766.0,5,persistence,cv,3
2017-04-01,2017-03-01,30113.0,29662.0,5,persistence,cv,3
2017-05-01,2017-04-01,27431.0,30113.0,5,persistence,cv,3
2017-06-01,2017-05-01,27660.0,27431.0,5,persistence,cv,3
2017-07-01,2017-06-01,27233.0,27660.0,5,persistence,cv,4
2017-08-01,2017-07-01,27251.0,27233.0,5,persistence,cv,4
2017-09-01,2017-08-01,29241.0,27251.0,5,persistence,cv,4
2017-10-01,2017-09-01,28126.0,29241.0,5,persistence,cv,4
2017-11-01,2017-10-01,30858.0,28126.0,5,persistence,cv,4
2017-12-01,2017-11-01,33103.0,30858.0,5,persistence,cv,4
2018-01-01,2017-12-01,34400.0,33103.0,5,persistence,cv,4
2018-02-01,2018-01-01,33562.0,34400.0,5,persistence,cv,4
2018-03-01,2018-02-01,31958.0,33562.0,5,persistence,cv,4
2018-04-01,2018-03-01,31009.0,31958.0,5,persistence,cv,4
2018-05-01,2018-04-01,31544.0,31009.0,5,persistence,cv,4
2018-06-01,2018-05-01,30642.0,31544.0,5,persistence,cv,4
2018-07-01,2018-06-01,30290.0,30642.0,5,persistence,cv,5
2018-08-01,2018-07-01,29511.0,30290.0,5,persistence,cv,5
2018-09-01,2018-08-01,28801.0,29511.0,5,persistence,cv,5
2018-10-01,2018-09-01,27624.0,28801.0,5,persistence,cv,5
2018-11-01,2018-10-01,28901.0,27624.0,5,persistence,cv,5
2018-12-01,2018-11-01,29390.0,28901.0,5,persistence,cv,5
2019-01-01,2018-12-01,32678.0,29390.0,5,persistence,cv,5
2019-02-01,2019-01-01,31526.0,32678.0,5,persistence,cv,5
2019-03-01,2019-02-01,30381.0,31526.0,5,persistence,cv,5
2019-04-01,2019-03-01,28004.0,30381.0,5,persistence,cv,5
2019-05-01,2019-04-01,30943.0,28004.0,5,persistence,cv,5
2019-06-01,2019-05-01,30557.0,30943.0,5,persistence,cv,5
2019-07-01,2019-06-01,31907.0,30557.0,5,persistence,cv,6
2019-08-01,2019-07-01,28974.0,31907.0,5,persistence,cv,6
2019-09-01,2019-08-01,26825.0,28974.0,5,persistence,cv,6
2019-10-01,2019-09-01,27421.0,26825.0,5,persistence,cv,6
2019-11-01,2019-10-01,31104.0,27421.0,5,persistence,cv,6
2019-12-01,2019-11-01,33202.0,31104.0,5,persistence,cv,6
2020-01-01,2019-12-01,32401.0,33202.0,5,persistence,cv,6
2020-02-01,2020-01-01,32038.0,32401.0,5,persistence,cv,6
2020-03-01,2020-02-01,35608.0,32038.0,5,persistence,cv,6
2020-04-01,2020-03-01,31514.0,35608.0,5,persistence,cv,6
2020-05-01,2020-04-01,29708.0,31514.0,5,persistence,cv,6
2020-06-01,2020-05-01,29681.0,29708.0,5,persistence,cv,6
2020-07-01,2020-06-01,29829.0,29681.0,5,persistence,cv,7
2020-08-01,2020-07-01,29403.0,29829.0,5,persistence,cv,7
2020-09-01,2020-08-01,31508.0,29403.0,5,persistence,cv,7
2020-10-01,2020-09-01,28967.0,31508.0,5,persistence,cv,7
2020-11-01,2020-10-01,30731.0,28967.0,5,persistence,cv,7
2020-12-01,2020-11-01,31404.0,30731.0,5,persistence,cv,7
2021-01-01,2020-12-01,33159.0,31404.0,5,persistence,cv,7
2021-02-01,2021-01-01,32250.0,33159.0,5,persistence,cv,7
2021-03-01,2021-02-01,31464.0,32250.0,5,persistence,cv,7
2021-04-01,2021-03-01,30761.0,31464.0,5,persistence,cv,7
2021-05-01,2021-04-01,29562.0,30761.0,5,persistence,cv,7
2021-06-01,2021-05-01,28976.0,29562.0,5,persistence,cv,7
2021-07-01,2021-06-01,29953.0,28976.0,5,persistence,cv,8
2021-08-01,2021-07-01,30801.0,29953.0,5,persistence,cv,8
2021-09-01,2021-08-01,30565.0,30801.0,5,persistence,cv,8
2021-10-01,2021-09-01,28318.0,30565.0,5,persistence,cv,8
2021-11-01,2021-10-01,27388.0,28318.0,5,persistence,cv,8
2021-12-01,2021-11-01,29721.0,27388.0,5,persistence,cv,8
2022-01-01,2021-12-01,32182.0,29721.0,5,persistence,cv,8
2022-02-01,2022-01-01,30148.0,32182.0,5,persistence,cv,8
2022-03-01,2022-02-01,29929.0,30148.0,5,persistence,cv,8
2022-04-01,2022-03-01,30640.0,29929.0,5,persistence,cv,8
2022-05-01,2022-04-01,31257.0,30640.0,5,persistence,cv,8
2022-06-01,2022-05-01,30290.0,31257.0,5,persistence,cv,8
2022-07-01,2022-06-01,29797.0,30290.0,5,persistence,cv,9
2022-08-01,2022-07-01,26573.0,29797.0,5,persistence,cv,9
2022-09-01,2022-08-01,24470.0,26573.0,5,persistence,cv,9
2022-10-01,2022-09-01,27445.0,24470.0,5,persistence,cv,9
2022-11-01,2022-10-01,31229.0,27445.0,5,persistence,cv,9
2022-12-01,2022-11-01,32573.0,31229.0,5,persistence,cv,9
2023-01-01,2022-12-01,32179.0,32573.0,5,persistence,cv,9
2023-02-01,2023-01-01,30493.0,32179.0,5,persistence,cv,9
2023-03-01,2023-02-01,31151.0,30493.0,5,persistence,cv,9
2023-04-01,2023-03-01,30439.0,31151.0,5,persistence,cv,9
2023-05-01,2023-04-01,29366.0,30439.0,5,persistence,cv,9
2023-06-01,2023-05-01,28886.0,29366.0,5,persistence,cv,9
2023-07-01,2023-06-01,28384.0,28886.0,5,persistence,cv,10
2023-08-01,2023-07-01,27297.0,28384.0,5,persistence,cv,10
2023-09-01,2023-08-01,29889.0,27297.0,5,persistence,cv,10
2023-10-01,2023-09-01,28332.0,29889.0,5,persistence,cv,10
2023-11-01,2023-10-01,27268.0,28332.0,5,persistence,cv,10
2023-12-01,2023-11-01,28635.0,27268.0,5,persistence,cv,10
2024-01-01,2023-12-01,31638.0,28635.0,5,persistence,cv,10
2024-02-01,2024-01-01,30361.0,31638.0,5,persistence,cv,10
2024-03-01,2024-02-01,29420.0,30361.0,5,persistence,cv,10
2024-04-01,2024-03-01,29707.0,29420.0,5,persistence,cv,10
2024-05-01,2024-04-01,31413.0,29707.0,5,persistence,cv,10
2024-06-01,2024-05-01,32758.0,31413.0,5,persistence,cv,10
2014-07-01,2014-06-01,27204.0,29388.0,5,seasonal_naive,cv,1
2014-08-01,2014-07-01,26362.0,29478.0,5,seasonal_naive,cv,1
2014-09-01,2014-08-01,27328.0,28248.0,5,seasonal_naive,cv,1
2014-10-01,2014-09-01,26960.0,28861.0,5,seasonal_naive,cv,1
2014-11-01,2014-10-01,29928.0,30634.0,5,seasonal_naive,cv,1
2014-12-01,2014-11-01,33741.0,32087.0,5,seasonal_naive,cv,1
2015-01-01,2014-12-01,33103.0,33906.0,5,seasonal_naive,cv,1
2015-02-01,2015-01-01,30614.0,31901.0,5,seasonal_naive,cv,1
2015-03-01,2015-02-01,29228.0,29936.0,5,seasonal_naive,cv,1
2015-04-01,2015-03-01,28650.0,28458.0,5,seasonal_naive,cv,1
2015-05-01,2015-04-01,28371.0,27660.0,5,seasonal_naive,cv,1
2015-06-01,2015-05-01,28026.0,27062.0,5,seasonal_naive,cv,1
2015-07-01,2015-06-01,27106.0,27204.0,5,seasonal_naive,cv,2
2015-08-01,2015-07-01,26702.0,26362.0,5,seasonal_naive,cv,2
2015-09-01,2015-08-01,30294.0,27328.0,5,seasonal_naive,cv,2
2015-10-01,2015-09-01,28850.0,26960.0,5,seasonal_naive,cv,2
2015-11-01,2015-10-01,29709.0,29928.0,5,seasonal_naive,cv,2
2015-12-01,2015-11-01,28746.0,33741.0,5,seasonal_naive,cv,2
2016-01-01,2015-12-01,34433.0,33103.0,5,seasonal_naive,cv,2
2016-02-01,2016-01-01,32585.0,30614.0,5,seasonal_naive,cv,2
2016-03-01,2016-02-01,29439.0,29228.0,5,seasonal_naive,cv,2
2016-04-01,2016-03-01,29724.0,28650.0,5,seasonal_naive,cv,2
2016-05-01,2016-04-01,29812.0,28371.0,5,seasonal_naive,cv,2
2016-06-01,2016-05-01,27902.0,28026.0,5,seasonal_naive,cv,2
2016-07-01,2016-06-01,29958.0,27106.0,5,seasonal_naive,cv,3
2016-08-01,2016-07-01,28297.0,26702.0,5,seasonal_naive,cv,3
2016-09-01,2016-08-01,27596.0,30294.0,5,seasonal_naive,cv,3
2016-10-01,2016-09-01,28211.0,28850.0,5,seasonal_naive,cv,3
2016-11-01,2016-10-01,29878.0,29709.0,5,seasonal_naive,cv,3
2016-12-01,2016-11-01,29286.0,28746.0,5,seasonal_naive,cv,3
2017-01-01,2016-12-01,30970.0,34433.0,5,seasonal_naive,cv,3
2017-02-01,2017-01-01,30766.0,32585.0,5,seasonal_naive,cv,3
2017-03-01,2017-02-01,29662.0,29439.0,5,seasonal_naive,cv,3
2017-04-01,2017-03-01,30113.0,29724.0,5,seasonal_naive,cv,3
2017-05-01,2017-04-01,27431.0,29812.0,5,seasonal_naive,cv,3
2017-06-01,2017-05-01,27660.0,27902.0,5,seasonal_naive,cv,3
2017-07-01,2017-06-01,27233.0,29958.0,5,seasonal_naive,cv,4
2017-08-01,2017-07-01,27251.0,28297.0,5,seasonal_naive,cv,4
2017-09-01,2017-08-01,29241.0,27596.0,5,seasonal_naive,cv,4
2017-10-01,2017-09-01,28126.0,28211.0,5,seasonal_naive,cv,4
2017-11-01,2017-10-01,30858.0,29878.0,5,seasonal_naive,cv,4
2017-12-01,2017-11-01,33103.0,29286.0,5,seasonal_naive,cv,4
2018-01-01,2017-12-01,34400.0,30970.0,5,seasonal_naive,cv,4
2018-02-01,2018-01-01,33562.0,30766.0,5,seasonal_naive,cv,4
2018-03-01,2018-02-01,31958.0,29662.0,5,seasonal_naive,cv,4
2018-04-01,2018-03-01,31009.0,30113.0,5,seasonal_naive,cv,4
2018-05-01,2018-04-01,31544.0,27431.0,5,seasonal_naive,cv,4
2018-06-01,2018-05-01,30642.0,27660.0,5,seasonal_naive,cv,4
2018-07-01,2018-06-01,30290.0,27233.0,5,seasonal_naive,cv,5
2018-08-01,2018-07-01,29511.0,27251.0,5,seasonal_naive,cv,5
2018-09-01,2018-08-01,28801.0,29241.0,5,seasonal_naive,cv,5
2018-10-01,2018-09-01,27624.0,28126.0,5,seasonal_naive,cv,5
2018-11-01,2018-10-01,28901.0,30858.0,5,seasonal_naive,cv,5
2018-12-01,2018-11-01,29390.0,33103.0,5,seasonal_naive,cv,5
2019-01-01,2018-12-01,32678.0,34400.0,5,seasonal_naive,cv,5
2019-02-01,2019-01-01,31526.0,33562.0,5,seasonal_naive,cv,5
2019-03-01,2019-02-01,30381.0,31958.0,5,seasonal_naive,cv,5
2019-04-01,2019-03-01,28004.0,31009.0,5,seasonal_naive,cv,5
2019-05-01,2019-04-01,30943.0,31544.0,5,seasonal_naive,cv,5
2019-06-01,2019-05-01,30557.0,30642.0,5,seasonal_naive,cv,5
2019-07-01,2019-06-01,31907.0,30290.0,5,seasonal_naive,cv,6
2019-08-01,2019-07-01,28974.0,29511.0,5,seasonal_naive,cv,6
2019-09-01,2019-08-01,26825.0,28801.0,5,seasonal_naive,cv,6
2019-10-01,2019-09-01,27421.0,27624.0,5,seasonal_naive,cv,6
2019-11-01,2019-10-01,31104.0,28901.0,5,seasonal_naive,cv,6
2019-12-01,2019-11-01,33202.0,29390.0,5,seasonal_naive,cv,6
2020-01-01,2019-12-01,32401.0,32678.0,5,seasonal_naive,cv,6
2020-02-01,2020-01-01,32038.0,31526.0,5,seasonal_naive,cv,6
2020-03-01,2020-02-01,35608.0,30381.0,5,seasonal_naive,cv,6
2020-04-01,2020-03-01,31514.0,28004.0,5,seasonal_naive,cv,6
2020-05-01,2020-04-01,29708.0,30943.0,5,seasonal_naive,cv,6
2020-06-01,2020-05-01,29681.0,30557.0,5,seasonal_naive,cv,6
2020-07-01,2020-06-01,29829.0,31907.0,5,seasonal_naive,cv,7
2020-08-01,2020-07-01,29403.0,28974.0,5,seasonal_naive,cv,7
2020-09-01,2020-08-01,31508.0,26825.0,5,seasonal_naive,cv,7
2020-10-01,2020-09-01,28967.0,27421.0,5,seasonal_naive,cv,7
2020-11-01,2020-10-01,30731.0,31104.0,5,seasonal_naive,cv,7
2020-12-01,2020-11-01,31404.0,33202.0,5,seasonal_naive,cv,7
2021-01-01,2020-12-01,33159.0,32401.0,5,seasonal_naive,cv,7
2021-02-01,2021-01-01,32250.0,32038.0,5,seasonal_naive,cv,7
2021-03-01,2021-02-01,31464.0,35608.0,5,seasonal_naive,cv,7
2021-04-01,2021-03-01,30761.0,31514.0,5,seasonal_naive,cv,7
2021-05-01,2021-04-01,29562.0,29708.0,5,seasonal_naive,cv,7
2021-06-01,2021-05-01,28976.0,29681.0,5,seasonal_naive,cv,7
2021-07-01,2021-06-01,29953.0,29829.0,5,seasonal_naive,cv,8
2021-08-01,2021-07-01,30801.0,29403.0,5,seasonal_naive,cv,8
2021-09-01,2021-08-01,30565.0,31508.0,5,seasonal_naive,cv,8
2021-10-01,2021-09-01,28318.0,28967.0,5,seasonal_naive,cv,8
2021-11-01,2021-10-01,27388.0,30731.0,5,seasonal_naive,cv,8
2021-12-01,2021-11-01,29721.0,31404.0,5,seasonal_naive,cv,8
2022-01-01,2021-12-01,32182.0,33159.0,5,seasonal_naive,cv,8
2022-02-01,2022-01-01,30148.0,32250.0,5,seasonal_naive,cv,8
2022-03-01,2022-02-01,29929.0,31464.0,5,seasonal_naive,cv,8
2022-04-01,2022-03-01,30640.0,30761.0,5,seasonal_naive,cv,8
2022-05-01,2022-04-01,31257.0,29562.0,5,seasonal_naive,cv,8
2022-06-01,2022-05-01,30290.0,28976.0,5,seasonal_naive,cv,8
2022-07-01,2022-06-01,29797.0,29953.0,5,seasonal_naive,cv,9
2022-08-01,2022-07-01,26573.0,30801.0,5,seasonal_naive,cv,9
2022-09-01,2022-08-01,24470.0,30565.0,5,seasonal_naive,cv,9
2022-10-01,2022-09-01,27445.0,28318.0,5,seasonal_naive,cv,9
2022-11-01,2022-10-01,31229.0,27388.0,5,seasonal_naive,cv,9
2022-12-01,2022-11-01,32573.0,29721.0,5,seasonal_naive,cv,9
2023-01-01,2022-12-01,32179.0,32182.0,5,seasonal_naive,cv,9
2023-02-01,2023-01-01,30493.0,30148.0,5,seasonal_naive,cv,9
2023-03-01,2023-02-01,31151.0,29929.0,5,seasonal_naive,cv,9
2023-04-01,2023-03-01,30439.0,30640.0,5,seasonal_naive,cv,9
2023-05-01,2023-04-01,29366.0,31257.0,5,seasonal_naive,cv,9
2023-06-01,2023-05-01,28886.0,30290.0,5,seasonal_naive,cv,9
2023-07-01,2023-06-01,28384.0,29797.0,5,seasonal_naive,cv,10
2023-08-01,2023-07-01,27297.0,26573.0,5,seasonal_naive,cv,10
2023-09-01,2023-08-01,29889.0,24470.0,5,seasonal_naive,cv,10
2023-10-01,2023-09-01,28332.0,27445.0,5,seasonal_naive,cv,10
2023-11-01,2023-10-01,27268.0,31229.0,5,seasonal_naive,cv,10
2023-12-01,2023-11-01,28635.0,32573.0,5,seasonal_naive,cv,10
2024-01-01,2023-12-01,31638.0,32179.0,5,seasonal_naive,cv,10
2024-02-01,2024-01-01,30361.0,30493.0,5,seasonal_naive,cv,10
2024-03-01,2024-02-01,29420.0,31151.0,5,seasonal_naive,cv,10
2024-04-01,2024-03-01,29707.0,30439.0,5,seasonal_naive,cv,10
2024-05-01,2024-04-01,31413.0,29366.0,5,seasonal_naive,cv,10
2024-06-01,2024-05-01,32758.0,28886.0,5,seasonal_naive,cv,10
2014-07-01,2014-06-01,27204.0,26611.647797619036,5,forecast_flow_identity,cv,1
2014-08-01,2014-07-01,26362.0,26858.147797619058,5,forecast_flow_identity,cv,1
2014-09-01,2014-08-01,27328.0,26521.978513824884,5,forecast_flow_identity,cv,1
2014-10-01,2014-09-01,26960.0,27238.5011309524,5,forecast_flow_identity,cv,1
2014-11-01,2014-10-01,29928.0,28516.21883640553,5,forecast_flow_identity,cv,1
2014-12-01,2014-11-01,33741.0,31608.871130952375,5,forecast_flow_identity,cv,1
2015-01-01,2014-12-01,33103.0,35416.47113095236,5,forecast_flow_identity,cv,1
2015-02-01,2015-01-01,30614.0,31829.85490359659,5,forecast_flow_identity,cv,1
2015-03-01,2015-02-01,29228.0,29237.306352627267,5,forecast_flow_identity,cv,1
2015-04-01,2015-03-01,28650.0,27199.44001867153,5,forecast_flow_identity,cv,1
2015-05-01,2015-04-01,28371.0,27654.22968596061,5,forecast_flow_identity,cv,1
2015-06-01,2015-05-01,28026.0,28780.62872834896,5,forecast_flow_identity,cv,1
2015-07-01,2015-06-01,27106.0,28019.268019293933,5,forecast_flow_identity,cv,2
2015-08-01,2015-07-01,26702.0,26688.043019293946,5,forecast_flow_identity,cv,2
2015-09-01,2015-08-01,30294.0,27048.03356705864,5,forecast_flow_identity,cv,2
2015-10-01,2015-09-01,28850.0,30370.52718596059,5,forecast_flow_identity,cv,2
2015-11-01,2015-10-01,29709.0,31016.490825123165,5,forecast_flow_identity,cv,2
2015-12-01,2015-11-01,28746.0,31704.02385262726,5,forecast_flow_identity,cv,2
2016-01-01,2015-12-01,34433.0,29646.29885262725,5,forecast_flow_identity,cv,2
2016-02-01,2016-01-01,32585.0,32316.196392089092,5,forecast_flow_identity,cv,2
2016-03-01,2016-02-01,29439.0,31502.12493021347,5,forecast_flow_identity,cv,2
2016-04-01,2016-03-01,29724.0,27704.333803432375,5,forecast_flow_identity,cv,2
2016-05-01,2016-04-01,29812.0,29534.336596880126,5,forecast_flow_identity,cv,2
2016-06-01,2016-05-01,27902.0,30450.995093754966,5,forecast_flow_identity,cv,2
2016-07-01,2016-06-01,29958.0,27949.72409688012,5,forecast_flow_identity,cv,3
2016-08-01,2016-07-01,28297.0,29308.199096880126,5,forecast_flow_identity,cv,3
2016-09-01,2016-08-01,27596.0,29191.195900206578,5,forecast_flow_identity,cv,3
2016-10-01,2016-09-01,28211.0,27749.731596880112,5,forecast_flow_identity,cv,3
2016-11-01,2016-10-01,29878.0,30202.649932464643,5,forecast_flow_identity,cv,3
2016-12-01,2016-11-01,29286.0,31098.179930213457,5,forecast_flow_identity,cv,3
2017-01-01,2016-12-01,30970.0,30980.17993021346,5,forecast_flow_identity,cv,3
2017-02-01,2017-01-01,30766.0,28727.07175009269,5,forecast_flow_identity,cv,3
2017-03-01,2017-02-01,29662.0,28724.373433908047,5,forecast_flow_identity,cv,3
2017-04-01,2017-03-01,30113.0,28225.93558120134,5,forecast_flow_identity,cv,3
2017-05-01,2017-04-01,27431.0,29878.07843390806,5,forecast_flow_identity,cv,3
2017-06-01,2017-05-01,27660.0,27328.624290878754,5,forecast_flow_identity,cv,3
2017-07-01,2017-06-01,27233.0,27869.503433908045,5,forecast_flow_identity,cv,4
2017-08-01,2017-07-01,27251.0,26530.90343390805,5,forecast_flow_identity,cv,4
2017-09-01,2017-08-01,29241.0,27684.06138765294,5,forecast_flow_identity,cv,4
2017-10-01,2017-09-01,28126.0,29677.7526005747,5,forecast_flow_identity,cv,4
2017-11-01,2017-10-01,30858.0,30314.13477474973,5,forecast_flow_identity,cv,4
2017-12-01,2017-11-01,33103.0,32235.743433908057,5,forecast_flow_identity,cv,4
2018-01-01,2017-12-01,34400.0,35250.26843390805,5,forecast_flow_identity,cv,4
2018-02-01,2018-01-01,33562.0,32623.29651649982,5,forecast_flow_identity,cv,4
2018-03-01,2018-02-01,31958.0,31583.8163095238,5,forecast_flow_identity,cv,4
2018-04-01,2018-03-01,31009.0,31438.40449308755,5,forecast_flow_identity,cv,4
2018-05-01,2018-04-01,31544.0,30303.280476190484,5,forecast_flow_identity,cv,4
2018-06-01,2018-05-01,30642.0,31483.940783410137,5,forecast_flow_identity,cv,4
2018-07-01,2018-06-01,30290.0,31113.54797619048,5,forecast_flow_identity,cv,5
2018-08-01,2018-07-01,29511.0,29945.322976190477,5,forecast_flow_identity,cv,5
2018-09-01,2018-08-01,28801.0,30679.1948156682,5,forecast_flow_identity,cv,5
2018-10-01,2018-09-01,27624.0,28462.44130952382,5,forecast_flow_identity,cv,5
2018-11-01,2018-10-01,28901.0,29653.81578341013,5,forecast_flow_identity,cv,5
2018-12-01,2018-11-01,29390.0,30068.09464285715,5,forecast_flow_identity,cv,5
2019-01-01,2018-12-01,32678.0,31320.444642857132,5,forecast_flow_identity,cv,5
2019-02-01,2019-01-01,31526.0,31227.55244716351,5,forecast_flow_identity,cv,5
2019-03-01,2019-02-01,30381.0,29672.6800184729,5,forecast_flow_identity,cv,5
2019-04-01,2019-03-01,28004.0,29940.154856586676,5,forecast_flow_identity,cv,5
2019-05-01,2019-04-01,30943.0,27211.013351806236,5,forecast_flow_identity,cv,5
2019-06-01,2019-05-01,30557.0,30237.540340457643,5,forecast_flow_identity,cv,5
2019-07-01,2019-06-01,31907.0,30681.886685139565,5,forecast_flow_identity,cv,6
2019-08-01,2019-07-01,28974.0,31263.711685139573,5,forecast_flow_identity,cv,6
2019-09-01,2019-08-01,26825.0,29974.635501747973,5,forecast_flow_identity,cv,6
2019-10-01,2019-09-01,27421.0,25930.038351806215,5,forecast_flow_identity,cv,6
2019-11-01,2019-10-01,31104.0,29217.70163078024,5,forecast_flow_identity,cv,6
2019-12-01,2019-11-01,33202.0,32169.678351806255,5,forecast_flow_identity,cv,6
2020-01-01,2019-12-01,32401.0,35799.42835180624,5,forecast_flow_identity,cv,6
2020-02-01,2020-01-01,32038.0,31026.29207565284,5,forecast_flow_identity,cv,6
2020-03-01,2020-02-01,35608.0,30276.626288998377,5,forecast_flow_identity,cv,6
2020-04-01,2020-03-01,31514.0,35167.90769903066,5,forecast_flow_identity,cv,6
2020-05-01,2020-04-01,29708.0,31659.324622331693,5,forecast_flow_identity,cv,6
2020-06-01,2020-05-01,29681.0,28947.602860321003,5,forecast_flow_identity,cv,6
2020-07-01,2020-06-01,29829.0,29979.428788998368,5,forecast_flow_identity,cv,7
2020-08-01,2020-07-01,29403.0,28529.77878899837,5,forecast_flow_identity,cv,7
2020-09-01,2020-08-01,31508.0,29754.111731288744,5,forecast_flow_identity,cv,7
2020-10-01,2020-09-01,28967.0,31282.406288998358,5,forecast_flow_identity,cv,7
2020-11-01,2020-10-01,30731.0,31114.117376450027,5,forecast_flow_identity,cv,7
2020-12-01,2020-11-01,31404.0,31387.58045566502,5,forecast_flow_identity,cv,7
2021-01-01,2020-12-01,33159.0,33515.80545566501,5,forecast_flow_identity,cv,7
2021-02-01,2021-01-01,32250.0,32397.99791991101,5,forecast_flow_identity,cv,7
2021-03-01,2021-02-01,31464.0,31601.39717364532,5,forecast_flow_identity,cv,7
2021-04-01,2021-03-01,30761.0,29979.955329334192,5,forecast_flow_identity,cv,7
2021-05-01,2021-04-01,29562.0,30582.134673645327,5,forecast_flow_identity,cv,7
2021-06-01,2021-05-01,28976.0,28939.704522882577,5,forecast_flow_identity,cv,7
2021-07-01,2021-06-01,29953.0,29406.378006978648,5,forecast_flow_identity,cv,8
2021-08-01,2021-07-01,30801.0,28805.953006978652,5,forecast_flow_identity,cv,8
2021-09-01,2021-08-01,30565.0,30977.202909979333,5,forecast_flow_identity,cv,8
2021-10-01,2021-09-01,28318.0,29831.735506978635,5,forecast_flow_identity,cv,8
2021-11-01,2021-10-01,27388.0,30556.992426108376,5,forecast_flow_identity,cv,8
2021-12-01,2021-11-01,29721.0,28179.806340311996,5,forecast_flow_identity,cv,8
2022-01-01,2021-12-01,32182.0,30924.281340311987,5,forecast_flow_identity,cv,8
2022-02-01,2022-01-01,30148.0,31335.05433629959,5,forecast_flow_identity,cv,8
2022-03-01,2022-02-01,29929.0,29727.110773809527,5,forecast_flow_identity,cv,8
2022-04-01,2022-03-01,30640.0,28129.866877880177,5,forecast_flow_identity,cv,8
2022-05-01,2022-04-01,31257.0,30193.490773809535,5,forecast_flow_identity,cv,8
2022-06-01,2022-05-01,30290.0,30807.350748847923,5,forecast_flow_identity,cv,8
2022-07-01,2022-06-01,29797.0,30521.520773809552,5,forecast_flow_identity,cv,9
2022-08-01,2022-07-01,26573.0,28935.470773809517,5,forecast_flow_identity,cv,9
2022-09-01,2022-08-01,24470.0,26497.389458525355,5,forecast_flow_identity,cv,9
2022-10-01,2022-09-01,27445.0,22908.384107142858,5,forecast_flow_identity,cv,9
2022-11-01,2022-10-01,31229.0,29113.058813364067,5,forecast_flow_identity,cv,9
2022-12-01,2022-11-01,32573.0,32945.71910714286,5,forecast_flow_identity,cv,9
2023-01-01,2022-12-01,32179.0,34361.81910714287,5,forecast_flow_identity,cv,9
2023-02-01,2023-01-01,30493.0,31181.869093437148,5,forecast_flow_identity,cv,9
2023-03-01,2023-02-01,31151.0,30504.781576354675,5,forecast_flow_identity,cv,9
2023-04-01,2023-03-01,30439.0,29636.50797711742,5,forecast_flow_identity,cv,9
2023-05-01,2023-04-01,29366.0,30703.948243021325,5,forecast_flow_identity,cv,9
2023-06-01,2023-05-01,28886.0,28798.97249324646,5,forecast_flow_identity,cv,9
2023-07-01,2023-06-01,28384.0,29198.80907635466,5,forecast_flow_identity,cv,10
2023-08-01,2023-07-01,27297.0,26974.909076354666,5,forecast_flow_identity,cv,10
2023-09-01,2023-08-01,29889.0,26624.43297711743,5,forecast_flow_identity,cv,10
2023-10-01,2023-09-01,28332.0,29513.37990968799,5,forecast_flow_identity,cv,10
2023-11-01,2023-10-01,27268.0,30244.114428730325,5,forecast_flow_identity,cv,10
2023-12-01,2023-11-01,28635.0,28448.54157635467,5,forecast_flow_identity,cv,10
2024-01-01,2023-12-01,31638.0,29621.79157635468,5,forecast_flow_identity,cv,10
2024-02-01,2024-01-01,30361.0,30333.94453917053,5,forecast_flow_identity,cv,10
2024-03-01,2024-02-01,29420.0,30745.29089901479,5,forecast_flow_identity,cv,10
2024-04-01,2024-03-01,29707.0,27777.12667646593,5,forecast_flow_identity,cv,10
2024-05-01,2024-04-01,31413.0,29403.730065681455,5,forecast_flow_identity,cv,10
2024-06-01,2024-05-01,32758.0,31039.419418401405,5,forecast_flow_identity,cv,10
2014-07-01,2014-06-01,27204.0,27829.64496826515,5,constrained_level,cv,1
2014-08-01,2014-07-01,26362.0,28741.338679947865,5,constrained_level,cv,1
2014-09-01,2014-08-01,27328.0,27701.368016488635,5,constrained_level,cv,1
2014-10-01,2014-09-01,26960.0,28941.899517778038,5,constrained_level,cv,1
2014-11-01,2014-10-01,29928.0,28464.271915872036,5,constrained_level,cv,1
2014-12-01,2014-11-01,33741.0,32052.35308287258,5,constrained_level,cv,1
2015-01-01,2014-12-01,33103.0,34688.55093439005,5,constrained_level,cv,1
2015-02-01,2015-01-01,30614.0,32499.94057246854,5,constrained_level,cv,1
2015-03-01,2015-02-01,29228.0,29645.505644365476,5,constrained_level,cv,1
2015-04-01,2015-03-01,28650.0,28252.31852333191,5,constrained_level,cv,1
2015-05-01,2015-04-01,28371.0,28356.752460072254,5,constrained_level,cv,1
2015-06-01,2015-05-01,28026.0,27489.9447926961,5,constrained_level,cv,1
2015-07-01,2015-06-01,27106.0,27790.203024979266,5,constrained_level,cv,2
2015-08-01,2015-07-01,26702.0,27634.659609749026,5,constrained_level,cv,2
2015-09-01,2015-08-01,30294.0,27466.5071033305,5,constrained_level,cv,2
2015-10-01,2015-09-01,28850.0,31083.680046175774,5,constrained_level,cv,2
2015-11-01,2015-10-01,29709.0,27658.5015347331,5,constrained_level,cv,2
2015-12-01,2015-11-01,28746.0,29469.064608565124,5,constrained_level,cv,2
2016-01-01,2015-12-01,34433.0,28340.062323501137,5,constrained_level,cv,2
2016-02-01,2016-01-01,32585.0,34668.15705652707,5,constrained_level,cv,2
2016-03-01,2016-02-01,29439.0,30286.429266963045,5,constrained_level,cv,2
2016-04-01,2016-03-01,29724.0,28531.65867530211,5,constrained_level,cv,2
2016-05-01,2016-04-01,29812.0,30068.389957920797,5,constrained_level,cv,2
2016-06-01,2016-05-01,27902.0,29495.838544178034,5,constrained_level,cv,2
2016-07-01,2016-06-01,29958.0,28852.753463571004,5,constrained_level,cv,3
2016-08-01,2016-07-01,28297.0,30185.88277215451,5,constrained_level,cv,3
2016-09-01,2016-08-01,27596.0,28534.335642551458,5,constrained_level,cv,3
2016-10-01,2016-09-01,28211.0,28523.356123063208,5,constrained_level,cv,3
2016-11-01,2016-10-01,29878.0,29292.24867473854,5,constrained_level,cv,3
2016-12-01,2016-11-01,29286.0,30797.583334794726,5,constrained_level,cv,3
2017-01-01,2016-12-01,30970.0,29927.808822200168,5,constrained_level,cv,3
2017-02-01,2017-01-01,30766.0,31823.224260971263,5,constrained_level,cv,3
2017-03-01,2017-02-01,29662.0,30989.752002361634,5,constrained_level,cv,3
2017-04-01,2017-03-01,30113.0,28566.35125885035,5,constrained_level,cv,3
2017-05-01,2017-04-01,27431.0,29839.75858050586,5,constrained_level,cv,3
2017-06-01,2017-05-01,27660.0,27152.688076021946,5,constrained_level,cv,3
2017-07-01,2017-06-01,27233.0,28291.0619703551,5,constrained_level,cv,4
2017-08-01,2017-07-01,27251.0,27742.252645116307,5,constrained_level,cv,4
2017-09-01,2017-08-01,29241.0,28673.422543613073,5,constrained_level,cv,4
2017-10-01,2017-09-01,28126.0,30330.212122477024,5,constrained_level,cv,4
2017-11-01,2017-10-01,30858.0,28220.553341890256,5,constrained_level,cv,4
2017-12-01,2017-11-01,33103.0,32717.374794868916,5,constrained_level,cv,4
2018-01-01,2017-12-01,34400.0,32524.76726299821,5,constrained_level,cv,4
2018-02-01,2018-01-01,33562.0,32608.39713728347,5,constrained_level,cv,4
2018-03-01,2018-02-01,31958.0,32109.11315463701,5,constrained_level,cv,4
2018-04-01,2018-03-01,31009.0,30881.30071061892,5,constrained_level,cv,4
2018-05-01,2018-04-01,31544.0,29752.6470501448,5,constrained_level,cv,4
2018-06-01,2018-05-01,30642.0,30236.794398287748,5,constrained_level,cv,4
2018-07-01,2018-06-01,30290.0,29981.57507677052,5,constrained_level,cv,5
2018-08-01,2018-07-01,29511.0,30374.924366769694,5,constrained_level,cv,5
2018-09-01,2018-08-01,28801.0,29622.764693250465,5,constrained_level,cv,5
2018-10-01,2018-09-01,27624.0,29413.747491326612,5,constrained_level,cv,5
2018-11-01,2018-10-01,28901.0,28460.719693086794,5,constrained_level,cv,5
2018-12-01,2018-11-01,29390.0,30061.6149588522,5,constrained_level,cv,5
2019-01-01,2018-12-01,32678.0,30023.502176976148,5,constrained_level,cv,5
2019-02-01,2019-01-01,31526.0,32399.989771543813,5,constrained_level,cv,5
2019-03-01,2019-02-01,30381.0,30212.862278987614,5,constrained_level,cv,5
2019-04-01,2019-03-01,28004.0,29142.30485895674,5,constrained_level,cv,5
2019-05-01,2019-04-01,30943.0,26549.379942997926,5,constrained_level,cv,5
2019-06-01,2019-05-01,30557.0,29358.63885680099,5,constrained_level,cv,5
2019-07-01,2019-06-01,31907.0,29515.225834984198,5,constrained_level,cv,6
2019-08-01,2019-07-01,28974.0,31409.380006023206,5,constrained_level,cv,6
2019-09-01,2019-08-01,26825.0,28451.961540834844,5,constrained_level,cv,6
2019-10-01,2019-09-01,27421.0,27609.405598480727,5,constrained_level,cv,6
2019-11-01,2019-10-01,31104.0,28204.703706514454,5,constrained_level,cv,6
2019-12-01,2019-11-01,33202.0,31685.395378082947,5,constrained_level,cv,6
2020-01-01,2019-12-01,32401.0,32897.89478952481,5,constrained_level,cv,6
2020-02-01,2020-01-01,32038.0,31438.984403089864,5,constrained_level,cv,6
2020-03-01,2020-02-01,35608.0,31040.454787470844,5,constrained_level,cv,6
2020-04-01,2020-03-01,31514.0,34342.21412378237,5,constrained_level,cv,6
2020-05-01,2020-04-01,29708.0,30645.71684214482,5,constrained_level,cv,6
2020-06-01,2020-05-01,29681.0,29804.19774487584,5,constrained_level,cv,6
2020-07-01,2020-06-01,29829.0,29148.01679557571,5,constrained_level,cv,7
2020-08-01,2020-07-01,29403.0,29685.928981586945,5,constrained_level,cv,7
2020-09-01,2020-08-01,31508.0,29288.56888990818,5,constrained_level,cv,7
2020-10-01,2020-09-01,28967.0,31167.836999618718,5,constrained_level,cv,7
2020-11-01,2020-10-01,30731.0,28556.757763819238,5,constrained_level,cv,7
2020-12-01,2020-11-01,31404.0,30621.37169763499,5,constrained_level,cv,7
2021-01-01,2020-12-01,33159.0,30752.17894902458,5,constrained_level,cv,7
2021-02-01,2021-01-01,32250.0,32239.416086712852,5,constrained_level,cv,7
2021-03-01,2021-02-01,31464.0,30549.534137449165,5,constrained_level,cv,7
2021-04-01,2021-03-01,30761.0,30516.88936904154,5,constrained_level,cv,7
2021-05-01,2021-04-01,29562.0,30155.800471631235,5,constrained_level,cv,7
2021-06-01,2021-05-01,28976.0,29015.449652994324,5,constrained_level,cv,7
2021-07-01,2021-06-01,29953.0,28470.844409279216,5,constrained_level,cv,8
2021-08-01,2021-07-01,30801.0,29347.47667709393,5,constrained_level,cv,8
2021-09-01,2021-08-01,30565.0,29904.361007071944,5,constrained_level,cv,8
2021-10-01,2021-09-01,28318.0,29685.765234843406,5,constrained_level,cv,8
2021-11-01,2021-10-01,27388.0,28496.2187433363,5,constrained_level,cv,8
2021-12-01,2021-11-01,29721.0,28082.430774203902,5,constrained_level,cv,8
2022-01-01,2021-12-01,32182.0,30584.942850653773,5,constrained_level,cv,8
2022-02-01,2022-01-01,30148.0,32026.14429699303,5,constrained_level,cv,8
2022-03-01,2022-02-01,29929.0,29487.624004391284,5,constrained_level,cv,8
2022-04-01,2022-03-01,30640.0,29550.42567021204,5,constrained_level,cv,8
2022-05-01,2022-04-01,31257.0,29847.435556994897,5,constrained_level,cv,8
2022-06-01,2022-05-01,30290.0,30271.78642166115,5,constrained_level,cv,8
2022-07-01,2022-06-01,29797.0,30164.000587856164,5,constrained_level,cv,9
2022-08-01,2022-07-01,26573.0,29984.023240073286,5,constrained_level,cv,9
2022-09-01,2022-08-01,24470.0,27772.83108648798,5,constrained_level,cv,9
2022-10-01,2022-09-01,27445.0,27085.450166230625,5,constrained_level,cv,9
2022-11-01,2022-10-01,31229.0,29904.336531878744,5,constrained_level,cv,9
2022-12-01,2022-11-01,32573.0,32208.54651672764,5,constrained_level,cv,9
2023-01-01,2022-12-01,32179.0,32726.16103793132,5,constrained_level,cv,9
2023-02-01,2023-01-01,30493.0,31814.57543401541,5,constrained_level,cv,9
2023-03-01,2023-02-01,31151.0,30287.040609872933,5,constrained_level,cv,9
2023-04-01,2023-03-01,30439.0,30580.35879855971,5,constrained_level,cv,9
2023-05-01,2023-04-01,29366.0,29747.045840449777,5,constrained_level,cv,9
2023-06-01,2023-05-01,28886.0,29328.382039378204,5,constrained_level,cv,9
2023-07-01,2023-06-01,28384.0,29202.41473800127,5,constrained_level,cv,10
2023-08-01,2023-07-01,27297.0,28675.998481885777,5,constrained_level,cv,10
2023-09-01,2023-08-01,29889.0,28191.26741475879,5,constrained_level,cv,10
2023-10-01,2023-09-01,28332.0,30501.1803068682,5,constrained_level,cv,10
2023-11-01,2023-10-01,27268.0,28460.174065139243,5,constrained_level,cv,10
2023-12-01,2023-11-01,28635.0,28381.070940171056,5,constrained_level,cv,10
2024-01-01,2023-12-01,31638.0,30231.709992512227,5,constrained_level,cv,10
2024-02-01,2024-01-01,30361.0,31842.210250084314,5,constrained_level,cv,10
2024-03-01,2024-02-01,29420.0,29838.27838039888,5,constrained_level,cv,10
2024-04-01,2024-03-01,29707.0,29264.62640583304,5,constrained_level,cv,10
2024-05-01,2024-04-01,31413.0,29632.73544009996,5,constrained_level,cv,10
2024-06-01,2024-05-01,32758.0,31119.934891496396,5,constrained_level,cv,10
2014-07-01,2014-06-01,27204.0,27735.507412669827,5,ridge_change,cv,1
2014-08-01,2014-07-01,26362.0,28500.22415874949,5,ridge_change,cv,1
2014-09-01,2014-08-01,27328.0,27563.10816827012,5,ridge_change,cv,1
2014-10-01,2014-09-01,26960.0,28403.4655823101,5,ridge_change,cv,1
2014-11-01,2014-10-01,29928.0,28378.69130089717,5,ridge_change,cv,1
2014-12-01,2014-11-01,33741.0,31643.624735712143,5,ridge_change,cv,1
2015-01-01,2014-12-01,33103.0,34554.96775364731,5,ridge_change,cv,1
2015-02-01,2015-01-01,30614.0,32644.364999279085,5,ridge_change,cv,1
2015-03-01,2015-02-01,29228.0,29613.930719599717,5,ridge_change,cv,1
2015-04-01,2015-03-01,28650.0,28299.807012039575,5,ridge_change,cv,1
2015-05-01,2015-04-01,28371.0,28157.463782665087,5,ridge_change,cv,1
2015-06-01,2015-05-01,28026.0,27267.608118264947,5,ridge_change,cv,1
2015-07-01,2015-06-01,27106.0,27550.07166597964,5,ridge_change,cv,2
2015-08-01,2015-07-01,26702.0,27377.679538281445,5,ridge_change,cv,2
2015-09-01,2015-08-01,30294.0,27226.891094920138,5,ridge_change,cv,2
2015-10-01,2015-09-01,28850.0,30599.769542106416,5,ridge_change,cv,2
2015-11-01,2015-10-01,29709.0,27861.68123204324,5,ridge_change,cv,2
2015-12-01,2015-11-01,28746.0,29566.79931937988,5,ridge_change,cv,2
2016-01-01,2015-12-01,34433.0,28406.75983654919,5,ridge_change,cv,2
2016-02-01,2016-01-01,32585.0,34442.23833593536,5,ridge_change,cv,2
2016-03-01,2016-02-01,29439.0,30475.9263128178,5,ridge_change,cv,2
2016-04-01,2016-03-01,29724.0,28565.61255590968,5,ridge_change,cv,2
2016-05-01,2016-04-01,29812.0,29866.62241347322,5,ridge_change,cv,2
2016-06-01,2016-05-01,27902.0,29511.882144626186,5,ridge_change,cv,2
2016-07-01,2016-06-01,29958.0,28519.291927291462,5,ridge_change,cv,3
2016-08-01,2016-07-01,28297.0,29998.312899512268,5,ridge_change,cv,3
2016-09-01,2016-08-01,27596.0,29180.546136637953,5,ridge_change,cv,3
2016-10-01,2016-09-01,28211.0,28452.52036646429,5,ridge_change,cv,3
2016-11-01,2016-10-01,29878.0,29185.902575864853,5,ridge_change,cv,3
2016-12-01,2016-11-01,29286.0,30408.533720774554,5,ridge_change,cv,3
2017-01-01,2016-12-01,30970.0,30575.521011931298,5,ridge_change,cv,3
2017-02-01,2017-01-01,30766.0,31896.317078241216,5,ridge_change,cv,3
2017-03-01,2017-02-01,29662.0,30570.491766407584,5,ridge_change,cv,3
2017-04-01,2017-03-01,30113.0,29201.493946072125,5,ridge_change,cv,3
2017-05-01,2017-04-01,27431.0,30103.172033283376,5,ridge_change,cv,3
2017-06-01,2017-05-01,27660.0,27375.165443727878,5,ridge_change,cv,3
2017-07-01,2017-06-01,27233.0,28393.363603925667,5,ridge_change,cv,4
2017-08-01,2017-07-01,27251.0,27761.67815458149,5,ridge_change,cv,4
2017-09-01,2017-08-01,29241.0,28536.53111664207,5,ridge_change,cv,4
2017-10-01,2017-09-01,28126.0,29963.095435411033,5,ridge_change,cv,4
2017-11-01,2017-10-01,30858.0,28610.464743247583,5,ridge_change,cv,4
2017-12-01,2017-11-01,33103.0,32183.962092074813,5,ridge_change,cv,4
2018-01-01,2017-12-01,34400.0,32859.38805675176,5,ridge_change,cv,4
2018-02-01,2018-01-01,33562.0,32916.63548364477,5,ridge_change,cv,4
2018-03-01,2018-02-01,31958.0,32047.325508845228,5,ridge_change,cv,4
2018-04-01,2018-03-01,31009.0,31100.87046946358,5,ridge_change,cv,4
2018-05-01,2018-04-01,31544.0,29699.993246473754,5,ridge_change,cv,4
2018-06-01,2018-05-01,30642.0,30259.281546496786,5,ridge_change,cv,4
2018-07-01,2018-06-01,30290.0,30039.135540046776,5,ridge_change,cv,5
2018-08-01,2018-07-01,29511.0,30449.269928249876,5,ridge_change,cv,5
2018-09-01,2018-08-01,28801.0,30007.127490787378,5,ridge_change,cv,5
2018-10-01,2018-09-01,27624.0,29334.39079467838,5,ridge_change,cv,5
2018-11-01,2018-10-01,28901.0,28784.923488674263,5,ridge_change,cv,5
2018-12-01,2018-11-01,29390.0,30281.905229499476,5,ridge_change,cv,5
2019-01-01,2018-12-01,32678.0,30790.30535117329,5,ridge_change,cv,5
2019-02-01,2019-01-01,31526.0,32732.291064209036,5,ridge_change,cv,5
2019-03-01,2019-02-01,30381.0,30480.565502092482,5,ridge_change,cv,5
2019-04-01,2019-03-01,28004.0,29661.619856491692,5,ridge_change,cv,5
2019-05-01,2019-04-01,30943.0,27271.57939702745,5,ridge_change,cv,5
2019-06-01,2019-05-01,30557.0,29867.50520860598,5,ridge_change,cv,5
2019-07-01,2019-06-01,31907.0,29953.17202457763,5,ridge_change,cv,6
2019-08-01,2019-07-01,28974.0,31469.036634358545,5,ridge_change,cv,6
2019-09-01,2019-08-01,26825.0,28717.795024455758,5,ridge_change,cv,6
2019-10-01,2019-09-01,27421.0,27391.054656808356,5,ridge_change,cv,6
2019-11-01,2019-10-01,31104.0,28145.934509296803,5,ridge_change,cv,6
2019-12-01,2019-11-01,33202.0,31384.35969010137,5,ridge_change,cv,6
2020-01-01,2019-12-01,32401.0,33097.32164320105,5,ridge_change,cv,6
2020-02-01,2020-01-01,32038.0,31840.454217702474,5,ridge_change,cv,6
2020-03-01,2020-02-01,35608.0,31228.14843667903,5,ridge_change,cv,6
2020-04-01,2020-03-01,31514.0,33504.81900955671,5,ridge_change,cv,6
2020-05-01,2020-04-01,29708.0,30121.804361818246,5,ridge_change,cv,6
2020-06-01,2020-05-01,29681.0,29350.18239358808,5,ridge_change,cv,6
2020-07-01,2020-06-01,29829.0,29451.778342084013,5,ridge_change,cv,7
2020-08-01,2020-07-01,29403.0,29388.73043305602,5,ridge_change,cv,7
2020-09-01,2020-08-01,31508.0,28715.033678967968,5,ridge_change,cv,7
2020-10-01,2020-09-01,28967.0,30524.275348091815,5,ridge_change,cv,7
2020-11-01,2020-10-01,30731.0,28776.147674949665,5,ridge_change,cv,7
2020-12-01,2020-11-01,31404.0,30885.456387733884,5,ridge_change,cv,7
2021-01-01,2020-12-01,33159.0,30942.81494797437,5,ridge_change,cv,7
2021-02-01,2021-01-01,32250.0,32211.702885614504,5,ridge_change,cv,7
2021-03-01,2021-02-01,31464.0,31617.57268292642,5,ridge_change,cv,7
2021-04-01,2021-03-01,30761.0,30898.379305567538,5,ridge_change,cv,7
2021-05-01,2021-04-01,29562.0,30200.782005358047,5,ridge_change,cv,7
2021-06-01,2021-05-01,28976.0,29115.30112296574,5,ridge_change,cv,7
2021-07-01,2021-06-01,29953.0,28522.124640111622,5,ridge_change,cv,8
2021-08-01,2021-07-01,30801.0,29363.040618158662,5,ridge_change,cv,8
2021-09-01,2021-08-01,30565.0,30280.198883638695,5,ridge_change,cv,8
2021-10-01,2021-09-01,28318.0,29471.91555668083,5,ridge_change,cv,8
2021-11-01,2021-10-01,27388.0,28704.885804775764,5,ridge_change,cv,8
2021-12-01,2021-11-01,29721.0,27866.99795605021,5,ridge_change,cv,8
2022-01-01,2021-12-01,32182.0,30560.89466935132,5,ridge_change,cv,8
2022-02-01,2022-01-01,30148.0,31967.671997363726,5,ridge_change,cv,8
2022-03-01,2022-02-01,29929.0,29506.18278272728,5,ridge_change,cv,8
2022-04-01,2022-03-01,30640.0,29446.533523986745,5,ridge_change,cv,8
2022-05-01,2022-04-01,31257.0,29157.894127179483,5,ridge_change,cv,8
2022-06-01,2022-05-01,30290.0,29584.20870430831,5,ridge_change,cv,8
2022-07-01,2022-06-01,29797.0,29984.90327180916,5,ridge_change,cv,9
2022-08-01,2022-07-01,26573.0,29846.17600179857,5,ridge_change,cv,9
2022-09-01,2022-08-01,24470.0,27565.104961224773,5,ridge_change,cv,9
2022-10-01,2022-09-01,27445.0,26341.58867143379,5,ridge_change,cv,9
2022-11-01,2022-10-01,31229.0,28768.29344827355,5,ridge_change,cv,9
2022-12-01,2022-11-01,32573.0,31416.004104232936,5,ridge_change,cv,9
2023-01-01,2022-12-01,32179.0,32530.40926489448,5,ridge_change,cv,9
2023-02-01,2023-01-01,30493.0,31352.11482449475,5,ridge_change,cv,9
2023-03-01,2023-02-01,31151.0,29828.97294609774,5,ridge_change,cv,9
2023-04-01,2023-03-01,30439.0,30644.735281565983,5,ridge_change,cv,9
2023-05-01,2023-04-01,29366.0,30116.99328015193,5,ridge_change,cv,9
2023-06-01,2023-05-01,28886.0,29357.979271785767,5,ridge_change,cv,9
2023-07-01,2023-06-01,28384.0,29120.101869349757,5,ridge_change,cv,10
2023-08-01,2023-07-01,27297.0,28050.105114573264,5,ridge_change,cv,10
2023-09-01,2023-08-01,29889.0,27401.321442244243,5,ridge_change,cv,10
2023-10-01,2023-09-01,28332.0,29879.858105135925,5,ridge_change,cv,10
2023-11-01,2023-10-01,27268.0,28652.530872778832,5,ridge_change,cv,10
2023-12-01,2023-11-01,28635.0,28650.804024189823,5,ridge_change,cv,10
2024-01-01,2023-12-01,31638.0,30230.843815502853,5,ridge_change,cv,10
2024-02-01,2024-01-01,30361.0,31542.626498754096,5,ridge_change,cv,10
2024-03-01,2024-02-01,29420.0,29905.173743115756,5,ridge_change,cv,10
2024-04-01,2024-03-01,29707.0,29360.85680874231,5,ridge_change,cv,10
2024-05-01,2024-04-01,31413.0,29498.661514690655,5,ridge_change,cv,10
2024-06-01,2024-05-01,32758.0,30898.23053846334,5,ridge_change,cv,10
2014-07-01,2014-06-01,27204.0,27071.10184999231,5,seasonal_ridge_change,cv,1
2014-08-01,2014-07-01,26362.0,27913.648875770166,5,seasonal_ridge_change,cv,1
2014-09-01,2014-08-01,27328.0,27710.26464759639,5,seasonal_ridge_change,cv,1
2014-10-01,2014-09-01,26960.0,28486.551302296248,5,seasonal_ridge_change,cv,1
2014-11-01,2014-10-01,29928.0,29025.122188301815,5,seasonal_ridge_change,cv,1
2014-12-01,2014-11-01,33741.0,31833.2297226409,5,seasonal_ridge_change,cv,1
2015-01-01,2014-12-01,33103.0,34460.68047725062,5,seasonal_ridge_change,cv,1
2015-02-01,2015-01-01,30614.0,32665.105685567127,5,seasonal_ridge_change,cv,1
2015-03-01,2015-02-01,29228.0,29604.248720748885,5,seasonal_ridge_change,cv,1
2015-04-01,2015-03-01,28650.0,28498.247353634575,5,seasonal_ridge_change,cv,1
2015-05-01,2015-04-01,28371.0,27939.477446841673,5,seasonal_ridge_change,cv,1
2015-06-01,2015-05-01,28026.0,26972.07550232098,5,seasonal_ridge_change,cv,1
2015-07-01,2015-06-01,27106.0,27115.71777206133,5,seasonal_ridge_change,cv,2
2015-08-01,2015-07-01,26702.0,27250.353081687834,5,seasonal_ridge_change,cv,2
2015-09-01,2015-08-01,30294.0,27457.57592435989,5,seasonal_ridge_change,cv,2
2015-10-01,2015-09-01,28850.0,30709.59558186586,5,seasonal_ridge_change,cv,2
2015-11-01,2015-10-01,29709.0,28615.33621679432,5,seasonal_ridge_change,cv,2
2015-12-01,2015-11-01,28746.0,29829.35721793229,5,seasonal_ridge_change,cv,2
2016-01-01,2015-12-01,34433.0,28954.249005894057,5,seasonal_ridge_change,cv,2
2016-02-01,2016-01-01,32585.0,34001.555382045015,5,seasonal_ridge_change,cv,2
2016-03-01,2016-02-01,29439.0,30735.284018234226,5,seasonal_ridge_change,cv,2
2016-04-01,2016-03-01,29724.0,28705.03416073637,5,seasonal_ridge_change,cv,2
2016-05-01,2016-04-01,29812.0,29184.930459907075,5,seasonal_ridge_change,cv,2
2016-06-01,2016-05-01,27902.0,28900.799341497564,5,seasonal_ridge_change,cv,2
2016-07-01,2016-06-01,29958.0,28057.0595991413,5,seasonal_ridge_change,cv,3
2016-08-01,2016-07-01,28297.0,29655.651173562972,5,seasonal_ridge_change,cv,3
2016-09-01,2016-08-01,27596.0,29503.96941808153,5,seasonal_ridge_change,cv,3
2016-10-01,2016-09-01,28211.0,28929.70234763748,5,seasonal_ridge_change,cv,3
2016-11-01,2016-10-01,29878.0,29947.58038245618,5,seasonal_ridge_change,cv,3
2016-12-01,2016-11-01,29286.0,31232.731856028688,5,seasonal_ridge_change,cv,3
2017-01-01,2016-12-01,30970.0,31272.642259144264,5,seasonal_ridge_change,cv,3
2017-02-01,2017-01-01,30766.0,32112.93272452337,5,seasonal_ridge_change,cv,3
2017-03-01,2017-02-01,29662.0,30474.179550588477,5,seasonal_ridge_change,cv,3
2017-04-01,2017-03-01,30113.0,29663.703757227875,5,seasonal_ridge_change,cv,3
2017-05-01,2017-04-01,27431.0,29594.594060517124,5,seasonal_ridge_change,cv,3
2017-06-01,2017-05-01,27660.0,27129.093665102573,5,seasonal_ridge_change,cv,3
2017-07-01,2017-06-01,27233.0,27612.91652744262,5,seasonal_ridge_change,cv,4
2017-08-01,2017-07-01,27251.0,27485.62485751324,5,seasonal_ridge_change,cv,4
2017-09-01,2017-08-01,29241.0,28752.79236770309,5,seasonal_ridge_change,cv,4
2017-10-01,2017-09-01,28126.0,30263.790821471583,5,seasonal_ridge_change,cv,4
2017-11-01,2017-10-01,30858.0,29725.76580182233,5,seasonal_ridge_change,cv,4
2017-12-01,2017-11-01,33103.0,33055.90673589786,5,seasonal_ridge_change,cv,4
2018-01-01,2017-12-01,34400.0,33572.12537831046,5,seasonal_ridge_change,cv,4
2018-02-01,2018-01-01,33562.0,33251.66617940138,5,seasonal_ridge_change,cv,4
2018-03-01,2018-02-01,31958.0,32055.26641936197,5,seasonal_ridge_change,cv,4
2018-04-01,2018-03-01,31009.0,30738.300593112373,5,seasonal_ridge_change,cv,4
2018-05-01,2018-04-01,31544.0,29534.01935616672,5,seasonal_ridge_change,cv,4
2018-06-01,2018-05-01,30642.0,29609.470952480686,5,seasonal_ridge_change,cv,4
2018-07-01,2018-06-01,30290.0,29507.640108749332,5,seasonal_ridge_change,cv,5
2018-08-01,2018-07-01,29511.0,30158.66071551902,5,seasonal_ridge_change,cv,5
2018-09-01,2018-08-01,28801.0,30039.593865227744,5,seasonal_ridge_change,cv,5
2018-10-01,2018-09-01,27624.0,29766.7351969542,5,seasonal_ridge_change,cv,5
2018-11-01,2018-10-01,28901.0,29459.416704856307,5,seasonal_ridge_change,cv,5
2018-12-01,2018-11-01,29390.0,30606.56862170982,5,seasonal_ridge_change,cv,5
2019-01-01,2018-12-01,32678.0,31253.450280538123,5,seasonal_ridge_change,cv,5
2019-02-01,2019-01-01,31526.0,32668.786472200176,5,seasonal_ridge_change,cv,5
2019-03-01,2019-02-01,30381.0,30253.472481980512,5,seasonal_ridge_change,cv,5
2019-04-01,2019-03-01,28004.0,29892.233265504077,5,seasonal_ridge_change,cv,5
2019-05-01,2019-04-01,30943.0,27380.80102614366,5,seasonal_ridge_change,cv,5
2019-06-01,2019-05-01,30557.0,29798.401165149036,5,seasonal_ridge_change,cv,5
2019-07-01,2019-06-01,31907.0,29096.963661123587,5,seasonal_ridge_change,cv,6
2019-08-01,2019-07-01,28974.0,30512.714448520732,5,seasonal_ridge_change,cv,6
2019-09-01,2019-08-01,26825.0,28757.256797052163,5,seasonal_ridge_change,cv,6
2019-10-01,2019-09-01,27421.0,27996.14095607187,5,seasonal_ridge_change,cv,6
2019-11-01,2019-10-01,31104.0,29290.51881060956,5,seasonal_ridge_change,cv,6
2019-12-01,2019-11-01,33202.0,32052.576737412084,5,seasonal_ridge_change,cv,6
2020-01-01,2019-12-01,32401.0,33083.77386427869,5,seasonal_ridge_change,cv,6
2020-02-01,2020-01-01,32038.0,32249.26222775452,5,seasonal_ridge_change,cv,6
2020-03-01,2020-02-01,35608.0,31497.53604379691,5,seasonal_ridge_change,cv,6
2020-04-01,2020-03-01,31514.0,32565.092204907916,5,seasonal_ridge_change,cv,6
2020-05-01,2020-04-01,29708.0,28491.871395437753,5,seasonal_ridge_change,cv,6
2020-06-01,2020-05-01,29681.0,27410.52642099428,5,seasonal_ridge_change,cv,6
2020-07-01,2020-06-01,29829.0,27951.359874366106,5,seasonal_ridge_change,cv,7
2020-08-01,2020-07-01,29403.0,28365.738438691933,5,seasonal_ridge_change,cv,7
2020-09-01,2020-08-01,31508.0,28636.76563343169,5,seasonal_ridge_change,cv,7
2020-10-01,2020-09-01,28967.0,30571.297362687354,5,seasonal_ridge_change,cv,7
2020-11-01,2020-10-01,30731.0,29122.691826098926,5,seasonal_ridge_change,cv,7
2020-12-01,2020-11-01,31404.0,30805.171618526107,5,seasonal_ridge_change,cv,7
2021-01-01,2020-12-01,33159.0,31319.637044282117,5,seasonal_ridge_change,cv,7
2021-02-01,2021-01-01,32250.0,31938.089713720885,5,seasonal_ridge_change,cv,7
2021-03-01,2021-02-01,31464.0,31234.69060464148,5,seasonal_ridge_change,cv,7
2021-04-01,2021-03-01,30761.0,30606.684731964167,5,seasonal_ridge_change,cv,7
2021-05-01,2021-04-01,29562.0,29622.84028638595,5,seasonal_ridge_change,cv,7
2021-06-01,2021-05-01,28976.0,28418.958694639405,5,seasonal_ridge_change,cv,7
2021-07-01,2021-06-01,29953.0,28632.277688317383,5,seasonal_ridge_change,cv,8
2021-08-01,2021-07-01,30801.0,29982.508398610687,5,seasonal_ridge_change,cv,8
2021-09-01,2021-08-01,30565.0,30917.32228883409,5,seasonal_ridge_change,cv,8
2021-10-01,2021-09-01,28318.0,30516.215808360186,5,seasonal_ridge_change,cv,8
2021-11-01,2021-10-01,27388.0,29847.87357745377,5,seasonal_ridge_change,cv,8
2021-12-01,2021-11-01,29721.0,29196.635970356652,5,seasonal_ridge_change,cv,8
2022-01-01,2021-12-01,32182.0,31559.94821915976,5,seasonal_ridge_change,cv,8
2022-02-01,2022-01-01,30148.0,32329.1720509827,5,seasonal_ridge_change,cv,8
2022-03-01,2022-02-01,29929.0,30196.20734823905,5,seasonal_ridge_change,cv,8
2022-04-01,2022-03-01,30640.0,30065.488121155842,5,seasonal_ridge_change,cv,8
2022-05-01,2022-04-01,31257.0,29922.28263241317,5,seasonal_ridge_change,cv,8
2022-06-01,2022-05-01,30290.0,30217.15029320621,5,seasonal_ridge_change,cv,8
2022-07-01,2022-06-01,29797.0,28994.422090406526,5,seasonal_ridge_change,cv,9
2022-08-01,2022-07-01,26573.0,29138.015893184733,5,seasonal_ridge_change,cv,9
2022-09-01,2022-08-01,24470.0,27276.21215064895,5,seasonal_ridge_change,cv,9
2022-10-01,2022-09-01,27445.0,26935.103998277336,5,seasonal_ridge_change,cv,9
2022-11-01,2022-10-01,31229.0,29804.99296942989,5,seasonal_ridge_change,cv,9
2022-12-01,2022-11-01,32573.0,31854.43641367145,5,seasonal_ridge_change,cv,9
2023-01-01,2022-12-01,32179.0,32840.05668196998,5,seasonal_ridge_change,cv,9
2023-02-01,2023-01-01,30493.0,31759.054804633266,5,seasonal_ridge_change,cv,9
2023-03-01,2023-02-01,31151.0,30132.302493898616,5,seasonal_ridge_change,cv,9
2023-04-01,2023-03-01,30439.0,31097.861251143342,5,seasonal_ridge_change,cv,9
2023-05-01,2023-04-01,29366.0,29954.318636514254,5,seasonal_ridge_change,cv,9
2023-06-01,2023-05-01,28886.0,28988.87981893868,5,seasonal_ridge_change,cv,9
2023-07-01,2023-06-01,28384.0,28130.575614158945,5,seasonal_ridge_change,cv,10
2023-08-01,2023-07-01,27297.0,27777.03582871279,5,seasonal_ridge_change,cv,10
2023-09-01,2023-08-01,29889.0,27910.55127777706,5,seasonal_ridge_change,cv,10
2023-10-01,2023-09-01,28332.0,30161.862438581098,5,seasonal_ridge_change,cv,10
2023-11-01,2023-10-01,27268.0,29225.39828652808,5,seasonal_ridge_change,cv,10
2023-12-01,2023-11-01,28635.0,29208.52663729794,5,seasonal_ridge_change,cv,10
2024-01-01,2023-12-01,31638.0,30327.01251540473,5,seasonal_ridge_change,cv,10
2024-02-01,2024-01-01,30361.0,31920.64891611065,5,seasonal_ridge_change,cv,10
2024-03-01,2024-02-01,29420.0,30115.587282314216,5,seasonal_ridge_change,cv,10
2024-04-01,2024-03-01,29707.0,29838.17967029313,5,seasonal_ridge_change,cv,10
2024-05-01,2024-04-01,31413.0,29485.742770455767,5,seasonal_ridge_change,cv,10
2024-06-01,2024-05-01,32758.0,30265.540639906932,5,seasonal_ridge_change,cv,10
2014-07-01,2014-06-01,27204.0,27071.10184999231,5,polynomial_ridge_change,cv,1
2014-08-01,2014-07-01,26362.0,27913.648875770163,5,polynomial_ridge_change,cv,1
2014-09-01,2014-08-01,27328.0,27710.26464759639,5,polynomial_ridge_change,cv,1
2014-10-01,2014-09-01,26960.0,28486.551302296244,5,polynomial_ridge_change,cv,1
2014-11-01,2014-10-01,29928.0,29025.122188301815,5,polynomial_ridge_change,cv,1
2014-12-01,2014-11-01,33741.0,31833.2297226409,5,polynomial_ridge_change,cv,1
2015-01-01,2014-12-01,33103.0,34460.68047725062,5,polynomial_ridge_change,cv,1
2015-02-01,2015-01-01,30614.0,32665.105685567127,5,polynomial_ridge_change,cv,1
2015-03-01,2015-02-01,29228.0,29604.248720748885,5,polynomial_ridge_change,cv,1
2015-04-01,2015-03-01,28650.0,28498.247353634575,5,polynomial_ridge_change,cv,1
2015-05-01,2015-04-01,28371.0,27939.477446841673,5,polynomial_ridge_change,cv,1
2015-06-01,2015-05-01,28026.0,26972.07550232098,5,polynomial_ridge_change,cv,1
2015-07-01,2015-06-01,27106.0,27115.71777206133,5,polynomial_ridge_change,cv,2
2015-08-01,2015-07-01,26702.0,27250.353081687834,5,polynomial_ridge_change,cv,2
2015-09-01,2015-08-01,30294.0,27457.57592435989,5,polynomial_ridge_change,cv,2
2015-10-01,2015-09-01,28850.0,30709.59558186586,5,polynomial_ridge_change,cv,2
2015-11-01,2015-10-01,29709.0,28615.33621679432,5,polynomial_ridge_change,cv,2
2015-12-01,2015-11-01,28746.0,29829.35721793229,5,polynomial_ridge_change,cv,2
2016-01-01,2015-12-01,34433.0,28954.249005894057,5,polynomial_ridge_change,cv,2
2016-02-01,2016-01-01,32585.0,34001.555382045015,5,polynomial_ridge_change,cv,2
2016-03-01,2016-02-01,29439.0,30735.284018234226,5,polynomial_ridge_change,cv,2
2016-04-01,2016-03-01,29724.0,28705.03416073637,5,polynomial_ridge_change,cv,2
2016-05-01,2016-04-01,29812.0,29184.93045990707,5,polynomial_ridge_change,cv,2
2016-06-01,2016-05-01,27902.0,28900.799341497564,5,polynomial_ridge_change,cv,2
2016-07-01,2016-06-01,29958.0,28057.059599141303,5,polynomial_ridge_change,cv,3
2016-08-01,2016-07-01,28297.0,29655.651173562972,5,polynomial_ridge_change,cv,3
2016-09-01,2016-08-01,27596.0,29503.96941808153,5,polynomial_ridge_change,cv,3
2016-10-01,2016-09-01,28211.0,28929.70234763748,5,polynomial_ridge_change,cv,3
2016-11-01,2016-10-01,29878.0,29947.58038245618,5,polynomial_ridge_change,cv,3
2016-12-01,2016-11-01,29286.0,31232.731856028688,5,polynomial_ridge_change,cv,3
2017-01-01,2016-12-01,30970.0,31272.642259144268,5,polynomial_ridge_change,cv,3
2017-02-01,2017-01-01,30766.0,32112.93272452337,5,polynomial_ridge_change,cv,3
2017-03-01,2017-02-01,29662.0,30474.179550588477,5,polynomial_ridge_change,cv,3
2017-04-01,2017-03-01,30113.0,29663.703757227875,5,polynomial_ridge_change,cv,3
2017-05-01,2017-04-01,27431.0,29594.594060517124,5,polynomial_ridge_change,cv,3
2017-06-01,2017-05-01,27660.0,27129.093665102573,5,polynomial_ridge_change,cv,3
2017-07-01,2017-06-01,27233.0,27612.91652744262,5,polynomial_ridge_change,cv,4
2017-08-01,2017-07-01,27251.0,27485.62485751324,5,polynomial_ridge_change,cv,4
2017-09-01,2017-08-01,29241.0,28752.79236770309,5,polynomial_ridge_change,cv,4
2017-10-01,2017-09-01,28126.0,30263.790821471583,5,polynomial_ridge_change,cv,4
2017-11-01,2017-10-01,30858.0,29725.76580182233,5,polynomial_ridge_change,cv,4
2017-12-01,2017-11-01,33103.0,33055.906735897865,5,polynomial_ridge_change,cv,4
2018-01-01,2017-12-01,34400.0,33572.12537831046,5,polynomial_ridge_change,cv,4
2018-02-01,2018-01-01,33562.0,33251.66617940138,5,polynomial_ridge_change,cv,4
2018-03-01,2018-02-01,31958.0,32055.26641936197,5,polynomial_ridge_change,cv,4
2018-04-01,2018-03-01,31009.0,30738.300593112373,5,polynomial_ridge_change,cv,4
2018-05-01,2018-04-01,31544.0,29534.01935616672,5,polynomial_ridge_change,cv,4
2018-06-01,2018-05-01,30642.0,29609.470952480686,5,polynomial_ridge_change,cv,4
2018-07-01,2018-06-01,30290.0,29507.640108749332,5,polynomial_ridge_change,cv,5
2018-08-01,2018-07-01,29511.0,30158.66071551902,5,polynomial_ridge_change,cv,5
2018-09-01,2018-08-01,28801.0,30039.593865227744,5,polynomial_ridge_change,cv,5
2018-10-01,2018-09-01,27624.0,29766.7351969542,5,polynomial_ridge_change,cv,5
2018-11-01,2018-10-01,28901.0,29459.416704856307,5,polynomial_ridge_change,cv,5
2018-12-01,2018-11-01,29390.0,30606.56862170982,5,polynomial_ridge_change,cv,5
2019-01-01,2018-12-01,32678.0,31253.450280538123,5,polynomial_ridge_change,cv,5
2019-02-01,2019-01-01,31526.0,32668.786472200176,5,polynomial_ridge_change,cv,5
2019-03-01,2019-02-01,30381.0,30253.472481980512,5,polynomial_ridge_change,cv,5
2019-04-01,2019-03-01,28004.0,29892.233265504077,5,polynomial_ridge_change,cv,5
2019-05-01,2019-04-01,30943.0,27380.80102614366,5,polynomial_ridge_change,cv,5
2019-06-01,2019-05-01,30557.0,29798.401165149036,5,polynomial_ridge_change,cv,5
2019-07-01,2019-06-01,31907.0,29096.963661123584,5,polynomial_ridge_change,cv,6
2019-08-01,2019-07-01,28974.0,30512.714448520732,5,polynomial_ridge_change,cv,6
2019-09-01,2019-08-01,26825.0,28757.25679705216,5,polynomial_ridge_change,cv,6
2019-10-01,2019-09-01,27421.0,27996.140956071868,5,polynomial_ridge_change,cv,6
2019-11-01,2019-10-01,31104.0,29290.51881060956,5,polynomial_ridge_change,cv,6
2019-12-01,2019-11-01,33202.0,32052.57673741208,5,polynomial_ridge_change,cv,6
2020-01-01,2019-12-01,32401.0,33083.77386427869,5,polynomial_ridge_change,cv,6
2020-02-01,2020-01-01,32038.0,32249.26222775452,5,polynomial_ridge_change,cv,6
2020-03-01,2020-02-01,35608.0,31497.53604379691,5,polynomial_ridge_change,cv,6
2020-04-01,2020-03-01,31514.0,32565.09220490792,5,polynomial_ridge_change,cv,6
2020-05-01,2020-04-01,29708.0,28491.871395437753,5,polynomial_ridge_change,cv,6
2020-06-01,2020-05-01,29681.0,27410.526420994283,5,polynomial_ridge_change,cv,6
2020-07-01,2020-06-01,29829.0,27951.359874366106,5,polynomial_ridge_change,cv,7
2020-08-01,2020-07-01,29403.0,28365.738438691933,5,polynomial_ridge_change,cv,7
2020-09-01,2020-08-01,31508.0,28636.76563343169,5,polynomial_ridge_change,cv,7
2020-10-01,2020-09-01,28967.0,30571.297362687354,5,polynomial_ridge_change,cv,7
2020-11-01,2020-10-01,30731.0,29122.691826098922,5,polynomial_ridge_change,cv,7
2020-12-01,2020-11-01,31404.0,30805.171618526107,5,polynomial_ridge_change,cv,7
2021-01-01,2020-12-01,33159.0,31319.637044282117,5,polynomial_ridge_change,cv,7
2021-02-01,2021-01-01,32250.0,31938.089713720885,5,polynomial_ridge_change,cv,7
2021-03-01,2021-02-01,31464.0,31234.69060464148,5,polynomial_ridge_change,cv,7
2021-04-01,2021-03-01,30761.0,30606.684731964167,5,polynomial_ridge_change,cv,7
2021-05-01,2021-04-01,29562.0,29622.84028638595,5,polynomial_ridge_change,cv,7
2021-06-01,2021-05-01,28976.0,28418.958694639405,5,polynomial_ridge_change,cv,7
2021-07-01,2021-06-01,29953.0,28632.277688317383,5,polynomial_ridge_change,cv,8
2021-08-01,2021-07-01,30801.0,29982.508398610687,5,polynomial_ridge_change,cv,8
2021-09-01,2021-08-01,30565.0,30917.32228883409,5,polynomial_ridge_change,cv,8
2021-10-01,2021-09-01,28318.0,30516.215808360186,5,polynomial_ridge_change,cv,8
2021-11-01,2021-10-01,27388.0,29847.87357745377,5,polynomial_ridge_change,cv,8
2021-12-01,2021-11-01,29721.0,29196.635970356652,5,polynomial_ridge_change,cv,8
2022-01-01,2021-12-01,32182.0,31559.94821915976,5,polynomial_ridge_change,cv,8
2022-02-01,2022-01-01,30148.0,32329.1720509827,5,polynomial_ridge_change,cv,8
2022-03-01,2022-02-01,29929.0,30196.207348239048,5,polynomial_ridge_change,cv,8
2022-04-01,2022-03-01,30640.0,30065.48812115584,5,polynomial_ridge_change,cv,8
2022-05-01,2022-04-01,31257.0,29922.28263241317,5,polynomial_ridge_change,cv,8
2022-06-01,2022-05-01,30290.0,30217.15029320621,5,polynomial_ridge_change,cv,8
2022-07-01,2022-06-01,29797.0,28994.422090406526,5,polynomial_ridge_change,cv,9
2022-08-01,2022-07-01,26573.0,29138.015893184733,5,polynomial_ridge_change,cv,9
2022-09-01,2022-08-01,24470.0,27276.21215064895,5,polynomial_ridge_change,cv,9
2022-10-01,2022-09-01,27445.0,26935.103998277336,5,polynomial_ridge_change,cv,9
2022-11-01,2022-10-01,31229.0,29804.99296942989,5,polynomial_ridge_change,cv,9
2022-12-01,2022-11-01,32573.0,31854.43641367145,5,polynomial_ridge_change,cv,9
2023-01-01,2022-12-01,32179.0,32840.05668196998,5,polynomial_ridge_change,cv,9
2023-02-01,2023-01-01,30493.0,31759.054804633266,5,polynomial_ridge_change,cv,9
2023-03-01,2023-02-01,31151.0,30132.302493898616,5,polynomial_ridge_change,cv,9
2023-04-01,2023-03-01,30439.0,31097.861251143346,5,polynomial_ridge_change,cv,9
2023-05-01,2023-04-01,29366.0,29954.318636514254,5,polynomial_ridge_change,cv,9
2023-06-01,2023-05-01,28886.0,28988.87981893868,5,polynomial_ridge_change,cv,9
2023-07-01,2023-06-01,28384.0,28130.575614158945,5,polynomial_ridge_change,cv,10
2023-08-01,2023-07-01,27297.0,27777.03582871279,5,polynomial_ridge_change,cv,10
2023-09-01,2023-08-01,29889.0,27910.551277777056,5,polynomial_ridge_change,cv,10
2023-10-01,2023-09-01,28332.0,30161.862438581098,5,polynomial_ridge_change,cv,10
2023-11-01,2023-10-01,27268.0,29225.39828652808,5,polynomial_ridge_change,cv,10
2023-12-01,2023-11-01,28635.0,29208.52663729794,5,polynomial_ridge_change,cv,10
2024-01-01,2023-12-01,31638.0,30327.01251540473,5,polynomial_ridge_change,cv,10
2024-02-01,2024-01-01,30361.0,31920.64891611065,5,polynomial_ridge_change,cv,10
2024-03-01,2024-02-01,29420.0,30115.587282314216,5,polynomial_ridge_change,cv,10
2024-04-01,2024-03-01,29707.0,29838.17967029313,5,polynomial_ridge_change,cv,10
2024-05-01,2024-04-01,31413.0,29485.742770455763,5,polynomial_ridge_change,cv,10
2024-06-01,2024-05-01,32758.0,30265.540639906932,5,polynomial_ridge_change,cv,10
2014-07-01,2014-06-01,27204.0,27175.638447871803,5,spline_ridge_change,cv,1
2014-08-01,2014-07-01,26362.0,27318.554425388786,5,spline_ridge_change,cv,1
2014-09-01,2014-08-01,27328.0,26895.887115697133,5,spline_ridge_change,cv,1
2014-10-01,2014-09-01,26960.0,27730.487131263642,5,spline_ridge_change,cv,1
2014-11-01,2014-10-01,29928.0,28383.051249275544,5,spline_ridge_change,cv,1
2014-12-01,2014-11-01,33741.0,31850.146120875008,5,spline_ridge_change,cv,1
2015-01-01,2014-12-01,33103.0,34936.44667747464,5,spline_ridge_change,cv,1
2015-02-01,2015-01-01,30614.0,31911.571081034013,5,spline_ridge_change,cv,1
2015-03-01,2015-02-01,29228.0,29267.00351574649,5,spline_ridge_change,cv,1
2015-04-01,2015-03-01,28650.0,27664.302600859457,5,spline_ridge_change,cv,1
2015-05-01,2015-04-01,28371.0,27456.838967791457,5,spline_ridge_change,cv,1
2015-06-01,2015-05-01,28026.0,25078.82521109965,5,spline_ridge_change,cv,1
2015-07-01,2015-06-01,27106.0,27358.721187336745,5,spline_ridge_change,cv,2
2015-08-01,2015-07-01,26702.0,27114.246924106752,5,spline_ridge_change,cv,2
2015-09-01,2015-08-01,30294.0,26721.428826218144,5,spline_ridge_change,cv,2
2015-10-01,2015-09-01,28850.0,30511.81732795888,5,spline_ridge_change,cv,2
2015-11-01,2015-10-01,29709.0,28390.337427129853,5,spline_ridge_change,cv,2
2015-12-01,2015-11-01,28746.0,29908.393819474826,5,spline_ridge_change,cv,2
2016-01-01,2015-12-01,34433.0,27284.786732818844,5,spline_ridge_change,cv,2
2016-02-01,2016-01-01,32585.0,32905.41937004532,5,spline_ridge_change,cv,2
2016-03-01,2016-02-01,29439.0,30379.18583993177,5,spline_ridge_change,cv,2
2016-04-01,2016-03-01,29724.0,27811.02561262963,5,spline_ridge_change,cv,2
2016-05-01,2016-04-01,29812.0,28969.026120639108,5,spline_ridge_change,cv,2
2016-06-01,2016-05-01,27902.0,29099.852560281266,5,spline_ridge_change,cv,2
2016-07-01,2016-06-01,29958.0,27948.249220144742,5,spline_ridge_change,cv,3
2016-08-01,2016-07-01,28297.0,29503.055410118835,5,spline_ridge_change,cv,3
2016-09-01,2016-08-01,27596.0,28395.969230285304,5,spline_ridge_change,cv,3
2016-10-01,2016-09-01,28211.0,28320.820173744116,5,spline_ridge_change,cv,3
2016-11-01,2016-10-01,29878.0,29556.694171961713,5,spline_ridge_change,cv,3
2016-12-01,2016-11-01,29286.0,31379.527625596947,5,spline_ridge_change,cv,3
2017-01-01,2016-12-01,30970.0,30458.829524721532,5,spline_ridge_change,cv,3
2017-02-01,2017-01-01,30766.0,30815.982642548566,5,spline_ridge_change,cv,3
2017-03-01,2017-02-01,29662.0,29565.525521652722,5,spline_ridge_change,cv,3
2017-04-01,2017-03-01,30113.0,28596.191154369182,5,spline_ridge_change,cv,3
2017-05-01,2017-04-01,27431.0,29592.646606518883,5,spline_ridge_change,cv,3
2017-06-01,2017-05-01,27660.0,27553.07423729352,5,spline_ridge_change,cv,3
2017-07-01,2017-06-01,27233.0,27495.488106064116,5,spline_ridge_change,cv,4
2017-08-01,2017-07-01,27251.0,27059.663034322675,5,spline_ridge_change,cv,4
2017-09-01,2017-08-01,29241.0,27216.185354305588,5,spline_ridge_change,cv,4
2017-10-01,2017-09-01,28126.0,29363.56872661924,5,spline_ridge_change,cv,4
2017-11-01,2017-10-01,30858.0,29295.71379200225,5,spline_ridge_change,cv,4
2017-12-01,2017-11-01,33103.0,33465.91785258077,5,spline_ridge_change,cv,4
2018-01-01,2017-12-01,34400.0,33036.26567815837,5,spline_ridge_change,cv,4
2018-02-01,2018-01-01,33562.0,33224.90672866678,5,spline_ridge_change,cv,4
2018-03-01,2018-02-01,31958.0,32051.332050433703,5,spline_ridge_change,cv,4
2018-04-01,2018-03-01,31009.0,31678.241770895736,5,spline_ridge_change,cv,4
2018-05-01,2018-04-01,31544.0,30066.48725864411,5,spline_ridge_change,cv,4
2018-06-01,2018-05-01,30642.0,30683.817173521664,5,spline_ridge_change,cv,4
2018-07-01,2018-06-01,30290.0,30262.056786157453,5,spline_ridge_change,cv,5
2018-08-01,2018-07-01,29511.0,30099.517810788107,5,spline_ridge_change,cv,5
2018-09-01,2018-08-01,28801.0,29510.99258991219,5,spline_ridge_change,cv,5
2018-10-01,2018-09-01,27624.0,29327.069377696105,5,spline_ridge_change,cv,5
2018-11-01,2018-10-01,28901.0,29280.55824447626,5,spline_ridge_change,cv,5
2018-12-01,2018-11-01,29390.0,30773.959816376504,5,spline_ridge_change,cv,5
2019-01-01,2018-12-01,32678.0,30887.958997416965,5,spline_ridge_change,cv,5
2019-02-01,2019-01-01,31526.0,32206.415144025636,5,spline_ridge_change,cv,5
2019-03-01,2019-02-01,30381.0,29965.893490726525,5,spline_ridge_change,cv,5
2019-04-01,2019-03-01,28004.0,29124.206729946487,5,spline_ridge_change,cv,5
2019-05-01,2019-04-01,30943.0,26982.05484181044,5,spline_ridge_change,cv,5
2019-06-01,2019-05-01,30557.0,28809.48352682697,5,spline_ridge_change,cv,5
2019-07-01,2019-06-01,31907.0,29656.321216456065,5,spline_ridge_change,cv,6
2019-08-01,2019-07-01,28974.0,30719.555153407196,5,spline_ridge_change,cv,6
2019-09-01,2019-08-01,26825.0,28554.053557963856,5,spline_ridge_change,cv,6
2019-10-01,2019-09-01,27421.0,27852.881734006347,5,spline_ridge_change,cv,6
2019-11-01,2019-10-01,31104.0,28864.971903388698,5,spline_ridge_change,cv,6
2019-12-01,2019-11-01,33202.0,32174.766134090452,5,spline_ridge_change,cv,6
2020-01-01,2019-12-01,32401.0,33644.30553385829,5,spline_ridge_change,cv,6
2020-02-01,2020-01-01,32038.0,31905.71360744422,5,spline_ridge_change,cv,6
2020-03-01,2020-02-01,35608.0,30676.53062609277,5,spline_ridge_change,cv,6
2020-04-01,2020-03-01,31514.0,32894.710932404516,5,spline_ridge_change,cv,6
2020-05-01,2020-04-01,29708.0,28704.833318143817,5,spline_ridge_change,cv,6
2020-06-01,2020-05-01,29681.0,28076.945396548013,5,spline_ridge_change,cv,6
2020-07-01,2020-06-01,29829.0,28705.39109041878,5,spline_ridge_change,cv,7
2020-08-01,2020-07-01,29403.0,28457.53988808091,5,spline_ridge_change,cv,7
2020-09-01,2020-08-01,31508.0,28503.817073983108,5,spline_ridge_change,cv,7
2020-10-01,2020-09-01,28967.0,30779.549605117125,5,spline_ridge_change,cv,7
2020-11-01,2020-10-01,30731.0,29484.016342661667,5,spline_ridge_change,cv,7
2020-12-01,2020-11-01,31404.0,31579.659628872247,5,spline_ridge_change,cv,7
2021-01-01,2020-12-01,33159.0,31590.189684406145,5,spline_ridge_change,cv,7
2021-02-01,2021-01-01,32250.0,31957.773431882168,5,spline_ridge_change,cv,7
2021-03-01,2021-02-01,31464.0,31084.820488739864,5,spline_ridge_change,cv,7
2021-04-01,2021-03-01,30761.0,30376.71322573807,5,spline_ridge_change,cv,7
2021-05-01,2021-04-01,29562.0,29981.667673487536,5,spline_ridge_change,cv,7
2021-06-01,2021-05-01,28976.0,28953.9121812806,5,spline_ridge_change,cv,7
2021-07-01,2021-06-01,29953.0,28681.427884185683,5,spline_ridge_change,cv,8
2021-08-01,2021-07-01,30801.0,29618.856715714337,5,spline_ridge_change,cv,8
2021-09-01,2021-08-01,30565.0,30494.268589767547,5,spline_ridge_change,cv,8
2021-10-01,2021-09-01,28318.0,30455.992373707442,5,spline_ridge_change,cv,8
2021-11-01,2021-10-01,27388.0,29794.49725070281,5,spline_ridge_change,cv,8
2021-12-01,2021-11-01,29721.0,29631.160414126374,5,spline_ridge_change,cv,8
2022-01-01,2021-12-01,32182.0,31362.11799820452,5,spline_ridge_change,cv,8
2022-02-01,2022-01-01,30148.0,31817.193631288777,5,spline_ridge_change,cv,8
2022-03-01,2022-02-01,29929.0,29430.50655565637,5,spline_ridge_change,cv,8
2022-04-01,2022-03-01,30640.0,29900.902601301732,5,spline_ridge_change,cv,8
2022-05-01,2022-04-01,31257.0,30737.291506879006,5,spline_ridge_change,cv,8
2022-06-01,2022-05-01,30290.0,31941.85308527856,5,spline_ridge_change,cv,8
2022-07-01,2022-06-01,29797.0,29820.85675369316,5,spline_ridge_change,cv,9
2022-08-01,2022-07-01,26573.0,29176.98896210263,5,spline_ridge_change,cv,9
2022-09-01,2022-08-01,24470.0,26539.294913692043,5,spline_ridge_change,cv,9
2022-10-01,2022-09-01,27445.0,26511.236707408123,5,spline_ridge_change,cv,9
2022-11-01,2022-10-01,31229.0,29213.91820923935,5,spline_ridge_change,cv,9
2022-12-01,2022-11-01,32573.0,32267.76575788254,5,spline_ridge_change,cv,9
2023-01-01,2022-12-01,32179.0,33385.2910189846,5,spline_ridge_change,cv,9
2023-02-01,2023-01-01,30493.0,31855.15696720795,5,spline_ridge_change,cv,9
2023-03-01,2023-02-01,31151.0,29931.152228106657,5,spline_ridge_change,cv,9
2023-04-01,2023-03-01,30439.0,31037.766742528744,5,spline_ridge_change,cv,9
2023-05-01,2023-04-01,29366.0,30353.15102568412,5,spline_ridge_change,cv,9
2023-06-01,2023-05-01,28886.0,29602.863412241048,5,spline_ridge_change,cv,9
2023-07-01,2023-06-01,28384.0,28388.1188120138,5,spline_ridge_change,cv,10
2023-08-01,2023-07-01,27297.0,27870.345938186318,5,spline_ridge_change,cv,10
2023-09-01,2023-08-01,29889.0,27984.464774934007,5,spline_ridge_change,cv,10
2023-10-01,2023-09-01,28332.0,29786.013403161123,5,spline_ridge_change,cv,10
2023-11-01,2023-10-01,27268.0,29387.242697810845,5,spline_ridge_change,cv,10
2023-12-01,2023-11-01,28635.0,29490.103059486704,5,spline_ridge_change,cv,10
2024-01-01,2023-12-01,31638.0,29836.432276903597,5,spline_ridge_change,cv,10
2024-02-01,2024-01-01,30361.0,31113.866145649055,5,spline_ridge_change,cv,10
2024-03-01,2024-02-01,29420.0,29656.546533223154,5,spline_ridge_change,cv,10
2024-04-01,2024-03-01,29707.0,29179.180231919345,5,spline_ridge_change,cv,10
2024-05-01,2024-04-01,31413.0,29482.393721663397,5,spline_ridge_change,cv,10
2024-06-01,2024-05-01,32758.0,30928.423029041824,5,spline_ridge_change,cv,10
2014-07-01,2014-06-01,27204.0,27282.025341916255,5,random_forest_change,cv,1
2014-08-01,2014-07-01,26362.0,27529.6590661577,5,random_forest_change,cv,1
2014-09-01,2014-08-01,27328.0,27048.934437386142,5,random_forest_change,cv,1
2014-10-01,2014-09-01,26960.0,27648.535404503993,5,random_forest_change,cv,1
2014-11-01,2014-10-01,29928.0,28615.612013588536,5,random_forest_change,cv,1
2014-12-01,2014-11-01,33741.0,31673.75665894318,5,random_forest_change,cv,1
2015-01-01,2014-12-01,33103.0,35324.659235103136,5,random_forest_change,cv,1
2015-02-01,2015-01-01,30614.0,31411.04416766567,5,random_forest_change,cv,1
2015-03-01,2015-02-01,29228.0,29520.566999790244,5,random_forest_change,cv,1
2015-04-01,2015-03-01,28650.0,28116.19762039023,5,random_forest_change,cv,1
2015-05-01,2015-04-01,28371.0,28187.037667802786,5,random_forest_change,cv,1
2015-06-01,2015-05-01,28026.0,28072.0001576022,5,random_forest_change,cv,1
2015-07-01,2015-06-01,27106.0,27899.1677626326,5,random_forest_change,cv,2
2015-08-01,2015-07-01,26702.0,27291.958275496374,5,random_forest_change,cv,2
2015-09-01,2015-08-01,30294.0,27245.88826596669,5,random_forest_change,cv,2
2015-10-01,2015-09-01,28850.0,30119.891245845167,5,random_forest_change,cv,2
2015-11-01,2015-10-01,29709.0,30015.836151279364,5,random_forest_change,cv,2
2015-12-01,2015-11-01,28746.0,30833.256019354827,5,random_forest_change,cv,2
2016-01-01,2015-12-01,34433.0,29685.40391149339,5,random_forest_change,cv,2
2016-02-01,2016-01-01,32585.0,33033.37519344871,5,random_forest_change,cv,2
2016-03-01,2016-02-01,29439.0,30576.019810905986,5,random_forest_change,cv,2
2016-04-01,2016-03-01,29724.0,28638.86198895491,5,random_forest_change,cv,2
2016-05-01,2016-04-01,29812.0,29331.2443516958,5,random_forest_change,cv,2
2016-06-01,2016-05-01,27902.0,29392.607916645145,5,random_forest_change,cv,2
2016-07-01,2016-06-01,29958.0,27618.568428021732,5,random_forest_change,cv,3
2016-08-01,2016-07-01,28297.0,29224.423226427985,5,random_forest_change,cv,3
2016-09-01,2016-08-01,27596.0,28467.247096872703,5,random_forest_change,cv,3
2016-10-01,2016-09-01,28211.0,27967.575298237276,5,random_forest_change,cv,3
2016-11-01,2016-10-01,29878.0,29880.05754445984,5,random_forest_change,cv,3
2016-12-01,2016-11-01,29286.0,31633.963958731627,5,random_forest_change,cv,3
2017-01-01,2016-12-01,30970.0,30806.42167857654,5,random_forest_change,cv,3
2017-02-01,2017-01-01,30766.0,29300.684743705642,5,random_forest_change,cv,3
2017-03-01,2017-02-01,29662.0,29133.04513502674,5,random_forest_change,cv,3
2017-04-01,2017-03-01,30113.0,28807.2324915506,5,random_forest_change,cv,3
2017-05-01,2017-04-01,27431.0,29041.07801631223,5,random_forest_change,cv,3
2017-06-01,2017-05-01,27660.0,27359.798649972312,5,random_forest_change,cv,3
2017-07-01,2017-06-01,27233.0,27418.4442854661,5,random_forest_change,cv,4
2017-08-01,2017-07-01,27251.0,27385.081804663074,5,random_forest_change,cv,4
2017-09-01,2017-08-01,29241.0,28132.471184111244,5,random_forest_change,cv,4
2017-10-01,2017-09-01,28126.0,29042.230493154395,5,random_forest_change,cv,4
2017-11-01,2017-10-01,30858.0,29948.88930497467,5,random_forest_change,cv,4
2017-12-01,2017-11-01,33103.0,32670.89589177734,5,random_forest_change,cv,4
2018-01-01,2017-12-01,34400.0,34600.31196305002,5,random_forest_change,cv,4
2018-02-01,2018-01-01,33562.0,32687.622533478778,5,random_forest_change,cv,4
2018-03-01,2018-02-01,31958.0,31474.159625084067,5,random_forest_change,cv,4
2018-04-01,2018-03-01,31009.0,30252.478078927936,5,random_forest_change,cv,4
2018-05-01,2018-04-01,31544.0,29413.97416592038,5,random_forest_change,cv,4
2018-06-01,2018-05-01,30642.0,29878.192931535803,5,random_forest_change,cv,4
2018-07-01,2018-06-01,30290.0,29783.065831682434,5,random_forest_change,cv,5
2018-08-01,2018-07-01,29511.0,29639.19378745134,5,random_forest_change,cv,5
2018-09-01,2018-08-01,28801.0,29233.513937968833,5,random_forest_change,cv,5
2018-10-01,2018-09-01,27624.0,28814.47177578281,5,random_forest_change,cv,5
2018-11-01,2018-10-01,28901.0,29687.28686896525,5,random_forest_change,cv,5
2018-12-01,2018-11-01,29390.0,30772.69628059068,5,random_forest_change,cv,5
2019-01-01,2018-12-01,32678.0,31384.289515774322,5,random_forest_change,cv,5
2019-02-01,2019-01-01,31526.0,31494.142149574935,5,random_forest_change,cv,5
2019-03-01,2019-02-01,30381.0,29944.124417482562,5,random_forest_change,cv,5
2019-04-01,2019-03-01,28004.0,29578.740186527342,5,random_forest_change,cv,5
2019-05-01,2019-04-01,30943.0,27645.575641649517,5,random_forest_change,cv,5
2019-06-01,2019-05-01,30557.0,29885.311344095662,5,random_forest_change,cv,5
2019-07-01,2019-06-01,31907.0,29309.432620015625,5,random_forest_change,cv,6
2019-08-01,2019-07-01,28974.0,30451.131305071955,5,random_forest_change,cv,6
2019-09-01,2019-08-01,26825.0,28484.630976645218,5,random_forest_change,cv,6
2019-10-01,2019-09-01,27421.0,28089.18153295316,5,random_forest_change,cv,6
2019-11-01,2019-10-01,31104.0,29095.468809014084,5,random_forest_change,cv,6
2019-12-01,2019-11-01,33202.0,32650.493436121626,5,random_forest_change,cv,6
2020-01-01,2019-12-01,32401.0,34061.962959413955,5,random_forest_change,cv,6
2020-02-01,2020-01-01,32038.0,31244.499269327935,5,random_forest_change,cv,6
2020-03-01,2020-02-01,35608.0,30368.887704162575,5,random_forest_change,cv,6
2020-04-01,2020-03-01,31514.0,33907.47176752509,5,random_forest_change,cv,6
2020-05-01,2020-04-01,29708.0,30154.542824922362,5,random_forest_change,cv,6
2020-06-01,2020-05-01,29681.0,29074.96594594419,5,random_forest_change,cv,6
2020-07-01,2020-06-01,29829.0,29100.03398276418,5,random_forest_change,cv,7
2020-08-01,2020-07-01,29403.0,29156.205536410096,5,random_forest_change,cv,7
2020-09-01,2020-08-01,31508.0,28892.146062715372,5,random_forest_change,cv,7
2020-10-01,2020-09-01,28967.0,30073.662861650733,5,random_forest_change,cv,7
2020-11-01,2020-10-01,30731.0,30712.858292165092,5,random_forest_change,cv,7
2020-12-01,2020-11-01,31404.0,31972.038483432727,5,random_forest_change,cv,7
2021-01-01,2020-12-01,33159.0,32568.52640493361,5,random_forest_change,cv,7
2021-02-01,2021-01-01,32250.0,31472.883178841344,5,random_forest_change,cv,7
2021-03-01,2021-02-01,31464.0,30763.103147660888,5,random_forest_change,cv,7
2021-04-01,2021-03-01,30761.0,30049.744996077097,5,random_forest_change,cv,7
2021-05-01,2021-04-01,29562.0,29474.494929228353,5,random_forest_change,cv,7
2021-06-01,2021-05-01,28976.0,28797.37552781757,5,random_forest_change,cv,7
2021-07-01,2021-06-01,29953.0,28516.71530020047,5,random_forest_change,cv,8
2021-08-01,2021-07-01,30801.0,29014.719756544026,5,random_forest_change,cv,8
2021-09-01,2021-08-01,30565.0,29843.63358373789,5,random_forest_change,cv,8
2021-10-01,2021-09-01,28318.0,29954.25716118787,5,random_forest_change,cv,8
2021-11-01,2021-10-01,27388.0,30272.45997276905,5,random_forest_change,cv,8
2021-12-01,2021-11-01,29721.0,29043.889767377394,5,random_forest_change,cv,8
2022-01-01,2021-12-01,32182.0,31516.493821227956,5,random_forest_change,cv,8
2022-02-01,2022-01-01,30148.0,30865.054033184406,5,random_forest_change,cv,8
2022-03-01,2022-02-01,29929.0,29436.824704136172,5,random_forest_change,cv,8
2022-04-01,2022-03-01,30640.0,29106.66797659008,5,random_forest_change,cv,8
2022-05-01,2022-04-01,31257.0,29627.342077806115,5,random_forest_change,cv,8
2022-06-01,2022-05-01,30290.0,29650.803348779547,5,random_forest_change,cv,8
2022-07-01,2022-06-01,29797.0,29840.59307190047,5,random_forest_change,cv,9
2022-08-01,2022-07-01,26573.0,29583.54153449404,5,random_forest_change,cv,9
2022-09-01,2022-08-01,24470.0,27234.02389522708,5,random_forest_change,cv,9
2022-10-01,2022-09-01,27445.0,25397.267102895315,5,random_forest_change,cv,9
2022-11-01,2022-10-01,31229.0,28918.955776021754,5,random_forest_change,cv,9
2022-12-01,2022-11-01,32573.0,32693.169168391505,5,random_forest_change,cv,9
2023-01-01,2022-12-01,32179.0,33831.75607212258,5,random_forest_change,cv,9
2023-02-01,2023-01-01,30493.0,30716.99564465275,5,random_forest_change,cv,9
2023-03-01,2023-02-01,31151.0,29637.050092793896,5,random_forest_change,cv,9
2023-04-01,2023-03-01,30439.0,29827.219447055428,5,random_forest_change,cv,9
2023-05-01,2023-04-01,29366.0,29838.327941123644,5,random_forest_change,cv,9
2023-06-01,2023-05-01,28886.0,29177.74865438794,5,random_forest_change,cv,9
2023-07-01,2023-06-01,28384.0,28584.2424545672,5,random_forest_change,cv,10
2023-08-01,2023-07-01,27297.0,28107.618631411617,5,random_forest_change,cv,10
2023-09-01,2023-08-01,29889.0,28356.29185250716,5,random_forest_change,cv,10
2023-10-01,2023-09-01,28332.0,29033.66165523733,5,random_forest_change,cv,10
2023-11-01,2023-10-01,27268.0,29422.163027088973,5,random_forest_change,cv,10
2023-12-01,2023-11-01,28635.0,28687.944894393317,5,random_forest_change,cv,10
2024-01-01,2023-12-01,31638.0,29679.11358830222,5,random_forest_change,cv,10
2024-02-01,2024-01-01,30361.0,30403.934838255307,5,random_forest_change,cv,10
2024-03-01,2024-02-01,29420.0,29798.025324303526,5,random_forest_change,cv,10
2024-04-01,2024-03-01,29707.0,29001.032059060344,5,random_forest_change,cv,10
2024-05-01,2024-04-01,31413.0,29616.239153317114,5,random_forest_change,cv,10
2024-06-01,2024-05-01,32758.0,30287.965924403998,5,random_forest_change,cv,10
2014-07-01,2014-06-01,27204.0,27215.4375,5,xgboost_change,cv,1
2014-08-01,2014-07-01,26362.0,27420.083984375,5,xgboost_change,cv,1
2014-09-01,2014-08-01,27328.0,26769.265625,5,xgboost_change,cv,1
2014-10-01,2014-09-01,26960.0,27504.8984375,5,xgboost_change,cv,1
2014-11-01,2014-10-01,29928.0,28198.513671875,5,xgboost_change,cv,1
2014-12-01,2014-11-01,33741.0,31293.23046875,5,xgboost_change,cv,1
2015-01-01,2014-12-01,33103.0,34852.67578125,5,xgboost_change,cv,1
2015-02-01,2015-01-01,30614.0,31731.748046875,5,xgboost_change,cv,1
2015-03-01,2015-02-01,29228.0,29730.064453125,5,xgboost_change,cv,1
2015-04-01,2015-03-01,28650.0,28287.701171875,5,xgboost_change,cv,1
2015-05-01,2015-04-01,28371.0,28162.267578125,5,xgboost_change,cv,1
2015-06-01,2015-05-01,28026.0,28201.0390625,5,xgboost_change,cv,1
2015-07-01,2015-06-01,27106.0,27937.845703125,5,xgboost_change,cv,2
2015-08-01,2015-07-01,26702.0,27204.16015625,5,xgboost_change,cv,2
2015-09-01,2015-08-01,30294.0,27006.837890625,5,xgboost_change,cv,2
2015-10-01,2015-09-01,28850.0,30314.52734375,5,xgboost_change,cv,2
2015-11-01,2015-10-01,29709.0,29860.55078125,5,xgboost_change,cv,2
2015-12-01,2015-11-01,28746.0,30811.423828125,5,xgboost_change,cv,2
2016-01-01,2015-12-01,34433.0,29818.220703125,5,xgboost_change,cv,2
2016-02-01,2016-01-01,32585.0,33400.828125,5,xgboost_change,cv,2
2016-03-01,2016-02-01,29439.0,30972.84375,5,xgboost_change,cv,2
2016-04-01,2016-03-01,29724.0,28601.705078125,5,xgboost_change,cv,2
2016-05-01,2016-04-01,29812.0,29370.92578125,5,xgboost_change,cv,2
2016-06-01,2016-05-01,27902.0,29517.666015625,5,xgboost_change,cv,2
2016-07-01,2016-06-01,29958.0,27859.77734375,5,xgboost_change,cv,3
2016-08-01,2016-07-01,28297.0,29469.205078125,5,xgboost_change,cv,3
2016-09-01,2016-08-01,27596.0,28671.474609375,5,xgboost_change,cv,3
2016-10-01,2016-09-01,28211.0,28145.189453125,5,xgboost_change,cv,3
2016-11-01,2016-10-01,29878.0,29450.529296875,5,xgboost_change,cv,3
2016-12-01,2016-11-01,29286.0,31105.197265625,5,xgboost_change,cv,3
2017-01-01,2016-12-01,30970.0,30669.05078125,5,xgboost_change,cv,3
2017-02-01,2017-01-01,30766.0,29816.716796875,5,xgboost_change,cv,3
2017-03-01,2017-02-01,29662.0,29477.41015625,5,xgboost_change,cv,3
2017-04-01,2017-03-01,30113.0,28919.552734375,5,xgboost_change,cv,3
2017-05-01,2017-04-01,27431.0,29506.583984375,5,xgboost_change,cv,3
2017-06-01,2017-05-01,27660.0,27581.375,5,xgboost_change,cv,3
2017-07-01,2017-06-01,27233.0,27715.701171875,5,xgboost_change,cv,4
2017-08-01,2017-07-01,27251.0,27491.419921875,5,xgboost_change,cv,4
2017-09-01,2017-08-01,29241.0,27828.388671875,5,xgboost_change,cv,4
2017-10-01,2017-09-01,28126.0,29018.458984375,5,xgboost_change,cv,4
2017-11-01,2017-10-01,30858.0,29494.373046875,5,xgboost_change,cv,4
2017-12-01,2017-11-01,33103.0,32089.703125,5,xgboost_change,cv,4
2018-01-01,2017-12-01,34400.0,34004.703125,5,xgboost_change,cv,4
2018-02-01,2018-01-01,33562.0,32974.6640625,5,xgboost_change,cv,4
2018-03-01,2018-02-01,31958.0,31981.74609375,5,xgboost_change,cv,4
2018-04-01,2018-03-01,31009.0,30511.884765625,5,xgboost_change,cv,4
2018-05-01,2018-04-01,31544.0,29765.00390625,5,xgboost_change,cv,4
2018-06-01,2018-05-01,30642.0,30305.890625,5,xgboost_change,cv,4
2018-07-01,2018-06-01,30290.0,29994.197265625,5,xgboost_change,cv,5
2018-08-01,2018-07-01,29511.0,29860.453125,5,xgboost_change,cv,5
2018-09-01,2018-08-01,28801.0,29356.38671875,5,xgboost_change,cv,5
2018-10-01,2018-09-01,27624.0,28912.73828125,5,xgboost_change,cv,5
2018-11-01,2018-10-01,28901.0,28973.53125,5,xgboost_change,cv,5
2018-12-01,2018-11-01,29390.0,30233.9140625,5,xgboost_change,cv,5
2019-01-01,2018-12-01,32678.0,30723.451171875,5,xgboost_change,cv,5
2019-02-01,2019-01-01,31526.0,31755.744140625,5,xgboost_change,cv,5
2019-03-01,2019-02-01,30381.0,30211.169921875,5,xgboost_change,cv,5
2019-04-01,2019-03-01,28004.0,29430.0859375,5,xgboost_change,cv,5
2019-05-01,2019-04-01,30943.0,27715.517578125,5,xgboost_change,cv,5
2019-06-01,2019-05-01,30557.0,30188.107421875,5,xgboost_change,cv,5
2019-07-01,2019-06-01,31907.0,29774.171875,5,xgboost_change,cv,6
2019-08-01,2019-07-01,28974.0,31156.25390625,5,xgboost_change,cv,6
2019-09-01,2019-08-01,26825.0,28654.3984375,5,xgboost_change,cv,6
2019-10-01,2019-09-01,27421.0,27391.76171875,5,xgboost_change,cv,6
2019-11-01,2019-10-01,31104.0,28491.953125,5,xgboost_change,cv,6
2019-12-01,2019-11-01,33202.0,32006.259765625,5,xgboost_change,cv,6
2020-01-01,2019-12-01,32401.0,34167.3046875,5,xgboost_change,cv,6
2020-02-01,2020-01-01,32038.0,31254.638671875,5,xgboost_change,cv,6
2020-03-01,2020-02-01,35608.0,30805.326171875,5,xgboost_change,cv,6
2020-04-01,2020-03-01,31514.0,34421.98046875,5,xgboost_change,cv,6
2020-05-01,2020-04-01,29708.0,30541.40234375,5,xgboost_change,cv,6
2020-06-01,2020-05-01,29681.0,29328.287109375,5,xgboost_change,cv,6
2020-07-01,2020-06-01,29829.0,29402.283203125,5,xgboost_change,cv,7
2020-08-01,2020-07-01,29403.0,28937.921875,5,xgboost_change,cv,7
2020-09-01,2020-08-01,31508.0,29149.615234375,5,xgboost_change,cv,7
2020-10-01,2020-09-01,28967.0,30564.240234375,5,xgboost_change,cv,7
2020-11-01,2020-10-01,30731.0,30247.984375,5,xgboost_change,cv,7
2020-12-01,2020-11-01,31404.0,31572.828125,5,xgboost_change,cv,7
2021-01-01,2020-12-01,33159.0,32156.66796875,5,xgboost_change,cv,7
2021-02-01,2021-01-01,32250.0,31670.611328125,5,xgboost_change,cv,7
2021-03-01,2021-02-01,31464.0,31032.560546875,5,xgboost_change,cv,7
2021-04-01,2021-03-01,30761.0,30218.25,5,xgboost_change,cv,7
2021-05-01,2021-04-01,29562.0,29980.720703125,5,xgboost_change,cv,7
2021-06-01,2021-05-01,28976.0,28965.083984375,5,xgboost_change,cv,7
2021-07-01,2021-06-01,29953.0,28596.6015625,5,xgboost_change,cv,8
2021-08-01,2021-07-01,30801.0,29188.787109375,5,xgboost_change,cv,8
2021-09-01,2021-08-01,30565.0,30098.615234375,5,xgboost_change,cv,8
2021-10-01,2021-09-01,28318.0,30055.46484375,5,xgboost_change,cv,8
2021-11-01,2021-10-01,27388.0,29936.107421875,5,xgboost_change,cv,8
2021-12-01,2021-11-01,29721.0,28847.333984375,5,xgboost_change,cv,8
2022-01-01,2021-12-01,32182.0,31058.9140625,5,xgboost_change,cv,8
2022-02-01,2022-01-01,30148.0,31049.912109375,5,xgboost_change,cv,8
2022-03-01,2022-02-01,29929.0,29342.58984375,5,xgboost_change,cv,8
2022-04-01,2022-03-01,30640.0,29157.0390625,5,xgboost_change,cv,8
2022-05-01,2022-04-01,31257.0,29672.65234375,5,xgboost_change,cv,8
2022-06-01,2022-05-01,30290.0,30137.91015625,5,xgboost_change,cv,8
2022-07-01,2022-06-01,29797.0,29778.205078125,5,xgboost_change,cv,9
2022-08-01,2022-07-01,26573.0,29459.86328125,5,xgboost_change,cv,9
2022-09-01,2022-08-01,24470.0,26913.48046875,5,xgboost_change,cv,9
2022-10-01,2022-09-01,27445.0,24922.31640625,5,xgboost_change,cv,9
2022-11-01,2022-10-01,31229.0,28598.39453125,5,xgboost_change,cv,9
2022-12-01,2022-11-01,32573.0,32160.4453125,5,xgboost_change,cv,9
2023-01-01,2022-12-01,32179.0,33398.89453125,5,xgboost_change,cv,9
2023-02-01,2023-01-01,30493.0,31042.521484375,5,xgboost_change,cv,9
2023-03-01,2023-02-01,31151.0,29802.6796875,5,xgboost_change,cv,9
2023-04-01,2023-03-01,30439.0,30050.85546875,5,xgboost_change,cv,9
2023-05-01,2023-04-01,29366.0,29883.400390625,5,xgboost_change,cv,9
2023-06-01,2023-05-01,28886.0,29118.978515625,5,xgboost_change,cv,9
2023-07-01,2023-06-01,28384.0,28591.314453125,5,xgboost_change,cv,10
2023-08-01,2023-07-01,27297.0,28246.6875,5,xgboost_change,cv,10
2023-09-01,2023-08-01,29889.0,27794.005859375,5,xgboost_change,cv,10
2023-10-01,2023-09-01,28332.0,29372.884765625,5,xgboost_change,cv,10
2023-11-01,2023-10-01,27268.0,29538.68359375,5,xgboost_change,cv,10
2023-12-01,2023-11-01,28635.0,28785.875,5,xgboost_change,cv,10
2024-01-01,2023-12-01,31638.0,29915.888671875,5,xgboost_change,cv,10
2024-02-01,2024-01-01,30361.0,30679.52734375,5,xgboost_change,cv,10
2024-03-01,2024-02-01,29420.0,29764.224609375,5,xgboost_change,cv,10
2024-04-01,2024-03-01,29707.0,29145.4375,5,xgboost_change,cv,10
2024-05-01,2024-04-01,31413.0,29460.623046875,5,xgboost_change,cv,10
2024-06-01,2024-05-01,32758.0,30365.3203125,5,xgboost_change,cv,10
2014-07-01,2014-06-01,27204.0,27141.761756744978,5,neural_network_change,cv,1
2014-08-01,2014-07-01,26362.0,27840.322258202224,5,neural_network_change,cv,1
2014-09-01,2014-08-01,27328.0,27428.798129105493,5,neural_network_change,cv,1
2014-10-01,2014-09-01,26960.0,28252.751700976958,5,neural_network_change,cv,1
2014-11-01,2014-10-01,29928.0,28480.68017485031,5,neural_network_change,cv,1
2014-12-01,2014-11-01,33741.0,31380.91981654571,5,neural_network_change,cv,1
2015-01-01,2014-12-01,33103.0,34389.462437117436,5,neural_network_change,cv,1
2015-02-01,2015-01-01,30614.0,32431.840185454683,5,neural_network_change,cv,1
2015-03-01,2015-02-01,29228.0,29579.727212507983,5,neural_network_change,cv,1
2015-04-01,2015-03-01,28650.0,28428.922569135964,5,neural_network_change,cv,1
2015-05-01,2015-04-01,28371.0,27731.762832245862,5,neural_network_change,cv,1
2015-06-01,2015-05-01,28026.0,27135.78862295341,5,neural_network_change,cv,1
2015-07-01,2015-06-01,27106.0,27220.40569810273,5,neural_network_change,cv,2
2015-08-01,2015-07-01,26702.0,27244.222061979697,5,neural_network_change,cv,2
2015-09-01,2015-08-01,30294.0,27212.953897212523,5,neural_network_change,cv,2
2015-10-01,2015-09-01,28850.0,30462.331147378307,5,neural_network_change,cv,2
2015-11-01,2015-10-01,29709.0,28661.622735755238,5,neural_network_change,cv,2
2015-12-01,2015-11-01,28746.0,29850.718163102792,5,neural_network_change,cv,2
2016-01-01,2015-12-01,34433.0,28733.48363036725,5,neural_network_change,cv,2
2016-02-01,2016-01-01,32585.0,33703.78743226642,5,neural_network_change,cv,2
2016-03-01,2016-02-01,29439.0,30872.018210020167,5,neural_network_change,cv,2
2016-04-01,2016-03-01,29724.0,28463.559853221377,5,neural_network_change,cv,2
2016-05-01,2016-04-01,29812.0,28830.222178446707,5,neural_network_change,cv,2
2016-06-01,2016-05-01,27902.0,29254.618298869224,5,neural_network_change,cv,2
2016-07-01,2016-06-01,29958.0,28009.716183308643,5,neural_network_change,cv,3
2016-08-01,2016-07-01,28297.0,29676.592904946014,5,neural_network_change,cv,3
2016-09-01,2016-08-01,27596.0,29457.247915733813,5,neural_network_change,cv,3
2016-10-01,2016-09-01,28211.0,28944.016227881257,5,neural_network_change,cv,3
2016-11-01,2016-10-01,29878.0,29601.980462230204,5,neural_network_change,cv,3
2016-12-01,2016-11-01,29286.0,31317.729148340266,5,neural_network_change,cv,3
2017-01-01,2016-12-01,30970.0,31026.632930938722,5,neural_network_change,cv,3
2017-02-01,2017-01-01,30766.0,32137.88609466367,5,neural_network_change,cv,3
2017-03-01,2017-02-01,29662.0,30154.986510853945,5,neural_network_change,cv,3
2017-04-01,2017-03-01,30113.0,29690.741576999662,5,neural_network_change,cv,3
2017-05-01,2017-04-01,27431.0,29513.080697248195,5,neural_network_change,cv,3
2017-06-01,2017-05-01,27660.0,27069.077401868148,5,neural_network_change,cv,3
2017-07-01,2017-06-01,27233.0,27589.780382329456,5,neural_network_change,cv,4
2017-08-01,2017-07-01,27251.0,27279.757375100406,5,neural_network_change,cv,4
2017-09-01,2017-08-01,29241.0,28371.85597312425,5,neural_network_change,cv,4
2017-10-01,2017-09-01,28126.0,29924.915709942095,5,neural_network_change,cv,4
2017-11-01,2017-10-01,30858.0,29457.17286087311,5,neural_network_change,cv,4
2017-12-01,2017-11-01,33103.0,32494.85174104714,5,neural_network_change,cv,4
2018-01-01,2017-12-01,34400.0,33662.58054255881,5,neural_network_change,cv,4
2018-02-01,2018-01-01,33562.0,33717.13836177249,5,neural_network_change,cv,4
2018-03-01,2018-02-01,31958.0,32041.556819200923,5,neural_network_change,cv,4
2018-04-01,2018-03-01,31009.0,31094.792161044606,5,neural_network_change,cv,4
2018-05-01,2018-04-01,31544.0,29566.25157746664,5,neural_network_change,cv,4
2018-06-01,2018-05-01,30642.0,29924.1296599348,5,neural_network_change,cv,4
2018-07-01,2018-06-01,30290.0,29903.068400527703,5,neural_network_change,cv,5
2018-08-01,2018-07-01,29511.0,30049.641363007708,5,neural_network_change,cv,5
2018-09-01,2018-08-01,28801.0,29930.249894569384,5,neural_network_change,cv,5
2018-10-01,2018-09-01,27624.0,29668.35464251937,5,neural_network_change,cv,5
2018-11-01,2018-10-01,28901.0,29357.3685240433,5,neural_network_change,cv,5
2018-12-01,2018-11-01,29390.0,30270.843984695566,5,neural_network_change,cv,5
2019-01-01,2018-12-01,32678.0,31273.7751969079,5,neural_network_change,cv,5
2019-02-01,2019-01-01,31526.0,32772.46442297049,5,neural_network_change,cv,5
2019-03-01,2019-02-01,30381.0,29882.11357225113,5,neural_network_change,cv,5
2019-04-01,2019-03-01,28004.0,29771.394523237443,5,neural_network_change,cv,5
2019-05-01,2019-04-01,30943.0,27219.34996836306,5,neural_network_change,cv,5
2019-06-01,2019-05-01,30557.0,29497.605876013833,5,neural_network_change,cv,5
2019-07-01,2019-06-01,31907.0,29505.95070337837,5,neural_network_change,cv,6
2019-08-01,2019-07-01,28974.0,30734.414198289636,5,neural_network_change,cv,6
2019-09-01,2019-08-01,26825.0,28694.608745236023,5,neural_network_change,cv,6
2019-10-01,2019-09-01,27421.0,28217.217073429107,5,neural_network_change,cv,6
2019-11-01,2019-10-01,31104.0,28753.21186094926,5,neural_network_change,cv,6
2019-12-01,2019-11-01,33202.0,32291.240337666626,5,neural_network_change,cv,6
2020-01-01,2019-12-01,32401.0,33266.436442144215,5,neural_network_change,cv,6
2020-02-01,2020-01-01,32038.0,32095.103877809346,5,neural_network_change,cv,6
2020-03-01,2020-02-01,35608.0,31071.01617582991,5,neural_network_change,cv,6
2020-04-01,2020-03-01,31514.0,33001.099100798354,5,neural_network_change,cv,6
2020-05-01,2020-04-01,29708.0,29449.407058689627,5,neural_network_change,cv,6
2020-06-01,2020-05-01,29681.0,28015.609476738384,5,neural_network_change,cv,6
2020-07-01,2020-06-01,29829.0,28404.15543891225,5,neural_network_change,cv,7
2020-08-01,2020-07-01,29403.0,28849.205451467176,5,neural_network_change,cv,7
2020-09-01,2020-08-01,31508.0,29019.467412311285,5,neural_network_change,cv,7
2020-10-01,2020-09-01,28967.0,30716.343789853156,5,neural_network_change,cv,7
2020-11-01,2020-10-01,30731.0,29360.833261132026,5,neural_network_change,cv,7
2020-12-01,2020-11-01,31404.0,30882.922540894455,5,neural_network_change,cv,7
2021-01-01,2020-12-01,33159.0,31264.373566003247,5,neural_network_change,cv,7
2021-02-01,2021-01-01,32250.0,31529.81343458943,5,neural_network_change,cv,7
2021-03-01,2021-02-01,31464.0,30981.48224933635,5,neural_network_change,cv,7
2021-04-01,2021-03-01,30761.0,30273.04204819281,5,neural_network_change,cv,7
2021-05-01,2021-04-01,29562.0,29495.458093079695,5,neural_network_change,cv,7
2021-06-01,2021-05-01,28976.0,28709.1063067109,5,neural_network_change,cv,7
2021-07-01,2021-06-01,29953.0,28887.378337782426,5,neural_network_change,cv,8
2021-08-01,2021-07-01,30801.0,29979.349476824187,5,neural_network_change,cv,8
2021-09-01,2021-08-01,30565.0,30709.00178203971,5,neural_network_change,cv,8
2021-10-01,2021-09-01,28318.0,30779.08701437482,5,neural_network_change,cv,8
2021-11-01,2021-10-01,27388.0,30192.861468938343,5,neural_network_change,cv,8
2021-12-01,2021-11-01,29721.0,29256.31846523964,5,neural_network_change,cv,8
2022-01-01,2021-12-01,32182.0,31939.090000210996,5,neural_network_change,cv,8
2022-02-01,2022-01-01,30148.0,32662.049561062096,5,neural_network_change,cv,8
2022-03-01,2022-02-01,29929.0,30278.163795824137,5,neural_network_change,cv,8
2022-04-01,2022-03-01,30640.0,30349.134933913178,5,neural_network_change,cv,8
2022-05-01,2022-04-01,31257.0,30283.205171664362,5,neural_network_change,cv,8
2022-06-01,2022-05-01,30290.0,30570.040647723195,5,neural_network_change,cv,8
2022-07-01,2022-06-01,29797.0,29487.46038017759,5,neural_network_change,cv,9
2022-08-01,2022-07-01,26573.0,29666.32862186375,5,neural_network_change,cv,9
2022-09-01,2022-08-01,24470.0,27693.92244510999,5,neural_network_change,cv,9
2022-10-01,2022-09-01,27445.0,26743.799464854965,5,neural_network_change,cv,9
2022-11-01,2022-10-01,31229.0,29525.910054940585,5,neural_network_change,cv,9
2022-12-01,2022-11-01,32573.0,31510.49818980799,5,neural_network_change,cv,9
2023-01-01,2022-12-01,32179.0,32424.724107042584,5,neural_network_change,cv,9
2023-02-01,2023-01-01,30493.0,31398.07995251212,5,neural_network_change,cv,9
2023-03-01,2023-02-01,31151.0,30218.003674484466,5,neural_network_change,cv,9
2023-04-01,2023-03-01,30439.0,31220.38786728749,5,neural_network_change,cv,9
2023-05-01,2023-04-01,29366.0,29978.002415995685,5,neural_network_change,cv,9
2023-06-01,2023-05-01,28886.0,29493.04006392421,5,neural_network_change,cv,9
2023-07-01,2023-06-01,28384.0,28080.884768088967,5,neural_network_change,cv,10
2023-08-01,2023-07-01,27297.0,27829.289726480492,5,neural_network_change,cv,10
2023-09-01,2023-08-01,29889.0,28277.22550686999,5,neural_network_change,cv,10
2023-10-01,2023-09-01,28332.0,30292.762624881234,5,neural_network_change,cv,10
2023-11-01,2023-10-01,27268.0,29352.12792208059,5,neural_network_change,cv,10
2023-12-01,2023-11-01,28635.0,29351.782195058528,5,neural_network_change,cv,10
2024-01-01,2023-12-01,31638.0,30687.581177304986,5,neural_network_change,cv,10
2024-02-01,2024-01-01,30361.0,31829.830122379448,5,neural_network_change,cv,10
2024-03-01,2024-02-01,29420.0,29919.712255871633,5,neural_network_change,cv,10
2024-04-01,2024-03-01,29707.0,30075.00260529576,5,neural_network_change,cv,10
2024-05-01,2024-04-01,31413.0,29663.887242690682,5,neural_network_change,cv,10
2024-06-01,2024-05-01,32758.0,30397.9383745262,5,neural_network_change,cv,10
2024-07-01,2024-06-01,31125.0,32758.0,5,persistence,holdout,0
2024-08-01,2024-07-01,29338.0,31125.0,5,persistence,holdout,0
2024-09-01,2024-08-01,27296.0,29338.0,5,persistence,holdout,0
2024-10-01,2024-09-01,26497.0,27296.0,5,persistence,holdout,0
2024-11-01,2024-10-01,28236.0,26497.0,5,persistence,holdout,0
2024-12-01,2024-11-01,29761.0,28236.0,5,persistence,holdout,0
2025-01-01,2024-12-01,29969.0,29761.0,5,persistence,holdout,0
2025-02-01,2025-01-01,28742.0,29969.0,5,persistence,holdout,0
2025-03-01,2025-02-01,27571.0,28742.0,5,persistence,holdout,0
2025-04-01,2025-03-01,26312.0,27571.0,5,persistence,holdout,0
2025-05-01,2025-04-01,28014.0,26312.0,5,persistence,holdout,0
2025-06-01,2025-05-01,30378.0,28014.0,5,persistence,holdout,0
2025-07-01,2025-06-01,32090.0,30378.0,5,persistence,holdout,0
2025-08-01,2025-07-01,31585.0,32090.0,5,persistence,holdout,0
2025-09-01,2025-08-01,30332.0,31585.0,5,persistence,holdout,0
2025-10-01,2025-09-01,29010.0,30332.0,5,persistence,holdout,0
2025-11-01,2025-10-01,27501.0,29010.0,5,persistence,holdout,0
2025-12-01,2025-11-01,30639.0,27501.0,5,persistence,holdout,0
2026-01-01,2025-12-01,31085.0,30639.0,5,persistence,holdout,0
2026-02-01,2026-01-01,29220.0,31085.0,5,persistence,holdout,0
2026-03-01,2026-02-01,28894.0,29220.0,5,persistence,holdout,0
2026-04-01,2026-03-01,29008.0,28894.0,5,persistence,holdout,0
2026-05-01,2026-04-01,27212.0,29008.0,5,persistence,holdout,0
2026-06-01,2026-05-01,29108.0,27212.0,5,persistence,holdout,0
2024-07-01,2024-06-01,31125.0,28384.0,5,seasonal_naive,holdout,0
2024-08-01,2024-07-01,29338.0,27297.0,5,seasonal_naive,holdout,0
2024-09-01,2024-08-01,27296.0,29889.0,5,seasonal_naive,holdout,0
2024-10-01,2024-09-01,26497.0,28332.0,5,seasonal_naive,holdout,0
2024-11-01,2024-10-01,28236.0,27268.0,5,seasonal_naive,holdout,0
2024-12-01,2024-11-01,29761.0,28635.0,5,seasonal_naive,holdout,0
2025-01-01,2024-12-01,29969.0,31638.0,5,seasonal_naive,holdout,0
2025-02-01,2025-01-01,28742.0,30361.0,5,seasonal_naive,holdout,0
2025-03-01,2025-02-01,27571.0,29420.0,5,seasonal_naive,holdout,0
2025-04-01,2025-03-01,26312.0,29707.0,5,seasonal_naive,holdout,0
2025-05-01,2025-04-01,28014.0,31413.0,5,seasonal_naive,holdout,0
2025-06-01,2025-05-01,30378.0,32758.0,5,seasonal_naive,holdout,0
2025-07-01,2025-06-01,32090.0,31125.0,5,seasonal_naive,holdout,0
2025-08-01,2025-07-01,31585.0,29338.0,5,seasonal_naive,holdout,0
2025-09-01,2025-08-01,30332.0,27296.0,5,seasonal_naive,holdout,0
2025-10-01,2025-09-01,29010.0,26497.0,5,seasonal_naive,holdout,0
2025-11-01,2025-10-01,27501.0,28236.0,5,seasonal_naive,holdout,0
2025-12-01,2025-11-01,30639.0,29761.0,5,seasonal_naive,holdout,0
2026-01-01,2025-12-01,31085.0,29969.0,5,seasonal_naive,holdout,0
2026-02-01,2026-01-01,29220.0,28742.0,5,seasonal_naive,holdout,0
2026-03-01,2026-02-01,28894.0,27571.0,5,seasonal_naive,holdout,0
2026-04-01,2026-03-01,29008.0,26312.0,5,seasonal_naive,holdout,0
2026-05-01,2026-04-01,27212.0,28014.0,5,seasonal_naive,holdout,0
2026-06-01,2026-05-01,29108.0,30378.0,5,seasonal_naive,holdout,0
2024-07-01,2024-06-01,31125.0,33276.92256568144,5,forecast_flow_identity,holdout,0
2024-08-01,2024-07-01,29338.0,29965.272565681444,5,forecast_flow_identity,holdout,0
2024-09-01,2024-08-01,27296.0,29443.8073216272,5,forecast_flow_identity,holdout,0
2024-10-01,2024-09-01,26497.0,26530.57506568143,5,forecast_flow_identity,holdout,0
2024-11-01,2024-10-01,28236.0,27811.44361194979,5,forecast_flow_identity,holdout,0
2024-12-01,2024-11-01,29761.0,29850.524232348103,5,forecast_flow_identity,holdout,0
2025-01-01,2024-12-01,29969.0,31055.5492323481,5,forecast_flow_identity,holdout,0
2025-02-01,2025-01-01,28742.0,28626.12945124211,5,forecast_flow_identity,holdout,0
2025-03-01,2025-02-01,27571.0,29161.879527914607,5,forecast_flow_identity,holdout,0
2025-04-01,2025-03-01,26312.0,26781.69793023993,5,forecast_flow_identity,holdout,0
2025-05-01,2025-04-01,28014.0,25811.881194581285,5,forecast_flow_identity,holdout,0
2025-06-01,2025-05-01,30378.0,27720.280188304456,5,forecast_flow_identity,holdout,0
2025-07-01,2025-06-01,32090.0,30060.574527914614,5,forecast_flow_identity,holdout,0
2025-08-01,2025-07-01,31585.0,31071.39952791459,5,forecast_flow_identity,holdout,0
2025-09-01,2025-08-01,30332.0,31843.44147862704,5,forecast_flow_identity,holdout,0
2025-10-01,2025-09-01,29010.0,29790.58536124795,5,forecast_flow_identity,holdout,0
2025-11-01,2025-10-01,27501.0,30203.4584141109,5,forecast_flow_identity,holdout,0
2025-12-01,2025-11-01,30639.0,29010.79536124795,5,forecast_flow_identity,holdout,0
2026-01-01,2025-12-01,31085.0,32133.895361247938,5,forecast_flow_identity,holdout,0
2026-02-01,2026-01-01,29220.0,29730.035409714492,5,forecast_flow_identity,holdout,0
2026-03-01,2026-02-01,28894.0,28815.141666666674,5,forecast_flow_identity,holdout,0
2026-04-01,2026-03-01,29008.0,28630.5870967742,5,forecast_flow_identity,holdout,0
2026-05-01,2026-04-01,27212.0,29427.14833333333,5,forecast_flow_identity,holdout,0
2026-06-01,2026-05-01,29108.0,27397.19838709677,5,forecast_flow_identity,holdout,0
2024-07-01,2024-06-01,31125.0,31426.140482087678,5,constrained_level,holdout,0
2024-08-01,2024-07-01,29338.0,29934.247912199833,5,constrained_level,holdout,0
2024-09-01,2024-08-01,27296.0,28872.79736777881,5,constrained_level,holdout,0
2024-10-01,2024-09-01,26497.0,27588.934353991048,5,constrained_level,holdout,0
2024-11-01,2024-10-01,28236.0,27786.35751542027,5,constrained_level,holdout,0
2024-12-01,2024-11-01,29761.0,29918.659770095834,5,constrained_level,holdout,0
2025-01-01,2024-12-01,29969.0,30787.609351839532,5,constrained_level,holdout,0
2025-02-01,2025-01-01,28742.0,29962.755694390915,5,constrained_level,holdout,0
2025-03-01,2025-02-01,27571.0,28678.3714658237,5,constrained_level,holdout,0
2025-04-01,2025-03-01,26312.0,28320.788752393397,5,constrained_level,holdout,0
2025-05-01,2025-04-01,28014.0,27731.562127320496,5,constrained_level,holdout,0
2025-06-01,2025-05-01,30378.0,29332.34346915866,5,constrained_level,holdout,0
2025-07-01,2025-06-01,32090.0,30604.922822690343,5,constrained_level,holdout,0
2025-08-01,2025-07-01,31585.0,31529.10470898284,5,constrained_level,holdout,0
2025-09-01,2025-08-01,30332.0,30541.104879970146,5,constrained_level,holdout,0
2025-10-01,2025-09-01,29010.0,29490.580062061264,5,constrained_level,holdout,0
2025-11-01,2025-10-01,27501.0,28783.455126574176,5,constrained_level,holdout,0
2025-12-01,2025-11-01,30639.0,27969.230239243123,5,constrained_level,holdout,0
2026-01-01,2025-12-01,31085.0,31433.175559279844,5,constrained_level,holdout,0
2026-02-01,2026-01-01,29220.0,31025.400308618253,5,constrained_level,holdout,0
2026-03-01,2026-02-01,28894.0,29303.159801863643,5,constrained_level,holdout,0
2026-04-01,2026-03-01,29008.0,29540.89258091219,5,constrained_level,holdout,0
2026-05-01,2026-04-01,27212.0,30446.162615557627,5,constrained_level,holdout,0
2026-06-01,2026-05-01,29108.0,28343.36928753619,5,constrained_level,holdout,0
2024-07-01,2024-06-01,31125.0,31205.628447988445,5,ridge_change,holdout,0
2024-08-01,2024-07-01,29338.0,29670.08125477677,5,ridge_change,holdout,0
2024-09-01,2024-08-01,27296.0,28985.059818631486,5,ridge_change,holdout,0
2024-10-01,2024-09-01,26497.0,27298.20097873545,5,ridge_change,holdout,0
2024-11-01,2024-10-01,28236.0,27192.44241462381,5,ridge_change,holdout,0
2024-12-01,2024-11-01,29761.0,29263.25547896066,5,ridge_change,holdout,0
2025-01-01,2024-12-01,29969.0,30672.065213837745,5,ridge_change,holdout,0
2025-02-01,2025-01-01,28742.0,29714.946073875195,5,ridge_change,holdout,0
2025-03-01,2025-02-01,27571.0,28185.949319736945,5,ridge_change,holdout,0
2025-04-01,2025-03-01,26312.0,28202.722150854883,5,ridge_change,holdout,0
2025-05-01,2025-04-01,28014.0,27924.198550819918,5,ridge_change,holdout,0
2025-06-01,2025-05-01,30378.0,29762.216503853386,5,ridge_change,holdout,0
2025-07-01,2025-06-01,32090.0,30733.38837404969,5,ridge_change,holdout,0
2025-08-01,2025-07-01,31585.0,31432.74937778103,5,ridge_change,holdout,0
2025-09-01,2025-08-01,30332.0,30257.254410208527,5,ridge_change,holdout,0
2025-10-01,2025-09-01,29010.0,28968.47536786753,5,ridge_change,holdout,0
2025-11-01,2025-10-01,27501.0,28631.518950171343,5,ridge_change,holdout,0
2025-12-01,2025-11-01,30639.0,27957.895376862092,5,ridge_change,holdout,0
2026-01-01,2025-12-01,31085.0,31093.63909187627,5,ridge_change,holdout,0
2026-02-01,2026-01-01,29220.0,30573.655659341537,5,ridge_change,holdout,0
2026-03-01,2026-02-01,28894.0,28738.265330633785,5,ridge_change,holdout,0
2026-04-01,2026-03-01,29008.0,28955.64420430337,5,ridge_change,holdout,0
2026-05-01,2026-04-01,27212.0,29860.907538000487,5,ridge_change,holdout,0
2026-06-01,2026-05-01,29108.0,28060.208837214213,5,ridge_change,holdout,0
2024-07-01,2024-06-01,31125.0,30741.763248243184,5,seasonal_ridge_change,holdout,0
2024-08-01,2024-07-01,29338.0,29291.110116061293,5,seasonal_ridge_change,holdout,0
2024-09-01,2024-08-01,27296.0,28532.534409003976,5,seasonal_ridge_change,holdout,0
2024-10-01,2024-09-01,26497.0,27735.077652765856,5,seasonal_ridge_change,holdout,0
2024-11-01,2024-10-01,28236.0,28257.98581335785,5,seasonal_ridge_change,holdout,0
2024-12-01,2024-11-01,29761.0,29743.853133764525,5,seasonal_ridge_change,holdout,0
2025-01-01,2024-12-01,29969.0,30845.965141814293,5,seasonal_ridge_change,holdout,0
2025-02-01,2025-01-01,28742.0,30085.21376125231,5,seasonal_ridge_change,holdout,0
2025-03-01,2025-02-01,27571.0,28539.830212192985,5,seasonal_ridge_change,holdout,0
2025-04-01,2025-03-01,26312.0,28912.88607467902,5,seasonal_ridge_change,holdout,0
2025-05-01,2025-04-01,28014.0,27943.377535534546,5,seasonal_ridge_change,holdout,0
2025-06-01,2025-05-01,30378.0,29268.478072724436,5,seasonal_ridge_change,holdout,0
2025-07-01,2025-06-01,32090.0,30114.56273163314,5,seasonal_ridge_change,holdout,0
2025-08-01,2025-07-01,31585.0,30809.335521572546,5,seasonal_ridge_change,holdout,0
2025-09-01,2025-08-01,30332.0,30239.735375416174,5,seasonal_ridge_change,holdout,0
2025-10-01,2025-09-01,29010.0,29746.78198137915,5,seasonal_ridge_change,holdout,0
2025-11-01,2025-10-01,27501.0,30143.059576685842,5,seasonal_ridge_change,holdout,0
2025-12-01,2025-11-01,30639.0,29641.068107391002,5,seasonal_ridge_change,holdout,0
2026-01-01,2025-12-01,31085.0,31840.553888637623,5,seasonal_ridge_change,holdout,0
2026-02-01,2026-01-01,29220.0,31109.75507967059,5,seasonal_ridge_change,holdout,0
2026-03-01,2026-02-01,28894.0,29549.152209007254,5,seasonal_ridge_change,holdout,0
2026-04-01,2026-03-01,29008.0,30334.724530748506,5,seasonal_ridge_change,holdout,0
2026-05-01,2026-04-01,27212.0,30142.609089195874,5,seasonal_ridge_change,holdout,0
2026-06-01,2026-05-01,29108.0,27094.324362229258,5,seasonal_ridge_change,holdout,0
2024-07-01,2024-06-01,31125.0,30741.763248243184,5,polynomial_ridge_change,holdout,0
2024-08-01,2024-07-01,29338.0,29291.110116061293,5,polynomial_ridge_change,holdout,0
2024-09-01,2024-08-01,27296.0,28532.534409003976,5,polynomial_ridge_change,holdout,0
2024-10-01,2024-09-01,26497.0,27735.077652765853,5,polynomial_ridge_change,holdout,0
2024-11-01,2024-10-01,28236.0,28257.98581335785,5,polynomial_ridge_change,holdout,0
2024-12-01,2024-11-01,29761.0,29743.853133764525,5,polynomial_ridge_change,holdout,0
2025-01-01,2024-12-01,29969.0,30845.96514181429,5,polynomial_ridge_change,holdout,0
2025-02-01,2025-01-01,28742.0,30085.213761252307,5,polynomial_ridge_change,holdout,0
2025-03-01,2025-02-01,27571.0,28539.830212192985,5,polynomial_ridge_change,holdout,0
2025-04-01,2025-03-01,26312.0,28912.88607467902,5,polynomial_ridge_change,holdout,0
2025-05-01,2025-04-01,28014.0,27943.37753553455,5,polynomial_ridge_change,holdout,0
2025-06-01,2025-05-01,30378.0,29268.47807272444,5,polynomial_ridge_change,holdout,0
2025-07-01,2025-06-01,32090.0,30114.56273163314,5,polynomial_ridge_change,holdout,0
2025-08-01,2025-07-01,31585.0,30809.33552157255,5,polynomial_ridge_change,holdout,0
2025-09-01,2025-08-01,30332.0,30239.735375416174,5,polynomial_ridge_change,holdout,0
2025-10-01,2025-09-01,29010.0,29746.781981379147,5,polynomial_ridge_change,holdout,0
2025-11-01,2025-10-01,27501.0,30143.05957668584,5,polynomial_ridge_change,holdout,0
2025-12-01,2025-11-01,30639.0,29641.068107391,5,polynomial_ridge_change,holdout,0
2026-01-01,2025-12-01,31085.0,31840.553888637623,5,polynomial_ridge_change,holdout,0
2026-02-01,2026-01-01,29220.0,31109.75507967059,5,polynomial_ridge_change,holdout,0
2026-03-01,2026-02-01,28894.0,29549.152209007254,5,polynomial_ridge_change,holdout,0
2026-04-01,2026-03-01,29008.0,30334.724530748506,5,polynomial_ridge_change,holdout,0
2026-05-01,2026-04-01,27212.0,30142.609089195874,5,polynomial_ridge_change,holdout,0
2026-06-01,2026-05-01,29108.0,27094.324362229258,5,polynomial_ridge_change,holdout,0
2024-07-01,2024-06-01,31125.0,31922.802865010217,5,spline_ridge_change,holdout,0
2024-08-01,2024-07-01,29338.0,29902.341363268177,5,spline_ridge_change,holdout,0
2024-09-01,2024-08-01,27296.0,28269.22005387385,5,spline_ridge_change,holdout,0
2024-10-01,2024-09-01,26497.0,27469.330587676683,5,spline_ridge_change,holdout,0
2024-11-01,2024-10-01,28236.0,28400.312386644324,5,spline_ridge_change,holdout,0
2024-12-01,2024-11-01,29761.0,29735.42888197341,5,spline_ridge_change,holdout,0
2025-01-01,2024-12-01,29969.0,30556.773082378244,5,spline_ridge_change,holdout,0
2025-02-01,2025-01-01,28742.0,29396.155613324838,5,spline_ridge_change,holdout,0
2025-03-01,2025-02-01,27571.0,28120.60872930633,5,spline_ridge_change,holdout,0
2025-04-01,2025-03-01,26312.0,28229.60906849906,5,spline_ridge_change,holdout,0
2025-05-01,2025-04-01,28014.0,28100.858653778163,5,spline_ridge_change,holdout,0
2025-06-01,2025-05-01,30378.0,29112.490402683925,5,spline_ridge_change,holdout,0
2025-07-01,2025-06-01,32090.0,30193.135329937686,5,spline_ridge_change,holdout,0
2025-08-01,2025-07-01,31585.0,31106.18664151896,5,spline_ridge_change,holdout,0
2025-09-01,2025-08-01,30332.0,30705.7021006399,5,spline_ridge_change,holdout,0
2025-10-01,2025-09-01,29010.0,30441.52648623847,5,spline_ridge_change,holdout,0
2025-11-01,2025-10-01,27501.0,30741.745537757553,5,spline_ridge_change,holdout,0
2025-12-01,2025-11-01,30639.0,30383.57456868685,5,spline_ridge_change,holdout,0
2026-01-01,2025-12-01,31085.0,31576.56140587174,5,spline_ridge_change,holdout,0
2026-02-01,2026-01-01,29220.0,30842.07044200098,5,spline_ridge_change,holdout,0
2026-03-01,2026-02-01,28894.0,29430.87813639849,5,spline_ridge_change,holdout,0
2026-04-01,2026-03-01,29008.0,29260.97458866797,5,spline_ridge_change,holdout,0
2026-05-01,2026-04-01,27212.0,32762.29432677531,5,spline_ridge_change,holdout,0
2026-06-01,2026-05-01,29108.0,30998.47111780274,5,spline_ridge_change,holdout,0
2024-07-01,2024-06-01,31125.0,32125.66478298069,5,random_forest_change,holdout,0
2024-08-01,2024-07-01,29338.0,30053.675947107105,5,random_forest_change,holdout,0
2024-09-01,2024-08-01,27296.0,28931.958644454757,5,random_forest_change,holdout,0
2024-10-01,2024-09-01,26497.0,27778.74192415158,5,random_forest_change,holdout,0
2024-11-01,2024-10-01,28236.0,27781.45286198834,5,random_forest_change,holdout,0
2024-12-01,2024-11-01,29761.0,29588.67143398672,5,random_forest_change,holdout,0
2025-01-01,2024-12-01,29969.0,31119.75667019639,5,random_forest_change,holdout,0
2025-02-01,2025-01-01,28742.0,29152.854632000184,5,random_forest_change,holdout,0
2025-03-01,2025-02-01,27571.0,28511.96030037157,5,random_forest_change,holdout,0
2025-04-01,2025-03-01,26312.0,27854.854845112306,5,random_forest_change,holdout,0
2025-05-01,2025-04-01,28014.0,27111.79217912683,5,random_forest_change,holdout,0
2025-06-01,2025-05-01,30378.0,28663.35379458809,5,random_forest_change,holdout,0
2025-07-01,2025-06-01,32090.0,30159.97567215477,5,random_forest_change,holdout,0
2025-08-01,2025-07-01,31585.0,31565.638629688052,5,random_forest_change,holdout,0
2025-09-01,2025-08-01,30332.0,30690.237843720268,5,random_forest_change,holdout,0
2025-10-01,2025-09-01,29010.0,29876.949924419067,5,random_forest_change,holdout,0
2025-11-01,2025-10-01,27501.0,30349.214077326862,5,random_forest_change,holdout,0
2025-12-01,2025-11-01,30639.0,28766.18801988453,5,random_forest_change,holdout,0
2026-01-01,2025-12-01,31085.0,32001.055955390755,5,random_forest_change,holdout,0
2026-02-01,2026-01-01,29220.0,29800.721114873948,5,random_forest_change,holdout,0
2026-03-01,2026-02-01,28894.0,29317.864883930368,5,random_forest_change,holdout,0
2026-04-01,2026-03-01,29008.0,29191.88732094596,5,random_forest_change,holdout,0
2026-05-01,2026-04-01,27212.0,29399.97734253563,5,random_forest_change,holdout,0
2026-06-01,2026-05-01,29108.0,27753.20949512181,5,random_forest_change,holdout,0
2024-07-01,2024-06-01,31125.0,31874.6484375,5,xgboost_change,holdout,0
2024-08-01,2024-07-01,29338.0,30257.2578125,5,xgboost_change,holdout,0
2024-09-01,2024-08-01,27296.0,29097.19140625,5,xgboost_change,holdout,0
2024-10-01,2024-09-01,26497.0,27640.21875,5,xgboost_change,holdout,0
2024-11-01,2024-10-01,28236.0,27578.23828125,5,xgboost_change,holdout,0
2024-12-01,2024-11-01,29761.0,29401.416015625,5,xgboost_change,holdout,0
2025-01-01,2024-12-01,29969.0,30981.15625,5,xgboost_change,holdout,0
2025-02-01,2025-01-01,28742.0,29315.765625,5,xgboost_change,holdout,0
2025-03-01,2025-02-01,27571.0,28539.076171875,5,xgboost_change,holdout,0
2025-04-01,2025-03-01,26312.0,28002.259765625,5,xgboost_change,holdout,0
2025-05-01,2025-04-01,28014.0,26913.166015625,5,xgboost_change,holdout,0
2025-06-01,2025-05-01,30378.0,28556.78515625,5,xgboost_change,holdout,0
2025-07-01,2025-06-01,32090.0,29843.287109375,5,xgboost_change,holdout,0
2025-08-01,2025-07-01,31585.0,31362.376953125,5,xgboost_change,holdout,0
2025-09-01,2025-08-01,30332.0,30918.203125,5,xgboost_change,holdout,0
2025-10-01,2025-09-01,29010.0,29857.408203125,5,xgboost_change,holdout,0
2025-11-01,2025-10-01,27501.0,30245.037109375,5,xgboost_change,holdout,0
2025-12-01,2025-11-01,30639.0,28732.01953125,5,xgboost_change,holdout,0
2026-01-01,2025-12-01,31085.0,31661.421875,5,xgboost_change,holdout,0
2026-02-01,2026-01-01,29220.0,30221.525390625,5,xgboost_change,holdout,0
2026-03-01,2026-02-01,28894.0,29282.955078125,5,xgboost_change,holdout,0
2026-04-01,2026-03-01,29008.0,28984.17578125,5,xgboost_change,holdout,0
2026-05-01,2026-04-01,27212.0,29182.16796875,5,xgboost_change,holdout,0
2026-06-01,2026-05-01,29108.0,27721.4921875,5,xgboost_change,holdout,0
2024-07-01,2024-06-01,31125.0,31870.215521597427,5,neural_network_change,holdout,0
2024-08-01,2024-07-01,29338.0,29824.206124658816,5,neural_network_change,holdout,0
2024-09-01,2024-08-01,27296.0,28203.800443147054,5,neural_network_change,holdout,0
2024-10-01,2024-09-01,26497.0,27680.015337478442,5,neural_network_change,holdout,0
2024-11-01,2024-10-01,28236.0,28505.32000373656,5,neural_network_change,holdout,0
2024-12-01,2024-11-01,29761.0,30180.861536656663,5,neural_network_change,holdout,0
2025-01-01,2024-12-01,29969.0,30945.95781790418,5,neural_network_change,holdout,0
2025-02-01,2025-01-01,28742.0,29897.999136844315,5,neural_network_change,holdout,0
2025-03-01,2025-02-01,27571.0,29443.39037830361,5,neural_network_change,holdout,0
2025-04-01,2025-03-01,26312.0,30669.370810798606,5,neural_network_change,holdout,0
2025-05-01,2025-04-01,28014.0,29288.38789224785,5,neural_network_change,holdout,0
2025-06-01,2025-05-01,30378.0,30162.632326748615,5,neural_network_change,holdout,0
2025-07-01,2025-06-01,32090.0,31311.69969855166,5,neural_network_change,holdout,0
2025-08-01,2025-07-01,31585.0,31346.081694007782,5,neural_network_change,holdout,0
2025-09-01,2025-08-01,30332.0,30831.75759711542,5,neural_network_change,holdout,0
2025-10-01,2025-09-01,29010.0,30850.843291151756,5,neural_network_change,holdout,0
2025-11-01,2025-10-01,27501.0,31440.764789023764,5,neural_network_change,holdout,0
2025-12-01,2025-11-01,30639.0,31057.819761633335,5,neural_network_change,holdout,0
2026-01-01,2025-12-01,31085.0,32082.440994062443,5,neural_network_change,holdout,0
2026-02-01,2026-01-01,29220.0,31196.136429485807,5,neural_network_change,holdout,0
2026-03-01,2026-02-01,28894.0,30899.636864413802,5,neural_network_change,holdout,0
2026-04-01,2026-03-01,29008.0,32300.943633978,5,neural_network_change,holdout,0
2026-05-01,2026-04-01,27212.0,34498.219649804276,5,neural_network_change,holdout,0
2026-06-01,2026-05-01,29108.0,30602.44374809322,5,neural_network_change,holdout,0
2014-07-01,2014-06-01,59765.0,62722.8828125,1,selected_padd_models,cv,1
2014-08-01,2014-07-01,57773.0,58483.76171875,1,selected_padd_models,cv,1
2014-09-01,2014-08-01,55712.0,56273.46875,1,selected_padd_models,cv,1
2014-10-01,2014-09-01,50685.0,54868.02734375,1,selected_padd_models,cv,1
2014-11-01,2014-10-01,53624.0,53428.34375,1,selected_padd_models,cv,1
2014-12-01,2014-11-01,62085.0,57953.19921875,1,selected_padd_models,cv,1
2015-01-01,2014-12-01,69032.0,63193.125,1,selected_padd_models,cv,1
2015-02-01,2015-01-01,68142.0,67682.875,1,selected_padd_models,cv,1
2015-03-01,2015-02-01,64542.0,65375.96875,1,selected_padd_models,cv,1
2015-04-01,2015-03-01,63272.0,61700.3359375,1,selected_padd_models,cv,1
2015-05-01,2015-04-01,61203.0,62892.7734375,1,selected_padd_models,cv,1
2015-06-01,2015-05-01,61350.0,60721.6796875,1,selected_padd_models,cv,1
2015-07-01,2015-06-01,58703.0,61637.4609375,1,selected_padd_models,cv,2
2015-08-01,2015-07-01,60374.0,57170.9140625,1,selected_padd_models,cv,2
2015-09-01,2015-08-01,62622.0,59744.84765625,1,selected_padd_models,cv,2
2015-10-01,2015-09-01,59687.0,59876.37890625,1,selected_padd_models,cv,2
2015-11-01,2015-10-01,58578.0,61373.41796875,1,selected_padd_models,cv,2
2015-12-01,2015-11-01,60722.0,62084.484375,1,selected_padd_models,cv,2
2016-01-01,2015-12-01,70309.0,64375.2421875,1,selected_padd_models,cv,2
2016-02-01,2016-01-01,71066.0,68683.8828125,1,selected_padd_models,cv,2
2016-03-01,2016-02-01,65920.0,69093.7109375,1,selected_padd_models,cv,2
2016-04-01,2016-03-01,69091.0,63590.6953125,1,selected_padd_models,cv,2
2016-05-01,2016-04-01,69708.0,68017.7578125,1,selected_padd_models,cv,2
2016-06-01,2016-05-01,73138.0,68517.375,1,selected_padd_models,cv,2
2016-07-01,2016-06-01,72616.0,71692.3046875,1,selected_padd_models,cv,3
2016-08-01,2016-07-01,65184.0,71466.0625,1,selected_padd_models,cv,3
2016-09-01,2016-08-01,58842.0,64319.28515625,1,selected_padd_models,cv,3
2016-10-01,2016-09-01,60975.0,56384.10546875,1,selected_padd_models,cv,3
2016-11-01,2016-10-01,63052.0,63769.64453125,1,selected_padd_models,cv,3
2016-12-01,2016-11-01,65379.0,65358.234375,1,selected_padd_models,cv,3
2017-01-01,2016-12-01,74583.0,68478.0859375,1,selected_padd_models,cv,3
2017-02-01,2017-01-01,72957.0,74109.65625,1,selected_padd_models,cv,3
2017-03-01,2017-02-01,65469.0,70941.125,1,selected_padd_models,cv,3
2017-04-01,2017-03-01,68482.0,65261.7421875,1,selected_padd_models,cv,3
2017-05-01,2017-04-01,70684.0,68510.5625,1,selected_padd_models,cv,3
2017-06-01,2017-05-01,67745.0,71853.6640625,1,selected_padd_models,cv,3
2017-07-01,2017-06-01,64144.0,66781.4296875,1,selected_padd_models,cv,4
2017-08-01,2017-07-01,60660.0,62407.3828125,1,selected_padd_models,cv,4
2017-09-01,2017-08-01,59007.0,60753.09375,1,selected_padd_models,cv,4
2017-10-01,2017-09-01,54456.0,58686.375,1,selected_padd_models,cv,4
2017-11-01,2017-10-01,58907.0,59149.953125,1,selected_padd_models,cv,4
2017-12-01,2017-11-01,60642.0,65270.5,1,selected_padd_models,cv,4
2018-01-01,2017-12-01,65037.0,66579.3984375,1,selected_padd_models,cv,4
2018-02-01,2018-01-01,63106.0,64420.2421875,1,selected_padd_models,cv,4
2018-03-01,2018-02-01,58372.0,59251.21484375,1,selected_padd_models,cv,4
2018-04-01,2018-03-01,64718.0,59463.7578125,1,selected_padd_models,cv,4
2018-05-01,2018-04-01,68311.0,64952.3125,1,selected_padd_models,cv,4
2018-06-01,2018-05-01,66777.0,69135.5703125,1,selected_padd_models,cv,4
2018-07-01,2018-06-01,64871.0,64464.36328125,1,selected_padd_models,cv,5
2018-08-01,2018-07-01,66651.0,62058.10546875,1,selected_padd_models,cv,5
2018-09-01,2018-08-01,70204.0,64066.10546875,1,selected_padd_models,cv,5
2018-10-01,2018-09-01,66430.0,67100.21875,1,selected_padd_models,cv,5
2018-11-01,2018-10-01,60886.0,66710.234375,1,selected_padd_models,cv,5
2018-12-01,2018-11-01,62894.0,63800.8671875,1,selected_padd_models,cv,5
2019-01-01,2018-12-01,72680.0,66163.09375,1,selected_padd_models,cv,5
2019-02-01,2019-01-01,65841.0,71527.4296875,1,selected_padd_models,cv,5
2019-03-01,2019-02-01,62461.0,62289.0078125,1,selected_padd_models,cv,5
2019-04-01,2019-03-01,60742.0,61932.1015625,1,selected_padd_models,cv,5
2019-05-01,2019-04-01,65734.0,62682.30078125,1,selected_padd_models,cv,5
2019-06-01,2019-05-01,59764.0,65802.703125,1,selected_padd_models,cv,5
2019-07-01,2019-06-01,61114.0,59898.76171875,1,selected_padd_models,cv,6
2019-08-01,2019-07-01,65254.0,61075.421875,1,selected_padd_models,cv,6
2019-09-01,2019-08-01,64954.0,63706.5390625,1,selected_padd_models,cv,6
2019-10-01,2019-09-01,60265.0,60749.30859375,1,selected_padd_models,cv,6
2019-11-01,2019-10-01,61239.0,61088.046875,1,selected_padd_models,cv,6
2019-12-01,2019-11-01,65614.0,62807.9375,1,selected_padd_models,cv,6
2020-01-01,2019-12-01,68129.0,68673.40625,1,selected_padd_models,cv,6
2020-02-01,2020-01-01,63763.0,64306.90234375,1,selected_padd_models,cv,6
2020-03-01,2020-02-01,70994.0,61425.17578125,1,selected_padd_models,cv,6
2020-04-01,2020-03-01,70212.0,69443.671875,1,selected_padd_models,cv,6
2020-05-01,2020-04-01,74366.0,66688.34375,1,selected_padd_models,cv,6
2020-06-01,2020-05-01,73145.0,72018.84375,1,selected_padd_models,cv,6
2020-07-01,2020-06-01,69204.0,71609.515625,1,selected_padd_models,cv,7
2020-08-01,2020-07-01,62131.0,66967.671875,1,selected_padd_models,cv,7
2020-09-01,2020-08-01,61839.0,60804.35546875,1,selected_padd_models,cv,7
2020-10-01,2020-09-01,61701.0,60701.359375,1,selected_padd_models,cv,7
2020-11-01,2020-10-01,67299.0,62901.5390625,1,selected_padd_models,cv,7
2020-12-01,2020-11-01,68522.0,68933.9765625,1,selected_padd_models,cv,7
2021-01-01,2020-12-01,67084.0,70892.53125,1,selected_padd_models,cv,7
2021-02-01,2021-01-01,68408.0,64562.8515625,1,selected_padd_models,cv,7
2021-03-01,2021-02-01,65099.0,66524.6875,1,selected_padd_models,cv,7
2021-04-01,2021-03-01,63466.0,63214.1953125,1,selected_padd_models,cv,7
2021-05-01,2021-04-01,66423.0,63904.56640625,1,selected_padd_models,cv,7
2021-06-01,2021-05-01,69877.0,65341.91796875,1,selected_padd_models,cv,7
2021-07-01,2021-06-01,62682.0,70583.03125,1,selected_padd_models,cv,8
2021-08-01,2021-07-01,55205.0,62293.3515625,1,selected_padd_models,cv,8
2021-09-01,2021-08-01,59038.0,56220.83984375,1,selected_padd_models,cv,8
2021-10-01,2021-09-01,53113.0,58766.39453125,1,selected_padd_models,cv,8
2021-11-01,2021-10-01,56872.0,57311.15625,1,selected_padd_models,cv,8
2021-12-01,2021-11-01,61830.0,61053.99609375,1,selected_padd_models,cv,8
2022-01-01,2021-12-01,65541.0,65213.1953125,1,selected_padd_models,cv,8
2022-02-01,2022-01-01,61884.0,65796.875,1,selected_padd_models,cv,8
2022-03-01,2022-02-01,56984.0,59890.69140625,1,selected_padd_models,cv,8
2022-04-01,2022-03-01,52786.0,58532.4921875,1,selected_padd_models,cv,8
2022-05-01,2022-04-01,53989.0,53835.43359375,1,selected_padd_models,cv,8
2022-06-01,2022-05-01,53605.0,56933.01953125,1,selected_padd_models,cv,8
2022-07-01,2022-06-01,52870.0,54362.27734375,1,selected_padd_models,cv,9
2022-08-01,2022-07-01,54121.0,52322.02734375,1,selected_padd_models,cv,9
2022-09-01,2022-08-01,54334.0,52545.25390625,1,selected_padd_models,cv,9
2022-10-01,2022-09-01,50932.0,53699.3828125,1,selected_padd_models,cv,9
2022-11-01,2022-10-01,51102.0,52292.765625,1,selected_padd_models,cv,9
2022-12-01,2022-11-01,56398.0,54033.19140625,1,selected_padd_models,cv,9
2023-01-01,2022-12-01,61972.0,59486.9921875,1,selected_padd_models,cv,9
2023-02-01,2023-01-01,64330.0,60500.67578125,1,selected_padd_models,cv,9
2023-03-01,2023-02-01,52690.0,61377.3984375,1,selected_padd_models,cv,9
2023-04-01,2023-03-01,53256.0,54210.19140625,1,selected_padd_models,cv,9
2023-05-01,2023-04-01,55471.0,53895.6484375,1,selected_padd_models,cv,9
2023-06-01,2023-05-01,56992.0,54576.66796875,1,selected_padd_models,cv,9
2023-07-01,2023-06-01,56885.0,56810.484375,1,selected_padd_models,cv,10
2023-08-01,2023-07-01,57442.0,54640.78125,1,selected_padd_models,cv,10
2023-09-01,2023-08-01,58791.0,56351.2109375,1,selected_padd_models,cv,10
2023-10-01,2023-09-01,55791.0,57137.10546875,1,selected_padd_models,cv,10
2023-11-01,2023-10-01,53460.0,56828.45703125,1,selected_padd_models,cv,10
2023-12-01,2023-11-01,60085.0,55428.25,1,selected_padd_models,cv,10
2024-01-01,2023-12-01,64127.0,64138.6796875,1,selected_padd_models,cv,10
2024-02-01,2024-01-01,64192.0,61404.34375,1,selected_padd_models,cv,10
2024-03-01,2024-02-01,54901.0,60430.54296875,1,selected_padd_models,cv,10
2024-04-01,2024-03-01,54857.0,54873.96484375,1,selected_padd_models,cv,10
2024-05-01,2024-04-01,56490.0,55777.21875,1,selected_padd_models,cv,10
2024-06-01,2024-05-01,56776.0,56729.01171875,1,selected_padd_models,cv,10
2024-07-01,2024-06-01,57679.0,56708.84765625,1,selected_padd_models,holdout,0
2024-08-01,2024-07-01,59114.0,56611.5703125,1,selected_padd_models,holdout,0
2024-09-01,2024-08-01,60994.0,58011.60546875,1,selected_padd_models,holdout,0
2024-10-01,2024-09-01,54025.0,59551.28125,1,selected_padd_models,holdout,0
2024-11-01,2024-10-01,53952.0,56036.3984375,1,selected_padd_models,holdout,0
2024-12-01,2024-11-01,60722.0,56952.60546875,1,selected_padd_models,holdout,0
2025-01-01,2024-12-01,66423.0,63731.82421875,1,selected_padd_models,holdout,0
2025-02-01,2025-01-01,65816.0,64152.359375,1,selected_padd_models,holdout,0
2025-03-01,2025-02-01,59836.0,60620.0859375,1,selected_padd_models,holdout,0
2025-04-01,2025-03-01,59440.0,60024.1875,1,selected_padd_models,holdout,0
2025-05-01,2025-04-01,59838.0,61152.56640625,1,selected_padd_models,holdout,0
2025-06-01,2025-05-01,63611.0,60142.80078125,1,selected_padd_models,holdout,0
2025-07-01,2025-06-01,58368.0,61523.91015625,1,selected_padd_models,holdout,0
2025-08-01,2025-07-01,56697.0,57904.359375,1,selected_padd_models,holdout,0
2025-09-01,2025-08-01,57175.0,56615.640625,1,selected_padd_models,holdout,0
2025-10-01,2025-09-01,50974.0,55315.7578125,1,selected_padd_models,holdout,0
2025-11-01,2025-10-01,49709.0,52994.08984375,1,selected_padd_models,holdout,0
2025-12-01,2025-11-01,58895.0,52475.421875,1,selected_padd_models,holdout,0
2026-01-01,2025-12-01,68046.0,62368.5625,1,selected_padd_models,holdout,0
2026-02-01,2026-01-01,67907.0,65283.8671875,1,selected_padd_models,holdout,0
2026-03-01,2026-02-01,59053.0,62944.171875,1,selected_padd_models,holdout,0
2026-04-01,2026-03-01,56752.0,59355.54296875,1,selected_padd_models,holdout,0
2026-05-01,2026-04-01,57919.0,57175.39453125,1,selected_padd_models,holdout,0
2026-06-01,2026-05-01,56678.0,58166.33984375,1,selected_padd_models,holdout,0
2014-07-01,2014-06-01,48264.0,48949.022864727754,2,selected_padd_models,cv,1
2014-08-01,2014-07-01,46770.0,48888.59055726046,2,selected_padd_models,cv,1
2014-09-01,2014-08-01,47083.0,47731.15576364819,2,selected_padd_models,cv,1
2014-10-01,2014-09-01,44074.0,47256.55040567082,2,selected_padd_models,cv,1
2014-11-01,2014-10-01,45416.0,45485.629722693375,2,selected_padd_models,cv,1
2014-12-01,2014-11-01,52440.0,47957.0012198741,2,selected_padd_models,cv,1
2015-01-01,2014-12-01,53425.0,54842.56891481121,2,selected_padd_models,cv,1
2015-02-01,2015-01-01,53385.0,53184.86435110835,2,selected_padd_models,cv,1
2015-03-01,2015-02-01,52861.0,50970.4645911877,2,selected_padd_models,cv,1
2015-04-01,2015-03-01,53286.0,52103.30782276742,2,selected_padd_models,cv,1
2015-05-01,2015-04-01,49145.0,50970.74233286572,2,selected_padd_models,cv,1
2015-06-01,2015-05-01,50387.0,49333.46376455586,2,selected_padd_models,cv,1
2015-07-01,2015-06-01,48210.0,49018.58222365382,2,selected_padd_models,cv,2
2015-08-01,2015-07-01,49387.0,48672.86247885653,2,selected_padd_models,cv,2
2015-09-01,2015-08-01,47041.0,48997.601287921134,2,selected_padd_models,cv,2
2015-10-01,2015-09-01,45967.0,46765.50634101937,2,selected_padd_models,cv,2
2015-11-01,2015-10-01,50053.0,47215.43886814439,2,selected_padd_models,cv,2
2015-12-01,2015-11-01,53674.0,51784.75468566136,2,selected_padd_models,cv,2
2016-01-01,2015-12-01,62336.0,55291.84668262223,2,selected_padd_models,cv,2
2016-02-01,2016-01-01,60365.0,60584.57446341733,2,selected_padd_models,cv,2
2016-03-01,2016-02-01,57094.0,57163.930526151285,2,selected_padd_models,cv,2
2016-04-01,2016-03-01,54581.0,55973.72724708606,2,selected_padd_models,cv,2
2016-05-01,2016-04-01,54211.0,52546.11657813978,2,selected_padd_models,cv,2
2016-06-01,2016-05-01,53898.0,53310.77204203694,2,selected_padd_models,cv,2
2016-07-01,2016-06-01,51933.0,52798.70361802712,2,selected_padd_models,cv,3
2016-08-01,2016-07-01,51959.0,51800.91234986002,2,selected_padd_models,cv,3
2016-09-01,2016-08-01,51101.0,52270.971398823225,2,selected_padd_models,cv,3
2016-10-01,2016-09-01,49811.0,50328.607023098295,2,selected_padd_models,cv,3
2016-11-01,2016-10-01,50310.0,51165.499596080524,2,selected_padd_models,cv,3
2016-12-01,2016-11-01,53229.0,52927.48111457169,2,selected_padd_models,cv,3
2017-01-01,2016-12-01,60494.0,58100.77687773896,2,selected_padd_models,cv,3
2017-02-01,2017-01-01,60249.0,61643.11932567348,2,selected_padd_models,cv,3
2017-03-01,2017-02-01,57339.0,57837.205775799855,2,selected_padd_models,cv,3
2017-04-01,2017-03-01,56828.0,57465.6233832149,2,selected_padd_models,cv,3
2017-05-01,2017-04-01,55450.0,54920.46381383334,2,selected_padd_models,cv,3
2017-06-01,2017-05-01,53587.0,55421.40108814475,2,selected_padd_models,cv,3
2017-07-01,2017-06-01,53144.0,53994.04263723488,2,selected_padd_models,cv,4
2017-08-01,2017-07-01,51525.0,53281.057098015146,2,selected_padd_models,cv,4
2017-09-01,2017-08-01,50366.0,53335.56117377317,2,selected_padd_models,cv,4
2017-10-01,2017-09-01,45863.0,50782.405776948006,2,selected_padd_models,cv,4
2017-11-01,2017-10-01,47897.0,48855.785502813625,2,selected_padd_models,cv,4
2017-12-01,2017-11-01,52209.0,51774.37890320436,2,selected_padd_models,cv,4
2018-01-01,2017-12-01,57692.0,57550.98254106692,2,selected_padd_models,cv,4
2018-02-01,2018-01-01,60233.0,59254.419831044055,2,selected_padd_models,cv,4
2018-03-01,2018-02-01,57183.0,57191.75330454522,2,selected_padd_models,cv,4
2018-04-01,2018-03-01,57200.0,58236.711284042016,2,selected_padd_models,cv,4
2018-05-01,2018-04-01,53886.0,54345.0885188987,2,selected_padd_models,cv,4
2018-06-01,2018-05-01,53488.0,53999.88288531691,2,selected_padd_models,cv,4
2018-07-01,2018-06-01,53407.0,52235.93961912055,2,selected_padd_models,cv,5
2018-08-01,2018-07-01,53041.0,52231.63165052064,2,selected_padd_models,cv,5
2018-09-01,2018-08-01,53164.0,53122.37884918311,2,selected_padd_models,cv,5
2018-10-01,2018-09-01,47779.0,50605.518611283005,2,selected_padd_models,cv,5
2018-11-01,2018-10-01,49088.0,49112.32864682124,2,selected_padd_models,cv,5
2018-12-01,2018-11-01,56136.0,52258.66243530346,2,selected_padd_models,cv,5
2019-01-01,2018-12-01,60779.0,60139.57504241749,2,selected_padd_models,cv,5
2019-02-01,2019-01-01,59040.0,61620.21730564607,2,selected_padd_models,cv,5
2019-03-01,2019-02-01,54545.0,55534.00789471127,2,selected_padd_models,cv,5
2019-04-01,2019-03-01,51552.0,55284.03616557799,2,selected_padd_models,cv,5
2019-05-01,2019-04-01,47444.0,51025.31724858799,2,selected_padd_models,cv,5
2019-06-01,2019-05-01,49584.0,48453.56863836172,2,selected_padd_models,cv,5
2019-07-01,2019-06-01,50218.0,49566.187771856894,2,selected_padd_models,cv,6
2019-08-01,2019-07-01,51265.0,51179.068248606454,2,selected_padd_models,cv,6
2019-09-01,2019-08-01,51041.0,52585.76531720967,2,selected_padd_models,cv,6
2019-10-01,2019-09-01,47150.0,50199.26556953462,2,selected_padd_models,cv,6
2019-11-01,2019-10-01,49235.0,49905.6615779467,2,selected_padd_models,cv,6
2019-12-01,2019-11-01,55016.0,54253.179577652845,2,selected_padd_models,cv,6
2020-01-01,2019-12-01,57926.0,58973.15583029007,2,selected_padd_models,cv,6
2020-02-01,2020-01-01,58930.0,58831.232268389846,2,selected_padd_models,cv,6
2020-03-01,2020-02-01,60194.0,56557.0582487895,2,selected_padd_models,cv,6
2020-04-01,2020-03-01,56543.0,55917.05790818903,2,selected_padd_models,cv,6
2020-05-01,2020-04-01,56207.0,51604.66864950862,2,selected_padd_models,cv,6
2020-06-01,2020-05-01,52680.0,51586.086927979595,2,selected_padd_models,cv,6
2020-07-01,2020-06-01,50708.0,49513.50508692446,2,selected_padd_models,cv,7
2020-08-01,2020-07-01,48599.0,49351.87087433248,2,selected_padd_models,cv,7
2020-09-01,2020-08-01,46205.0,48012.23722014314,2,selected_padd_models,cv,7
2020-10-01,2020-09-01,47628.0,45303.02449126554,2,selected_padd_models,cv,7
2020-11-01,2020-10-01,52602.0,49298.458364206796,2,selected_padd_models,cv,7
2020-12-01,2020-11-01,50862.0,52392.21082009125,2,selected_padd_models,cv,7
2021-01-01,2020-12-01,55101.0,52265.25192185059,2,selected_padd_models,cv,7
2021-02-01,2021-01-01,52698.0,55090.162834784176,2,selected_padd_models,cv,7
2021-03-01,2021-02-01,50642.0,49707.532757960085,2,selected_padd_models,cv,7
2021-04-01,2021-03-01,49224.0,51252.277851263934,2,selected_padd_models,cv,7
2021-05-01,2021-04-01,47745.0,48654.77520038933,2,selected_padd_models,cv,7
2021-06-01,2021-05-01,50642.0,48422.35460431121,2,selected_padd_models,cv,7
2021-07-01,2021-06-01,48408.0,49859.16979073449,2,selected_padd_models,cv,8
2021-08-01,2021-07-01,47039.0,48869.95248512066,2,selected_padd_models,cv,8
2021-09-01,2021-08-01,46774.0,47137.207958257786,2,selected_padd_models,cv,8
2021-10-01,2021-09-01,44972.0,48009.42685991533,2,selected_padd_models,cv,8
2021-11-01,2021-10-01,46868.0,49055.43842298925,2,selected_padd_models,cv,8
2021-12-01,2021-11-01,50741.0,51056.82951571466,2,selected_padd_models,cv,8
2022-01-01,2021-12-01,58762.0,56284.038648192385,2,selected_padd_models,cv,8
2022-02-01,2022-01-01,60755.0,58397.73689476937,2,selected_padd_models,cv,8
2022-03-01,2022-02-01,56540.0,57751.966746870596,2,selected_padd_models,cv,8
2022-04-01,2022-03-01,50322.0,53726.182045643174,2,selected_padd_models,cv,8
2022-05-01,2022-04-01,45569.0,48147.97770357279,2,selected_padd_models,cv,8
2022-06-01,2022-05-01,46726.0,46415.41484809093,2,selected_padd_models,cv,8
2022-07-01,2022-06-01,48766.0,45914.604672801506,2,selected_padd_models,cv,9
2022-08-01,2022-07-01,43998.0,47288.57886170753,2,selected_padd_models,cv,9
2022-09-01,2022-08-01,44088.0,44533.09617114908,2,selected_padd_models,cv,9
2022-10-01,2022-09-01,45031.0,45246.5896323961,2,selected_padd_models,cv,9
2022-11-01,2022-10-01,46995.0,47777.25423766357,2,selected_padd_models,cv,9
2022-12-01,2022-11-01,46612.0,50240.198469561416,2,selected_padd_models,cv,9
2023-01-01,2022-12-01,50942.0,52012.02478492235,2,selected_padd_models,cv,9
2023-02-01,2023-01-01,52512.0,53385.01076984731,2,selected_padd_models,cv,9
2023-03-01,2023-02-01,49788.0,51629.87266054645,2,selected_padd_models,cv,9
2023-04-01,2023-03-01,46209.0,50056.97029270542,2,selected_padd_models,cv,9
2023-05-01,2023-04-01,45371.0,45214.677194758166,2,selected_padd_models,cv,9
2023-06-01,2023-05-01,44880.0,45857.774816268655,2,selected_padd_models,cv,9
2023-07-01,2023-06-01,46716.0,45490.01817081772,2,selected_padd_models,cv,10
2023-08-01,2023-07-01,45329.0,45410.75124202932,2,selected_padd_models,cv,10
2023-09-01,2023-08-01,46566.0,45445.09017042259,2,selected_padd_models,cv,10
2023-10-01,2023-09-01,43983.0,45430.12420437444,2,selected_padd_models,cv,10
2023-11-01,2023-10-01,48149.0,46683.52123358902,2,selected_padd_models,cv,10
2023-12-01,2023-11-01,54853.0,49928.792600157845,2,selected_padd_models,cv,10
2024-01-01,2023-12-01,61100.0,56846.20772382681,2,selected_padd_models,cv,10
2024-02-01,2024-01-01,57032.0,59667.48212191879,2,selected_padd_models,cv,10
2024-03-01,2024-02-01,54928.0,53405.3648622103,2,selected_padd_models,cv,10
2024-04-01,2024-03-01,53381.0,52849.119054094495,2,selected_padd_models,cv,10
2024-05-01,2024-04-01,49156.0,49754.904666254646,2,selected_padd_models,cv,10
2024-06-01,2024-05-01,48529.0,47783.544985889755,2,selected_padd_models,cv,10
2024-07-01,2024-06-01,46445.0,47306.444652385624,2,selected_padd_models,holdout,0
2024-08-01,2024-07-01,45769.0,46162.86740964934,2,selected_padd_models,holdout,0
2024-09-01,2024-08-01,45417.0,46988.23117768044,2,selected_padd_models,holdout,0
2024-10-01,2024-09-01,44485.0,45225.53407615401,2,selected_padd_models,holdout,0
2024-11-01,2024-10-01,46688.0,48683.685023567894,2,selected_padd_models,holdout,0
2024-12-01,2024-11-01,52008.0,51075.28806341383,2,selected_padd_models,holdout,0
2025-01-01,2024-12-01,55950.0,57189.00430331578,2,selected_padd_models,holdout,0
2025-02-01,2025-01-01,59148.0,57089.26770115936,2,selected_padd_models,holdout,0
2025-03-01,2025-02-01,56197.0,55796.0381799347,2,selected_padd_models,holdout,0
2025-04-01,2025-03-01,49357.0,54106.40717402049,2,selected_padd_models,holdout,0
2025-05-01,2025-04-01,47766.0,46923.71289199562,2,selected_padd_models,holdout,0
2025-06-01,2025-05-01,48062.0,47771.70781453645,2,selected_padd_models,holdout,0
2025-07-01,2025-06-01,45493.0,47181.84128311882,2,selected_padd_models,holdout,0
2025-08-01,2025-07-01,45058.0,45967.91012117772,2,selected_padd_models,holdout,0
2025-09-01,2025-08-01,46764.0,46187.47342132414,2,selected_padd_models,holdout,0
2025-10-01,2025-09-01,43343.0,47731.09912340129,2,selected_padd_models,holdout,0
2025-11-01,2025-10-01,47143.0,46549.8952086163,2,selected_padd_models,holdout,0
2025-12-01,2025-11-01,52702.0,52545.98536871071,2,selected_padd_models,holdout,0
2026-01-01,2025-12-01,59122.0,58311.168805242916,2,selected_padd_models,holdout,0
2026-02-01,2026-01-01,60159.0,60998.177106457144,2,selected_padd_models,holdout,0
2026-03-01,2026-02-01,57781.0,56807.42452371074,2,selected_padd_models,holdout,0
2026-04-01,2026-03-01,47084.0,55339.53867014085,2,selected_padd_models,holdout,0
2026-05-01,2026-04-01,45724.0,46293.02180472081,2,selected_padd_models,holdout,0
2026-06-01,2026-05-01,48362.0,45518.269257818494,2,selected_padd_models,holdout,0
2014-07-01,2014-06-01,75789.0,74082.3032098635,3,selected_padd_models,cv,1
2014-08-01,2014-07-01,74349.0,76080.24325887681,3,selected_padd_models,cv,1
2014-09-01,2014-08-01,74918.0,74796.95465492358,3,selected_padd_models,cv,1
2014-10-01,2014-09-01,75434.0,75035.94397263475,3,selected_padd_models,cv,1
2014-11-01,2014-10-01,82729.0,75275.34177997656,3,selected_padd_models,cv,1
2014-12-01,2014-11-01,84200.0,80869.47555284578,3,selected_padd_models,cv,1
2015-01-01,2014-12-01,80766.0,82262.39681010119,3,selected_padd_models,cv,1
2015-02-01,2015-01-01,81436.0,79822.46039433178,3,selected_padd_models,cv,1
2015-03-01,2015-02-01,79840.0,80145.12921011807,3,selected_padd_models,cv,1
2015-04-01,2015-03-01,76581.0,78504.36775506748,3,selected_padd_models,cv,1
2015-05-01,2015-04-01,76801.0,76401.89224723635,3,selected_padd_models,cv,1
2015-06-01,2015-05-01,74575.0,76426.94563891034,3,selected_padd_models,cv,1
2015-07-01,2015-06-01,77252.0,74893.89775546985,3,selected_padd_models,cv,2
2015-08-01,2015-07-01,74930.0,76791.28481060712,3,selected_padd_models,cv,2
2015-09-01,2015-08-01,78105.0,75329.87879407649,3,selected_padd_models,cv,2
2015-10-01,2015-09-01,76052.0,77620.52946394097,3,selected_padd_models,cv,2
2015-11-01,2015-10-01,77371.0,76812.23392739323,3,selected_padd_models,cv,2
2015-12-01,2015-11-01,84607.0,78859.1909340887,3,selected_padd_models,cv,2
2016-01-01,2015-12-01,86569.0,82983.8967315467,3,selected_padd_models,cv,2
2016-02-01,2016-01-01,83824.0,84253.29778624052,3,selected_padd_models,cv,2
2016-03-01,2016-02-01,82877.0,82447.78997199945,3,selected_padd_models,cv,2
2016-04-01,2016-03-01,82477.0,80880.9533597493,3,selected_padd_models,cv,2
2016-05-01,2016-04-01,82111.0,80628.23453242249,3,selected_padd_models,cv,2
2016-06-01,2016-05-01,80280.0,80188.03515631614,3,selected_padd_models,cv,2
2016-07-01,2016-06-01,79007.0,79152.67534274643,3,selected_padd_models,cv,3
2016-08-01,2016-07-01,78138.0,78212.65756638473,3,selected_padd_models,cv,3
2016-09-01,2016-08-01,83221.0,77551.76662443487,3,selected_padd_models,cv,3
2016-10-01,2016-09-01,79302.0,82054.40283090819,3,selected_padd_models,cv,3
2016-11-01,2016-10-01,82506.0,78874.51541229455,3,selected_padd_models,cv,3
2016-12-01,2016-11-01,82783.0,83364.45913487654,3,selected_padd_models,cv,3
2017-01-01,2016-12-01,86447.0,83660.8264006661,3,selected_padd_models,cv,3
2017-02-01,2017-01-01,81207.0,84210.38169395925,3,selected_padd_models,cv,3
2017-03-01,2017-02-01,79148.0,80260.1784723577,3,selected_padd_models,cv,3
2017-04-01,2017-03-01,80279.0,79821.61021635885,3,selected_padd_models,cv,3
2017-05-01,2017-04-01,81254.0,79983.45382355967,3,selected_padd_models,cv,3
2017-06-01,2017-05-01,82404.0,80492.95244789914,3,selected_padd_models,cv,3
2017-07-01,2017-06-01,81642.0,81545.33727922462,3,selected_padd_models,cv,4
2017-08-01,2017-07-01,80845.0,81649.50976218753,3,selected_padd_models,cv,4
2017-09-01,2017-08-01,77696.0,80861.32480255625,3,selected_padd_models,cv,4
2017-10-01,2017-09-01,80371.0,78688.39361653631,3,selected_padd_models,cv,4
2017-11-01,2017-10-01,80144.0,81326.76474872981,3,selected_padd_models,cv,4
2017-12-01,2017-11-01,83304.0,81504.15558268764,3,selected_padd_models,cv,4
2018-01-01,2017-12-01,84108.0,84598.136954186,3,selected_padd_models,cv,4
2018-02-01,2018-01-01,87948.0,83669.68422650322,3,selected_padd_models,cv,4
2018-03-01,2018-02-01,84446.0,84379.08777323336,3,selected_padd_models,cv,4
2018-04-01,2018-03-01,80048.0,84030.92496306039,3,selected_padd_models,cv,4
2018-05-01,2018-04-01,82353.0,81398.8461353814,3,selected_padd_models,cv,4
2018-06-01,2018-05-01,82534.0,81922.83508764277,3,selected_padd_models,cv,4
2018-07-01,2018-06-01,78759.0,81791.98263397065,3,selected_padd_models,cv,5
2018-08-01,2018-07-01,80693.0,79791.65715654733,3,selected_padd_models,cv,5
2018-09-01,2018-08-01,80803.0,80466.2030402231,3,selected_padd_models,cv,5
2018-10-01,2018-09-01,84023.0,80642.68161284983,3,selected_padd_models,cv,5
2018-11-01,2018-10-01,84422.0,83888.4696909891,3,selected_padd_models,cv,5
2018-12-01,2018-11-01,90756.0,84602.439556086,3,selected_padd_models,cv,5
2019-01-01,2018-12-01,88730.0,88546.50672735798,3,selected_padd_models,cv,5
2019-02-01,2019-01-01,88257.0,87344.31958919628,3,selected_padd_models,cv,5
2019-03-01,2019-02-01,82307.0,85857.96711978156,3,selected_padd_models,cv,5
2019-04-01,2019-03-01,84004.0,81389.7105840272,3,selected_padd_models,cv,5
2019-05-01,2019-04-01,84486.0,82446.1016242132,3,selected_padd_models,cv,5
2019-06-01,2019-05-01,82552.0,82468.83660411568,3,selected_padd_models,cv,5
2019-07-01,2019-06-01,84760.0,81752.46167950492,3,selected_padd_models,cv,6
2019-08-01,2019-07-01,77432.0,83870.43001145087,3,selected_padd_models,cv,6
2019-09-01,2019-08-01,81572.0,79653.13668426785,3,selected_padd_models,cv,6
2019-10-01,2019-09-01,82971.0,81838.02175996017,3,selected_padd_models,cv,6
2019-11-01,2019-10-01,84799.0,83533.96999507307,3,selected_padd_models,cv,6
2019-12-01,2019-11-01,91989.0,85883.83285934533,3,selected_padd_models,cv,6
2020-01-01,2019-12-01,98377.0,90194.07920536229,3,selected_padd_models,cv,6
2020-02-01,2020-01-01,89394.0,93268.97363443198,3,selected_padd_models,cv,6
2020-03-01,2020-02-01,85807.0,86712.49883730838,3,selected_padd_models,cv,6
2020-04-01,2020-03-01,91821.0,84392.55377864739,3,selected_padd_models,cv,6
2020-05-01,2020-04-01,91186.0,86622.878117471,3,selected_padd_models,cv,6
2020-06-01,2020-05-01,91318.0,85202.56199599452,3,selected_padd_models,cv,6
2020-07-01,2020-06-01,93286.0,87718.61995762744,3,selected_padd_models,cv,7
2020-08-01,2020-07-01,90034.0,88394.19850536124,3,selected_padd_models,cv,7
2020-09-01,2020-08-01,80434.0,87546.21383763937,3,selected_padd_models,cv,7
2020-10-01,2020-09-01,81732.0,81692.52354820342,3,selected_padd_models,cv,7
2020-11-01,2020-10-01,82158.0,82111.18575740371,3,selected_padd_models,cv,7
2020-12-01,2020-11-01,83950.0,84301.71495286014,3,selected_padd_models,cv,7
2021-01-01,2020-12-01,91149.0,86582.54671096944,3,selected_padd_models,cv,7
2021-02-01,2021-01-01,79073.0,89526.64310563082,3,selected_padd_models,cv,7
2021-03-01,2021-02-01,82077.0,80473.85818371632,3,selected_padd_models,cv,7
2021-04-01,2021-03-01,87052.0,83793.67405783644,3,selected_padd_models,cv,7
2021-05-01,2021-04-01,89188.0,86485.06887280392,3,selected_padd_models,cv,7
2021-06-01,2021-05-01,81630.0,89094.76414875565,3,selected_padd_models,cv,7
2021-07-01,2021-06-01,83487.0,84501.78798403889,3,selected_padd_models,cv,8
2021-08-01,2021-07-01,85788.0,84526.00021373587,3,selected_padd_models,cv,8
2021-09-01,2021-08-01,83027.0,84409.7144424255,3,selected_padd_models,cv,8
2021-10-01,2021-09-01,82699.0,82930.84013111559,3,selected_padd_models,cv,8
2021-11-01,2021-10-01,81693.0,83350.74817156357,3,selected_padd_models,cv,8
2021-12-01,2021-11-01,81739.0,83564.03917784459,3,selected_padd_models,cv,8
2022-01-01,2021-12-01,86386.0,84556.16489685416,3,selected_padd_models,cv,8
2022-02-01,2022-01-01,89172.0,84602.67193352591,3,selected_padd_models,cv,8
2022-03-01,2022-02-01,86966.0,85981.27261515692,3,selected_padd_models,cv,8
2022-04-01,2022-03-01,88321.0,87493.57034221277,3,selected_padd_models,cv,8
2022-05-01,2022-04-01,83768.0,88278.86228505337,3,selected_padd_models,cv,8
2022-06-01,2022-05-01,83948.0,84954.97269762188,3,selected_padd_models,cv,8
2022-07-01,2022-06-01,86884.0,84304.96055924353,3,selected_padd_models,cv,9
2022-08-01,2022-07-01,84506.0,86281.91984186342,3,selected_padd_models,cv,9
2022-09-01,2022-08-01,80238.0,84525.71952947689,3,selected_padd_models,cv,9
2022-10-01,2022-09-01,80034.0,82117.4721682596,3,selected_padd_models,cv,9
2022-11-01,2022-10-01,84828.0,81229.66545025879,3,selected_padd_models,cv,9
2022-12-01,2022-11-01,81410.0,84770.85119660712,3,selected_padd_models,cv,9
2023-01-01,2022-12-01,87152.0,83856.65589909248,3,selected_padd_models,cv,9
2023-02-01,2023-01-01,87635.0,87401.72470082832,3,selected_padd_models,cv,9
2023-03-01,2023-02-01,83730.0,86436.6959847203,3,selected_padd_models,cv,9
2023-04-01,2023-03-01,86443.0,84962.93295447287,3,selected_padd_models,cv,9
2023-05-01,2023-04-01,85177.0,85283.08327718833,3,selected_padd_models,cv,9
2023-06-01,2023-05-01,84382.0,84658.40069967328,3,selected_padd_models,cv,9
2023-07-01,2023-06-01,81693.0,84545.29342367232,3,selected_padd_models,cv,10
2023-08-01,2023-07-01,81891.0,83196.69897864076,3,selected_padd_models,cv,10
2023-09-01,2023-08-01,85476.0,81633.90205295004,3,selected_padd_models,cv,10
2023-10-01,2023-09-01,83415.0,84127.58083892925,3,selected_padd_models,cv,10
2023-11-01,2023-10-01,84996.0,83893.71732059513,3,selected_padd_models,cv,10
2023-12-01,2023-11-01,89242.0,84656.27576537487,3,selected_padd_models,cv,10
2024-01-01,2023-12-01,86589.0,88566.2910225022,3,selected_padd_models,cv,10
2024-02-01,2024-01-01,80606.0,86819.57921623107,3,selected_padd_models,cv,10
2024-03-01,2024-02-01,85725.0,81787.7631884281,3,selected_padd_models,cv,10
2024-04-01,2024-03-01,87187.0,85327.82514289704,3,selected_padd_models,cv,10
2024-05-01,2024-04-01,86451.0,86454.7522647618,3,selected_padd_models,cv,10
2024-06-01,2024-05-01,86411.0,85386.82964539727,3,selected_padd_models,cv,10
2024-07-01,2024-06-01,82236.0,85723.57348588234,3,selected_padd_models,holdout,0
2024-08-01,2024-07-01,79702.0,82143.93790282501,3,selected_padd_models,holdout,0
2024-09-01,2024-08-01,79231.0,81684.1911561845,3,selected_padd_models,holdout,0
2024-10-01,2024-09-01,80660.0,80898.01256016652,3,selected_padd_models,holdout,0
2024-11-01,2024-10-01,84157.0,81761.49834099767,3,selected_padd_models,holdout,0
2024-12-01,2024-11-01,87277.0,85618.8046917102,3,selected_padd_models,holdout,0
2025-01-01,2024-12-01,89911.0,87485.0183462858,3,selected_padd_models,holdout,0
2025-02-01,2025-01-01,81086.0,86692.41576785232,3,selected_padd_models,holdout,0
2025-03-01,2025-02-01,81895.0,82351.35296860679,3,selected_padd_models,holdout,0
2025-04-01,2025-03-01,85187.0,84011.94353177087,3,selected_padd_models,holdout,0
2025-05-01,2025-04-01,85659.0,84619.3169426508,3,selected_padd_models,holdout,0
2025-06-01,2025-05-01,83887.0,85918.09707039232,3,selected_padd_models,holdout,0
2025-07-01,2025-06-01,86693.0,83838.72194917512,3,selected_padd_models,holdout,0
2025-08-01,2025-07-01,82959.0,84853.1197455786,3,selected_padd_models,holdout,0
2025-09-01,2025-08-01,81627.0,82298.19929652174,3,selected_padd_models,holdout,0
2025-10-01,2025-09-01,78839.0,81874.7150019832,3,selected_padd_models,holdout,0
2025-11-01,2025-10-01,86878.0,80376.93540122734,3,selected_padd_models,holdout,0
2025-12-01,2025-11-01,93187.0,87302.97485678311,3,selected_padd_models,holdout,0
2026-01-01,2025-12-01,94303.0,91675.44267898127,3,selected_padd_models,holdout,0
2026-02-01,2026-01-01,87033.0,90591.88862123268,3,selected_padd_models,holdout,0
2026-03-01,2026-02-01,88022.0,86314.65205387524,3,selected_padd_models,holdout,0
2026-04-01,2026-03-01,81418.0,86908.8673165226,3,selected_padd_models,holdout,0
2026-05-01,2026-04-01,82467.0,83016.55610002964,3,selected_padd_models,holdout,0
2026-06-01,2026-05-01,78218.0,83077.2375135249,3,selected_padd_models,holdout,0
2014-07-01,2014-06-01,6539.0,6214.48779296875,4,selected_padd_models,cv,1
2014-08-01,2014-07-01,6891.0,6575.150390625,4,selected_padd_models,cv,1
2014-09-01,2014-08-01,7410.0,6730.486328125,4,selected_padd_models,cv,1
2014-10-01,2014-09-01,6520.0,7335.85498046875,4,selected_padd_models,cv,1
2014-11-01,2014-10-01,7858.0,6691.27392578125,4,selected_padd_models,cv,1
2014-12-01,2014-11-01,7902.0,7794.0283203125,4,selected_padd_models,cv,1
2015-01-01,2014-12-01,7651.0,7778.740234375,4,selected_padd_models,cv,1
2015-02-01,2015-01-01,7771.0,7380.5390625,4,selected_padd_models,cv,1
2015-03-01,2015-02-01,6460.0,7448.68359375,4,selected_padd_models,cv,1
2015-04-01,2015-03-01,6792.0,6307.6708984375,4,selected_padd_models,cv,1
2015-05-01,2015-04-01,7064.0,6550.79150390625,4,selected_padd_models,cv,1
2015-06-01,2015-05-01,6761.0,6809.6396484375,4,selected_padd_models,cv,1
2015-07-01,2015-06-01,6448.0,6556.6044921875,4,selected_padd_models,cv,2
2015-08-01,2015-07-01,6862.0,6556.4072265625,4,selected_padd_models,cv,2
2015-09-01,2015-08-01,7154.0,6757.748046875,4,selected_padd_models,cv,2
2015-10-01,2015-09-01,6800.0,6973.20751953125,4,selected_padd_models,cv,2
2015-11-01,2015-10-01,7226.0,6719.86865234375,4,selected_padd_models,cv,2
2015-12-01,2015-11-01,7716.0,7133.6953125,4,selected_padd_models,cv,2
2016-01-01,2015-12-01,8001.0,7633.0751953125,4,selected_padd_models,cv,2
2016-02-01,2016-01-01,8379.0,7749.8232421875,4,selected_padd_models,cv,2
2016-03-01,2016-02-01,8386.0,8038.88330078125,4,selected_padd_models,cv,2
2016-04-01,2016-03-01,7606.0,8130.712890625,4,selected_padd_models,cv,2
2016-05-01,2016-04-01,7567.0,7544.701171875,4,selected_padd_models,cv,2
2016-06-01,2016-05-01,7444.0,7391.92919921875,4,selected_padd_models,cv,2
2016-07-01,2016-06-01,7418.0,7316.2158203125,4,selected_padd_models,cv,3
2016-08-01,2016-07-01,6833.0,7293.80859375,4,selected_padd_models,cv,3
2016-09-01,2016-08-01,6937.0,6930.15087890625,4,selected_padd_models,cv,3
2016-10-01,2016-09-01,7295.0,6859.23974609375,4,selected_padd_models,cv,3
2016-11-01,2016-10-01,8096.0,7414.42041015625,4,selected_padd_models,cv,3
2016-12-01,2016-11-01,7910.0,8223.3525390625,4,selected_padd_models,cv,3
2017-01-01,2016-12-01,8615.0,7955.07177734375,4,selected_padd_models,cv,3
2017-02-01,2017-01-01,8456.0,8517.806640625,4,selected_padd_models,cv,3
2017-03-01,2017-02-01,7940.0,8277.2353515625,4,selected_padd_models,cv,3
2017-04-01,2017-03-01,7809.0,7833.6826171875,4,selected_padd_models,cv,3
2017-05-01,2017-04-01,7665.0,7799.85546875,4,selected_padd_models,cv,3
2017-06-01,2017-05-01,7021.0,7666.3134765625,4,selected_padd_models,cv,3
2017-07-01,2017-06-01,6696.0,7084.03466796875,4,selected_padd_models,cv,4
2017-08-01,2017-07-01,6507.0,6620.47021484375,4,selected_padd_models,cv,4
2017-09-01,2017-08-01,6894.0,6748.89404296875,4,selected_padd_models,cv,4
2017-10-01,2017-09-01,7080.0,7034.9326171875,4,selected_padd_models,cv,4
2017-11-01,2017-10-01,7112.0,7276.02392578125,4,selected_padd_models,cv,4
2017-12-01,2017-11-01,7558.0,7280.1171875,4,selected_padd_models,cv,4
2018-01-01,2017-12-01,7650.0,7704.1220703125,4,selected_padd_models,cv,4
2018-02-01,2018-01-01,8400.0,7507.6494140625,4,selected_padd_models,cv,4
2018-03-01,2018-02-01,7711.0,8183.37158203125,4,selected_padd_models,cv,4
2018-04-01,2018-03-01,7170.0,7614.41796875,4,selected_padd_models,cv,4
2018-05-01,2018-04-01,6793.0,7087.1708984375,4,selected_padd_models,cv,4
2018-06-01,2018-05-01,7275.0,6675.9267578125,4,selected_padd_models,cv,4
2018-07-01,2018-06-01,6966.0,7144.9150390625,4,selected_padd_models,cv,5
2018-08-01,2018-07-01,6406.0,6859.63720703125,4,selected_padd_models,cv,5
2018-09-01,2018-08-01,6998.0,6681.77685546875,4,selected_padd_models,cv,5
2018-10-01,2018-09-01,6816.0,7118.9306640625,4,selected_padd_models,cv,5
2018-11-01,2018-10-01,6939.0,7024.8740234375,4,selected_padd_models,cv,5
2018-12-01,2018-11-01,7324.0,7074.25146484375,4,selected_padd_models,cv,5
2019-01-01,2018-12-01,7499.0,7472.0810546875,4,selected_padd_models,cv,5
2019-02-01,2019-01-01,7394.0,7505.57373046875,4,selected_padd_models,cv,5
2019-03-01,2019-02-01,6861.0,7085.978515625,4,selected_padd_models,cv,5
2019-04-01,2019-03-01,6567.0,6747.50244140625,4,selected_padd_models,cv,5
2019-05-01,2019-04-01,7223.0,6649.5556640625,4,selected_padd_models,cv,5
2019-06-01,2019-05-01,7457.0,7142.2548828125,4,selected_padd_models,cv,5
2019-07-01,2019-06-01,7435.0,7339.34619140625,4,selected_padd_models,cv,6
2019-08-01,2019-07-01,7437.0,7263.318359375,4,selected_padd_models,cv,6
2019-09-01,2019-08-01,7651.0,7370.62939453125,4,selected_padd_models,cv,6
2019-10-01,2019-09-01,6666.0,7600.83837890625,4,selected_padd_models,cv,6
2019-11-01,2019-10-01,7314.0,6847.30029296875,4,selected_padd_models,cv,6
2019-12-01,2019-11-01,8279.0,7387.1962890625,4,selected_padd_models,cv,6
2020-01-01,2019-12-01,8878.0,8392.96875,4,selected_padd_models,cv,6
2020-02-01,2020-01-01,8966.0,8828.8037109375,4,selected_padd_models,cv,6
2020-03-01,2020-02-01,9220.0,8665.6962890625,4,selected_padd_models,cv,6
2020-04-01,2020-03-01,8373.0,8854.001953125,4,selected_padd_models,cv,6
2020-05-01,2020-04-01,7485.0,8143.6767578125,4,selected_padd_models,cv,6
2020-06-01,2020-05-01,7655.0,7275.61376953125,4,selected_padd_models,cv,6
2020-07-01,2020-06-01,7333.0,7482.98486328125,4,selected_padd_models,cv,7
2020-08-01,2020-07-01,7367.0,7202.0322265625,4,selected_padd_models,cv,7
2020-09-01,2020-08-01,7592.0,7317.11474609375,4,selected_padd_models,cv,7
2020-10-01,2020-09-01,7588.0,7478.46484375,4,selected_padd_models,cv,7
2020-11-01,2020-10-01,8440.0,7764.8056640625,4,selected_padd_models,cv,7
2020-12-01,2020-11-01,8657.0,8428.9638671875,4,selected_padd_models,cv,7
2021-01-01,2020-12-01,8868.0,8739.2392578125,4,selected_padd_models,cv,7
2021-02-01,2021-01-01,8844.0,8772.4375,4,selected_padd_models,cv,7
2021-03-01,2021-02-01,8564.0,8535.974609375,4,selected_padd_models,cv,7
2021-04-01,2021-03-01,8119.0,8398.16796875,4,selected_padd_models,cv,7
2021-05-01,2021-04-01,7258.0,8015.76611328125,4,selected_padd_models,cv,7
2021-06-01,2021-05-01,6162.0,7175.2333984375,4,selected_padd_models,cv,7
2021-07-01,2021-06-01,6234.0,6357.47119140625,4,selected_padd_models,cv,8
2021-08-01,2021-07-01,6718.0,6440.0888671875,4,selected_padd_models,cv,8
2021-09-01,2021-08-01,7644.0,6755.63134765625,4,selected_padd_models,cv,8
2021-10-01,2021-09-01,7594.0,7616.85791015625,4,selected_padd_models,cv,8
2021-11-01,2021-10-01,7777.0,7807.609375,4,selected_padd_models,cv,8
2021-12-01,2021-11-01,8147.0,8000.1318359375,4,selected_padd_models,cv,8
2022-01-01,2021-12-01,8910.0,8357.578125,4,selected_padd_models,cv,8
2022-02-01,2022-01-01,8302.0,8830.9853515625,4,selected_padd_models,cv,8
2022-03-01,2022-02-01,8083.0,8086.45166015625,4,selected_padd_models,cv,8
2022-04-01,2022-03-01,7951.0,7747.89892578125,4,selected_padd_models,cv,8
2022-05-01,2022-04-01,6140.0,7640.89453125,4,selected_padd_models,cv,8
2022-06-01,2022-05-01,6448.0,6291.1474609375,4,selected_padd_models,cv,8
2022-07-01,2022-06-01,6816.0,6575.84033203125,4,selected_padd_models,cv,9
2022-08-01,2022-07-01,6394.0,6766.5908203125,4,selected_padd_models,cv,9
2022-09-01,2022-08-01,6386.0,6757.6259765625,4,selected_padd_models,cv,9
2022-10-01,2022-09-01,7003.0,6740.63037109375,4,selected_padd_models,cv,9
2022-11-01,2022-10-01,7200.0,7326.30224609375,4,selected_padd_models,cv,9
2022-12-01,2022-11-01,7417.0,7473.79541015625,4,selected_padd_models,cv,9
2023-01-01,2022-12-01,7387.0,7657.1513671875,4,selected_padd_models,cv,9
2023-02-01,2023-01-01,7666.0,7095.07275390625,4,selected_padd_models,cv,9
2023-03-01,2023-02-01,7844.0,7339.0126953125,4,selected_padd_models,cv,9
2023-04-01,2023-03-01,7295.0,7531.52978515625,4,selected_padd_models,cv,9
2023-05-01,2023-04-01,6761.0,6992.13134765625,4,selected_padd_models,cv,9
2023-06-01,2023-05-01,6916.0,6596.63671875,4,selected_padd_models,cv,9
2023-07-01,2023-06-01,7197.0,6807.71533203125,4,selected_padd_models,cv,10
2023-08-01,2023-07-01,7195.0,7018.58544921875,4,selected_padd_models,cv,10
2023-09-01,2023-08-01,7164.0,7190.1728515625,4,selected_padd_models,cv,10
2023-10-01,2023-09-01,7208.0,7153.505859375,4,selected_padd_models,cv,10
2023-11-01,2023-10-01,7661.0,7384.0576171875,4,selected_padd_models,cv,10
2023-12-01,2023-11-01,7902.0,7802.79248046875,4,selected_padd_models,cv,10
2024-01-01,2023-12-01,8642.0,8047.0634765625,4,selected_padd_models,cv,10
2024-02-01,2024-01-01,8495.0,8603.2705078125,4,selected_padd_models,cv,10
2024-03-01,2024-02-01,8558.0,8185.599609375,4,selected_padd_models,cv,10
2024-04-01,2024-03-01,8572.0,8210.095703125,4,selected_padd_models,cv,10
2024-05-01,2024-04-01,8144.0,8216.55859375,4,selected_padd_models,cv,10
2024-06-01,2024-05-01,8044.0,7886.1787109375,4,selected_padd_models,cv,10
2024-07-01,2024-06-01,6895.0,7838.12939453125,4,selected_padd_models,holdout,0
2024-08-01,2024-07-01,6777.0,6879.70166015625,4,selected_padd_models,holdout,0
2024-09-01,2024-08-01,6835.0,6921.22802734375,4,selected_padd_models,holdout,0
2024-10-01,2024-09-01,6907.0,6969.73681640625,4,selected_padd_models,holdout,0
2024-11-01,2024-10-01,7997.0,7312.47119140625,4,selected_padd_models,holdout,0
2024-12-01,2024-11-01,8449.0,8176.8193359375,4,selected_padd_models,holdout,0
2025-01-01,2024-12-01,8875.0,8580.7822265625,4,selected_padd_models,holdout,0
2025-02-01,2025-01-01,8936.0,8790.3291015625,4,selected_padd_models,holdout,0
2025-03-01,2025-02-01,8714.0,8651.4716796875,4,selected_padd_models,holdout,0
2025-04-01,2025-03-01,7988.0,8446.212890625,4,selected_padd_models,holdout,0
2025-05-01,2025-04-01,7608.0,7713.1796875,4,selected_padd_models,holdout,0
2025-06-01,2025-05-01,7142.0,7410.7568359375,4,selected_padd_models,holdout,0
2025-07-01,2025-06-01,6981.0,6951.421875,4,selected_padd_models,holdout,0
2025-08-01,2025-07-01,6644.0,6794.51318359375,4,selected_padd_models,holdout,0
2025-09-01,2025-08-01,7195.0,6744.6708984375,4,selected_padd_models,holdout,0
2025-10-01,2025-09-01,7282.0,7189.33056640625,4,selected_padd_models,holdout,0
2025-11-01,2025-10-01,8187.0,7540.65380859375,4,selected_padd_models,holdout,0
2025-12-01,2025-11-01,8431.0,8388.5068359375,4,selected_padd_models,holdout,0
2026-01-01,2025-12-01,8479.0,8700.7080078125,4,selected_padd_models,holdout,0
2026-02-01,2026-01-01,9604.0,8477.4677734375,4,selected_padd_models,holdout,0
2026-03-01,2026-02-01,9245.0,9336.830078125,4,selected_padd_models,holdout,0
2026-04-01,2026-03-01,7437.0,8934.8681640625,4,selected_padd_models,holdout,0
2026-05-01,2026-04-01,7067.0,7167.0791015625,4,selected_padd_models,holdout,0
2026-06-01,2026-05-01,7075.0,6797.9130859375,4,selected_padd_models,holdout,0
2014-07-01,2014-06-01,27204.0,27282.025341916255,5,selected_padd_models,cv,1
2014-08-01,2014-07-01,26362.0,27529.6590661577,5,selected_padd_models,cv,1
2014-09-01,2014-08-01,27328.0,27048.934437386142,5,selected_padd_models,cv,1
2014-10-01,2014-09-01,26960.0,27648.535404503993,5,selected_padd_models,cv,1
2014-11-01,2014-10-01,29928.0,28615.612013588536,5,selected_padd_models,cv,1
2014-12-01,2014-11-01,33741.0,31673.75665894318,5,selected_padd_models,cv,1
2015-01-01,2014-12-01,33103.0,35324.659235103136,5,selected_padd_models,cv,1
2015-02-01,2015-01-01,30614.0,31411.04416766567,5,selected_padd_models,cv,1
2015-03-01,2015-02-01,29228.0,29520.566999790244,5,selected_padd_models,cv,1
2015-04-01,2015-03-01,28650.0,28116.19762039023,5,selected_padd_models,cv,1
2015-05-01,2015-04-01,28371.0,28187.037667802786,5,selected_padd_models,cv,1
2015-06-01,2015-05-01,28026.0,28072.0001576022,5,selected_padd_models,cv,1
2015-07-01,2015-06-01,27106.0,27899.1677626326,5,selected_padd_models,cv,2
2015-08-01,2015-07-01,26702.0,27291.958275496374,5,selected_padd_models,cv,2
2015-09-01,2015-08-01,30294.0,27245.88826596669,5,selected_padd_models,cv,2
2015-10-01,2015-09-01,28850.0,30119.891245845167,5,selected_padd_models,cv,2
2015-11-01,2015-10-01,29709.0,30015.836151279364,5,selected_padd_models,cv,2
2015-12-01,2015-11-01,28746.0,30833.256019354827,5,selected_padd_models,cv,2
2016-01-01,2015-12-01,34433.0,29685.40391149339,5,selected_padd_models,cv,2
2016-02-01,2016-01-01,32585.0,33033.37519344871,5,selected_padd_models,cv,2
2016-03-01,2016-02-01,29439.0,30576.019810905986,5,selected_padd_models,cv,2
2016-04-01,2016-03-01,29724.0,28638.86198895491,5,selected_padd_models,cv,2
2016-05-01,2016-04-01,29812.0,29331.2443516958,5,selected_padd_models,cv,2
2016-06-01,2016-05-01,27902.0,29392.607916645145,5,selected_padd_models,cv,2
2016-07-01,2016-06-01,29958.0,27618.568428021732,5,selected_padd_models,cv,3
2016-08-01,2016-07-01,28297.0,29224.423226427985,5,selected_padd_models,cv,3
2016-09-01,2016-08-01,27596.0,28467.247096872703,5,selected_padd_models,cv,3
2016-10-01,2016-09-01,28211.0,27967.575298237276,5,selected_padd_models,cv,3
2016-11-01,2016-10-01,29878.0,29880.05754445984,5,selected_padd_models,cv,3
2016-12-01,2016-11-01,29286.0,31633.963958731627,5,selected_padd_models,cv,3
2017-01-01,2016-12-01,30970.0,30806.42167857654,5,selected_padd_models,cv,3
2017-02-01,2017-01-01,30766.0,29300.684743705642,5,selected_padd_models,cv,3
2017-03-01,2017-02-01,29662.0,29133.04513502674,5,selected_padd_models,cv,3
2017-04-01,2017-03-01,30113.0,28807.2324915506,5,selected_padd_models,cv,3
2017-05-01,2017-04-01,27431.0,29041.07801631223,5,selected_padd_models,cv,3
2017-06-01,2017-05-01,27660.0,27359.798649972312,5,selected_padd_models,cv,3
2017-07-01,2017-06-01,27233.0,27418.4442854661,5,selected_padd_models,cv,4
2017-08-01,2017-07-01,27251.0,27385.081804663074,5,selected_padd_models,cv,4
2017-09-01,2017-08-01,29241.0,28132.471184111244,5,selected_padd_models,cv,4
2017-10-01,2017-09-01,28126.0,29042.230493154395,5,selected_padd_models,cv,4
2017-11-01,2017-10-01,30858.0,29948.88930497467,5,selected_padd_models,cv,4
2017-12-01,2017-11-01,33103.0,32670.89589177734,5,selected_padd_models,cv,4
2018-01-01,2017-12-01,34400.0,34600.31196305002,5,selected_padd_models,cv,4
2018-02-01,2018-01-01,33562.0,32687.622533478778,5,selected_padd_models,cv,4
2018-03-01,2018-02-01,31958.0,31474.159625084067,5,selected_padd_models,cv,4
2018-04-01,2018-03-01,31009.0,30252.478078927936,5,selected_padd_models,cv,4
2018-05-01,2018-04-01,31544.0,29413.97416592038,5,selected_padd_models,cv,4
2018-06-01,2018-05-01,30642.0,29878.192931535803,5,selected_padd_models,cv,4
2018-07-01,2018-06-01,30290.0,29783.065831682434,5,selected_padd_models,cv,5
2018-08-01,2018-07-01,29511.0,29639.19378745134,5,selected_padd_models,cv,5
2018-09-01,2018-08-01,28801.0,29233.513937968833,5,selected_padd_models,cv,5
2018-10-01,2018-09-01,27624.0,28814.47177578281,5,selected_padd_models,cv,5
2018-11-01,2018-10-01,28901.0,29687.28686896525,5,selected_padd_models,cv,5
2018-12-01,2018-11-01,29390.0,30772.69628059068,5,selected_padd_models,cv,5
2019-01-01,2018-12-01,32678.0,31384.289515774322,5,selected_padd_models,cv,5
2019-02-01,2019-01-01,31526.0,31494.142149574935,5,selected_padd_models,cv,5
2019-03-01,2019-02-01,30381.0,29944.124417482562,5,selected_padd_models,cv,5
2019-04-01,2019-03-01,28004.0,29578.740186527342,5,selected_padd_models,cv,5
2019-05-01,2019-04-01,30943.0,27645.575641649517,5,selected_padd_models,cv,5
2019-06-01,2019-05-01,30557.0,29885.311344095662,5,selected_padd_models,cv,5
2019-07-01,2019-06-01,31907.0,29309.432620015625,5,selected_padd_models,cv,6
2019-08-01,2019-07-01,28974.0,30451.131305071955,5,selected_padd_models,cv,6
2019-09-01,2019-08-01,26825.0,28484.630976645218,5,selected_padd_models,cv,6
2019-10-01,2019-09-01,27421.0,28089.18153295316,5,selected_padd_models,cv,6
2019-11-01,2019-10-01,31104.0,29095.468809014084,5,selected_padd_models,cv,6
2019-12-01,2019-11-01,33202.0,32650.493436121626,5,selected_padd_models,cv,6
2020-01-01,2019-12-01,32401.0,34061.962959413955,5,selected_padd_models,cv,6
2020-02-01,2020-01-01,32038.0,31244.499269327935,5,selected_padd_models,cv,6
2020-03-01,2020-02-01,35608.0,30368.887704162575,5,selected_padd_models,cv,6
2020-04-01,2020-03-01,31514.0,33907.47176752509,5,selected_padd_models,cv,6
2020-05-01,2020-04-01,29708.0,30154.542824922362,5,selected_padd_models,cv,6
2020-06-01,2020-05-01,29681.0,29074.96594594419,5,selected_padd_models,cv,6
2020-07-01,2020-06-01,29829.0,29100.03398276418,5,selected_padd_models,cv,7
2020-08-01,2020-07-01,29403.0,29156.205536410096,5,selected_padd_models,cv,7
2020-09-01,2020-08-01,31508.0,28892.146062715372,5,selected_padd_models,cv,7
2020-10-01,2020-09-01,28967.0,30073.662861650733,5,selected_padd_models,cv,7
2020-11-01,2020-10-01,30731.0,30712.858292165092,5,selected_padd_models,cv,7
2020-12-01,2020-11-01,31404.0,31972.038483432727,5,selected_padd_models,cv,7
2021-01-01,2020-12-01,33159.0,32568.52640493361,5,selected_padd_models,cv,7
2021-02-01,2021-01-01,32250.0,31472.883178841344,5,selected_padd_models,cv,7
2021-03-01,2021-02-01,31464.0,30763.103147660888,5,selected_padd_models,cv,7
2021-04-01,2021-03-01,30761.0,30049.744996077097,5,selected_padd_models,cv,7
2021-05-01,2021-04-01,29562.0,29474.494929228353,5,selected_padd_models,cv,7
2021-06-01,2021-05-01,28976.0,28797.37552781757,5,selected_padd_models,cv,7
2021-07-01,2021-06-01,29953.0,28516.71530020047,5,selected_padd_models,cv,8
2021-08-01,2021-07-01,30801.0,29014.719756544026,5,selected_padd_models,cv,8
2021-09-01,2021-08-01,30565.0,29843.63358373789,5,selected_padd_models,cv,8
2021-10-01,2021-09-01,28318.0,29954.25716118787,5,selected_padd_models,cv,8
2021-11-01,2021-10-01,27388.0,30272.45997276905,5,selected_padd_models,cv,8
2021-12-01,2021-11-01,29721.0,29043.889767377394,5,selected_padd_models,cv,8
2022-01-01,2021-12-01,32182.0,31516.493821227956,5,selected_padd_models,cv,8
2022-02-01,2022-01-01,30148.0,30865.054033184406,5,selected_padd_models,cv,8
2022-03-01,2022-02-01,29929.0,29436.824704136172,5,selected_padd_models,cv,8
2022-04-01,2022-03-01,30640.0,29106.66797659008,5,selected_padd_models,cv,8
2022-05-01,2022-04-01,31257.0,29627.342077806115,5,selected_padd_models,cv,8
2022-06-01,2022-05-01,30290.0,29650.803348779547,5,selected_padd_models,cv,8
2022-07-01,2022-06-01,29797.0,29840.59307190047,5,selected_padd_models,cv,9
2022-08-01,2022-07-01,26573.0,29583.54153449404,5,selected_padd_models,cv,9
2022-09-01,2022-08-01,24470.0,27234.02389522708,5,selected_padd_models,cv,9
2022-10-01,2022-09-01,27445.0,25397.267102895315,5,selected_padd_models,cv,9
2022-11-01,2022-10-01,31229.0,28918.955776021754,5,selected_padd_models,cv,9
2022-12-01,2022-11-01,32573.0,32693.169168391505,5,selected_padd_models,cv,9
2023-01-01,2022-12-01,32179.0,33831.75607212258,5,selected_padd_models,cv,9
2023-02-01,2023-01-01,30493.0,30716.99564465275,5,selected_padd_models,cv,9
2023-03-01,2023-02-01,31151.0,29637.050092793896,5,selected_padd_models,cv,9
2023-04-01,2023-03-01,30439.0,29827.219447055428,5,selected_padd_models,cv,9
2023-05-01,2023-04-01,29366.0,29838.327941123644,5,selected_padd_models,cv,9
2023-06-01,2023-05-01,28886.0,29177.74865438794,5,selected_padd_models,cv,9
2023-07-01,2023-06-01,28384.0,28584.2424545672,5,selected_padd_models,cv,10
2023-08-01,2023-07-01,27297.0,28107.618631411617,5,selected_padd_models,cv,10
2023-09-01,2023-08-01,29889.0,28356.29185250716,5,selected_padd_models,cv,10
2023-10-01,2023-09-01,28332.0,29033.66165523733,5,selected_padd_models,cv,10
2023-11-01,2023-10-01,27268.0,29422.163027088973,5,selected_padd_models,cv,10
2023-12-01,2023-11-01,28635.0,28687.944894393317,5,selected_padd_models,cv,10
2024-01-01,2023-12-01,31638.0,29679.11358830222,5,selected_padd_models,cv,10
2024-02-01,2024-01-01,30361.0,30403.934838255307,5,selected_padd_models,cv,10
2024-03-01,2024-02-01,29420.0,29798.025324303526,5,selected_padd_models,cv,10
2024-04-01,2024-03-01,29707.0,29001.032059060344,5,selected_padd_models,cv,10
2024-05-01,2024-04-01,31413.0,29616.239153317114,5,selected_padd_models,cv,10
2024-06-01,2024-05-01,32758.0,30287.965924403998,5,selected_padd_models,cv,10
2024-07-01,2024-06-01,31125.0,32125.66478298069,5,selected_padd_models,holdout,0
2024-08-01,2024-07-01,29338.0,30053.675947107105,5,selected_padd_models,holdout,0
2024-09-01,2024-08-01,27296.0,28931.958644454757,5,selected_padd_models,holdout,0
2024-10-01,2024-09-01,26497.0,27778.74192415158,5,selected_padd_models,holdout,0
2024-11-01,2024-10-01,28236.0,27781.45286198834,5,selected_padd_models,holdout,0
2024-12-01,2024-11-01,29761.0,29588.67143398672,5,selected_padd_models,holdout,0
2025-01-01,2024-12-01,29969.0,31119.75667019639,5,selected_padd_models,holdout,0
2025-02-01,2025-01-01,28742.0,29152.854632000184,5,selected_padd_models,holdout,0
2025-03-01,2025-02-01,27571.0,28511.96030037157,5,selected_padd_models,holdout,0
2025-04-01,2025-03-01,26312.0,27854.854845112306,5,selected_padd_models,holdout,0
2025-05-01,2025-04-01,28014.0,27111.79217912683,5,selected_padd_models,holdout,0
2025-06-01,2025-05-01,30378.0,28663.35379458809,5,selected_padd_models,holdout,0
2025-07-01,2025-06-01,32090.0,30159.97567215477,5,selected_padd_models,holdout,0
2025-08-01,2025-07-01,31585.0,31565.638629688052,5,selected_padd_models,holdout,0
2025-09-01,2025-08-01,30332.0,30690.237843720268,5,selected_padd_models,holdout,0
2025-10-01,2025-09-01,29010.0,29876.949924419067,5,selected_padd_models,holdout,0
2025-11-01,2025-10-01,27501.0,30349.214077326862,5,selected_padd_models,holdout,0
2025-12-01,2025-11-01,30639.0,28766.18801988453,5,selected_padd_models,holdout,0
2026-01-01,2025-12-01,31085.0,32001.055955390755,5,selected_padd_models,holdout,0
2026-02-01,2026-01-01,29220.0,29800.721114873948,5,selected_padd_models,holdout,0
2026-03-01,2026-02-01,28894.0,29317.864883930368,5,selected_padd_models,holdout,0
2026-04-01,2026-03-01,29008.0,29191.88732094596,5,selected_padd_models,holdout,0
2026-05-01,2026-04-01,27212.0,29399.97734253563,5,selected_padd_models,holdout,0
2026-06-01,2026-05-01,29108.0,27753.20949512181,5,selected_padd_models,holdout,0
