month,adjustments_kb,biofuels_kb,demand_kb,exports_kb,imports_kb,net_receipts_kb,production_kb,reported_stock_change_kb,stock_kb,total_gasoline_stock_kb,imports_kb_assumed_zero,biofuels_kb_assumed_zero,exports_kb_assumed_zero,padd,padd_name,previous_stock_kb,balance_kb,stock_change_kb,accounting_residual_kb,reported_change_residual_kb
2007-01-01,4286.0,0.0,99245.0,943.0,11445.0,40635.0,45860.0,2038.0,31379.0,61355.0,False,True,False,1,East Coast,,2038.0,,,
2007-02-01,4878.0,0.0,93987.0,1166.0,7626.0,37039.0,41450.0,-4160.0,27219.0,56313.0,False,True,False,1,East Coast,31379.0,-4160.0,-4160.0,0.0,0.0
2007-03-01,6931.0,0.0,100917.0,743.0,9259.0,38741.0,45345.0,-1385.0,25834.0,54289.0,False,True,False,1,East Coast,27219.0,-1384.0,-1385.0,-1.0,0.0
2007-04-01,5049.0,0.0,99119.0,35.0,12828.0,36052.0,46126.0,901.0,26735.0,53306.0,False,True,False,1,East Coast,25834.0,901.0,901.0,0.0,0.0
2007-05-01,6536.0,0.0,106957.0,592.0,13671.0,37830.0,51828.0,2316.0,29051.0,52772.0,False,True,False,1,East Coast,26735.0,2316.0,2316.0,0.0,0.0
2007-06-01,5224.0,0.0,103555.0,299.0,10881.0,37490.0,51126.0,867.0,29918.0,53473.0,False,True,False,1,East Coast,29051.0,867.0,867.0,0.0,0.0
2007-07-01,6627.0,0.0,109851.0,100.0,12175.0,38397.0,51994.0,-758.0,29160.0,53603.0,False,True,False,1,East Coast,29918.0,-758.0,-758.0,0.0,0.0
2007-08-01,4179.0,0.0,103600.0,249.0,10336.0,36799.0,51189.0,-1346.0,27814.0,49396.0,False,True,False,1,East Coast,29160.0,-1346.0,-1346.0,0.0,0.0
2007-09-01,4507.0,0.0,98267.0,158.0,12286.0,34824.0,48484.0,1676.0,29490.0,51808.0,False,True,False,1,East Coast,27814.0,1676.0,1676.0,0.0,0.0
2007-10-01,4854.0,0.0,103650.0,279.0,8797.0,36241.0,51551.0,-2486.0,27004.0,49764.0,False,True,False,1,East Coast,29490.0,-2486.0,-2486.0,0.0,0.0
2007-11-01,7203.0,0.0,98527.0,159.0,7661.0,37537.0,47636.0,1351.0,28355.0,51859.0,False,True,False,1,East Coast,27004.0,1351.0,1351.0,0.0,0.0
2007-12-01,2797.0,0.0,98190.0,747.0,9823.0,39424.0,47593.0,700.0,29055.0,59858.0,False,True,False,1,East Coast,28355.0,700.0,700.0,0.0,0.0
2008-01-01,8063.0,0.0,103037.0,831.0,10291.0,38771.0,47446.0,703.0,29758.0,61817.0,False,True,False,1,East Coast,29055.0,703.0,703.0,0.0,0.0
2008-02-01,4201.0,0.0,91024.0,1095.0,8140.0,34568.0,46442.0,1232.0,30990.0,64395.0,False,True,False,1,East Coast,29758.0,1232.0,1232.0,0.0,0.0
2008-03-01,2756.0,0.0,101636.0,944.0,9322.0,38768.0,47747.0,-3987.0,27003.0,59434.0,False,True,False,1,East Coast,30990.0,-3987.0,-3987.0,0.0,0.0
2008-04-01,1372.0,0.0,98177.0,1310.0,9191.0,36301.0,52805.0,182.0,27185.0,57300.0,False,True,False,1,East Coast,27003.0,182.0,182.0,0.0,0.0
2008-05-01,321.0,0.0,105020.0,324.0,10032.0,32548.0,61443.0,-999.0,26186.0,55341.0,False,True,False,1,East Coast,27185.0,-1000.0,-999.0,1.0,0.0
2008-06-01,302.0,0.0,98733.0,380.0,11966.0,28414.0,60566.0,2136.0,28322.0,58903.0,False,True,False,1,East Coast,26186.0,2135.0,2136.0,1.0,0.0
2008-07-01,-1516.0,0.0,101971.0,277.0,8553.0,29063.0,61245.0,-4904.0,23418.0,56839.0,False,True,False,1,East Coast,28322.0,-4903.0,-4904.0,-1.0,0.0
2008-08-01,-431.0,0.0,99811.0,18.0,4700.0,26578.0,67739.0,-1243.0,22175.0,52787.0,False,True,False,1,East Coast,23418.0,-1243.0,-1243.0,0.0,0.0
2008-09-01,1729.0,0.0,91691.0,588.0,4912.0,18067.0,64965.0,-2607.0,19568.0,45368.0,False,True,False,1,East Coast,22175.0,-2606.0,-2607.0,-1.0,0.0
2008-10-01,-4322.0,0.0,97989.0,993.0,5294.0,26106.0,73674.0,1770.0,21338.0,47467.0,False,True,False,1,East Coast,19568.0,1770.0,1770.0,0.0,0.0
2008-11-01,-2599.0,0.0,93154.0,281.0,3123.0,25852.0,68542.0,1483.0,22821.0,53940.0,False,True,False,1,East Coast,21338.0,1483.0,1483.0,0.0,0.0
2008-12-01,-1995.0,0.0,97361.0,21.0,3361.0,28254.0,70598.0,2836.0,25657.0,62625.0,False,True,False,1,East Coast,22821.0,2836.0,2836.0,0.0,0.0
2009-01-01,-4965.0,0.0,96962.0,267.0,4541.0,25508.0,67689.0,-4456.0,21201.0,61943.0,False,True,False,1,East Coast,25657.0,-4456.0,-4456.0,0.0,0.0
2009-02-01,-644.0,0.0,88797.0,416.0,5582.0,18762.0,62489.0,-3024.0,18177.0,56716.0,False,True,False,1,East Coast,21201.0,-3024.0,-3024.0,0.0,0.0
2009-03-01,-6003.0,0.0,97542.0,525.0,6527.0,26116.0,70696.0,-731.0,17446.0,58069.0,False,True,False,1,East Coast,18177.0,-731.0,-731.0,0.0,0.0
2009-04-01,-2532.0,0.0,97284.0,19.0,5138.0,23885.0,70990.0,177.0,17623.0,56545.0,False,True,False,1,East Coast,17446.0,178.0,177.0,-1.0,0.0
2009-05-01,-1833.0,0.0,102793.0,14.0,6077.0,23890.0,74979.0,306.0,17929.0,55842.0,False,True,False,1,East Coast,17623.0,306.0,306.0,0.0,0.0
2009-06-01,522.0,0.0,100380.0,162.0,4787.0,22017.0,73920.0,703.0,18632.0,57150.0,False,True,False,1,East Coast,17929.0,704.0,703.0,-1.0,0.0
2009-07-01,-1138.0,0.0,100851.0,67.0,5845.0,21409.0,74872.0,70.0,18702.0,57511.0,False,True,False,1,East Coast,18632.0,70.0,70.0,0.0,0.0
2009-08-01,-2995.0,0.0,102715.0,104.0,7266.0,21942.0,77262.0,656.0,19358.0,55928.0,False,True,False,1,East Coast,18702.0,656.0,656.0,0.0,0.0
2009-09-01,-4028.0,0.0,95823.0,104.0,2848.0,24742.0,71975.0,-390.0,18968.0,59524.0,False,True,False,1,East Coast,19358.0,-390.0,-390.0,0.0,0.0
2009-10-01,-3924.0,0.0,101389.0,38.0,3847.0,21742.0,77258.0,-2504.0,16464.0,58115.0,False,True,False,1,East Coast,18968.0,-2504.0,-2504.0,0.0,0.0
2009-11-01,-3947.0,0.0,94626.0,34.0,3386.0,23316.0,73273.0,1368.0,17832.0,60051.0,False,True,False,1,East Coast,16464.0,1368.0,1368.0,0.0,0.0
2009-12-01,-6789.0,0.0,98708.0,60.0,5203.0,24006.0,76830.0,483.0,18315.0,61681.0,False,True,False,1,East Coast,17832.0,482.0,483.0,1.0,0.0
2010-01-01,-4996.0,-2.0,96310.0,32.0,4563.0,23699.0,71681.0,-1397.0,16918.0,60743.0,False,False,False,1,East Coast,18315.0,-1397.0,-1397.0,0.0,0.0
2010-02-01,-4080.0,-2.0,84128.0,171.0,3502.0,19677.0,66401.0,1199.0,18117.0,62535.0,False,False,False,1,East Coast,16918.0,1199.0,1199.0,0.0,0.0
2010-03-01,-7390.0,-2.0,98055.0,492.0,2631.0,23769.0,76817.0,-2722.0,15395.0,56808.0,False,False,False,1,East Coast,18117.0,-2722.0,-2722.0,0.0,0.0
2010-04-01,-8413.0,-5.0,96741.0,56.0,3791.0,20832.0,78861.0,-1731.0,13664.0,58419.0,False,False,False,1,East Coast,15395.0,-1731.0,-1731.0,0.0,0.0
2010-05-01,-8465.0,0.0,98667.0,40.0,2079.0,18797.0,87396.0,1099.0,14763.0,61325.0,False,True,False,1,East Coast,13664.0,1100.0,1099.0,-1.0,0.0
2010-06-01,-5181.0,0.0,100421.0,150.0,2525.0,17081.0,84696.0,-1450.0,13313.0,60097.0,False,True,False,1,East Coast,14763.0,-1450.0,-1450.0,0.0,0.0
2010-07-01,-5629.0,0.0,103463.0,331.0,1976.0,15597.0,91025.0,-825.0,12488.0,61157.0,False,True,False,1,East Coast,13313.0,-825.0,-825.0,0.0,0.0
2010-08-01,-5603.0,0.0,100292.0,12.0,1587.0,15146.0,90235.0,1062.0,13550.0,63141.0,False,True,False,1,East Coast,12488.0,1061.0,1062.0,1.0,0.0
2010-09-01,-8160.0,0.0,97438.0,301.0,2050.0,16275.0,84057.0,-3517.0,10033.0,55261.0,False,True,False,1,East Coast,13550.0,-3517.0,-3517.0,0.0,0.0
2010-10-01,-8466.0,0.0,99440.0,114.0,1782.0,15605.0,88747.0,-1885.0,8148.0,52282.0,False,True,False,1,East Coast,10033.0,-1886.0,-1885.0,1.0,0.0
2010-11-01,-10542.0,0.0,91842.0,43.0,2226.0,15121.0,85065.0,-15.0,8133.0,52856.0,False,True,False,1,East Coast,8148.0,-15.0,-15.0,0.0,0.0
2010-12-01,-4972.0,0.0,100773.0,54.0,1685.0,16127.0,88700.0,713.0,8846.0,52736.0,False,True,False,1,East Coast,8133.0,713.0,713.0,0.0,0.0
2011-01-01,-4887.0,0.0,91812.0,58.0,1231.0,16126.0,81194.0,1794.0,10640.0,60646.0,False,True,False,1,East Coast,8846.0,1794.0,1794.0,0.0,0.0
2011-02-01,-8186.0,0.0,86452.0,313.0,2023.0,14472.0,78520.0,64.0,10704.0,63430.0,False,True,False,1,East Coast,10640.0,64.0,64.0,0.0,0.0
2011-03-01,-6524.0,0.0,102660.0,59.0,2873.0,16627.0,86953.0,-2790.0,7914.0,54966.0,False,True,False,1,East Coast,10704.0,-2790.0,-2790.0,0.0,0.0
2011-04-01,-6470.0,0.0,98399.0,43.0,2770.0,12214.0,89305.0,-623.0,7291.0,50470.0,False,True,False,1,East Coast,7914.0,-623.0,-623.0,0.0,0.0
2011-05-01,-9603.0,0.0,95988.0,570.0,3350.0,10445.0,93114.0,748.0,8039.0,54231.0,False,True,False,1,East Coast,7291.0,748.0,748.0,0.0,0.0
2011-06-01,-7609.0,0.0,96585.0,28.0,2953.0,9353.0,91456.0,-459.0,7580.0,55159.0,False,True,False,1,East Coast,8039.0,-460.0,-459.0,1.0,0.0
2011-07-01,-8787.0,0.0,99186.0,196.0,2336.0,10939.0,94370.0,-524.0,7056.0,54364.0,False,True,False,1,East Coast,7580.0,-524.0,-524.0,0.0,0.0
2011-08-01,-8820.0,0.0,95669.0,213.0,2562.0,9923.0,94043.0,1825.0,8881.0,55178.0,False,True,False,1,East Coast,7056.0,1826.0,1825.0,-1.0,0.0
2011-09-01,-8516.0,0.0,92146.0,37.0,2053.0,12953.0,85795.0,102.0,8983.0,56325.0,False,True,False,1,East Coast,8881.0,102.0,102.0,0.0,0.0
2011-10-01,-8099.0,0.0,95700.0,40.0,1424.0,12935.0,88596.0,-884.0,8099.0,51981.0,False,True,False,1,East Coast,8983.0,-884.0,-884.0,0.0,0.0
2011-11-01,-7488.0,0.0,90780.0,44.0,723.0,13368.0,84473.0,252.0,8351.0,58115.0,False,True,False,1,East Coast,8099.0,252.0,252.0,0.0,0.0
2011-12-01,-8869.0,0.0,92888.0,52.0,1208.0,13766.0,87841.0,1006.0,9357.0,59205.0,False,True,False,1,East Coast,8351.0,1006.0,1006.0,0.0,0.0
2012-01-01,580.0,0.0,93924.0,44.0,2448.0,12911.0,78427.0,399.0,9756.0,63794.0,False,True,False,1,East Coast,9357.0,398.0,399.0,1.0,0.0
2012-02-01,-1886.0,0.0,88761.0,61.0,1206.0,11054.0,77498.0,-950.0,8806.0,61115.0,False,True,False,1,East Coast,9756.0,-950.0,-950.0,0.0,0.0
2012-03-01,-4792.0,0.0,95948.0,341.0,2141.0,10717.0,87074.0,-1149.0,7657.0,56912.0,False,True,False,1,East Coast,8806.0,-1149.0,-1149.0,0.0,0.0
2012-04-01,-2166.0,0.0,92894.0,89.0,672.0,9669.0,83763.0,-1045.0,6612.0,53721.0,False,True,False,1,East Coast,7657.0,-1045.0,-1045.0,0.0,0.0
2012-05-01,-2927.0,0.0,98361.0,48.0,1109.0,10306.0,89489.0,-432.0,6180.0,52717.0,False,True,False,1,East Coast,6612.0,-432.0,-432.0,0.0,0.0
2012-06-01,-2888.0,0.0,94387.0,137.0,1036.0,9193.0,88416.0,1232.0,7412.0,51101.0,False,True,False,1,East Coast,6180.0,1233.0,1232.0,-1.0,0.0
2012-07-01,-7621.0,0.0,95593.0,65.0,660.0,9005.0,93353.0,-261.0,7151.0,51889.0,False,True,False,1,East Coast,7412.0,-261.0,-261.0,0.0,0.0
2012-08-01,-5063.0,0.0,99524.0,57.0,657.0,7557.0,95598.0,-832.0,6319.0,50929.0,False,True,False,1,East Coast,7151.0,-832.0,-832.0,0.0,0.0
2012-09-01,-3834.0,0.0,90878.0,42.0,481.0,8701.0,86021.0,449.0,6768.0,48067.0,False,True,False,1,East Coast,6319.0,449.0,449.0,0.0,0.0
2012-10-01,-4212.0,0.0,96237.0,74.0,654.0,8884.0,91144.0,160.0,6928.0,46819.0,False,True,False,1,East Coast,6768.0,159.0,160.0,1.0,0.0
2012-11-01,-6426.0,0.0,90355.0,62.0,767.0,10204.0,86357.0,485.0,7413.0,48789.0,False,True,False,1,East Coast,6928.0,485.0,485.0,0.0,0.0
2012-12-01,-8580.0,0.0,92247.0,46.0,1437.0,11666.0,87713.0,-57.0,7356.0,54207.0,False,True,False,1,East Coast,7413.0,-57.0,-57.0,0.0,0.0
2013-01-01,-4292.0,0.0,87428.0,212.0,1158.0,9082.0,82818.0,1126.0,8482.0,57920.0,False,True,False,1,East Coast,7356.0,1126.0,1126.0,0.0,0.0
2013-02-01,-8158.0,0.0,81129.0,42.0,380.0,11006.0,77336.0,-607.0,7875.0,59881.0,False,True,False,1,East Coast,8482.0,-607.0,-607.0,0.0,0.0
2013-03-01,-12606.0,0.0,92075.0,53.0,1565.0,11353.0,88655.0,-3161.0,4714.0,59473.0,False,True,False,1,East Coast,7875.0,-3161.0,-3161.0,0.0,0.0
2013-04-01,-8057.0,0.0,90472.0,358.0,982.0,8335.0,90500.0,930.0,5644.0,63731.0,False,True,False,1,East Coast,4714.0,930.0,930.0,0.0,0.0
2013-05-01,-4646.0,0.0,98275.0,127.0,746.0,8393.0,94991.0,1083.0,6727.0,62641.0,False,True,False,1,East Coast,5644.0,1082.0,1083.0,1.0,0.0
2013-06-01,-5207.0,0.0,95482.0,160.0,1531.0,7693.0,91674.0,49.0,6776.0,61977.0,False,True,False,1,East Coast,6727.0,49.0,49.0,0.0,0.0
2013-07-01,-4068.0,0.0,97831.0,137.0,624.0,8362.0,94041.0,991.0,7767.0,61053.0,False,True,False,1,East Coast,6776.0,991.0,991.0,0.0,0.0
2013-08-01,-6925.0,0.0,97711.0,44.0,1601.0,8999.0,94323.0,244.0,8011.0,58551.0,False,True,False,1,East Coast,7767.0,243.0,244.0,1.0,0.0
2013-09-01,-5015.0,0.0,93933.0,25.0,1109.0,10608.0,86074.0,-1182.0,6829.0,58106.0,False,True,False,1,East Coast,8011.0,-1182.0,-1182.0,0.0,0.0
2013-10-01,-8871.0,0.0,93761.0,38.0,1106.0,11656.0,89556.0,-352.0,6477.0,54703.0,False,True,False,1,East Coast,6829.0,-352.0,-352.0,0.0,0.0
2013-11-01,-8226.0,0.0,88991.0,33.0,1187.0,11375.0,84875.0,187.0,6664.0,55972.0,False,True,False,1,East Coast,6477.0,187.0,187.0,0.0,0.0
2013-12-01,-8709.0,0.0,90817.0,353.0,888.0,11587.0,87644.0,241.0,6905.0,61079.0,False,True,False,1,East Coast,6664.0,240.0,241.0,1.0,0.0
2014-01-01,-6894.0,0.0,87924.0,49.0,1210.0,11395.0,83439.0,1177.0,8082.0,64454.0,False,True,False,1,East Coast,6905.0,1177.0,1177.0,0.0,0.0
2014-02-01,-5617.0,0.0,84629.0,55.0,229.0,11203.0,77665.0,-1204.0,6878.0,59912.0,False,True,False,1,East Coast,8082.0,-1204.0,-1204.0,0.0,0.0
2014-03-01,-7961.0,0.0,93805.0,346.0,1066.0,12603.0,89559.0,1116.0,7994.0,57657.0,False,True,False,1,East Coast,6878.0,1116.0,1116.0,0.0,0.0
2014-04-01,-7567.0,0.0,95535.0,13.0,1562.0,11092.0,88759.0,-1702.0,6292.0,54935.0,False,True,False,1,East Coast,7994.0,-1702.0,-1702.0,0.0,0.0
2014-05-01,-10809.0,0.0,96203.0,67.0,1371.0,9800.0,96278.0,371.0,6663.0,62577.0,False,True,False,1,East Coast,6292.0,370.0,371.0,1.0,0.0
2014-06-01,-13722.0,0.0,91263.0,12.0,1444.0,8950.0,94183.0,-420.0,6243.0,63140.0,False,True,False,1,East Coast,6663.0,-420.0,-420.0,0.0,0.0
2014-07-01,-7207.0,0.0,99539.0,11.0,1646.0,8156.0,96554.0,-401.0,5842.0,59765.0,False,True,False,1,East Coast,6243.0,-401.0,-401.0,0.0,0.0
2014-08-01,-6710.0,0.0,100488.0,144.0,2104.0,9208.0,96332.0,302.0,6144.0,57773.0,False,True,False,1,East Coast,5842.0,302.0,302.0,0.0,0.0
2014-09-01,-9689.0,0.0,89975.0,24.0,2248.0,7840.0,89042.0,-558.0,5586.0,55712.0,False,True,False,1,East Coast,6144.0,-558.0,-558.0,0.0,0.0
2014-10-01,-6791.0,0.0,100004.0,37.0,1955.0,10027.0,94849.0,-1.0,5585.0,50685.0,False,True,False,1,East Coast,5586.0,-1.0,-1.0,0.0,0.0
2014-11-01,-7244.0,0.0,93613.0,20.0,1150.0,11340.0,88245.0,-142.0,5443.0,53624.0,False,True,False,1,East Coast,5585.0,-142.0,-142.0,0.0,0.0
2014-12-01,-10870.0,0.0,95988.0,19.0,692.0,13681.0,92463.0,-41.0,5402.0,62085.0,False,True,False,1,East Coast,5443.0,-41.0,-41.0,0.0,0.0
2015-01-01,-10117.0,0.0,92422.0,53.0,2198.0,11322.0,90226.0,1154.0,6556.0,69032.0,False,True,False,1,East Coast,5402.0,1154.0,1154.0,0.0,0.0
2015-02-01,-8475.0,0.0,84746.0,18.0,1402.0,10563.0,82735.0,1461.0,8017.0,68142.0,False,True,False,1,East Coast,6556.0,1461.0,1461.0,0.0,0.0
2015-03-01,-10133.0,0.0,99230.0,105.0,1621.0,12419.0,92829.0,-2600.0,5417.0,64542.0,False,True,False,1,East Coast,8017.0,-2599.0,-2600.0,-1.0,0.0
2015-04-01,-10333.0,0.0,94806.0,21.0,2232.0,8863.0,93532.0,-532.0,4885.0,63272.0,False,True,False,1,East Coast,5417.0,-533.0,-532.0,1.0,0.0
2015-05-01,-9100.0,0.0,101150.0,334.0,2487.0,8782.0,99833.0,518.0,5403.0,61203.0,False,True,False,1,East Coast,4885.0,518.0,518.0,0.0,0.0
2015-06-01,-7008.0,0.0,100067.0,19.0,2431.0,7751.0,96780.0,-132.0,5271.0,61350.0,False,True,False,1,East Coast,5403.0,-132.0,-132.0,0.0,0.0
2015-07-01,-7433.0,0.0,102594.0,16.0,833.0,8635.0,100244.0,-331.0,4940.0,58703.0,False,True,False,1,East Coast,5271.0,-331.0,-331.0,0.0,0.0
2015-08-01,-6160.0,0.0,102565.0,11.0,632.0,8502.0,100383.0,781.0,5721.0,60374.0,False,True,False,1,East Coast,4940.0,781.0,781.0,0.0,0.0
2015-09-01,-8347.0,0.0,95474.0,12.0,1645.0,9148.0,93805.0,765.0,6486.0,62622.0,False,True,False,1,East Coast,5721.0,765.0,765.0,0.0,0.0
2015-10-01,-14568.0,0.0,99219.0,43.0,3064.0,12238.0,97966.0,-562.0,5924.0,59687.0,False,True,False,1,East Coast,6486.0,-562.0,-562.0,0.0,0.0
2015-11-01,-10960.0,0.0,91712.0,384.0,1687.0,10775.0,91223.0,629.0,6553.0,58578.0,False,True,False,1,East Coast,5924.0,629.0,629.0,0.0,0.0
2015-12-01,-9712.0,0.0,99525.0,14.0,2448.0,10376.0,95712.0,-715.0,5838.0,60722.0,False,True,False,1,East Coast,6553.0,-715.0,-715.0,0.0,0.0
2016-01-01,-11276.0,0.0,91143.0,115.0,1821.0,9171.0,91205.0,-337.0,5501.0,70309.0,False,True,False,1,East Coast,5838.0,-337.0,-337.0,0.0,0.0
2016-02-01,-7568.0,0.0,92311.0,50.0,1870.0,7171.0,90724.0,-163.0,5338.0,71066.0,False,True,False,1,East Coast,5501.0,-164.0,-163.0,1.0,0.0
2016-03-01,-4944.0,0.0,104077.0,44.0,1903.0,8179.0,98914.0,-69.0,5269.0,65920.0,False,True,False,1,East Coast,5338.0,-69.0,-69.0,0.0,0.0
2016-04-01,-10481.0,0.0,96415.0,27.0,2208.0,6835.0,96835.0,-1045.0,4224.0,69091.0,False,True,False,1,East Coast,5269.0,-1045.0,-1045.0,0.0,0.0
2016-05-01,-6796.0,0.0,102515.0,66.0,1236.0,5385.0,102317.0,-439.0,3785.0,69708.0,False,True,False,1,East Coast,4224.0,-439.0,-439.0,0.0,0.0
2016-06-01,-8034.0,0.0,99262.0,66.0,2057.0,5548.0,101270.0,1513.0,5298.0,73138.0,False,True,False,1,East Coast,3785.0,1513.0,1513.0,0.0,0.0
2016-07-01,-9331.0,0.0,104049.0,191.0,2141.0,8117.0,103068.0,-245.0,5053.0,72616.0,False,True,False,1,East Coast,5298.0,-245.0,-245.0,0.0,0.0
2016-08-01,-3774.0,0.0,107130.0,76.0,703.0,6318.0,104499.0,540.0,5593.0,65184.0,False,True,False,1,East Coast,5053.0,540.0,540.0,0.0,0.0
2016-09-01,-7422.0,0.0,97177.0,92.0,1884.0,5364.0,96045.0,-1398.0,4195.0,58842.0,False,True,False,1,East Coast,5593.0,-1398.0,-1398.0,0.0,0.0
2016-10-01,-10529.0,0.0,97475.0,262.0,1196.0,7278.0,100493.0,702.0,4897.0,60975.0,False,True,False,1,East Coast,4195.0,701.0,702.0,1.0,0.0
2016-11-01,-8569.0,0.0,97174.0,33.0,1862.0,7391.0,96112.0,-411.0,4486.0,63052.0,False,True,False,1,East Coast,4897.0,-411.0,-411.0,0.0,0.0
2016-12-01,-8832.0,0.0,98274.0,104.0,868.0,7842.0,99507.0,1006.0,5492.0,65379.0,False,True,False,1,East Coast,4486.0,1007.0,1006.0,-1.0,0.0
2017-01-01,-7005.0,0.0,94709.0,182.0,925.0,10465.0,90859.0,354.0,5846.0,74583.0,False,True,False,1,East Coast,5492.0,353.0,354.0,1.0,0.0
2017-02-01,-6588.0,0.0,90614.0,896.0,812.0,10338.0,86558.0,-390.0,5456.0,72957.0,False,True,False,1,East Coast,5846.0,-390.0,-390.0,0.0,0.0
2017-03-01,-7720.0,0.0,103492.0,320.0,1549.0,9274.0,99202.0,-1506.0,3950.0,65469.0,False,True,False,1,East Coast,5456.0,-1507.0,-1506.0,1.0,0.0
2017-04-01,-6153.0,0.0,99631.0,26.0,1244.0,7508.0,97187.0,129.0,4079.0,68482.0,False,True,False,1,East Coast,3950.0,129.0,129.0,0.0,0.0
2017-05-01,-7484.0,0.0,101137.0,283.0,709.0,4686.0,103407.0,-102.0,3977.0,70684.0,False,True,False,1,East Coast,4079.0,-102.0,-102.0,0.0,0.0
2017-06-01,-4037.0,0.0,102674.0,28.0,610.0,5021.0,101233.0,125.0,4102.0,67745.0,False,True,False,1,East Coast,3977.0,125.0,125.0,0.0,0.0
2017-07-01,-3372.0,0.0,103810.0,28.0,316.0,5038.0,102388.0,532.0,4634.0,64144.0,False,True,False,1,East Coast,4102.0,532.0,532.0,0.0,0.0
2017-08-01,-4418.0,0.0,105973.0,21.0,620.0,6133.0,104180.0,521.0,5155.0,60660.0,False,True,False,1,East Coast,4634.0,521.0,521.0,0.0,0.0
2017-09-01,-4102.0,0.0,97111.0,624.0,829.0,4666.0,95349.0,-993.0,4162.0,59007.0,False,True,False,1,East Coast,5155.0,-993.0,-993.0,0.0,0.0
2017-10-01,-6234.0,0.0,101950.0,100.0,519.0,6622.0,101186.0,43.0,4205.0,54456.0,False,True,False,1,East Coast,4162.0,43.0,43.0,0.0,0.0
2017-11-01,-7068.0,0.0,96827.0,20.0,268.0,6862.0,96989.0,203.0,4408.0,58907.0,False,True,False,1,East Coast,4205.0,204.0,203.0,-1.0,0.0
2017-12-01,-4672.0,0.0,100889.0,83.0,973.0,6599.0,99169.0,1097.0,5505.0,60642.0,False,True,False,1,East Coast,4408.0,1097.0,1097.0,0.0,0.0
2018-01-01,-6578.0,0.0,92791.0,23.0,529.0,5641.0,92777.0,-445.0,5060.0,65037.0,False,True,False,1,East Coast,5505.0,-445.0,-445.0,0.0,0.0
2018-02-01,-6249.0,0.0,88687.0,138.0,878.0,5173.0,87613.0,-1410.0,3650.0,63106.0,False,True,False,1,East Coast,5060.0,-1410.0,-1410.0,0.0,0.0
2018-03-01,-4622.0,0.0,101799.0,136.0,1180.0,5587.0,99813.0,23.0,3673.0,58372.0,False,True,False,1,East Coast,3650.0,23.0,23.0,0.0,0.0
2018-04-01,-5292.0,0.0,97011.0,28.0,726.0,4821.0,96938.0,154.0,3827.0,64718.0,False,True,False,1,East Coast,3673.0,154.0,154.0,0.0,0.0
2018-05-01,-4173.0,0.0,103204.0,251.0,1098.0,3934.0,103283.0,687.0,4514.0,68311.0,False,True,False,1,East Coast,3827.0,687.0,687.0,0.0,0.0
2018-06-01,144.0,0.0,104352.0,539.0,994.0,3323.0,101142.0,712.0,5226.0,66777.0,False,True,False,1,East Coast,4514.0,712.0,712.0,0.0,0.0
2018-07-01,-549.0,0.0,104777.0,61.0,513.0,2601.0,101894.0,-379.0,4847.0,64871.0,False,True,False,1,East Coast,5226.0,-379.0,-379.0,0.0,0.0
2018-08-01,-4347.0,0.0,104772.0,29.0,2162.0,3472.0,103740.0,226.0,5073.0,66651.0,False,True,False,1,East Coast,4847.0,226.0,226.0,0.0,0.0
2018-09-01,-1504.0,0.0,99234.0,234.0,2746.0,4500.0,94350.0,625.0,5698.0,70204.0,False,True,False,1,East Coast,5073.0,624.0,625.0,1.0,0.0
2018-10-01,-5090.0,0.0,101607.0,347.0,1157.0,4116.0,100915.0,-857.0,4841.0,66430.0,False,True,False,1,East Coast,5698.0,-856.0,-857.0,-1.0,0.0
2018-11-01,-6416.0,0.0,97221.0,263.0,675.0,4735.0,97364.0,-1127.0,3714.0,60886.0,False,True,False,1,East Coast,4841.0,-1126.0,-1127.0,-1.0,0.0
2018-12-01,28.0,0.0,103390.0,346.0,788.0,3784.0,99303.0,166.0,3880.0,62894.0,False,True,False,1,East Coast,3714.0,167.0,166.0,-1.0,0.0
2019-01-01,-3769.0,0.0,95850.0,306.0,1039.0,4736.0,95772.0,1623.0,5503.0,72680.0,False,True,False,1,East Coast,3880.0,1622.0,1623.0,1.0,0.0
2019-02-01,-2291.0,0.0,92719.0,625.0,700.0,6351.0,87514.0,-1071.0,4432.0,65841.0,False,True,False,1,East Coast,5503.0,-1070.0,-1071.0,-1.0,0.0
2019-03-01,-4285.0,0.0,108454.0,180.0,2821.0,7009.0,101886.0,-1204.0,3228.0,62461.0,False,True,False,1,East Coast,4432.0,-1203.0,-1204.0,-1.0,0.0
2019-04-01,-3653.0,0.0,102710.0,36.0,1946.0,5501.0,99374.0,422.0,3650.0,60742.0,False,True,False,1,East Coast,3228.0,422.0,422.0,0.0,0.0
2019-05-01,-1673.0,0.0,111707.0,376.0,3378.0,6962.0,104403.0,986.0,4636.0,65734.0,False,True,False,1,East Coast,3650.0,987.0,986.0,-1.0,0.0
2019-06-01,-827.0,0.0,102825.0,1099.0,1231.0,2344.0,100028.0,-1148.0,3488.0,59764.0,False,True,False,1,East Coast,4636.0,-1148.0,-1148.0,0.0,0.0
2019-07-01,-3946.0,0.0,104288.0,28.0,1989.0,1926.0,104612.0,264.0,3752.0,61114.0,False,True,False,1,East Coast,3488.0,265.0,264.0,-1.0,0.0
2019-08-01,-5366.0,0.0,106672.0,102.0,4178.0,2329.0,106637.0,1004.0,4756.0,65254.0,False,True,False,1,East Coast,3752.0,1004.0,1004.0,0.0,0.0
2019-09-01,-6249.0,0.0,95388.0,1378.0,2863.0,2931.0,96688.0,-533.0,4223.0,64954.0,False,True,False,1,East Coast,4756.0,-533.0,-533.0,0.0,0.0
2019-10-01,-5227.0,0.0,101888.0,978.0,2875.0,2968.0,101959.0,-290.0,3933.0,60265.0,False,True,False,1,East Coast,4223.0,-291.0,-290.0,1.0,0.0
2019-11-01,-5908.0,0.0,98061.0,288.0,2363.0,4667.0,98315.0,1088.0,5021.0,61239.0,False,True,False,1,East Coast,3933.0,1088.0,1088.0,0.0,0.0
2019-12-01,-8480.0,0.0,96172.0,279.0,1730.0,4484.0,98328.0,-389.0,4632.0,65614.0,False,True,False,1,East Coast,5021.0,-389.0,-389.0,0.0,0.0
2020-01-01,-7785.0,0.0,95105.0,302.0,2472.0,4469.0,95483.0,-769.0,3863.0,68129.0,False,True,False,1,East Coast,4632.0,-768.0,-769.0,-1.0,0.0
2020-02-01,-3694.0,0.0,92642.0,34.0,2211.0,2403.0,91956.0,201.0,4064.0,63763.0,False,True,False,1,East Coast,3863.0,200.0,201.0,1.0,0.0
2020-03-01,-9929.0,0.0,83377.0,102.0,3727.0,3442.0,84857.0,-1382.0,2682.0,70994.0,False,True,False,1,East Coast,4064.0,-1382.0,-1382.0,0.0,0.0
2020-04-01,345.0,0.0,61804.0,145.0,2270.0,2463.0,57121.0,250.0,2932.0,70212.0,False,True,False,1,East Coast,2682.0,250.0,250.0,0.0,0.0
2020-05-01,-5716.0,0.0,74280.0,15.0,3045.0,3806.0,74670.0,1510.0,4442.0,74366.0,False,True,False,1,East Coast,2932.0,1510.0,1510.0,0.0,0.0
2020-06-01,-3815.0,0.0,88859.0,24.0,2968.0,3626.0,85764.0,-341.0,4101.0,73145.0,False,True,False,1,East Coast,4442.0,-340.0,-341.0,-1.0,0.0
2020-07-01,-5457.0,0.0,92528.0,33.0,2989.0,3473.0,91653.0,97.0,4198.0,69204.0,False,True,False,1,East Coast,4101.0,97.0,97.0,0.0,0.0
2020-08-01,-3108.0,0.0,96297.0,309.0,2651.0,2912.0,93754.0,-397.0,3801.0,62131.0,False,True,False,1,East Coast,4198.0,-397.0,-397.0,0.0,0.0
2020-09-01,-2879.0,0.0,92117.0,421.0,3317.0,2817.0,88531.0,-752.0,3049.0,61839.0,False,True,False,1,East Coast,3801.0,-752.0,-752.0,0.0,0.0
2020-10-01,-897.0,0.0,96731.0,304.0,2214.0,3906.0,92281.0,470.0,3519.0,61701.0,False,True,False,1,East Coast,3049.0,469.0,470.0,1.0,0.0
2020-11-01,-5893.0,0.0,84709.0,25.0,1361.0,4957.0,84747.0,438.0,3957.0,67299.0,False,True,False,1,East Coast,3519.0,438.0,438.0,0.0,0.0
2020-12-01,-4345.0,0.0,88829.0,26.0,2216.0,5075.0,86513.0,605.0,4562.0,68522.0,False,True,False,1,East Coast,3957.0,604.0,605.0,1.0,0.0
2021-01-01,-1652.0,0.0,87316.0,27.0,558.0,3208.0,84796.0,-433.0,4129.0,67084.0,False,True,False,1,East Coast,4562.0,-433.0,-433.0,0.0,0.0
2021-02-01,-7973.0,0.0,75216.0,26.0,1349.0,3870.0,77899.0,-97.0,4032.0,68408.0,False,True,False,1,East Coast,4129.0,-97.0,-97.0,0.0,0.0
2021-03-01,-5643.0,0.0,95626.0,454.0,3125.0,3049.0,94279.0,-1269.0,2763.0,65099.0,False,True,False,1,East Coast,4032.0,-1270.0,-1269.0,1.0,0.0
2021-04-01,-5201.0,0.0,96874.0,30.0,3845.0,3682.0,94911.0,333.0,3096.0,63466.0,False,True,False,1,East Coast,2763.0,333.0,333.0,0.0,0.0
2021-05-01,-9567.0,0.0,97833.0,609.0,5073.0,2814.0,100233.0,110.0,3206.0,66423.0,False,True,False,1,East Coast,3096.0,111.0,110.0,-1.0,0.0
2021-06-01,-80.0,0.0,101699.0,45.0,2300.0,3146.0,96817.0,439.0,3645.0,69877.0,False,True,False,1,East Coast,3206.0,439.0,439.0,0.0,0.0
2021-07-01,-3970.0,0.0,104935.0,497.0,3906.0,3050.0,101718.0,-728.0,2917.0,62682.0,False,True,False,1,East Coast,3645.0,-728.0,-728.0,0.0,0.0
2021-08-01,-3601.0,0.0,103028.0,40.0,2819.0,2355.0,101359.0,-137.0,2780.0,55205.0,False,True,False,1,East Coast,2917.0,-136.0,-137.0,-1.0,0.0
2021-09-01,-7472.0,0.0,94241.0,28.0,3280.0,2613.0,95800.0,-48.0,2732.0,59038.0,False,True,False,1,East Coast,2780.0,-48.0,-48.0,0.0,0.0
2021-10-01,-3772.0,0.0,100090.0,30.0,1431.0,3259.0,99211.0,9.0,2741.0,53113.0,False,True,False,1,East Coast,2732.0,9.0,9.0,0.0,0.0
2021-11-01,-6814.0,0.0,92225.0,24.0,619.0,3745.0,95174.0,475.0,3216.0,56872.0,False,True,False,1,East Coast,2741.0,475.0,475.0,0.0,0.0
2021-12-01,-5933.0,0.0,96597.0,32.0,1060.0,5947.0,95256.0,-300.0,2916.0,61830.0,False,True,False,1,East Coast,3216.0,-299.0,-300.0,-1.0,0.0
2022-01-01,-5218.0,0.0,86728.0,40.0,1218.0,3900.0,86585.0,-283.0,2633.0,65541.0,False,True,False,1,East Coast,2916.0,-283.0,-283.0,0.0,0.0
2022-02-01,-6792.0,0.0,83910.0,46.0,581.0,3402.0,87300.0,535.0,3168.0,61884.0,False,True,False,1,East Coast,2633.0,535.0,535.0,0.0,0.0
2022-03-01,-9533.0,0.0,93487.0,33.0,1467.0,3465.0,97423.0,-698.0,2470.0,56984.0,False,True,False,1,East Coast,3168.0,-698.0,-698.0,0.0,0.0
2022-04-01,-9759.0,0.0,89026.0,51.0,2237.0,2126.0,94591.0,118.0,2588.0,52786.0,False,True,False,1,East Coast,2470.0,118.0,118.0,0.0,0.0
2022-05-01,-7586.0,0.0,97958.0,43.0,3274.0,1694.0,100800.0,181.0,2769.0,53989.0,False,True,False,1,East Coast,2588.0,181.0,181.0,0.0,0.0
2022-06-01,-6517.0,0.0,96391.0,66.0,3672.0,1737.0,97652.0,87.0,2856.0,53605.0,False,True,False,1,East Coast,2769.0,87.0,87.0,0.0,0.0
2022-07-01,-15933.0,0.0,87944.0,42.0,3336.0,1662.0,98524.0,-398.0,2458.0,52870.0,False,True,False,1,East Coast,2856.0,-397.0,-398.0,-1.0,0.0
2022-08-01,-10410.0,0.0,95221.0,38.0,2500.0,2004.0,101351.0,186.0,2644.0,54121.0,False,True,False,1,East Coast,2458.0,186.0,186.0,0.0,0.0
2022-09-01,-11574.0,0.0,88039.0,353.0,3085.0,1241.0,96167.0,527.0,3171.0,54334.0,False,True,False,1,East Coast,2644.0,527.0,527.0,0.0,0.0
2022-10-01,-9453.0,0.0,93825.0,24.0,1278.0,2317.0,99148.0,-559.0,2612.0,50932.0,False,True,False,1,East Coast,3171.0,-559.0,-559.0,0.0,0.0
2022-11-01,-10194.0,0.0,90170.0,39.0,2453.0,1850.0,95694.0,-406.0,2206.0,51102.0,False,True,False,1,East Coast,2612.0,-406.0,-406.0,0.0,0.0
2022-12-01,-13450.0,0.0,88688.0,69.0,2556.0,2432.0,97907.0,688.0,2894.0,56398.0,False,True,False,1,East Coast,2206.0,688.0,688.0,0.0,0.0
2023-01-01,-9530.0,0.0,87311.0,70.0,3220.0,2385.0,91727.0,420.0,3314.0,61972.0,False,True,False,1,East Coast,2894.0,421.0,420.0,-1.0,0.0
2023-02-01,-7073.0,0.0,84655.0,42.0,1790.0,1940.0,87260.0,-780.0,2534.0,64330.0,False,True,False,1,East Coast,3314.0,-780.0,-780.0,0.0,0.0
2023-03-01,-978.0,0.0,103262.0,51.0,1883.0,1786.0,99878.0,-744.0,1790.0,52690.0,False,True,False,1,East Coast,2534.0,-744.0,-744.0,0.0,0.0
2023-04-01,-6005.0,0.0,96027.0,32.0,3287.0,2768.0,96895.0,886.0,2676.0,53256.0,False,True,False,1,East Coast,1790.0,886.0,886.0,0.0,0.0
2023-05-01,-9754.0,0.0,99289.0,65.0,4934.0,2650.0,102140.0,616.0,3292.0,55471.0,False,True,False,1,East Coast,2676.0,616.0,616.0,0.0,0.0
2023-06-01,-6458.0,0.0,97316.0,53.0,3790.0,1932.0,97580.0,-524.0,2768.0,56992.0,False,True,False,1,East Coast,3292.0,-525.0,-524.0,1.0,0.0
2023-07-01,-9066.0,0.0,96087.0,167.0,2319.0,1818.0,100941.0,-243.0,2525.0,56885.0,False,True,False,1,East Coast,2768.0,-242.0,-243.0,-1.0,0.0
2023-08-01,-10336.0,0.0,95048.0,44.0,1801.0,1601.0,102866.0,840.0,3365.0,57442.0,False,True,False,1,East Coast,2525.0,840.0,840.0,0.0,0.0
2023-09-01,-8246.0,0.0,93238.0,43.0,3541.0,2218.0,95115.0,-654.0,2711.0,58791.0,False,True,False,1,East Coast,3365.0,-653.0,-654.0,-1.0,0.0
2023-10-01,-6389.0,0.0,97484.0,78.0,1784.0,2308.0,100239.0,381.0,3092.0,55791.0,False,True,False,1,East Coast,2711.0,380.0,381.0,1.0,0.0
2023-11-01,-6834.0,0.0,94842.0,44.0,3122.0,2244.0,96146.0,-208.0,2884.0,53460.0,False,True,False,1,East Coast,3092.0,-208.0,-208.0,0.0,0.0
2023-12-01,-4387.0,0.0,96223.0,80.0,2883.0,2367.0,94940.0,-499.0,2385.0,60085.0,False,True,False,1,East Coast,2884.0,-500.0,-499.0,1.0,0.0
2024-01-01,-6138.0,0.0,90619.0,40.0,2195.0,2307.0,92722.0,427.0,2812.0,64127.0,False,True,False,1,East Coast,2385.0,427.0,427.0,0.0,0.0
2024-02-01,-1398.0,0.0,91047.0,35.0,1410.0,1256.0,90372.0,558.0,3370.0,64192.0,False,True,False,1,East Coast,2812.0,558.0,558.0,0.0,0.0
2024-03-01,-3207.0,0.0,100384.0,44.0,2481.0,1809.0,98134.0,-1210.0,2160.0,54901.0,False,True,False,1,East Coast,3370.0,-1211.0,-1210.0,1.0,0.0
2024-04-01,-10989.0,0.0,92345.0,46.0,3702.0,2068.0,97729.0,119.0,2279.0,54857.0,False,True,False,1,East Coast,2160.0,119.0,119.0,0.0,0.0
2024-05-01,-7660.0,0.0,100549.0,61.0,3602.0,1965.0,103010.0,307.0,2586.0,56490.0,False,True,False,1,East Coast,2279.0,307.0,307.0,0.0,0.0
2024-06-01,-9554.0,0.0,93663.0,46.0,2932.0,1766.0,98175.0,-390.0,2196.0,56776.0,False,True,False,1,East Coast,2586.0,-390.0,-390.0,0.0,0.0
2024-07-01,-7271.0,0.0,98672.0,47.0,3761.0,1868.0,101006.0,645.0,2841.0,57679.0,False,True,False,1,East Coast,2196.0,645.0,645.0,0.0,0.0
2024-08-01,-10165.0,0.0,96956.0,55.0,3792.0,2478.0,100831.0,-75.0,2766.0,59114.0,False,True,False,1,East Coast,2841.0,-75.0,-75.0,0.0,0.0
2024-09-01,-6006.0,0.0,92068.0,32.0,1350.0,1929.0,94936.0,109.0,2875.0,60994.0,False,True,False,1,East Coast,2766.0,109.0,109.0,0.0,0.0
2024-10-01,-9709.0,0.0,95819.0,39.0,1852.0,2104.0,101086.0,-525.0,2350.0,54025.0,False,True,False,1,East Coast,2875.0,-525.0,-525.0,0.0,0.0
2024-11-01,-9795.0,0.0,90665.0,33.0,2482.0,2835.0,95238.0,62.0,2412.0,53952.0,False,True,False,1,East Coast,2350.0,62.0,62.0,0.0,0.0
2024-12-01,-9579.0,0.0,95390.0,31.0,4207.0,2596.0,98613.0,416.0,2828.0,60722.0,False,True,False,1,East Coast,2412.0,416.0,416.0,0.0,0.0
2025-01-01,-7202.0,0.0,89469.0,43.0,1570.0,3017.0,92806.0,679.0,3507.0,66423.0,False,True,False,1,East Coast,2828.0,679.0,679.0,0.0,0.0
2025-02-01,-3034.0,0.0,87729.0,43.0,1403.0,2357.0,86082.0,-965.0,2542.0,65816.0,False,True,False,1,East Coast,3507.0,-964.0,-965.0,-1.0,0.0
2025-03-01,-3980.0,0.0,97893.0,41.0,1965.0,1823.0,97798.0,-328.0,2214.0,59836.0,False,True,False,1,East Coast,2542.0,-328.0,-328.0,0.0,0.0
2025-04-01,-8879.0,0.0,91700.0,43.0,2509.0,2060.0,97016.0,964.0,3178.0,59440.0,False,True,False,1,East Coast,2214.0,963.0,964.0,1.0,0.0
2025-05-01,-11155.0,0.0,97568.0,50.0,4730.0,2908.0,101020.0,-114.0,3064.0,59838.0,False,True,False,1,East Coast,3178.0,-115.0,-114.0,1.0,0.0
2025-06-01,-6793.0,0.0,97617.0,38.0,4903.0,2858.0,97661.0,973.0,4037.0,63611.0,False,True,False,1,East Coast,3064.0,974.0,973.0,-1.0,0.0
2025-07-01,-5788.0,0.0,101958.0,47.0,2798.0,2912.0,102013.0,-70.0,3967.0,58368.0,False,True,False,1,East Coast,4037.0,-70.0,-70.0,0.0,0.0
2025-08-01,-4242.0,0.0,104267.0,70.0,3750.0,2918.0,101018.0,-893.0,3074.0,56697.0,False,True,False,1,East Coast,3967.0,-893.0,-893.0,0.0,0.0
2025-09-01,-3887.0,0.0,96216.0,36.0,2558.0,2623.0,95196.0,239.0,3313.0,57175.0,False,True,False,1,East Coast,3074.0,238.0,239.0,1.0,0.0
2025-10-01,-5726.0,0.0,100004.0,51.0,2133.0,2959.0,100033.0,-657.0,2656.0,50974.0,False,True,False,1,East Coast,3313.0,-656.0,-657.0,-1.0,0.0
2025-11-01,-6200.0,0.0,92836.0,36.0,1820.0,2934.0,93758.0,-560.0,2096.0,49709.0,False,True,False,1,East Coast,2656.0,-560.0,-560.0,0.0,0.0
2025-12-01,-7520.0,0.0,95253.0,44.0,4024.0,2138.0,97577.0,922.0,3018.0,58895.0,False,True,False,1,East Coast,2096.0,922.0,922.0,0.0,0.0
2026-01-01,-6058.0,0.0,90953.0,44.0,2690.0,2924.0,91578.0,137.0,3155.0,68046.0,False,True,False,1,East Coast,3018.0,137.0,137.0,0.0,0.0
2026-02-01,-1485.0,0.0,89529.0,46.0,2955.0,2406.0,84954.0,-745.0,2410.0,67907.0,False,True,False,1,East Coast,3155.0,-745.0,-745.0,0.0,0.0
2026-03-01,2321.0,0.0,102743.0,82.0,761.0,3053.0,96693.0,3.0,2413.0,59053.0,False,True,False,1,East Coast,2410.0,3.0,3.0,0.0,0.0
2026-04-01,-5920.0,0.0,94388.0,188.0,1723.0,3563.0,96078.0,867.0,3280.0,56752.0,False,True,False,1,East Coast,2413.0,868.0,867.0,-1.0,0.0
2026-05-01,-8229.0,0.0,95420.0,183.0,2286.0,3532.0,98259.0,245.0,3525.0,57919.0,False,True,False,1,East Coast,3280.0,245.0,245.0,0.0,0.0
2026-06-01,-8243.0,0.0,93047.0,135.0,2492.0,1703.0,97569.0,339.0,3864.0,56678.0,False,True,False,1,East Coast,3525.0,339.0,339.0,0.0,0.0
2007-01-01,10689.0,0.0,77425.0,369.0,23.0,12542.0,56289.0,1749.0,38989.0,55497.0,False,True,False,2,Midwest,,1749.0,,,
2007-02-01,10177.0,0.0,71361.0,1.0,40.0,12689.0,47471.0,-985.0,38004.0,54171.0,False,True,False,2,Midwest,38989.0,-985.0,-985.0,0.0,0.0
2007-03-01,11845.0,0.0,81100.0,0.0,31.0,14784.0,50053.0,-4387.0,33617.0,49149.0,False,True,False,2,Midwest,38004.0,-4387.0,-4387.0,0.0,0.0
2007-04-01,12956.0,0.0,78261.0,0.0,47.0,14647.0,49133.0,-1478.0,32139.0,47125.0,False,True,True,2,Midwest,33617.0,-1478.0,-1478.0,0.0,0.0
2007-05-01,10758.0,0.0,79696.0,170.0,198.0,15697.0,53617.0,404.0,32543.0,48700.0,False,True,False,2,Midwest,32139.0,404.0,404.0,0.0,0.0
2007-06-01,11819.0,0.0,80318.0,643.0,30.0,17746.0,53284.0,1917.0,34460.0,49758.0,False,True,False,2,Midwest,32543.0,1918.0,1917.0,-1.0,0.0
2007-07-01,11962.0,0.0,82787.0,0.0,22.0,17026.0,52257.0,-1520.0,32940.0,48021.0,False,True,False,2,Midwest,34460.0,-1520.0,-1520.0,0.0,0.0
2007-08-01,12547.0,0.0,82443.0,218.0,44.0,17850.0,51869.0,-351.0,32589.0,47267.0,False,True,False,2,Midwest,32940.0,-351.0,-351.0,0.0,0.0
2007-09-01,12098.0,0.0,79085.0,901.0,31.0,18746.0,50607.0,1496.0,34085.0,49909.0,False,True,False,2,Midwest,32589.0,1496.0,1496.0,0.0,0.0
2007-10-01,13658.0,0.0,81856.0,242.0,17.0,15529.0,50071.0,-2823.0,31262.0,46655.0,False,True,False,2,Midwest,34085.0,-2823.0,-2823.0,0.0,0.0
2007-11-01,15070.0,0.0,78220.0,351.0,24.0,16612.0,49145.0,2280.0,33542.0,49852.0,False,True,False,2,Midwest,31262.0,2280.0,2280.0,0.0,0.0
2007-12-01,15753.0,0.0,83275.0,287.0,27.0,15460.0,54395.0,2073.0,35615.0,52719.0,False,True,False,2,Midwest,33542.0,2073.0,2073.0,0.0,0.0
2008-01-01,5631.0,0.0,76260.0,351.0,20.0,13633.0,59872.0,2545.0,38160.0,56725.0,False,True,False,2,Midwest,35615.0,2545.0,2545.0,0.0,0.0
2008-02-01,5393.0,0.0,71635.0,420.0,68.0,11394.0,57101.0,1901.0,40061.0,59410.0,False,True,False,2,Midwest,38160.0,1901.0,1901.0,0.0,0.0
2008-03-01,5829.0,0.0,78746.0,862.0,21.0,12853.0,55663.0,-5242.0,34819.0,52713.0,False,True,False,2,Midwest,40061.0,-5242.0,-5242.0,0.0,0.0
2008-04-01,4683.0,0.0,75997.0,200.0,16.0,13855.0,55047.0,-2596.0,32223.0,50405.0,False,True,False,2,Midwest,34819.0,-2596.0,-2596.0,0.0,0.0
2008-05-01,5617.0,0.0,80512.0,845.0,4.0,16593.0,59843.0,699.0,32922.0,50962.0,False,True,False,2,Midwest,32223.0,700.0,699.0,-1.0,0.0
2008-06-01,5188.0,0.0,77628.0,531.0,6.0,15523.0,58100.0,658.0,33580.0,51511.0,False,True,False,2,Midwest,32922.0,658.0,658.0,0.0,0.0
2008-07-01,4580.0,0.0,80322.0,890.0,0.0,14733.0,60295.0,-1604.0,31976.0,49758.0,True,True,False,2,Midwest,33580.0,-1604.0,-1604.0,0.0,0.0
2008-08-01,3357.0,0.0,79111.0,555.0,13.0,17718.0,59104.0,526.0,32502.0,50896.0,False,True,False,2,Midwest,31976.0,526.0,526.0,0.0,0.0
2008-09-01,5361.0,0.0,73598.0,738.0,13.0,9578.0,57243.0,-2142.0,30360.0,48951.0,False,True,False,2,Midwest,32502.0,-2141.0,-2142.0,-1.0,0.0
2008-10-01,5652.0,0.0,80798.0,567.0,3.0,13644.0,61281.0,-785.0,29575.0,47685.0,False,True,False,2,Midwest,30360.0,-785.0,-785.0,0.0,0.0
2008-11-01,3397.0,0.0,76679.0,236.0,65.0,12862.0,61786.0,1195.0,30770.0,49004.0,False,True,False,2,Midwest,29575.0,1195.0,1195.0,0.0,0.0
2008-12-01,3382.0,0.0,79851.0,307.0,15.0,12009.0,63459.0,-1293.0,29477.0,48178.0,False,True,False,2,Midwest,30770.0,-1293.0,-1293.0,0.0,0.0
2009-01-01,4286.0,-30.0,75028.0,120.0,59.0,14095.0,59432.0,2694.0,32171.0,52673.0,False,False,False,2,Midwest,29477.0,2694.0,2694.0,0.0,0.0
2009-02-01,2129.0,-26.0,69271.0,61.0,13.0,10331.0,55288.0,-1597.0,30574.0,53471.0,False,False,False,2,Midwest,32171.0,-1597.0,-1597.0,0.0,0.0
2009-03-01,5257.0,-27.0,77532.0,4.0,0.0,10529.0,59672.0,-2104.0,28470.0,51083.0,True,False,False,2,Midwest,30574.0,-2105.0,-2104.0,1.0,0.0
2009-04-01,5664.0,-14.0,75393.0,0.0,54.0,10681.0,59368.0,360.0,28830.0,48989.0,False,False,False,2,Midwest,28470.0,360.0,360.0,0.0,0.0
2009-05-01,5438.0,-16.0,79464.0,1.0,107.0,10598.0,60847.0,-2491.0,26339.0,46999.0,False,False,False,2,Midwest,28830.0,-2491.0,-2491.0,0.0,0.0
2009-06-01,6491.0,-15.0,78528.0,1.0,80.0,12728.0,60988.0,1743.0,28082.0,50995.0,False,False,False,2,Midwest,26339.0,1743.0,1743.0,0.0,0.0
2009-07-01,4759.0,-19.0,83388.0,6.0,0.0,14908.0,63358.0,-388.0,27694.0,52275.0,True,False,False,2,Midwest,28082.0,-388.0,-388.0,0.0,0.0
2009-08-01,5030.0,-14.0,78917.0,14.0,0.0,10706.0,61711.0,-1498.0,26196.0,50314.0,True,False,False,2,Midwest,27694.0,-1498.0,-1498.0,0.0,0.0
2009-09-01,4125.0,-12.0,76216.0,0.0,0.0,10941.0,61505.0,343.0,26539.0,51454.0,True,False,False,2,Midwest,26196.0,343.0,343.0,0.0,0.0
2009-10-01,2066.0,-19.0,77930.0,0.0,13.0,10014.0,64701.0,-1156.0,25383.0,50150.0,False,False,False,2,Midwest,26539.0,-1155.0,-1156.0,-1.0,0.0
2009-11-01,4588.0,-17.0,75820.0,116.0,9.0,9604.0,62599.0,847.0,26230.0,51331.0,False,False,False,2,Midwest,25383.0,847.0,847.0,0.0,0.0
2009-12-01,2873.0,-19.0,77904.0,0.0,34.0,8141.0,68154.0,1279.0,27509.0,52513.0,False,False,False,2,Midwest,26230.0,1279.0,1279.0,0.0,0.0
2010-01-01,3946.0,-16.0,72039.0,2.0,17.0,7908.0,63974.0,3788.0,31297.0,58577.0,False,False,False,2,Midwest,27509.0,3788.0,3788.0,0.0,0.0
2010-02-01,3390.0,-6.0,68113.0,4.0,29.0,4976.0,58134.0,-1594.0,29703.0,58318.0,False,False,False,2,Midwest,31297.0,-1594.0,-1594.0,0.0,0.0
2010-03-01,3287.0,-3.0,76465.0,152.0,40.0,6762.0,64740.0,-1791.0,27912.0,55233.0,False,False,False,2,Midwest,29703.0,-1791.0,-1791.0,0.0,0.0
2010-04-01,4684.0,-4.0,79438.0,65.0,49.0,9723.0,63816.0,-1235.0,26677.0,51745.0,False,False,False,2,Midwest,27912.0,-1235.0,-1235.0,0.0,0.0
2010-05-01,4624.0,4.0,83273.0,102.0,46.0,9599.0,67726.0,-1376.0,25301.0,50431.0,False,False,False,2,Midwest,26677.0,-1376.0,-1376.0,0.0,0.0
2010-06-01,2508.0,4.0,79744.0,108.0,2.0,9814.0,66492.0,-1032.0,24269.0,49259.0,False,False,False,2,Midwest,25301.0,-1032.0,-1032.0,0.0,0.0
2010-07-01,1418.0,6.0,83534.0,133.0,79.0,10715.0,70471.0,-978.0,23291.0,50016.0,False,False,False,2,Midwest,24269.0,-978.0,-978.0,0.0,0.0
2010-08-01,2311.0,10.0,83240.0,238.0,102.0,11678.0,70361.0,984.0,24275.0,50174.0,False,False,False,2,Midwest,23291.0,984.0,984.0,0.0,0.0
2010-09-01,1694.0,6.0,78522.0,125.0,65.0,11591.0,65801.0,509.0,24784.0,52539.0,False,False,False,2,Midwest,24275.0,510.0,509.0,-1.0,0.0
2010-10-01,840.0,5.0,78297.0,104.0,58.0,9467.0,67937.0,-94.0,24690.0,50679.0,False,False,False,2,Midwest,24784.0,-94.0,-94.0,0.0,0.0
2010-11-01,2520.0,4.0,77220.0,48.0,53.0,6317.0,67538.0,-836.0,23854.0,49219.0,False,False,False,2,Midwest,24690.0,-836.0,-836.0,0.0,0.0
2010-12-01,3238.0,12.0,80164.0,275.0,142.0,5130.0,71004.0,-913.0,22941.0,49104.0,False,False,False,2,Midwest,23854.0,-913.0,-913.0,0.0,0.0
2011-01-01,3608.0,11.0,73577.0,321.0,89.0,4339.0,67986.0,2134.0,25075.0,53911.0,False,False,False,2,Midwest,22941.0,2135.0,2134.0,-1.0,0.0
2011-02-01,2773.0,10.0,68075.0,1.0,106.0,3826.0,62129.0,768.0,25843.0,54270.0,False,False,False,2,Midwest,25075.0,768.0,768.0,0.0,0.0
2011-03-01,1822.0,28.0,74185.0,307.0,52.0,3715.0,67033.0,-1842.0,24001.0,50526.0,False,False,False,2,Midwest,25843.0,-1842.0,-1842.0,0.0,0.0
2011-04-01,2050.0,39.0,73434.0,355.0,9.0,5569.0,64003.0,-2118.0,21883.0,48067.0,False,False,False,2,Midwest,24001.0,-2119.0,-2118.0,1.0,0.0
2011-05-01,3296.0,33.0,79039.0,178.0,5.0,8007.0,68011.0,135.0,22018.0,48693.0,False,False,False,2,Midwest,21883.0,135.0,135.0,0.0,0.0
2011-06-01,2198.0,22.0,79246.0,134.0,3.0,7970.0,69520.0,333.0,22351.0,49852.0,False,False,False,2,Midwest,22018.0,333.0,333.0,0.0,0.0
2011-07-01,2408.0,16.0,81313.0,32.0,6.0,6175.0,71795.0,-945.0,21406.0,49771.0,False,False,False,2,Midwest,22351.0,-945.0,-945.0,0.0,0.0
2011-08-01,3390.0,14.0,79453.0,0.0,0.0,5978.0,69525.0,-547.0,20859.0,47031.0,True,False,False,2,Midwest,21406.0,-546.0,-547.0,-1.0,0.0
2011-09-01,4293.0,12.0,75451.0,1.0,5.0,5322.0,67639.0,1819.0,22678.0,49897.0,False,False,False,2,Midwest,20859.0,1819.0,1819.0,0.0,0.0
2011-10-01,5842.0,5.0,78057.0,0.0,2.0,2828.0,67661.0,-1719.0,20959.0,47674.0,False,False,True,2,Midwest,22678.0,-1719.0,-1719.0,0.0,0.0
2011-11-01,6563.0,7.0,76635.0,0.0,10.0,2912.0,69262.0,2119.0,23078.0,49219.0,False,False,True,2,Midwest,20959.0,2119.0,2119.0,0.0,0.0
2011-12-01,6271.0,10.0,78114.0,1.0,3.0,1951.0,71120.0,1240.0,24318.0,52215.0,False,False,False,2,Midwest,23078.0,1240.0,1240.0,0.0,0.0
2012-01-01,1415.0,5.0,68616.0,5.0,20.0,2843.0,66658.0,2320.0,26638.0,56515.0,False,False,False,2,Midwest,24318.0,2320.0,2320.0,0.0,0.0
2012-02-01,7154.0,12.0,71385.0,1.0,1.0,1590.0,61380.0,-1248.0,25390.0,55527.0,False,False,False,2,Midwest,26638.0,-1249.0,-1248.0,1.0,0.0
2012-03-01,5221.0,36.0,73078.0,46.0,0.0,1980.0,64338.0,-1548.0,23842.0,52512.0,True,False,False,2,Midwest,25390.0,-1549.0,-1548.0,1.0,0.0
2012-04-01,6062.0,35.0,75011.0,154.0,0.0,2006.0,65262.0,-1799.0,22043.0,50666.0,True,False,False,2,Midwest,23842.0,-1800.0,-1799.0,1.0,0.0
2012-05-01,9938.0,38.0,81992.0,147.0,0.0,1833.0,68868.0,-1461.0,20582.0,48223.0,True,False,False,2,Midwest,22043.0,-1462.0,-1461.0,1.0,0.0
2012-06-01,8958.0,35.0,80152.0,319.0,0.0,4123.0,68266.0,910.0,21492.0,49324.0,True,False,False,2,Midwest,20582.0,911.0,910.0,-1.0,0.0
2012-07-01,5820.0,31.0,79286.0,255.0,0.0,3648.0,70341.0,299.0,21791.0,50180.0,True,False,False,2,Midwest,21492.0,299.0,299.0,0.0,0.0
2012-08-01,8688.0,35.0,82332.0,103.0,1.0,2456.0,70772.0,-483.0,21308.0,49405.0,False,False,False,2,Midwest,21791.0,-483.0,-483.0,0.0,0.0
2012-09-01,4675.0,35.0,73380.0,13.0,0.0,932.0,67441.0,-310.0,20998.0,48624.0,True,False,False,2,Midwest,21308.0,-310.0,-310.0,0.0,0.0
2012-10-01,6188.0,29.0,79976.0,7.0,18.0,28.0,72338.0,-1382.0,19616.0,45391.0,False,False,False,2,Midwest,20998.0,-1382.0,-1382.0,0.0,0.0
2012-11-01,3806.0,15.0,73457.0,1.0,44.0,1046.0,69278.0,731.0,20347.0,47338.0,False,False,False,2,Midwest,19616.0,731.0,731.0,0.0,0.0
2012-12-01,3526.0,1.0,72772.0,38.0,43.0,2283.0,70490.0,3533.0,23880.0,53905.0,False,False,False,2,Midwest,20347.0,3533.0,3533.0,0.0,0.0
2013-01-01,6097.0,9.0,75353.0,1.0,51.0,1309.0,67246.0,-642.0,23238.0,53645.0,False,False,False,2,Midwest,23880.0,-642.0,-642.0,0.0,0.0
2013-02-01,5702.0,18.0,66070.0,297.0,42.0,1278.0,60008.0,681.0,23919.0,55066.0,False,False,False,2,Midwest,23238.0,681.0,681.0,0.0,0.0
2013-03-01,7937.0,25.0,78933.0,4.0,69.0,1180.0,68859.0,-867.0,23052.0,53790.0,False,False,False,2,Midwest,23919.0,-867.0,-867.0,0.0,0.0
2013-04-01,4670.0,31.0,74174.0,15.0,34.0,1150.0,65514.0,-2790.0,20262.0,50122.0,False,False,False,2,Midwest,23052.0,-2790.0,-2790.0,0.0,0.0
2013-05-01,6187.0,52.0,80058.0,284.0,24.0,3902.0,70657.0,480.0,20742.0,48523.0,False,False,False,2,Midwest,20262.0,480.0,480.0,0.0,0.0
2013-06-01,5212.0,66.0,77884.0,317.0,63.0,3736.0,69551.0,426.0,21168.0,49294.0,False,False,False,2,Midwest,20742.0,427.0,426.0,-1.0,0.0
2013-07-01,6439.0,67.0,81726.0,285.0,54.0,3810.0,71585.0,-57.0,21111.0,48441.0,False,False,False,2,Midwest,21168.0,-56.0,-57.0,-1.0,0.0
2013-08-01,4556.0,67.0,80145.0,15.0,82.0,3052.0,70956.0,-1447.0,19664.0,46993.0,False,False,False,2,Midwest,21111.0,-1447.0,-1447.0,0.0,0.0
2013-09-01,-3003.0,55.0,75080.0,4.0,9.0,2367.0,69319.0,-6337.0,13327.0,49802.0,False,False,False,2,Midwest,19664.0,-6337.0,-6337.0,0.0,0.0
2013-10-01,-667.0,52.0,81666.0,3.0,4.0,1774.0,79262.0,-1244.0,12083.0,48033.0,False,False,False,2,Midwest,13327.0,-1244.0,-1244.0,0.0,0.0
2013-11-01,-1375.0,43.0,76185.0,549.0,76.0,1947.0,76086.0,43.0,12126.0,49278.0,False,False,False,2,Midwest,12083.0,43.0,43.0,0.0,0.0
2013-12-01,-2347.0,28.0,77010.0,707.0,81.0,2629.0,77772.0,447.0,12573.0,51527.0,False,False,False,2,Midwest,12126.0,446.0,447.0,1.0,0.0
2014-01-01,4358.0,29.0,74438.0,407.0,34.0,2075.0,67950.0,-399.0,12174.0,52870.0,False,False,False,2,Midwest,12573.0,-399.0,-399.0,0.0,0.0
2014-02-01,2273.0,35.0,67441.0,732.0,24.0,1478.0,63382.0,-980.0,11194.0,53251.0,False,False,False,2,Midwest,12174.0,-981.0,-980.0,1.0,0.0
2014-03-01,2151.0,55.0,76596.0,24.0,15.0,873.0,71752.0,-1774.0,9420.0,49093.0,False,False,False,2,Midwest,11194.0,-1774.0,-1774.0,0.0,0.0
2014-04-01,-2826.0,51.0,74007.0,3.0,0.0,1476.0,74494.0,-815.0,8605.0,50507.0,True,False,False,2,Midwest,9420.0,-815.0,-815.0,0.0,0.0
2014-05-01,-989.0,58.0,79976.0,5.0,0.0,1677.0,79333.0,99.0,8704.0,46914.0,True,False,False,2,Midwest,8605.0,98.0,99.0,1.0,0.0
2014-06-01,764.0,79.0,81534.0,19.0,0.0,1300.0,77985.0,-1425.0,7279.0,49740.0,True,False,False,2,Midwest,8704.0,-1425.0,-1425.0,0.0,0.0
2014-07-01,1039.0,86.0,84460.0,41.0,0.0,793.0,82380.0,-203.0,7076.0,48264.0,True,False,False,2,Midwest,7279.0,-203.0,-203.0,0.0,0.0
2014-08-01,448.0,72.0,80505.0,68.0,0.0,616.0,79451.0,14.0,7090.0,46770.0,True,False,False,2,Midwest,7076.0,14.0,14.0,0.0,0.0
2014-09-01,813.0,85.0,76926.0,47.0,0.0,665.0,75338.0,-73.0,7017.0,47083.0,True,False,False,2,Midwest,7090.0,-72.0,-73.0,-1.0,0.0
2014-10-01,2626.0,90.0,81081.0,5.0,0.0,437.0,77443.0,-490.0,6527.0,44074.0,True,False,False,2,Midwest,7017.0,-490.0,-490.0,0.0,0.0
2014-11-01,1483.0,64.0,77050.0,1.0,0.0,257.0,75021.0,-226.0,6301.0,45416.0,True,False,False,2,Midwest,6527.0,-226.0,-226.0,0.0,0.0
2014-12-01,1710.0,44.0,81010.0,508.0,0.0,647.0,79886.0,769.0,7070.0,52440.0,True,False,False,2,Midwest,6301.0,769.0,769.0,0.0,0.0
2015-01-01,1658.0,42.0,77526.0,47.0,10.0,758.0,74550.0,-556.0,6514.0,53425.0,False,False,False,2,Midwest,7070.0,-555.0,-556.0,-1.0,0.0
2015-02-01,3181.0,49.0,73459.0,36.0,18.0,1162.0,69389.0,304.0,6818.0,53385.0,False,False,False,2,Midwest,6514.0,304.0,304.0,0.0,0.0
2015-03-01,-1225.0,78.0,76889.0,28.0,16.0,919.0,76900.0,-229.0,6589.0,52861.0,False,False,False,2,Midwest,6818.0,-229.0,-229.0,0.0,0.0
2015-04-01,-2643.0,86.0,75904.0,132.0,0.0,1011.0,77512.0,-70.0,6519.0,53286.0,True,False,False,2,Midwest,6589.0,-70.0,-70.0,0.0,0.0
2015-05-01,1596.0,109.0,83781.0,20.0,0.0,815.0,80681.0,-600.0,5919.0,49145.0,True,False,False,2,Midwest,6519.0,-600.0,-600.0,0.0,0.0
2015-06-01,278.0,122.0,79338.0,19.0,0.0,970.0,78808.0,821.0,6740.0,50387.0,True,False,False,2,Midwest,5919.0,821.0,821.0,0.0,0.0
2015-07-01,2044.0,122.0,86707.0,49.0,0.0,920.0,83198.0,-472.0,6268.0,48210.0,True,False,False,2,Midwest,6740.0,-472.0,-472.0,0.0,0.0
2015-08-01,-1698.0,124.0,81892.0,164.0,0.0,1779.0,82425.0,574.0,6842.0,49387.0,True,False,False,2,Midwest,6268.0,574.0,574.0,0.0,0.0
2015-09-01,-175.0,101.0,78965.0,841.0,0.0,958.0,77936.0,-986.0,5856.0,47041.0,True,False,False,2,Midwest,6842.0,-986.0,-986.0,0.0,0.0
2015-10-01,-32.0,97.0,82736.0,88.0,0.0,2088.0,80988.0,316.0,6172.0,45967.0,True,False,False,2,Midwest,5856.0,317.0,316.0,-1.0,0.0
2015-11-01,675.0,71.0,77876.0,337.0,0.0,1104.0,76756.0,393.0,6565.0,50053.0,True,False,False,2,Midwest,6172.0,393.0,393.0,0.0,0.0
2015-12-01,1733.0,61.0,79344.0,979.0,0.0,415.0,78857.0,743.0,7308.0,53674.0,True,False,False,2,Midwest,6565.0,743.0,743.0,0.0,0.0
2016-01-01,-682.0,53.0,75228.0,359.0,0.0,118.0,75711.0,-388.0,6920.0,62336.0,True,False,False,2,Midwest,7308.0,-387.0,-388.0,-1.0,0.0
2016-02-01,4118.0,41.0,76200.0,1178.0,0.0,45.0,73087.0,-87.0,6833.0,60365.0,True,False,False,2,Midwest,6920.0,-87.0,-87.0,0.0,0.0
2016-03-01,1624.0,64.0,79414.0,851.0,0.0,294.0,77970.0,-313.0,6520.0,57094.0,True,False,False,2,Midwest,6833.0,-313.0,-313.0,0.0,0.0
2016-04-01,662.0,65.0,80574.0,73.0,0.0,639.0,79034.0,-246.0,6274.0,54581.0,True,False,False,2,Midwest,6520.0,-247.0,-246.0,1.0,0.0
2016-05-01,-1892.0,83.0,81847.0,57.0,65.0,1238.0,82136.0,-273.0,6001.0,54211.0,False,False,False,2,Midwest,6274.0,-274.0,-273.0,1.0,0.0
2016-06-01,2980.0,105.0,86246.0,435.0,0.0,1811.0,82192.0,406.0,6407.0,53898.0,True,False,False,2,Midwest,6001.0,407.0,406.0,-1.0,0.0
2016-07-01,1311.0,98.0,86201.0,4.0,0.0,1137.0,83747.0,87.0,6494.0,51933.0,True,False,False,2,Midwest,6407.0,88.0,87.0,-1.0,0.0
2016-08-01,917.0,113.0,85988.0,49.0,0.0,1294.0,83359.0,-354.0,6140.0,51959.0,True,False,False,2,Midwest,6494.0,-354.0,-354.0,0.0,0.0
2016-09-01,319.0,112.0,81086.0,78.0,0.0,1852.0,79283.0,402.0,6542.0,51101.0,True,False,False,2,Midwest,6140.0,402.0,402.0,0.0,0.0
2016-10-01,715.0,109.0,83019.0,43.0,0.0,1053.0,80917.0,-268.0,6274.0,49811.0,True,False,False,2,Midwest,6542.0,-268.0,-268.0,0.0,0.0
2016-11-01,-1165.0,102.0,76117.0,572.0,0.0,667.0,77848.0,762.0,7036.0,50310.0,True,False,False,2,Midwest,6274.0,763.0,762.0,-1.0,0.0
2016-12-01,3695.0,95.0,83118.0,592.0,0.0,179.0,80002.0,260.0,7296.0,53229.0,True,False,False,2,Midwest,7036.0,261.0,260.0,-1.0,0.0
2017-01-01,1986.0,95.0,75736.0,43.0,0.0,-121.0,74042.0,223.0,7519.0,60494.0,True,False,False,2,Midwest,7296.0,223.0,223.0,0.0,0.0
2017-02-01,3521.0,69.0,72008.0,52.0,0.0,-654.0,68008.0,-1117.0,6402.0,60249.0,True,False,False,2,Midwest,7519.0,-1116.0,-1117.0,-1.0,0.0
2017-03-01,2596.0,81.0,81668.0,396.0,0.0,580.0,78358.0,-449.0,5953.0,57339.0,True,False,False,2,Midwest,6402.0,-449.0,-449.0,0.0,0.0
2017-04-01,1893.0,83.0,78975.0,60.0,0.0,641.0,76646.0,227.0,6180.0,56828.0,True,False,False,2,Midwest,5953.0,228.0,227.0,-1.0,0.0
2017-05-01,233.0,103.0,84565.0,137.0,0.0,1146.0,83360.0,140.0,6320.0,55450.0,True,False,False,2,Midwest,6180.0,140.0,140.0,0.0,0.0
2017-06-01,1554.0,115.0,85294.0,44.0,0.0,1007.0,82413.0,-248.0,6072.0,53587.0,True,False,False,2,Midwest,6320.0,-249.0,-248.0,1.0,0.0
2017-07-01,982.0,107.0,83456.0,347.0,0.0,863.0,82125.0,274.0,6346.0,53144.0,True,False,False,2,Midwest,6072.0,274.0,274.0,0.0,0.0
2017-08-01,4088.0,124.0,88842.0,55.0,0.0,849.0,84091.0,255.0,6601.0,51525.0,True,False,False,2,Midwest,6346.0,255.0,255.0,0.0,0.0
2017-09-01,1974.0,123.0,79247.0,458.0,0.0,13.0,77072.0,-523.0,6078.0,50366.0,True,False,False,2,Midwest,6601.0,-523.0,-523.0,0.0,0.0
2017-10-01,3765.0,140.0,83972.0,140.0,0.0,159.0,80278.0,230.0,6308.0,45863.0,True,False,False,2,Midwest,6078.0,230.0,230.0,0.0,0.0
2017-11-01,3447.0,154.0,82226.0,271.0,0.0,412.0,78669.0,185.0,6493.0,47897.0,True,False,False,2,Midwest,6308.0,185.0,185.0,0.0,0.0
2017-12-01,-2285.0,142.0,76885.0,136.0,0.0,149.0,79039.0,24.0,6517.0,52209.0,True,False,False,2,Midwest,6493.0,24.0,24.0,0.0,0.0
2018-01-01,1840.0,151.0,77492.0,29.0,0.0,215.0,75831.0,516.0,7033.0,57692.0,True,False,False,2,Midwest,6517.0,516.0,516.0,0.0,0.0
2018-02-01,1773.0,133.0,72105.0,105.0,0.0,29.0,69899.0,-376.0,6657.0,60233.0,True,False,False,2,Midwest,7033.0,-376.0,-376.0,0.0,0.0
2018-03-01,1730.0,141.0,81133.0,90.0,0.0,153.0,78341.0,-858.0,5799.0,57183.0,True,False,False,2,Midwest,6657.0,-858.0,-858.0,0.0,0.0
2018-04-01,-477.0,149.0,75002.0,378.0,0.0,-170.0,76646.0,768.0,6567.0,57200.0,True,False,False,2,Midwest,5799.0,768.0,768.0,0.0,0.0
2018-05-01,3856.0,183.0,88192.0,574.0,0.0,481.0,83882.0,-364.0,6203.0,53886.0,True,False,False,2,Midwest,6567.0,-364.0,-364.0,0.0,0.0
2018-06-01,2978.0,165.0,84913.0,304.0,0.0,1006.0,81218.0,150.0,6353.0,53488.0,True,False,False,2,Midwest,6203.0,150.0,150.0,0.0,0.0
2018-07-01,4396.0,161.0,87663.0,83.0,0.0,1182.0,82493.0,487.0,6840.0,53407.0,True,False,False,2,Midwest,6353.0,486.0,487.0,1.0,0.0
2018-08-01,3157.0,166.0,88609.0,83.0,0.0,758.0,83864.0,-746.0,6094.0,53041.0,True,False,False,2,Midwest,6840.0,-747.0,-746.0,1.0,0.0
2018-09-01,294.0,156.0,77803.0,164.0,0.0,988.0,77047.0,517.0,6611.0,53164.0,True,False,False,2,Midwest,6094.0,518.0,517.0,-1.0,0.0
2018-10-01,124.0,175.0,83040.0,39.0,0.0,138.0,81771.0,-871.0,5740.0,47779.0,True,False,False,2,Midwest,6611.0,-871.0,-871.0,0.0,0.0
2018-11-01,3210.0,148.0,81328.0,89.0,0.0,228.0,78225.0,393.0,6133.0,49088.0,True,False,False,2,Midwest,5740.0,394.0,393.0,-1.0,0.0
2018-12-01,532.0,104.0,78202.0,65.0,0.0,-492.0,78495.0,371.0,6504.0,56136.0,True,False,False,2,Midwest,6133.0,372.0,371.0,-1.0,0.0
2019-01-01,3457.0,82.0,76798.0,75.0,0.0,-572.0,74648.0,741.0,7245.0,60779.0,True,False,False,2,Midwest,6504.0,742.0,741.0,-1.0,0.0
2019-02-01,-94.0,86.0,69449.0,75.0,0.0,-179.0,68861.0,-851.0,6394.0,59040.0,True,False,False,2,Midwest,7245.0,-850.0,-851.0,-1.0,0.0
2019-03-01,5067.0,96.0,83951.0,159.0,0.0,201.0,78762.0,16.0,6410.0,54545.0,True,False,False,2,Midwest,6394.0,16.0,16.0,0.0,0.0
2019-04-01,867.0,137.0,79580.0,222.0,0.0,378.0,77993.0,-426.0,5984.0,51552.0,True,False,False,2,Midwest,6410.0,-427.0,-426.0,1.0,0.0
2019-05-01,-712.0,162.0,83537.0,178.0,1.0,1282.0,82948.0,-35.0,5949.0,47444.0,False,False,False,2,Midwest,5984.0,-34.0,-35.0,-1.0,0.0
2019-06-01,-572.0,133.0,80980.0,126.0,0.0,1230.0,80414.0,99.0,6048.0,49584.0,True,False,False,2,Midwest,5949.0,99.0,99.0,0.0,0.0
2019-07-01,3833.0,150.0,88337.0,152.0,0.0,1441.0,83791.0,726.0,6774.0,50218.0,True,False,False,2,Midwest,6048.0,726.0,726.0,0.0,0.0
2019-08-01,1045.0,139.0,85844.0,146.0,0.0,1497.0,83302.0,-7.0,6767.0,51265.0,True,False,False,2,Midwest,6774.0,-7.0,-7.0,0.0,0.0
2019-09-01,3424.0,133.0,81349.0,323.0,0.0,495.0,77485.0,-135.0,6632.0,51041.0,True,False,False,2,Midwest,6767.0,-135.0,-135.0,0.0,0.0
2019-10-01,500.0,141.0,83496.0,222.0,0.0,250.0,83186.0,359.0,6991.0,47150.0,True,False,False,2,Midwest,6632.0,359.0,359.0,0.0,0.0
2019-11-01,2251.0,102.0,81352.0,241.0,0.0,-191.0,79164.0,-267.0,6724.0,49235.0,True,False,False,2,Midwest,6991.0,-267.0,-267.0,0.0,0.0
2019-12-01,2074.0,110.0,79307.0,204.0,0.0,-908.0,78832.0,597.0,7321.0,55016.0,True,False,False,2,Midwest,6724.0,597.0,597.0,0.0,0.0
2020-01-01,4957.0,92.0,78870.0,199.0,0.0,-488.0,74657.0,148.0,7469.0,57926.0,True,False,False,2,Midwest,7321.0,149.0,148.0,-1.0,0.0
2020-02-01,2832.0,98.0,73660.0,137.0,0.0,-43.0,70386.0,-524.0,6945.0,58930.0,True,False,False,2,Midwest,7469.0,-524.0,-524.0,0.0,0.0
2020-03-01,1915.0,84.0,68413.0,164.0,0.0,81.0,66616.0,118.0,7063.0,60194.0,True,False,False,2,Midwest,6945.0,119.0,118.0,-1.0,0.0
2020-04-01,3260.0,27.0,52759.0,197.0,0.0,-152.0,49352.0,-469.0,6594.0,56543.0,True,False,False,2,Midwest,7063.0,-469.0,-469.0,0.0,0.0
2020-05-01,5343.0,41.0,66979.0,154.0,0.0,-324.0,62477.0,403.0,6997.0,56207.0,True,False,False,2,Midwest,6594.0,404.0,403.0,-1.0,0.0
2020-06-01,2121.0,64.0,73913.0,181.0,0.0,-183.0,72025.0,-66.0,6931.0,52680.0,True,False,False,2,Midwest,6997.0,-67.0,-66.0,1.0,0.0
2020-07-01,2914.0,74.0,79995.0,223.0,0.0,487.0,76606.0,-137.0,6794.0,50708.0,True,False,False,2,Midwest,6931.0,-137.0,-137.0,0.0,0.0
2020-08-01,2071.0,74.0,78111.0,314.0,37.0,195.0,76388.0,340.0,7134.0,48599.0,False,False,False,2,Midwest,6794.0,340.0,340.0,0.0,0.0
2020-09-01,744.0,82.0,73609.0,313.0,0.0,65.0,72615.0,-416.0,6718.0,46205.0,True,False,False,2,Midwest,7134.0,-416.0,-416.0,0.0,0.0
2020-10-01,57.0,89.0,74673.0,268.0,0.0,-399.0,75727.0,533.0,7251.0,47628.0,True,False,False,2,Midwest,6718.0,533.0,533.0,0.0,0.0
2020-11-01,3381.0,68.0,71421.0,198.0,0.0,-1090.0,69731.0,471.0,7722.0,52602.0,True,False,False,2,Midwest,7251.0,471.0,471.0,0.0,0.0
2020-12-01,4508.0,74.0,74411.0,189.0,0.0,-753.0,70405.0,-366.0,7356.0,50862.0,True,False,False,2,Midwest,7722.0,-366.0,-366.0,0.0,0.0
2021-01-01,544.0,79.0,67876.0,206.0,0.0,-918.0,66673.0,-1704.0,5652.0,55101.0,True,False,False,2,Midwest,7356.0,-1704.0,-1704.0,0.0,0.0
2021-02-01,3388.0,86.0,65610.0,193.0,0.0,-125.0,61822.0,-632.0,5020.0,52698.0,True,False,False,2,Midwest,5652.0,-632.0,-632.0,0.0,0.0
2021-03-01,3854.0,112.0,78458.0,244.0,0.0,609.0,74526.0,400.0,5420.0,50642.0,True,False,False,2,Midwest,5020.0,399.0,400.0,1.0,0.0
2021-04-01,-503.0,131.0,75605.0,257.0,0.0,1514.0,75260.0,540.0,5960.0,49224.0,True,False,False,2,Midwest,5420.0,540.0,540.0,0.0,0.0
2021-05-01,466.0,142.0,82194.0,269.0,100.0,857.0,80099.0,-800.0,5160.0,47745.0,False,False,False,2,Midwest,5960.0,-799.0,-800.0,-1.0,0.0
2021-06-01,1680.0,159.0,81915.0,226.0,0.0,597.0,78775.0,-930.0,4230.0,50642.0,True,False,False,2,Midwest,5160.0,-930.0,-930.0,0.0,0.0
2021-07-01,3703.0,148.0,86511.0,271.0,0.0,1014.0,81835.0,-81.0,4149.0,48408.0,True,False,False,2,Midwest,4230.0,-82.0,-81.0,1.0,0.0
2021-08-01,-112.0,169.0,81878.0,285.0,0.0,878.0,81259.0,32.0,4181.0,47039.0,True,False,False,2,Midwest,4149.0,31.0,32.0,1.0,0.0
2021-09-01,3141.0,154.0,79745.0,277.0,0.0,122.0,76806.0,201.0,4382.0,46774.0,True,False,False,2,Midwest,4181.0,201.0,201.0,0.0,0.0
2021-10-01,3142.0,147.0,80584.0,288.0,0.0,-529.0,78124.0,12.0,4394.0,44972.0,True,False,False,2,Midwest,4382.0,12.0,12.0,0.0,0.0
2021-11-01,5150.0,120.0,80032.0,298.0,0.0,-403.0,75564.0,101.0,4495.0,46868.0,True,False,False,2,Midwest,4394.0,101.0,101.0,0.0,0.0
2021-12-01,3764.0,74.0,78462.0,326.0,0.0,-838.0,75696.0,-93.0,4402.0,50741.0,True,False,False,2,Midwest,4495.0,-92.0,-93.0,-1.0,0.0
2022-01-01,5444.0,63.0,73912.0,277.0,0.0,-469.0,69400.0,249.0,4651.0,58762.0,True,False,False,2,Midwest,4402.0,249.0,249.0,0.0,0.0
2022-02-01,4030.0,79.0,69318.0,273.0,0.0,-576.0,65820.0,-239.0,4412.0,60755.0,True,False,False,2,Midwest,4651.0,-238.0,-239.0,-1.0,0.0
2022-03-01,6516.0,130.0,80761.0,325.0,0.0,-382.0,74792.0,-29.0,4383.0,56540.0,True,False,False,2,Midwest,4412.0,-30.0,-29.0,1.0,0.0
2022-04-01,3646.0,110.0,76775.0,407.0,0.0,-28.0,73599.0,144.0,4527.0,50322.0,True,False,False,2,Midwest,4383.0,145.0,144.0,-1.0,0.0
2022-05-01,2909.0,139.0,81941.0,511.0,0.0,-183.0,78882.0,-705.0,3822.0,45569.0,True,False,False,2,Midwest,4527.0,-705.0,-705.0,0.0,0.0
2022-06-01,2182.0,181.0,81243.0,508.0,0.0,2450.0,77559.0,621.0,4443.0,46726.0,True,False,False,2,Midwest,3822.0,621.0,621.0,0.0,0.0
2022-07-01,2524.0,160.0,82487.0,537.0,0.0,2628.0,77637.0,-76.0,4367.0,48766.0,True,False,False,2,Midwest,4443.0,-75.0,-76.0,-1.0,0.0
2022-08-01,3158.0,167.0,83104.0,406.0,0.0,1001.0,79314.0,130.0,4497.0,43998.0,True,False,False,2,Midwest,4367.0,130.0,130.0,0.0,0.0
2022-09-01,-61.0,153.0,76827.0,241.0,0.0,1850.0,75625.0,498.0,4995.0,44088.0,True,False,False,2,Midwest,4497.0,499.0,498.0,-1.0,0.0
2022-10-01,-871.0,153.0,79026.0,271.0,0.0,1644.0,77393.0,-978.0,4017.0,45031.0,True,False,False,2,Midwest,4995.0,-978.0,-978.0,0.0,0.0
2022-11-01,3504.0,153.0,77526.0,255.0,0.0,96.0,73900.0,-128.0,3889.0,46995.0,True,False,False,2,Midwest,4017.0,-128.0,-128.0,0.0,0.0
2022-12-01,5902.0,122.0,79548.0,239.0,0.0,-62.0,73174.0,-652.0,3237.0,46612.0,True,False,False,2,Midwest,3889.0,-651.0,-652.0,-1.0,0.0
2023-01-01,6709.0,125.0,75299.0,172.0,0.0,101.0,68784.0,248.0,3485.0,50942.0,True,False,False,2,Midwest,3237.0,248.0,248.0,0.0,0.0
2023-02-01,4571.0,128.0,69781.0,196.0,0.0,-51.0,65252.0,-77.0,3408.0,52512.0,True,False,False,2,Midwest,3485.0,-77.0,-77.0,0.0,0.0
2023-03-01,2256.0,158.0,76743.0,285.0,0.0,279.0,74447.0,112.0,3520.0,49788.0,True,False,False,2,Midwest,3408.0,112.0,112.0,0.0,0.0
2023-04-01,2263.0,144.0,76142.0,346.0,0.0,6.0,73713.0,-362.0,3158.0,46209.0,True,False,False,2,Midwest,3520.0,-362.0,-362.0,0.0,0.0
2023-05-01,185.0,163.0,80208.0,316.0,0.0,1316.0,79405.0,545.0,3703.0,45371.0,True,False,False,2,Midwest,3158.0,545.0,545.0,0.0,0.0
2023-06-01,3087.0,154.0,81655.0,178.0,0.0,907.0,77830.0,145.0,3848.0,44880.0,True,False,False,2,Midwest,3703.0,145.0,145.0,0.0,0.0
2023-07-01,2266.0,160.0,80677.0,140.0,0.0,901.0,77497.0,7.0,3855.0,46716.0,True,False,False,2,Midwest,3848.0,7.0,7.0,0.0,0.0
2023-08-01,5970.0,194.0,85897.0,209.0,1.0,-55.0,79810.0,-186.0,3669.0,45329.0,False,False,False,2,Midwest,3855.0,-186.0,-186.0,0.0,0.0
2023-09-01,2623.0,169.0,76481.0,147.0,0.0,-259.0,74121.0,25.0,3694.0,46566.0,True,False,False,2,Midwest,3669.0,26.0,25.0,-1.0,0.0
2023-10-01,6627.0,173.0,83260.0,158.0,0.0,-555.0,76846.0,-327.0,3367.0,43983.0,True,False,False,2,Midwest,3694.0,-327.0,-327.0,0.0,0.0
2023-11-01,3579.0,165.0,77502.0,133.0,0.0,368.0,73895.0,372.0,3739.0,48149.0,True,False,False,2,Midwest,3367.0,372.0,372.0,0.0,0.0
2023-12-01,4511.0,149.0,76710.0,81.0,0.0,-691.0,72962.0,139.0,3878.0,54853.0,True,False,False,2,Midwest,3739.0,140.0,139.0,-1.0,0.0
2024-01-01,5549.0,146.0,73340.0,91.0,0.0,-880.0,68745.0,129.0,4007.0,61100.0,True,False,False,2,Midwest,3878.0,129.0,129.0,0.0,0.0
2024-02-01,5917.0,170.0,73192.0,79.0,0.0,133.0,67235.0,184.0,4191.0,57032.0,True,False,False,2,Midwest,4007.0,184.0,184.0,0.0,0.0
2024-03-01,5792.0,162.0,80594.0,78.0,0.0,607.0,73462.0,-649.0,3542.0,54928.0,True,False,False,2,Midwest,4191.0,-649.0,-649.0,0.0,0.0
2024-04-01,908.0,198.0,75744.0,182.0,0.0,756.0,74468.0,404.0,3946.0,53381.0,True,False,False,2,Midwest,3542.0,404.0,404.0,0.0,0.0
2024-05-01,3713.0,201.0,83909.0,173.0,0.0,-23.0,79872.0,-319.0,3627.0,49156.0,True,False,False,2,Midwest,3946.0,-319.0,-319.0,0.0,0.0
2024-06-01,3959.0,167.0,81680.0,25.0,0.0,1010.0,76802.0,233.0,3860.0,48529.0,True,False,False,2,Midwest,3627.0,233.0,233.0,0.0,0.0
2024-07-01,2893.0,171.0,82857.0,166.0,0.0,1727.0,78940.0,708.0,4568.0,46445.0,True,False,False,2,Midwest,3860.0,708.0,708.0,0.0,0.0
2024-08-01,1555.0,186.0,84564.0,129.0,0.0,1290.0,80714.0,-947.0,3621.0,45769.0,True,False,False,2,Midwest,4568.0,-948.0,-947.0,1.0,0.0
2024-09-01,2822.0,164.0,77566.0,133.0,0.0,423.0,74622.0,332.0,3953.0,45417.0,True,False,False,2,Midwest,3621.0,332.0,332.0,0.0,0.0
2024-10-01,2816.0,157.0,82998.0,149.0,0.0,579.0,79747.0,153.0,4106.0,44485.0,True,False,False,2,Midwest,3953.0,152.0,153.0,1.0,0.0
2024-11-01,6151.0,139.0,79264.0,104.0,0.0,-245.0,73267.0,-56.0,4050.0,46688.0,True,False,False,2,Midwest,4106.0,-56.0,-56.0,0.0,0.0
2024-12-01,3942.0,129.0,78886.0,132.0,0.0,-427.0,75390.0,15.0,4065.0,52008.0,True,False,False,2,Midwest,4050.0,16.0,15.0,-1.0,0.0
2025-01-01,4993.0,115.0,75637.0,113.0,0.0,-443.0,70993.0,-92.0,3973.0,55950.0,True,False,False,2,Midwest,4065.0,-92.0,-92.0,0.0,0.0
2025-02-01,3277.0,107.0,68711.0,48.0,0.0,-217.0,65793.0,202.0,4175.0,59148.0,True,False,False,2,Midwest,3973.0,201.0,202.0,1.0,0.0
2025-03-01,6555.0,125.0,80794.0,30.0,0.0,56.0,73850.0,-238.0,3937.0,56197.0,True,False,False,2,Midwest,4175.0,-238.0,-238.0,0.0,0.0
2025-04-01,-394.0,164.0,74869.0,53.0,0.0,632.0,74092.0,-428.0,3509.0,49357.0,True,False,False,2,Midwest,3937.0,-428.0,-428.0,0.0,0.0
2025-05-01,1735.0,173.0,82139.0,63.0,0.0,236.0,79673.0,-384.0,3125.0,47766.0,True,False,False,2,Midwest,3509.0,-385.0,-384.0,1.0,0.0
2025-06-01,5308.0,156.0,82066.0,192.0,0.0,650.0,76941.0,797.0,3922.0,48062.0,True,False,False,2,Midwest,3125.0,797.0,797.0,0.0,0.0
2025-07-01,7111.0,194.0,87640.0,268.0,0.0,573.0,79885.0,-145.0,3777.0,45493.0,True,False,False,2,Midwest,3922.0,-145.0,-145.0,0.0,0.0
2025-08-01,4149.0,182.0,84164.0,106.0,0.0,171.0,79800.0,33.0,3810.0,45058.0,True,False,False,2,Midwest,3777.0,32.0,33.0,1.0,0.0
2025-09-01,4030.0,155.0,80175.0,53.0,0.0,717.0,75389.0,64.0,3874.0,46764.0,True,False,False,2,Midwest,3810.0,63.0,64.0,1.0,0.0
2025-10-01,1414.0,178.0,80067.0,59.0,0.0,-299.0,78592.0,-242.0,3632.0,43343.0,True,False,False,2,Midwest,3874.0,-241.0,-242.0,-1.0,0.0
2025-11-01,7233.0,133.0,80897.0,183.0,0.0,-96.0,73962.0,152.0,3784.0,47143.0,True,False,False,2,Midwest,3632.0,152.0,152.0,0.0,0.0
2025-12-01,5724.0,119.0,81531.0,133.0,0.0,-371.0,76599.0,407.0,4191.0,52702.0,True,False,False,2,Midwest,3784.0,407.0,407.0,0.0,0.0
2026-01-01,7442.0,114.0,77201.0,75.0,0.0,-808.0,70638.0,111.0,4297.0,59122.0,True,False,False,2,Midwest,4191.0,110.0,106.0,-4.0,-5.0
2026-02-01,4992.0,117.0,72020.0,127.0,0.0,-569.0,66796.0,-812.0,3485.0,60159.0,True,False,False,2,Midwest,4297.0,-811.0,-812.0,-1.0,0.0
2026-03-01,5912.0,147.0,79763.0,91.0,0.0,-134.0,74555.0,627.0,4112.0,57781.0,True,False,False,2,Midwest,3485.0,626.0,627.0,1.0,0.0
2026-04-01,5193.0,177.0,80754.0,140.0,0.0,-336.0,75732.0,-128.0,3984.0,47084.0,True,False,False,2,Midwest,4112.0,-128.0,-128.0,0.0,0.0
2026-05-01,2182.0,201.0,80697.0,83.0,0.0,1148.0,76987.0,-262.0,3722.0,45724.0,True,False,False,2,Midwest,3984.0,-262.0,-262.0,0.0,0.0
2026-06-01,5764.0,198.0,79826.0,70.0,0.0,587.0,77305.0,3958.0,7680.0,48362.0,True,False,False,2,Midwest,3722.0,3958.0,3958.0,0.0,0.0
2007-01-01,-95.0,0.0,40753.0,2171.0,499.0,-55003.0,101205.0,3682.0,41472.0,71626.0,False,True,False,3,Gulf Coast,,3682.0,,,
2007-02-01,-408.0,0.0,34474.0,4121.0,1177.0,-51446.0,85949.0,-3323.0,38149.0,67002.0,False,True,False,3,Gulf Coast,41472.0,-3323.0,-3323.0,0.0,0.0
2007-03-01,2192.0,0.0,44103.0,4620.0,405.0,-55711.0,100646.0,-1191.0,36958.0,63684.0,False,True,False,3,Gulf Coast,38149.0,-1191.0,-1191.0,0.0,0.0
2007-04-01,342.0,0.0,40494.0,3361.0,1068.0,-54052.0,97401.0,904.0,37862.0,63703.0,False,True,False,3,Gulf Coast,36958.0,904.0,904.0,0.0,0.0
2007-05-01,2401.0,0.0,44629.0,2280.0,1700.0,-58604.0,104205.0,2793.0,40655.0,66415.0,False,True,False,3,Gulf Coast,37862.0,2793.0,2793.0,0.0,0.0
2007-06-01,-1531.0,0.0,42879.0,1474.0,1038.0,-59867.0,102200.0,-2513.0,38142.0,65293.0,False,True,False,3,Gulf Coast,40655.0,-2513.0,-2513.0,0.0,0.0
2007-07-01,2273.0,0.0,45195.0,2517.0,627.0,-59819.0,105404.0,773.0,38915.0,65679.0,False,True,False,3,Gulf Coast,38142.0,773.0,773.0,0.0,0.0
2007-08-01,423.0,0.0,47458.0,2746.0,702.0,-59362.0,106732.0,-1709.0,37206.0,61732.0,False,True,False,3,Gulf Coast,38915.0,-1709.0,-1709.0,0.0,0.0
2007-09-01,1141.0,0.0,42279.0,1021.0,1240.0,-58253.0,98747.0,-424.0,36782.0,63295.0,False,True,False,3,Gulf Coast,37206.0,-425.0,-424.0,1.0,0.0
2007-10-01,1525.0,0.0,43203.0,2616.0,982.0,-55029.0,100947.0,2605.0,39387.0,67821.0,False,True,False,3,Gulf Coast,36782.0,2606.0,2605.0,-1.0,0.0
2007-11-01,389.0,0.0,43567.0,4047.0,718.0,-56299.0,101318.0,-1488.0,37899.0,68886.0,False,True,False,3,Gulf Coast,39387.0,-1488.0,-1488.0,0.0,0.0
2007-12-01,602.0,0.0,47907.0,5369.0,737.0,-56885.0,106611.0,-2210.0,35689.0,67241.0,False,True,False,3,Gulf Coast,37899.0,-2211.0,-2210.0,1.0,0.0
2008-01-01,-4673.0,0.0,39453.0,2504.0,1050.0,-54122.0,101490.0,1788.0,37477.0,71983.0,False,True,False,3,Gulf Coast,35689.0,1788.0,1788.0,0.0,0.0
2008-02-01,-964.0,0.0,40453.0,2776.0,1397.0,-47680.0,90661.0,185.0,37662.0,71347.0,False,True,False,3,Gulf Coast,37477.0,185.0,185.0,0.0,0.0
2008-03-01,-2721.0,0.0,41994.0,3499.0,1602.0,-53962.0,99163.0,-1410.0,36252.0,72103.0,False,True,False,3,Gulf Coast,37662.0,-1411.0,-1410.0,1.0,0.0
2008-04-01,2919.0,0.0,43485.0,3588.0,1768.0,-54769.0,95598.0,-1557.0,34695.0,68616.0,False,True,False,3,Gulf Coast,36252.0,-1557.0,-1557.0,0.0,0.0
2008-05-01,3992.0,0.0,42889.0,3455.0,1005.0,-53274.0,95280.0,658.0,35353.0,67368.0,False,True,False,3,Gulf Coast,34695.0,659.0,658.0,-1.0,0.0
2008-06-01,2337.0,0.0,39517.0,5051.0,1314.0,-47922.0,88024.0,-815.0,34538.0,65799.0,False,True,False,3,Gulf Coast,35353.0,-815.0,-815.0,0.0,0.0
2008-07-01,4244.0,0.0,40893.0,5590.0,740.0,-47573.0,90143.0,1071.0,35609.0,65761.0,False,True,False,3,Gulf Coast,34538.0,1071.0,1071.0,0.0,0.0
2008-08-01,6729.0,0.0,43984.0,2616.0,725.0,-48241.0,84395.0,-2993.0,32616.0,59756.0,False,True,False,3,Gulf Coast,35609.0,-2992.0,-2993.0,-1.0,0.0
2008-09-01,871.0,0.0,34472.0,1124.0,2504.0,-31156.0,62860.0,-516.0,32100.0,62539.0,False,True,False,3,Gulf Coast,32616.0,-517.0,-516.0,1.0,0.0
2008-10-01,2483.0,0.0,44317.0,1589.0,2027.0,-41468.0,85805.0,2941.0,35041.0,66676.0,False,True,False,3,Gulf Coast,32100.0,2941.0,2941.0,0.0,0.0
2008-11-01,4048.0,0.0,42478.0,2614.0,178.0,-39222.0,78682.0,-1406.0,33635.0,65588.0,False,True,False,3,Gulf Coast,35041.0,-1406.0,-1406.0,0.0,0.0
2008-12-01,2323.0,0.0,43458.0,4709.0,1220.0,-40765.0,85633.0,244.0,33879.0,68709.0,False,True,False,3,Gulf Coast,33635.0,244.0,244.0,0.0,0.0
2009-01-01,4846.0,0.0,42694.0,3986.0,1983.0,-39974.0,79143.0,-682.0,33197.0,69861.0,False,True,False,3,Gulf Coast,33879.0,-682.0,-682.0,0.0,0.0
2009-02-01,2346.0,0.0,41103.0,3702.0,1128.0,-29361.0,67694.0,-2999.0,30198.0,69763.0,False,True,False,3,Gulf Coast,33197.0,-2998.0,-2999.0,-1.0,0.0
2009-03-01,4928.0,0.0,44341.0,3395.0,906.0,-37628.0,80327.0,798.0,30996.0,72591.0,False,True,False,3,Gulf Coast,30198.0,797.0,798.0,1.0,0.0
2009-04-01,6622.0,0.0,42148.0,3042.0,925.0,-37738.0,75759.0,378.0,31374.0,71679.0,False,True,False,3,Gulf Coast,30996.0,378.0,378.0,0.0,0.0
2009-05-01,2092.0,0.0,41635.0,5608.0,858.0,-37532.0,80829.0,-996.0,30378.0,67798.0,False,True,False,3,Gulf Coast,31374.0,-996.0,-996.0,0.0,0.0
2009-06-01,450.0,0.0,38809.0,5813.0,1271.0,-37752.0,82310.0,1656.0,32034.0,70427.0,False,True,False,3,Gulf Coast,30378.0,1657.0,1656.0,-1.0,0.0
2009-07-01,3850.0,0.0,43142.0,6619.0,798.0,-39195.0,83068.0,-1240.0,30794.0,70041.0,False,True,False,3,Gulf Coast,32034.0,-1240.0,-1240.0,0.0,0.0
2009-08-01,8339.0,0.0,48518.0,4090.0,1614.0,-35505.0,79487.0,1327.0,32121.0,69092.0,False,True,False,3,Gulf Coast,30794.0,1327.0,1327.0,0.0,0.0
2009-09-01,3415.0,0.0,40186.0,4152.0,758.0,-39291.0,77329.0,-2127.0,29994.0,68662.0,False,True,False,3,Gulf Coast,32121.0,-2127.0,-2127.0,0.0,0.0
2009-10-01,6904.0,0.0,42867.0,6060.0,692.0,-33406.0,74660.0,-77.0,29917.0,68138.0,False,True,False,3,Gulf Coast,29994.0,-77.0,-77.0,0.0,0.0
2009-11-01,3185.0,0.0,43510.0,4271.0,992.0,-33193.0,77458.0,660.0,30577.0,72192.0,False,True,False,3,Gulf Coast,29917.0,661.0,660.0,-1.0,0.0
2009-12-01,6434.0,0.0,44552.0,8030.0,1536.0,-32632.0,77752.0,509.0,31086.0,71687.0,False,True,False,3,Gulf Coast,30577.0,508.0,509.0,1.0,0.0
2010-01-01,10120.0,0.0,41211.0,5657.0,677.0,-32894.0,68673.0,-292.0,30794.0,73259.0,False,True,False,3,Gulf Coast,31086.0,-292.0,-292.0,0.0,0.0
2010-02-01,2131.0,0.0,38155.0,5130.0,1489.0,-26209.0,61945.0,-3928.0,26866.0,72174.0,False,True,False,3,Gulf Coast,30794.0,-3929.0,-3928.0,1.0,0.0
2010-03-01,6164.0,0.0,40675.0,8141.0,732.0,-31849.0,76154.0,2386.0,29252.0,74858.0,False,True,False,3,Gulf Coast,26866.0,2385.0,2386.0,1.0,0.0
2010-04-01,8075.0,0.0,41334.0,8009.0,870.0,-34149.0,73438.0,-1109.0,28143.0,73141.0,False,True,False,3,Gulf Coast,29252.0,-1109.0,-1109.0,0.0,0.0
2010-05-01,6751.0,0.0,44836.0,4267.0,668.0,-31769.0,70517.0,-2935.0,25208.0,72387.0,False,True,False,3,Gulf Coast,28143.0,-2936.0,-2935.0,1.0,0.0
2010-06-01,7015.0,0.0,42902.0,7206.0,2047.0,-29911.0,70531.0,-426.0,24782.0,72515.0,False,True,False,3,Gulf Coast,25208.0,-426.0,-426.0,0.0,0.0
2010-07-01,5027.0,0.0,42069.0,7551.0,1240.0,-29632.0,75045.0,2061.0,26843.0,75816.0,False,True,False,3,Gulf Coast,24782.0,2060.0,2061.0,1.0,0.0
2010-08-01,4822.0,0.0,45360.0,6061.0,1398.0,-31664.0,74426.0,-2439.0,24404.0,71497.0,False,True,False,3,Gulf Coast,26843.0,-2439.0,-2439.0,0.0,0.0
2010-09-01,8776.0,0.0,41056.0,5554.0,1094.0,-31089.0,69299.0,1470.0,25874.0,73876.0,False,True,False,3,Gulf Coast,24404.0,1470.0,1470.0,0.0,0.0
2010-10-01,8745.0,0.0,44978.0,7292.0,727.0,-26080.0,66756.0,-2122.0,23752.0,72478.0,False,True,False,3,Gulf Coast,25874.0,-2122.0,-2122.0,0.0,0.0
2010-11-01,8967.0,0.0,42266.0,11416.0,809.0,-22128.0,67014.0,980.0,24732.0,74496.0,False,True,False,3,Gulf Coast,23752.0,980.0,980.0,0.0,0.0
2010-12-01,3097.0,0.0,40892.0,13875.0,1202.0,-21751.0,70056.0,-2163.0,22569.0,78350.0,False,True,False,3,Gulf Coast,24732.0,-2163.0,-2163.0,0.0,0.0
2011-01-01,6969.0,0.0,40389.0,11585.0,1813.0,-20722.0,66141.0,2227.0,24796.0,80606.0,False,True,False,3,Gulf Coast,22569.0,2227.0,2227.0,0.0,0.0
2011-02-01,6101.0,0.0,36117.0,9462.0,1164.0,-18923.0,54959.0,-2278.0,22518.0,73767.0,False,True,False,3,Gulf Coast,24796.0,-2278.0,-2278.0,0.0,0.0
2011-03-01,7497.0,0.0,41562.0,11907.0,1006.0,-21034.0,64282.0,-1718.0,20800.0,70351.0,False,True,False,3,Gulf Coast,22518.0,-1718.0,-1718.0,0.0,0.0
2011-04-01,4081.0,0.0,38022.0,13170.0,1333.0,-18621.0,61375.0,-3024.0,17776.0,68438.0,False,True,False,3,Gulf Coast,20800.0,-3024.0,-3024.0,0.0,0.0
2011-05-01,7252.0,0.0,42153.0,12088.0,878.0,-19135.0,65467.0,221.0,17997.0,73735.0,False,True,False,3,Gulf Coast,17776.0,221.0,221.0,0.0,0.0
2011-06-01,6088.0,0.0,41069.0,10089.0,916.0,-17857.0,61332.0,-679.0,17318.0,72863.0,False,True,False,3,Gulf Coast,17997.0,-679.0,-679.0,0.0,0.0
2011-07-01,5960.0,0.0,41561.0,8868.0,470.0,-17447.0,60813.0,-633.0,16685.0,73714.0,False,True,False,3,Gulf Coast,17318.0,-633.0,-633.0,0.0,0.0
2011-08-01,6773.0,0.0,41697.0,13716.0,680.0,-16433.0,64581.0,188.0,16873.0,74445.0,False,True,False,3,Gulf Coast,16685.0,188.0,188.0,0.0,0.0
2011-09-01,6739.0,0.0,39556.0,14627.0,898.0,-18860.0,65203.0,-203.0,16670.0,73751.0,False,True,False,3,Gulf Coast,16873.0,-203.0,-203.0,0.0,0.0
2011-10-01,5267.0,0.0,38429.0,15198.0,568.0,-16569.0,65222.0,861.0,17531.0,72365.0,False,True,False,3,Gulf Coast,16670.0,861.0,861.0,0.0,0.0
2011-11-01,3497.0,0.0,36075.0,17482.0,1084.0,-16678.0,65275.0,-379.0,17152.0,75529.0,False,True,False,3,Gulf Coast,17531.0,-379.0,-379.0,0.0,0.0
2011-12-01,10024.0,0.0,42381.0,18023.0,596.0,-15992.0,66704.0,928.0,18080.0,74534.0,False,True,False,3,Gulf Coast,17152.0,928.0,928.0,0.0,0.0
2012-01-01,661.0,0.0,36575.0,10673.0,0.0,-15958.0,60987.0,-1558.0,16522.0,73850.0,True,True,False,3,Gulf Coast,18080.0,-1558.0,-1558.0,0.0,0.0
2012-02-01,3386.0,0.0,38603.0,9232.0,0.0,-13038.0,56818.0,-670.0,15852.0,75492.0,True,True,False,3,Gulf Coast,16522.0,-669.0,-670.0,-1.0,0.0
2012-03-01,3178.0,0.0,41919.0,12491.0,300.0,-13075.0,62656.0,-1350.0,14502.0,71388.0,False,True,False,3,Gulf Coast,15852.0,-1351.0,-1350.0,1.0,0.0
2012-04-01,3196.0,0.0,39590.0,10165.0,199.0,-12117.0,58379.0,-98.0,14404.0,72993.0,False,True,False,3,Gulf Coast,14502.0,-98.0,-98.0,0.0,0.0
2012-05-01,2874.0,0.0,41721.0,8776.0,171.0,-12502.0,61415.0,1461.0,15865.0,71531.0,False,True,False,3,Gulf Coast,14404.0,1461.0,1461.0,0.0,0.0
2012-06-01,1873.0,0.0,38940.0,9212.0,0.0,-13879.0,59349.0,-810.0,15055.0,72913.0,True,True,False,3,Gulf Coast,15865.0,-809.0,-810.0,-1.0,0.0
2012-07-01,6035.0,0.0,41281.0,10400.0,294.0,-13269.0,58698.0,77.0,15132.0,73542.0,False,True,False,3,Gulf Coast,15055.0,77.0,77.0,0.0,0.0
2012-08-01,2412.0,0.0,43520.0,10446.0,0.0,-10646.0,60396.0,-1804.0,13328.0,66979.0,True,True,False,3,Gulf Coast,15132.0,-1804.0,-1804.0,0.0,0.0
2012-09-01,2233.0,0.0,38899.0,10733.0,131.0,-10212.0,56663.0,-817.0,12511.0,70811.0,False,True,False,3,Gulf Coast,13328.0,-817.0,-817.0,0.0,0.0
2012-10-01,990.0,0.0,38435.0,13171.0,0.0,-9803.0,63017.0,2599.0,15110.0,74823.0,True,True,False,3,Gulf Coast,12511.0,2598.0,2599.0,1.0,0.0
2012-11-01,1217.0,0.0,38291.0,13237.0,0.0,-11663.0,63208.0,1235.0,16345.0,79045.0,True,True,False,3,Gulf Coast,15110.0,1234.0,1235.0,1.0,0.0
2012-12-01,4930.0,0.0,40226.0,16096.0,384.0,-13904.0,64411.0,-501.0,15844.0,80398.0,False,True,False,3,Gulf Coast,16345.0,-501.0,-501.0,0.0,0.0
2013-01-01,3412.0,0.0,43713.0,11770.0,0.0,-10457.0,62387.0,-142.0,15702.0,80216.0,True,True,False,3,Gulf Coast,15844.0,-141.0,-142.0,-1.0,0.0
2013-02-01,2169.0,0.0,38490.0,12134.0,0.0,-12536.0,59302.0,-1689.0,14013.0,72704.0,True,True,False,3,Gulf Coast,15702.0,-1689.0,-1689.0,0.0,0.0
2013-03-01,-1504.0,0.0,40948.0,9134.0,0.0,-13058.0,63580.0,-1064.0,12949.0,75553.0,True,True,False,3,Gulf Coast,14013.0,-1064.0,-1064.0,0.0,0.0
2013-04-01,3759.0,0.0,47086.0,6557.0,0.0,-9865.0,58984.0,-765.0,12184.0,73146.0,True,True,False,3,Gulf Coast,12949.0,-765.0,-765.0,0.0,0.0
2013-05-01,-560.0,0.0,43624.0,6749.0,0.0,-12929.0,63666.0,-196.0,11988.0,76859.0,True,True,False,3,Gulf Coast,12184.0,-196.0,-196.0,0.0,0.0
2013-06-01,423.0,0.0,44342.0,6818.0,0.0,-12231.0,64097.0,1129.0,13117.0,77496.0,True,True,False,3,Gulf Coast,11988.0,1129.0,1129.0,0.0,0.0
2013-07-01,1619.0,0.0,44808.0,7866.0,0.0,-12804.0,64594.0,735.0,13852.0,76862.0,True,True,False,3,Gulf Coast,13117.0,735.0,735.0,0.0,0.0
2013-08-01,5325.0,0.0,46028.0,11096.0,0.0,-12265.0,62880.0,-1185.0,12667.0,75866.0,True,True,False,3,Gulf Coast,13852.0,-1184.0,-1185.0,-1.0,0.0
2013-09-01,3321.0,0.0,44322.0,8447.0,0.0,-13090.0,62300.0,-238.0,12429.0,77306.0,True,True,False,3,Gulf Coast,12667.0,-238.0,-238.0,0.0,0.0
2013-10-01,4253.0,0.0,45857.0,10804.0,34.0,-13664.0,65326.0,-711.0,11718.0,75111.0,False,True,False,3,Gulf Coast,12429.0,-712.0,-711.0,1.0,0.0
2013-11-01,7993.0,0.0,48898.0,10987.0,41.0,-13427.0,64342.0,-936.0,10782.0,73557.0,False,True,False,3,Gulf Coast,11718.0,-936.0,-936.0,0.0,0.0
2013-12-01,6874.0,0.0,44692.0,15431.0,0.0,-14170.0,68833.0,1414.0,12196.0,76271.0,True,True,False,3,Gulf Coast,10782.0,1414.0,1414.0,0.0,0.0
2014-01-01,1320.0,0.0,40458.0,11859.0,0.0,-13561.0,64301.0,-257.0,11939.0,77478.0,True,True,False,3,Gulf Coast,12196.0,-257.0,-257.0,0.0,0.0
2014-02-01,2022.0,0.0,39523.0,9990.0,0.0,-12739.0,61263.0,1034.0,12973.0,78179.0,True,True,False,3,Gulf Coast,11939.0,1033.0,1034.0,1.0,0.0
2014-03-01,-1597.0,0.0,43012.0,10898.0,23.0,-13139.0,66943.0,-1681.0,11292.0,78495.0,False,True,False,3,Gulf Coast,12973.0,-1680.0,-1681.0,-1.0,0.0
2014-04-01,-459.0,0.0,43388.0,10808.0,127.0,-12391.0,66319.0,-600.0,10692.0,76576.0,False,True,False,3,Gulf Coast,11292.0,-600.0,-600.0,0.0,0.0
2014-05-01,2850.0,0.0,45301.0,13390.0,38.0,-11432.0,66954.0,-281.0,10411.0,74337.0,False,True,False,3,Gulf Coast,10692.0,-281.0,-281.0,0.0,0.0
2014-06-01,-1426.0,0.0,41067.0,10161.0,0.0,-10051.0,62128.0,-577.0,9834.0,73214.0,True,True,False,3,Gulf Coast,10411.0,-577.0,-577.0,0.0,0.0
2014-07-01,-741.0,0.0,45395.0,12347.0,86.0,-8885.0,67810.0,527.0,10361.0,75789.0,False,True,False,3,Gulf Coast,9834.0,528.0,527.0,-1.0,0.0
2014-08-01,4763.0,0.0,48534.0,11752.0,97.0,-9730.0,64011.0,-1144.0,9217.0,74349.0,False,True,False,3,Gulf Coast,10361.0,-1145.0,-1144.0,1.0,0.0
2014-09-01,691.0,0.0,42121.0,8774.0,8.0,-8358.0,59911.0,1357.0,10574.0,74918.0,False,True,False,3,Gulf Coast,9217.0,1357.0,1357.0,0.0,0.0
2014-10-01,1528.0,0.0,44478.0,10721.0,0.0,-10416.0,64301.0,214.0,10788.0,75434.0,True,True,False,3,Gulf Coast,10574.0,214.0,214.0,0.0,0.0
2014-11-01,1323.0,0.0,42739.0,13035.0,58.0,-11560.0,67404.0,1452.0,12240.0,82729.0,False,True,False,3,Gulf Coast,10788.0,1451.0,1452.0,1.0,0.0
2014-12-01,947.0,0.0,43557.0,17249.0,86.0,-13965.0,74969.0,1231.0,13471.0,84200.0,False,True,False,3,Gulf Coast,12240.0,1231.0,1231.0,0.0,0.0
2015-01-01,3907.0,0.0,44046.0,15296.0,0.0,-11814.0,66424.0,-826.0,12645.0,80766.0,True,True,False,3,Gulf Coast,13471.0,-825.0,-826.0,-1.0,0.0
2015-02-01,-912.0,0.0,36938.0,13947.0,0.0,-11573.0,61622.0,-1749.0,10896.0,81436.0,True,True,False,3,Gulf Coast,12645.0,-1748.0,-1749.0,-1.0,0.0
2015-03-01,1192.0,0.0,44971.0,11270.0,0.0,-13095.0,67543.0,-601.0,10295.0,79840.0,True,True,False,3,Gulf Coast,10896.0,-601.0,-601.0,0.0,0.0
2015-04-01,1507.0,0.0,47634.0,9824.0,0.0,-9718.0,64925.0,-744.0,9551.0,76581.0,True,True,False,3,Gulf Coast,10295.0,-744.0,-744.0,0.0,0.0
2015-05-01,1454.0,0.0,43346.0,12911.0,0.0,-9507.0,65481.0,1171.0,10722.0,76801.0,True,True,False,3,Gulf Coast,9551.0,1171.0,1171.0,0.0,0.0
2015-06-01,161.0,0.0,44783.0,11032.0,79.0,-8770.0,62575.0,-1770.0,8952.0,74575.0,False,True,False,3,Gulf Coast,10722.0,-1770.0,-1770.0,0.0,0.0
2015-07-01,189.0,0.0,43339.0,14601.0,0.0,-9620.0,67481.0,110.0,9062.0,77252.0,True,True,False,3,Gulf Coast,8952.0,110.0,110.0,0.0,0.0
2015-08-01,4419.0,0.0,48965.0,13199.0,127.0,-10356.0,68418.0,444.0,9506.0,74930.0,False,True,False,3,Gulf Coast,9062.0,444.0,444.0,0.0,0.0
2015-09-01,1736.0,0.0,47366.0,9181.0,184.0,-10124.0,67657.0,2907.0,12413.0,78105.0,False,True,False,3,Gulf Coast,9506.0,2906.0,2907.0,1.0,0.0
2015-10-01,1023.0,0.0,44742.0,14208.0,116.0,-14175.0,71192.0,-793.0,11620.0,76052.0,False,True,False,3,Gulf Coast,12413.0,-794.0,-793.0,1.0,0.0
2015-11-01,3690.0,0.0,47698.0,16751.0,379.0,-11681.0,71029.0,-1032.0,10588.0,77371.0,False,True,False,3,Gulf Coast,11620.0,-1032.0,-1032.0,0.0,0.0
2015-12-01,1589.0,0.0,46616.0,15726.0,59.0,-10672.0,72018.0,652.0,11240.0,84607.0,False,True,False,3,Gulf Coast,10588.0,652.0,652.0,0.0,0.0
2016-01-01,1809.0,0.0,46171.0,17103.0,0.0,-9226.0,68840.0,-1851.0,9389.0,86569.0,True,True,False,3,Gulf Coast,11240.0,-1851.0,-1851.0,0.0,0.0
2016-02-01,1898.0,0.0,43088.0,17131.0,0.0,-7127.0,66319.0,871.0,10260.0,83824.0,True,True,False,3,Gulf Coast,9389.0,871.0,871.0,0.0,0.0
2016-03-01,-223.0,0.0,47596.0,15782.0,4.0,-8494.0,71628.0,-464.0,9796.0,82877.0,False,True,False,3,Gulf Coast,10260.0,-463.0,-464.0,-1.0,0.0
2016-04-01,-1458.0,0.0,40672.0,14500.0,96.0,-7567.0,63414.0,-687.0,9109.0,82477.0,False,True,False,3,Gulf Coast,9796.0,-687.0,-687.0,0.0,0.0
2016-05-01,1393.0,0.0,46280.0,16402.0,0.0,-6570.0,68023.0,164.0,9273.0,82111.0,True,True,False,3,Gulf Coast,9109.0,164.0,164.0,0.0,0.0
2016-06-01,-1240.0,0.0,43007.0,14207.0,65.0,-7343.0,65193.0,-539.0,8734.0,80280.0,False,True,False,3,Gulf Coast,9273.0,-539.0,-539.0,0.0,0.0
2016-07-01,-651.0,0.0,44520.0,15333.0,290.0,-9188.0,69532.0,129.0,8863.0,79007.0,False,True,False,3,Gulf Coast,8734.0,130.0,129.0,-1.0,0.0
2016-08-01,-3388.0,0.0,43926.0,12740.0,296.0,-7615.0,67980.0,606.0,9469.0,78138.0,False,True,False,3,Gulf Coast,8863.0,607.0,606.0,-1.0,0.0
2016-09-01,3031.0,0.0,46763.0,15814.0,57.0,-7200.0,66980.0,291.0,9760.0,83221.0,False,True,False,3,Gulf Coast,9469.0,291.0,291.0,0.0,0.0
2016-10-01,-147.0,0.0,42606.0,19951.0,0.0,-8183.0,71249.0,362.0,10122.0,79302.0,True,True,False,3,Gulf Coast,9760.0,362.0,362.0,0.0,0.0
2016-11-01,9597.0,0.0,46971.0,23903.0,0.0,-7974.0,68599.0,-651.0,9471.0,82506.0,True,True,False,3,Gulf Coast,10122.0,-652.0,-651.0,1.0,0.0
2016-12-01,9707.0,0.0,46784.0,25496.0,0.0,-7822.0,72122.0,1727.0,11198.0,82783.0,True,True,False,3,Gulf Coast,9471.0,1727.0,1727.0,0.0,0.0
2017-01-01,2769.0,0.0,37273.0,22701.0,0.0,-10118.0,67243.0,-79.0,11119.0,86447.0,True,True,False,3,Gulf Coast,11198.0,-80.0,-79.0,1.0,0.0
2017-02-01,3667.0,0.0,38254.0,17621.0,0.0,-9417.0,60221.0,-1404.0,9715.0,81207.0,True,True,False,3,Gulf Coast,11119.0,-1404.0,-1404.0,0.0,0.0
2017-03-01,184.0,0.0,41663.0,17679.0,0.0,-9611.0,67071.0,-1698.0,8017.0,79148.0,True,True,False,3,Gulf Coast,9715.0,-1698.0,-1698.0,0.0,0.0
2017-04-01,2318.0,0.0,40499.0,18237.0,0.0,-8067.0,64360.0,-125.0,7892.0,80279.0,True,True,False,3,Gulf Coast,8017.0,-125.0,-125.0,0.0,0.0
2017-05-01,4893.0,0.0,47779.0,18011.0,0.0,-5720.0,66794.0,177.0,8069.0,81254.0,True,True,False,3,Gulf Coast,7892.0,177.0,177.0,0.0,0.0
2017-06-01,5137.0,0.0,44264.0,19802.0,0.0,-5764.0,65293.0,599.0,8668.0,82404.0,True,True,False,3,Gulf Coast,8069.0,600.0,599.0,-1.0,0.0
2017-07-01,3120.0,0.0,46538.0,20892.0,360.0,-5775.0,69701.0,-24.0,8644.0,81642.0,False,True,False,3,Gulf Coast,8668.0,-24.0,-24.0,0.0,0.0
2017-08-01,4498.0,0.0,45023.0,17088.0,50.0,-6840.0,65331.0,927.0,9571.0,80845.0,False,True,False,3,Gulf Coast,8644.0,928.0,927.0,-1.0,0.0
2017-09-01,2412.0,0.0,45525.0,17153.0,312.0,-4465.0,62647.0,-1772.0,7799.0,77696.0,False,True,False,3,Gulf Coast,9571.0,-1772.0,-1772.0,0.0,0.0
2017-10-01,-2593.0,0.0,42190.0,21240.0,465.0,-6623.0,73079.0,898.0,8697.0,80371.0,False,True,False,3,Gulf Coast,7799.0,898.0,898.0,0.0,0.0
2017-11-01,193.0,0.0,39671.0,28116.0,0.0,-7057.0,74674.0,22.0,8719.0,80144.0,True,True,False,3,Gulf Coast,8697.0,23.0,22.0,-1.0,0.0
2017-12-01,7893.0,0.0,48305.0,29677.0,0.0,-6549.0,76855.0,217.0,8936.0,83304.0,True,True,False,3,Gulf Coast,8719.0,217.0,217.0,0.0,0.0
2018-01-01,6591.0,0.0,43185.0,28291.0,0.0,-5522.0,70048.0,-359.0,8577.0,84108.0,True,True,False,3,Gulf Coast,8936.0,-359.0,-359.0,0.0,0.0
2018-02-01,-2303.0,0.0,31338.0,22929.0,0.0,-5122.0,63189.0,1498.0,10075.0,87948.0,True,True,False,3,Gulf Coast,8577.0,1497.0,1498.0,1.0,0.0
2018-03-01,5649.0,0.0,48128.0,26356.0,0.0,-5657.0,73627.0,-864.0,9211.0,84446.0,True,True,False,3,Gulf Coast,10075.0,-865.0,-864.0,1.0,0.0
2018-04-01,3489.0,0.0,45017.0,23648.0,0.0,-4642.0,68693.0,-1125.0,8086.0,80048.0,True,True,False,3,Gulf Coast,9211.0,-1125.0,-1125.0,0.0,0.0
2018-05-01,-27.0,0.0,42613.0,20279.0,0.0,-4544.0,68429.0,966.0,9052.0,82353.0,True,True,False,3,Gulf Coast,8086.0,966.0,966.0,0.0,0.0
2018-06-01,-2066.0,0.0,43497.0,18899.0,135.0,-4360.0,68553.0,-134.0,8918.0,82534.0,False,True,False,3,Gulf Coast,9052.0,-134.0,-134.0,0.0,0.0
2018-07-01,1497.0,0.0,45397.0,23594.0,166.0,-3623.0,71082.0,131.0,9049.0,78759.0,False,True,False,3,Gulf Coast,8918.0,131.0,131.0,0.0,0.0
2018-08-01,687.0,0.0,46162.0,19458.0,296.0,-4056.0,68012.0,-682.0,8367.0,80693.0,False,True,False,3,Gulf Coast,9049.0,-681.0,-682.0,-1.0,0.0
2018-09-01,-2575.0,0.0,38425.0,22184.0,0.0,-5288.0,68574.0,102.0,8469.0,80803.0,True,True,False,3,Gulf Coast,8367.0,102.0,102.0,0.0,0.0
2018-10-01,669.0,0.0,42537.0,29751.0,82.0,-4050.0,77729.0,2142.0,10611.0,84023.0,False,True,False,3,Gulf Coast,8469.0,2142.0,2142.0,0.0,0.0
2018-11-01,621.0,0.0,41976.0,29711.0,159.0,-4795.0,75860.0,158.0,10769.0,84422.0,False,True,False,3,Gulf Coast,10611.0,158.0,158.0,0.0,0.0
2018-12-01,1366.0,0.0,43225.0,29807.0,0.0,-3116.0,75664.0,882.0,11651.0,90756.0,True,True,False,3,Gulf Coast,10769.0,882.0,882.0,0.0,0.0
2019-01-01,-5342.0,0.0,42402.0,23644.0,0.0,-3981.0,75661.0,291.0,11942.0,88730.0,True,True,False,3,Gulf Coast,11651.0,292.0,291.0,-1.0,0.0
2019-02-01,-268.0,0.0,39004.0,24009.0,284.0,-6062.0,65947.0,-3111.0,8831.0,88257.0,False,True,False,3,Gulf Coast,11942.0,-3112.0,-3111.0,1.0,0.0
2019-03-01,-10321.0,0.0,31902.0,24809.0,0.0,-7018.0,72967.0,-1082.0,7749.0,82307.0,True,True,False,3,Gulf Coast,8831.0,-1083.0,-1082.0,1.0,0.0
2019-04-01,-1964.0,0.0,40026.0,19001.0,0.0,-6054.0,66688.0,-357.0,7392.0,84004.0,True,True,False,3,Gulf Coast,7749.0,-357.0,-357.0,0.0,0.0
2019-05-01,-4024.0,0.0,37389.0,21735.0,228.0,-8080.0,70959.0,-41.0,7351.0,84486.0,False,True,False,3,Gulf Coast,7392.0,-41.0,-41.0,0.0,0.0
2019-06-01,-9.0,0.0,45737.0,18973.0,0.0,-3448.0,68774.0,607.0,7958.0,82552.0,True,True,False,3,Gulf Coast,7351.0,607.0,607.0,0.0,0.0
2019-07-01,-4462.0,0.0,42523.0,19554.0,0.0,-3053.0,68755.0,-837.0,7121.0,84760.0,True,True,False,3,Gulf Coast,7958.0,-837.0,-837.0,0.0,0.0
2019-08-01,-283.0,0.0,48186.0,19849.0,273.0,-3614.0,72132.0,473.0,7594.0,77432.0,False,True,False,3,Gulf Coast,7121.0,473.0,473.0,0.0,0.0
2019-09-01,-786.0,0.0,40298.0,20867.0,0.0,-3451.0,66045.0,643.0,8237.0,81572.0,True,True,False,3,Gulf Coast,7594.0,643.0,643.0,0.0,0.0
2019-10-01,-4391.0,0.0,41617.0,25472.0,0.0,-3017.0,74648.0,151.0,8388.0,82971.0,True,True,False,3,Gulf Coast,8237.0,151.0,151.0,0.0,0.0
2019-11-01,1255.0,0.0,41606.0,30073.0,0.0,-4296.0,74888.0,168.0,8556.0,84799.0,True,True,False,3,Gulf Coast,8388.0,168.0,168.0,0.0,0.0
2019-12-01,1679.0,0.0,46362.0,27182.0,84.0,-3337.0,76116.0,998.0,9554.0,91989.0,False,True,False,3,Gulf Coast,8556.0,998.0,998.0,0.0,0.0
2020-01-01,-2923.0,0.0,39753.0,23594.0,0.0,-3693.0,72876.0,2913.0,12467.0,98377.0,True,True,False,3,Gulf Coast,9554.0,2913.0,2913.0,0.0,0.0
2020-02-01,-3150.0,0.0,40755.0,22170.0,0.0,-2191.0,66354.0,-1912.0,10555.0,89394.0,True,True,False,3,Gulf Coast,12467.0,-1912.0,-1912.0,0.0,0.0
2020-03-01,-1452.0,0.0,41917.0,22257.0,0.0,-3387.0,66302.0,-2711.0,7844.0,85807.0,True,True,False,3,Gulf Coast,10555.0,-2711.0,-2711.0,0.0,0.0
2020-04-01,-2218.0,0.0,25071.0,18835.0,0.0,-2103.0,49109.0,882.0,8726.0,91821.0,True,True,False,3,Gulf Coast,7844.0,882.0,882.0,0.0,0.0
2020-05-01,-3321.0,0.0,37915.0,7693.0,100.0,-3279.0,51569.0,-539.0,8187.0,91186.0,False,True,False,3,Gulf Coast,8726.0,-539.0,-539.0,0.0,0.0
2020-06-01,-6434.0,0.0,33751.0,12736.0,0.0,-3360.0,55977.0,-304.0,7883.0,91318.0,True,True,False,3,Gulf Coast,8187.0,-304.0,-304.0,0.0,0.0
2020-07-01,-1406.0,0.0,36244.0,17126.0,0.0,-3786.0,59534.0,972.0,8855.0,93286.0,True,True,False,3,Gulf Coast,7883.0,972.0,972.0,0.0,0.0
2020-08-01,-4374.0,0.0,35357.0,22282.0,89.0,-2886.0,65359.0,549.0,9404.0,90034.0,False,True,False,3,Gulf Coast,8855.0,549.0,549.0,0.0,0.0
2020-09-01,373.0,0.0,38721.0,21906.0,0.0,-2708.0,61626.0,-1336.0,8068.0,80434.0,True,True,False,3,Gulf Coast,9404.0,-1336.0,-1336.0,0.0,0.0
2020-10-01,-7917.0,0.0,32122.0,22441.0,405.0,-3311.0,66925.0,1538.0,9606.0,81732.0,False,True,False,3,Gulf Coast,8068.0,1539.0,1538.0,-1.0,0.0
2020-11-01,-3213.0,0.0,35128.0,24009.0,0.0,-3702.0,65055.0,-997.0,8609.0,82158.0,True,True,False,3,Gulf Coast,9606.0,-997.0,-997.0,0.0,0.0
2020-12-01,-7897.0,0.0,29729.0,26774.0,338.0,-4165.0,67964.0,-264.0,8345.0,83950.0,False,True,False,3,Gulf Coast,8609.0,-263.0,-264.0,-1.0,0.0
2021-01-01,-5415.0,0.0,35924.0,21887.0,306.0,-2058.0,65199.0,222.0,8567.0,91149.0,False,False,False,3,Gulf Coast,8345.0,221.0,222.0,1.0,0.0
2021-02-01,-951.0,0.0,31278.0,15853.0,0.0,-3624.0,50327.0,-1380.0,7187.0,79073.0,True,False,False,3,Gulf Coast,8567.0,-1379.0,-1380.0,-1.0,0.0
2021-03-01,-4774.0,0.0,36339.0,20603.0,256.0,-3437.0,65469.0,572.0,7759.0,82077.0,False,False,False,3,Gulf Coast,7187.0,572.0,572.0,0.0,0.0
2021-04-01,-3804.0,0.0,38087.0,19339.0,629.0,-5056.0,65860.0,203.0,7962.0,87052.0,False,False,False,3,Gulf Coast,7759.0,203.0,203.0,0.0,0.0
2021-05-01,2354.0,0.0,42988.0,25009.0,0.0,-3409.0,69200.0,148.0,8110.0,89188.0,True,False,False,3,Gulf Coast,7962.0,148.0,148.0,0.0,0.0
2021-06-01,-5035.0,0.0,37972.0,22465.0,0.0,-3455.0,68090.0,-838.0,7272.0,81630.0,True,False,False,3,Gulf Coast,8110.0,-837.0,-838.0,-1.0,0.0
2021-07-01,-2537.0,0.0,36082.0,24889.0,123.0,-3818.0,67009.0,-194.0,7078.0,83487.0,False,False,False,3,Gulf Coast,7272.0,-194.0,-194.0,0.0,0.0
2021-08-01,344.0,0.0,38693.0,24875.0,0.0,-2998.0,67440.0,1218.0,8296.0,85788.0,True,False,False,3,Gulf Coast,7078.0,1218.0,1218.0,0.0,0.0
2021-09-01,-1744.0,0.0,36482.0,22109.0,0.0,-2470.0,62828.0,22.0,8318.0,83027.0,True,False,False,3,Gulf Coast,8296.0,23.0,22.0,-1.0,0.0
2021-10-01,593.0,0.0,41720.0,23838.0,0.0,-2504.0,67074.0,-395.0,7923.0,82699.0,True,False,False,3,Gulf Coast,8318.0,-395.0,-395.0,0.0,0.0
2021-11-01,4670.0,0.0,43510.0,26721.0,36.0,-3014.0,67827.0,-711.0,7212.0,81693.0,False,False,False,3,Gulf Coast,7923.0,-712.0,-711.0,1.0,0.0
2021-12-01,5174.0,0.0,44905.0,29792.0,0.0,-4719.0,73799.0,-443.0,6769.0,81739.0,True,False,False,3,Gulf Coast,7212.0,-443.0,-443.0,0.0,0.0
2022-01-01,-292.0,0.0,39316.0,21656.0,0.0,-3050.0,64577.0,263.0,7032.0,86386.0,True,False,False,3,Gulf Coast,6769.0,263.0,263.0,0.0,0.0
2022-02-01,1882.0,0.0,37550.0,20155.0,0.0,-2512.0,58474.0,139.0,7171.0,89172.0,True,False,False,3,Gulf Coast,7032.0,139.0,139.0,0.0,0.0
2022-03-01,4454.0,0.0,48276.0,21529.0,0.0,-2810.0,67986.0,-176.0,6995.0,86966.0,True,False,False,3,Gulf Coast,7171.0,-175.0,-176.0,-1.0,0.0
2022-04-01,4379.0,0.0,43135.0,23414.0,94.0,-2030.0,64277.0,171.0,7166.0,88321.0,False,False,False,3,Gulf Coast,6995.0,171.0,171.0,0.0,0.0
2022-05-01,3788.0,0.0,44756.0,26368.0,85.0,-1359.0,68893.0,283.0,7449.0,83768.0,False,False,False,3,Gulf Coast,7166.0,283.0,283.0,0.0,0.0
2022-06-01,2806.0,0.0,39246.0,25834.0,0.0,-3931.0,65498.0,-706.0,6743.0,83948.0,True,False,False,3,Gulf Coast,7449.0,-707.0,-706.0,1.0,0.0
2022-07-01,6367.0,0.0,45420.0,22536.0,0.0,-4080.0,65598.0,-70.0,6673.0,86884.0,True,False,False,3,Gulf Coast,6743.0,-71.0,-70.0,1.0,0.0
2022-08-01,7560.0,0.0,44463.0,28091.0,0.0,-2725.0,68011.0,292.0,6965.0,84506.0,True,False,False,3,Gulf Coast,6673.0,292.0,292.0,0.0,0.0
2022-09-01,11350.0,0.0,45752.0,29787.0,0.0,-2809.0,66753.0,-245.0,6720.0,80238.0,True,False,False,3,Gulf Coast,6965.0,-245.0,-245.0,0.0,0.0
2022-10-01,5197.0,0.0,43325.0,25472.0,0.0,-3643.0,66984.0,-258.0,6462.0,80034.0,True,False,False,3,Gulf Coast,6720.0,-259.0,-258.0,1.0,0.0
2022-11-01,6785.0,0.0,43649.0,28564.0,0.0,-1672.0,68129.0,1029.0,7491.0,84828.0,True,False,False,3,Gulf Coast,6462.0,1029.0,1029.0,0.0,0.0
2022-12-01,6540.0,0.0,44861.0,26836.0,0.0,-2032.0,67465.0,277.0,7768.0,81410.0,True,False,False,3,Gulf Coast,7491.0,276.0,277.0,1.0,0.0
2023-01-01,3494.0,0.0,42494.0,24931.0,0.0,-2246.0,64565.0,-1612.0,6156.0,87152.0,True,False,False,3,Gulf Coast,7768.0,-1612.0,-1612.0,0.0,0.0
2023-02-01,3996.0,0.0,40569.0,20260.0,5.0,-1781.0,60173.0,1564.0,7720.0,87635.0,False,False,False,3,Gulf Coast,6156.0,1564.0,1564.0,0.0,0.0
2023-03-01,-585.0,0.0,45121.0,23790.0,0.0,-1838.0,69576.0,-1758.0,5962.0,83730.0,True,False,False,3,Gulf Coast,7720.0,-1758.0,-1758.0,0.0,0.0
2023-04-01,1415.0,0.0,41658.0,22287.0,49.0,-2750.0,66105.0,874.0,6836.0,86443.0,False,False,False,3,Gulf Coast,5962.0,874.0,874.0,0.0,0.0
2023-05-01,1009.0,0.0,43396.0,21757.0,300.0,-4035.0,68106.0,226.0,7062.0,85177.0,False,False,False,3,Gulf Coast,6836.0,227.0,226.0,-1.0,0.0
2023-06-01,1512.0,0.0,44732.0,20502.0,0.0,-2571.0,67023.0,730.0,7792.0,84382.0,True,True,False,3,Gulf Coast,7062.0,730.0,730.0,0.0,0.0
2023-07-01,226.0,0.0,42250.0,26031.0,0.0,-2486.0,68836.0,-1706.0,6086.0,81693.0,True,False,False,3,Gulf Coast,7792.0,-1705.0,-1706.0,-1.0,0.0
2023-08-01,4296.0,0.0,48135.0,21913.0,260.0,-1362.0,66849.0,-4.0,6082.0,81891.0,False,False,False,3,Gulf Coast,6086.0,-5.0,-4.0,1.0,0.0
2023-09-01,-923.0,0.0,42166.0,21891.0,197.0,-1659.0,66680.0,237.0,6319.0,85476.0,False,False,False,3,Gulf Coast,6082.0,238.0,237.0,-1.0,0.0
2023-10-01,2473.0,0.0,44681.0,24427.0,283.0,-1387.0,67996.0,257.0,6576.0,83415.0,False,False,False,3,Gulf Coast,6319.0,257.0,257.0,0.0,0.0
2023-11-01,3509.0,0.0,41992.0,25637.0,0.0,-2235.0,67475.0,1120.0,7696.0,84996.0,True,False,False,3,Gulf Coast,6576.0,1120.0,1120.0,0.0,0.0
2023-12-01,6245.0,0.0,46909.0,29936.0,0.0,-1235.0,72960.0,1125.0,8821.0,89242.0,True,False,False,3,Gulf Coast,7696.0,1125.0,1125.0,0.0,0.0
2024-01-01,-463.0,0.0,40489.0,25028.0,0.0,-1028.0,64755.0,-2253.0,6568.0,86589.0,True,False,False,3,Gulf Coast,8821.0,-2253.0,-2253.0,0.0,0.0
2024-02-01,-1559.0,0.0,38421.0,20505.0,0.0,-1145.0,61588.0,-42.0,6526.0,80606.0,True,False,False,3,Gulf Coast,6568.0,-42.0,-42.0,0.0,0.0
2024-03-01,-492.0,0.0,42031.0,22421.0,0.0,-2037.0,66422.0,-559.0,5967.0,85725.0,True,False,False,3,Gulf Coast,6526.0,-559.0,-559.0,0.0,0.0
2024-04-01,944.0,0.0,43207.0,19107.0,31.0,-2403.0,64229.0,486.0,6453.0,87187.0,False,True,False,3,Gulf Coast,5967.0,487.0,486.0,-1.0,0.0
2024-05-01,5054.0,0.0,48236.0,20461.0,24.0,-1490.0,66080.0,971.0,7424.0,86451.0,False,True,False,3,Gulf Coast,6453.0,971.0,971.0,0.0,0.0
2024-06-01,5322.0,0.0,44874.0,23420.0,0.0,-2317.0,64576.0,-713.0,6711.0,86411.0,True,True,False,3,Gulf Coast,7424.0,-713.0,-713.0,0.0,0.0
2024-07-01,9047.0,0.0,48909.0,21643.0,0.0,-3073.0,65369.0,791.0,7502.0,82236.0,True,False,False,3,Gulf Coast,6711.0,791.0,791.0,0.0,0.0
2024-08-01,7270.0,0.0,48245.0,23206.0,0.0,-3338.0,65841.0,-1678.0,5824.0,79702.0,True,False,False,3,Gulf Coast,7502.0,-1678.0,-1678.0,0.0,0.0
2024-09-01,4410.0,0.0,45013.0,19875.0,0.0,-1984.0,62016.0,-446.0,5378.0,79231.0,True,False,False,3,Gulf Coast,5824.0,-446.0,-446.0,0.0,0.0
2024-10-01,3347.0,0.0,45887.0,23542.0,0.0,-2379.0,68350.0,-111.0,5267.0,80660.0,True,False,False,3,Gulf Coast,5378.0,-111.0,-111.0,0.0,0.0
2024-11-01,4051.0,0.0,42682.0,26497.0,0.0,-2132.0,67076.0,-184.0,5083.0,84157.0,True,False,False,3,Gulf Coast,5267.0,-184.0,-184.0,0.0,0.0
2024-12-01,7682.0,0.0,45403.0,30022.0,0.0,-1801.0,70275.0,731.0,5814.0,87277.0,True,False,False,3,Gulf Coast,5083.0,731.0,731.0,0.0,0.0
2025-01-01,7382.0,0.0,44319.0,23241.0,0.0,-2087.0,62724.0,459.0,6273.0,89911.0,True,False,False,3,Gulf Coast,5814.0,459.0,459.0,0.0,0.0
2025-02-01,2663.0,0.0,38553.0,20314.0,0.0,-1771.0,57071.0,-904.0,5369.0,81086.0,True,False,False,3,Gulf Coast,6273.0,-904.0,-904.0,0.0,0.0
2025-03-01,-226.0,0.0,37264.0,24927.0,116.0,-1561.0,63620.0,-243.0,5126.0,81895.0,False,False,False,3,Gulf Coast,5369.0,-242.0,-243.0,-1.0,0.0
2025-04-01,10067.0,0.0,47326.0,19204.0,0.0,-2190.0,59969.0,1317.0,6443.0,85187.0,True,False,False,3,Gulf Coast,5126.0,1316.0,1317.0,1.0,0.0
2025-05-01,4539.0,0.0,45784.0,21264.0,0.0,-2631.0,63974.0,-1166.0,5277.0,85659.0,True,False,False,3,Gulf Coast,6443.0,-1166.0,-1166.0,0.0,0.0
2025-06-01,7131.0,0.0,45820.0,18785.0,0.0,-2894.0,60876.0,508.0,5785.0,83887.0,True,False,False,3,Gulf Coast,5277.0,508.0,508.0,0.0,0.0
2025-07-01,2055.0,0.0,38884.0,22386.0,0.0,-2994.0,61561.0,-647.0,5138.0,86693.0,True,False,False,3,Gulf Coast,5785.0,-648.0,-647.0,1.0,0.0
2025-08-01,6616.0,0.0,42457.0,21445.0,0.0,-2631.0,61161.0,1244.0,6382.0,82959.0,True,False,False,3,Gulf Coast,5138.0,1244.0,1244.0,0.0,0.0
2025-09-01,4010.0,0.0,39164.0,21889.0,109.0,-2938.0,59488.0,-384.0,5998.0,81627.0,False,False,False,3,Gulf Coast,6382.0,-384.0,-384.0,0.0,0.0
2025-10-01,4772.0,0.0,42006.0,24228.0,211.0,-2181.0,63461.0,29.0,6027.0,78839.0,False,False,False,3,Gulf Coast,5998.0,29.0,29.0,0.0,0.0
2025-11-01,2867.0,0.0,34827.0,29466.0,0.0,-2472.0,63292.0,-607.0,5420.0,86878.0,True,True,False,3,Gulf Coast,6027.0,-606.0,-607.0,-1.0,0.0
2025-12-01,8574.0,0.0,44845.0,25414.0,213.0,-1302.0,63097.0,323.0,5743.0,93187.0,False,True,False,3,Gulf Coast,5420.0,323.0,323.0,0.0,0.0
2026-01-01,6777.0,0.0,36938.0,25622.0,0.0,-1668.0,59149.0,1698.0,7441.0,94303.0,True,True,False,3,Gulf Coast,5743.0,1698.0,1698.0,0.0,0.0
2026-02-01,-1674.0,0.0,32106.0,23602.0,0.0,-1389.0,57355.0,-1416.0,6025.0,87033.0,True,True,False,3,Gulf Coast,7441.0,-1416.0,-1416.0,0.0,0.0
2026-03-01,-157.0,0.0,38059.0,23544.0,0.0,-2458.0,63871.0,-347.0,5678.0,88022.0,True,True,False,3,Gulf Coast,6025.0,-347.0,-347.0,0.0,0.0
2026-04-01,6810.0,0.0,43804.0,20920.0,0.0,-3628.0,62009.0,467.0,6145.0,81418.0,True,True,False,3,Gulf Coast,5678.0,467.0,467.0,0.0,0.0
2026-05-01,4491.0,0.0,37979.0,24580.0,0.0,-4352.0,61817.0,-602.0,5543.0,82467.0,True,True,False,3,Gulf Coast,6145.0,-603.0,-602.0,1.0,0.0
2026-06-01,4453.0,0.0,41113.0,25656.0,108.0,-2181.0,63222.0,-1167.0,4376.0,78218.0,False,True,False,3,Gulf Coast,5543.0,-1167.0,-1167.0,0.0,0.0
2007-01-01,63.0,0.0,8378.0,0.0,5.0,-581.0,9231.0,340.0,5214.0,7377.0,False,True,True,4,Rocky Mountain,,340.0,,,
2007-02-01,237.0,0.0,8313.0,0.0,2.0,-346.0,8352.0,-68.0,5146.0,7150.0,False,True,True,4,Rocky Mountain,5214.0,-68.0,-68.0,0.0,0.0
2007-03-01,170.0,0.0,9101.0,0.0,1.0,-110.0,8451.0,-589.0,4557.0,6484.0,False,True,True,4,Rocky Mountain,5146.0,-589.0,-589.0,0.0,0.0
2007-04-01,145.0,0.0,8360.0,0.0,8.0,-399.0,7986.0,-620.0,3937.0,5542.0,False,True,True,4,Rocky Mountain,4557.0,-620.0,-620.0,0.0,0.0
2007-05-01,-186.0,0.0,8973.0,0.0,0.0,979.0,8401.0,221.0,4158.0,5818.0,True,True,False,4,Rocky Mountain,3937.0,221.0,221.0,0.0,0.0
2007-06-01,-392.0,0.0,8718.0,0.0,0.0,547.0,8755.0,192.0,4350.0,6277.0,True,True,False,4,Rocky Mountain,4158.0,192.0,192.0,0.0,0.0
2007-07-01,-271.0,0.0,9487.0,0.0,0.0,545.0,9347.0,134.0,4484.0,6493.0,True,True,False,4,Rocky Mountain,4350.0,134.0,134.0,0.0,0.0
2007-08-01,-135.0,0.0,10024.0,0.0,0.0,611.0,9425.0,-123.0,4361.0,6131.0,True,True,True,4,Rocky Mountain,4484.0,-123.0,-123.0,0.0,0.0
2007-09-01,-96.0,0.0,9178.0,0.0,3.0,514.0,8825.0,68.0,4429.0,6134.0,False,True,True,4,Rocky Mountain,4361.0,68.0,68.0,0.0,0.0
2007-10-01,77.0,0.0,9165.0,0.0,0.0,154.0,8608.0,-326.0,4103.0,5616.0,True,True,True,4,Rocky Mountain,4429.0,-326.0,-326.0,0.0,0.0
2007-11-01,-137.0,0.0,8377.0,1.0,0.0,-106.0,8892.0,272.0,4375.0,6027.0,True,True,False,4,Rocky Mountain,4103.0,271.0,272.0,1.0,0.0
2007-12-01,-128.0,0.0,9065.0,0.0,0.0,-159.0,9533.0,181.0,4556.0,6529.0,True,True,True,4,Rocky Mountain,4375.0,181.0,181.0,0.0,0.0
2008-01-01,-71.0,0.0,8544.0,0.0,0.0,-342.0,9286.0,329.0,4885.0,7113.0,True,True,True,4,Rocky Mountain,4556.0,329.0,329.0,0.0,0.0
2008-02-01,152.0,0.0,8443.0,0.0,0.0,-217.0,8620.0,112.0,4997.0,7105.0,True,True,False,4,Rocky Mountain,4885.0,112.0,112.0,0.0,0.0
2008-03-01,35.0,0.0,8692.0,0.0,0.0,-518.0,8913.0,-262.0,4735.0,6650.0,True,True,True,4,Rocky Mountain,4997.0,-262.0,-262.0,0.0,0.0
2008-04-01,-158.0,0.0,8604.0,0.0,0.0,-69.0,8379.0,-452.0,4283.0,6233.0,True,True,False,4,Rocky Mountain,4735.0,-452.0,-452.0,0.0,0.0
2008-05-01,-7.0,0.0,9315.0,0.0,0.0,112.0,9315.0,105.0,4388.0,6297.0,True,True,False,4,Rocky Mountain,4283.0,105.0,105.0,0.0,0.0
2008-06-01,-246.0,0.0,8737.0,1.0,0.0,220.0,8826.0,63.0,4451.0,6614.0,True,True,False,4,Rocky Mountain,4388.0,62.0,63.0,1.0,0.0
2008-07-01,16.0,0.0,9592.0,0.0,0.0,245.0,9222.0,-109.0,4342.0,6090.0,True,True,False,4,Rocky Mountain,4451.0,-109.0,-109.0,0.0,0.0
2008-08-01,-147.0,0.0,9202.0,0.0,0.0,412.0,8870.0,-67.0,4275.0,6152.0,True,True,False,4,Rocky Mountain,4342.0,-67.0,-67.0,0.0,0.0
2008-09-01,152.0,0.0,8204.0,0.0,0.0,-87.0,8238.0,99.0,4374.0,6594.0,True,True,True,4,Rocky Mountain,4275.0,99.0,99.0,0.0,0.0
2008-10-01,131.0,0.0,8776.0,0.0,0.0,-410.0,9383.0,328.0,4702.0,6888.0,True,True,True,4,Rocky Mountain,4374.0,328.0,328.0,0.0,0.0
2008-11-01,-22.0,0.0,8327.0,0.0,0.0,-859.0,9375.0,167.0,4869.0,7243.0,True,True,False,4,Rocky Mountain,4702.0,167.0,167.0,0.0,0.0
2008-12-01,-2.0,0.0,9116.0,0.0,0.0,-758.0,9742.0,-134.0,4735.0,6903.0,True,True,True,4,Rocky Mountain,4869.0,-134.0,-134.0,0.0,0.0
2009-01-01,121.0,0.0,9199.0,0.0,0.0,-613.0,9700.0,9.0,4744.0,6682.0,True,True,True,4,Rocky Mountain,4735.0,9.0,9.0,0.0,0.0
2009-02-01,-27.0,0.0,8501.0,0.0,0.0,-379.0,8611.0,-296.0,4448.0,6619.0,True,True,True,4,Rocky Mountain,4744.0,-296.0,-296.0,0.0,0.0
2009-03-01,-54.0,0.0,8715.0,0.0,0.0,-501.0,8674.0,-596.0,3852.0,6212.0,True,True,False,4,Rocky Mountain,4448.0,-596.0,-596.0,0.0,0.0
2009-04-01,-134.0,0.0,8638.0,0.0,0.0,10.0,8238.0,-524.0,3328.0,5185.0,True,True,False,4,Rocky Mountain,3852.0,-524.0,-524.0,0.0,0.0
2009-05-01,-107.0,0.0,9417.0,0.0,0.0,234.0,9674.0,384.0,3712.0,5668.0,True,True,False,4,Rocky Mountain,3328.0,384.0,384.0,0.0,0.0
2009-06-01,-72.0,0.0,9370.0,0.0,0.0,-102.0,9914.0,370.0,4082.0,5949.0,True,True,False,4,Rocky Mountain,3712.0,370.0,370.0,0.0,0.0
2009-07-01,49.0,0.0,10136.0,0.0,0.0,-227.0,9892.0,-422.0,3660.0,5526.0,True,True,False,4,Rocky Mountain,4082.0,-422.0,-422.0,0.0,0.0
2009-08-01,-155.0,0.0,9663.0,0.0,0.0,-130.0,10222.0,274.0,3934.0,5711.0,True,True,False,4,Rocky Mountain,3660.0,274.0,274.0,0.0,0.0
2009-09-01,-355.0,0.0,8956.0,0.0,0.0,74.0,9356.0,119.0,4053.0,6124.0,True,True,True,4,Rocky Mountain,3934.0,119.0,119.0,0.0,0.0
2009-10-01,74.0,0.0,9231.0,0.0,0.0,-575.0,9237.0,-495.0,3558.0,5613.0,True,True,True,4,Rocky Mountain,4053.0,-495.0,-495.0,0.0,0.0
2009-11-01,-24.0,0.0,8206.0,0.0,0.0,-765.0,9897.0,902.0,4460.0,6748.0,True,True,True,4,Rocky Mountain,3558.0,902.0,902.0,0.0,0.0
2009-12-01,-149.0,0.0,9100.0,0.0,0.0,-829.0,9577.0,-501.0,3959.0,5767.0,True,True,True,4,Rocky Mountain,4460.0,-501.0,-501.0,0.0,0.0
2010-01-01,-367.0,0.0,9080.0,0.0,0.0,114.0,9361.0,28.0,3987.0,5960.0,True,True,True,4,Rocky Mountain,3959.0,28.0,28.0,0.0,0.0
2010-02-01,76.0,0.0,8887.0,0.0,0.0,731.0,8323.0,243.0,4230.0,6039.0,True,True,True,4,Rocky Mountain,3987.0,243.0,243.0,0.0,0.0
2010-03-01,-207.0,0.0,8772.0,0.0,0.0,-146.0,8988.0,-137.0,4093.0,5882.0,True,True,False,4,Rocky Mountain,4230.0,-137.0,-137.0,0.0,0.0
2010-04-01,175.0,0.0,8950.0,0.0,0.0,552.0,8198.0,-25.0,4068.0,6330.0,True,True,True,4,Rocky Mountain,4093.0,-25.0,-25.0,0.0,0.0
2010-05-01,72.0,0.0,8612.0,6.0,0.0,-138.0,8798.0,114.0,4182.0,6224.0,True,True,False,4,Rocky Mountain,4068.0,114.0,114.0,0.0,0.0
2010-06-01,444.0,0.0,9347.0,2.0,0.0,-121.0,8991.0,-35.0,4147.0,6382.0,True,True,False,4,Rocky Mountain,4182.0,-35.0,-35.0,0.0,0.0
2010-07-01,323.0,0.0,10846.0,0.0,0.0,269.0,9957.0,-297.0,3850.0,5745.0,True,True,True,4,Rocky Mountain,4147.0,-297.0,-297.0,0.0,0.0
2010-08-01,242.0,0.0,10233.0,0.0,0.0,1145.0,8946.0,100.0,3950.0,5934.0,True,True,False,4,Rocky Mountain,3850.0,100.0,100.0,0.0,0.0
2010-09-01,98.0,0.0,8678.0,0.0,0.0,-184.0,9014.0,250.0,4200.0,6512.0,True,True,False,4,Rocky Mountain,3950.0,250.0,250.0,0.0,0.0
2010-10-01,-15.0,0.0,9584.0,0.0,0.0,-11.0,9767.0,157.0,4357.0,6444.0,True,True,True,4,Rocky Mountain,4200.0,157.0,157.0,0.0,0.0
2010-11-01,66.0,0.0,8551.0,0.0,0.0,-541.0,9305.0,279.0,4636.0,6844.0,True,True,True,4,Rocky Mountain,4357.0,279.0,279.0,0.0,0.0
2010-12-01,264.0,0.0,9070.0,0.0,0.0,-771.0,9615.0,38.0,4674.0,6964.0,True,True,False,4,Rocky Mountain,4636.0,38.0,38.0,0.0,0.0
2011-01-01,423.0,0.0,8683.0,0.0,0.0,-938.0,9013.0,-185.0,4489.0,6912.0,True,True,True,4,Rocky Mountain,4674.0,-185.0,-185.0,0.0,0.0
2011-02-01,157.0,0.0,8354.0,0.0,0.0,-366.0,8553.0,-10.0,4479.0,6811.0,True,True,True,4,Rocky Mountain,4489.0,-10.0,-10.0,0.0,0.0
2011-03-01,213.0,0.0,8964.0,0.0,0.0,-244.0,8790.0,-205.0,4274.0,6457.0,True,True,True,4,Rocky Mountain,4479.0,-205.0,-205.0,0.0,0.0
2011-04-01,754.0,0.0,9041.0,0.0,0.0,6.0,7687.0,-594.0,3680.0,5739.0,True,True,False,4,Rocky Mountain,4274.0,-594.0,-594.0,0.0,0.0
2011-05-01,709.0,0.0,9052.0,0.0,0.0,-461.0,9413.0,609.0,4289.0,6528.0,True,True,False,4,Rocky Mountain,3680.0,609.0,609.0,0.0,0.0
2011-06-01,751.0,0.0,9389.0,0.0,0.0,-567.0,9147.0,-58.0,4231.0,6611.0,True,True,False,4,Rocky Mountain,4289.0,-58.0,-58.0,0.0,0.0
2011-07-01,1204.0,0.0,9946.0,0.0,0.0,-431.0,8991.0,-182.0,4049.0,6246.0,True,True,False,4,Rocky Mountain,4231.0,-182.0,-182.0,0.0,0.0
2011-08-01,1261.0,0.0,10113.0,0.0,0.0,-51.0,8822.0,-81.0,3968.0,5868.0,True,True,False,4,Rocky Mountain,4049.0,-81.0,-81.0,0.0,0.0
2011-09-01,443.0,0.0,9000.0,0.0,0.0,-249.0,8756.0,-50.0,3918.0,5911.0,True,True,False,4,Rocky Mountain,3968.0,-50.0,-50.0,0.0,0.0
2011-10-01,544.0,0.0,8989.0,0.0,0.0,-50.0,8767.0,272.0,4190.0,6562.0,True,True,True,4,Rocky Mountain,3918.0,272.0,272.0,0.0,0.0
2011-11-01,806.0,0.0,8760.0,0.0,0.0,-645.0,9436.0,837.0,5027.0,7495.0,True,True,True,4,Rocky Mountain,4190.0,837.0,837.0,0.0,0.0
2011-12-01,524.0,0.0,9311.0,0.0,0.0,-822.0,9418.0,-191.0,4836.0,7583.0,True,True,True,4,Rocky Mountain,5027.0,-191.0,-191.0,0.0,0.0
2012-01-01,990.0,0.0,9677.0,2.0,0.0,-967.0,9282.0,-375.0,4461.0,7302.0,True,True,False,4,Rocky Mountain,4836.0,-374.0,-375.0,-1.0,0.0
2012-02-01,467.0,0.0,9230.0,1.0,0.0,-716.0,9421.0,-59.0,4402.0,6693.0,True,True,False,4,Rocky Mountain,4461.0,-59.0,-59.0,0.0,0.0
2012-03-01,537.0,0.0,9870.0,39.0,0.0,-535.0,9266.0,-642.0,3760.0,6479.0,True,True,False,4,Rocky Mountain,4402.0,-641.0,-642.0,-1.0,0.0
2012-04-01,925.0,0.0,9107.0,1.0,0.0,-418.0,8464.0,-137.0,3623.0,6080.0,True,True,False,4,Rocky Mountain,3760.0,-137.0,-137.0,0.0,0.0
2012-05-01,383.0,0.0,9490.0,2.0,0.0,-445.0,9287.0,-267.0,3356.0,5800.0,True,True,False,4,Rocky Mountain,3623.0,-267.0,-267.0,0.0,0.0
2012-06-01,497.0,0.0,9473.0,3.0,0.0,-396.0,9653.0,277.0,3633.0,6394.0,True,True,False,4,Rocky Mountain,3356.0,278.0,277.0,-1.0,0.0
2012-07-01,450.0,0.0,9629.0,1.0,0.0,-603.0,10034.0,251.0,3884.0,6640.0,True,True,False,4,Rocky Mountain,3633.0,251.0,251.0,0.0,0.0
2012-08-01,763.0,0.0,10254.0,0.0,0.0,-574.0,9983.0,-82.0,3802.0,6262.0,True,True,True,4,Rocky Mountain,3884.0,-82.0,-82.0,0.0,0.0
2012-09-01,255.0,0.0,8699.0,1.0,0.0,-588.0,9226.0,193.0,3995.0,6587.0,True,True,False,4,Rocky Mountain,3802.0,193.0,193.0,0.0,0.0
2012-10-01,425.0,0.0,9245.0,0.0,0.0,-163.0,9155.0,172.0,4167.0,6330.0,True,True,True,4,Rocky Mountain,3995.0,172.0,172.0,0.0,0.0
2012-11-01,447.0,0.0,8353.0,1.0,6.0,-642.0,8818.0,275.0,4442.0,7208.0,False,True,False,4,Rocky Mountain,4167.0,275.0,275.0,0.0,0.0
2012-12-01,594.0,0.0,9901.0,1.0,13.0,-1317.0,10354.0,-258.0,4184.0,7361.0,False,True,False,4,Rocky Mountain,4442.0,-258.0,-258.0,0.0,0.0
2013-01-01,-579.0,0.0,9462.0,0.0,0.0,-989.0,10703.0,-327.0,3857.0,7129.0,True,True,False,4,Rocky Mountain,4184.0,-327.0,-327.0,0.0,0.0
2013-02-01,-462.0,0.0,8385.0,1.0,0.0,-537.0,9066.0,-318.0,3539.0,6941.0,True,True,False,4,Rocky Mountain,3857.0,-319.0,-318.0,1.0,0.0
2013-03-01,430.0,0.0,9384.0,0.0,0.0,-258.0,8972.0,-240.0,3299.0,6767.0,True,True,False,4,Rocky Mountain,3539.0,-240.0,-240.0,0.0,0.0
2013-04-01,352.0,0.0,8774.0,1.0,0.0,-187.0,8765.0,155.0,3454.0,6514.0,True,True,False,4,Rocky Mountain,3299.0,155.0,155.0,0.0,0.0
2013-05-01,496.0,0.0,9496.0,1.0,0.0,-51.0,8810.0,-242.0,3212.0,5935.0,True,True,False,4,Rocky Mountain,3454.0,-242.0,-242.0,0.0,0.0
2013-06-01,-91.0,0.0,9010.0,0.0,0.0,152.0,9374.0,425.0,3637.0,6525.0,True,True,False,4,Rocky Mountain,3212.0,425.0,425.0,0.0,0.0
2013-07-01,-249.0,0.0,10045.0,0.0,0.0,111.0,10208.0,25.0,3662.0,6612.0,True,True,False,4,Rocky Mountain,3637.0,25.0,25.0,0.0,0.0
2013-08-01,317.0,0.0,10318.0,0.0,1.0,-315.0,10407.0,92.0,3754.0,6709.0,False,True,False,4,Rocky Mountain,3662.0,92.0,92.0,0.0,0.0
2013-09-01,365.0,0.0,9530.0,0.0,0.0,-716.0,9674.0,-207.0,3547.0,6323.0,True,True,False,4,Rocky Mountain,3754.0,-207.0,-207.0,0.0,0.0
2013-10-01,106.0,0.0,9563.0,0.0,0.0,-427.0,10164.0,280.0,3827.0,7269.0,True,True,True,4,Rocky Mountain,3547.0,280.0,280.0,0.0,0.0
2013-11-01,-71.0,0.0,9255.0,1.0,0.0,-825.0,10168.0,16.0,3843.0,7408.0,True,True,False,4,Rocky Mountain,3827.0,16.0,16.0,0.0,0.0
2013-12-01,-583.0,0.0,9494.0,0.0,0.0,-815.0,10610.0,-282.0,3561.0,7070.0,True,True,False,4,Rocky Mountain,3843.0,-282.0,-282.0,0.0,0.0
2014-01-01,-465.0,0.0,9032.0,1.0,0.0,-972.0,10361.0,-109.0,3452.0,7147.0,True,True,False,4,Rocky Mountain,3561.0,-109.0,-109.0,0.0,0.0
2014-02-01,-351.0,0.0,8113.0,0.0,0.0,-654.0,8839.0,-279.0,3173.0,6256.0,True,True,False,4,Rocky Mountain,3452.0,-279.0,-279.0,0.0,0.0
2014-03-01,-2236.0,0.0,9361.0,0.0,0.0,-602.0,11452.0,-747.0,2426.0,6431.0,True,True,True,4,Rocky Mountain,3173.0,-747.0,-747.0,0.0,0.0
2014-04-01,-1931.0,0.0,9371.0,1.0,0.0,-450.0,11649.0,-104.0,2322.0,6284.0,True,True,False,4,Rocky Mountain,2426.0,-104.0,-104.0,0.0,0.0
2014-05-01,-1505.0,0.0,9685.0,1.0,0.0,-223.0,11643.0,229.0,2551.0,6664.0,True,True,False,4,Rocky Mountain,2322.0,229.0,229.0,0.0,0.0
2014-06-01,-1483.0,0.0,9680.0,1.0,0.0,-480.0,11386.0,-258.0,2293.0,6096.0,True,True,False,4,Rocky Mountain,2551.0,-258.0,-258.0,0.0,0.0
2014-07-01,-1564.0,0.0,9630.0,0.0,0.0,-155.0,11667.0,317.0,2610.0,6539.0,True,True,False,4,Rocky Mountain,2293.0,318.0,317.0,-1.0,0.0
2014-08-01,-387.0,0.0,10344.0,0.0,0.0,-331.0,11046.0,-17.0,2593.0,6891.0,True,True,False,4,Rocky Mountain,2610.0,-16.0,-17.0,-1.0,0.0
2014-09-01,-743.0,0.0,9232.0,0.0,0.0,-473.0,10389.0,-59.0,2534.0,7410.0,True,True,False,4,Rocky Mountain,2593.0,-59.0,-59.0,0.0,0.0
2014-10-01,-210.0,0.0,9795.0,0.0,0.0,-331.0,9990.0,-346.0,2188.0,6520.0,True,True,False,4,Rocky Mountain,2534.0,-346.0,-346.0,0.0,0.0
2014-11-01,-339.0,0.0,8506.0,0.0,0.0,-350.0,9645.0,449.0,2637.0,7858.0,True,True,False,4,Rocky Mountain,2188.0,450.0,449.0,-1.0,0.0
2014-12-01,-76.0,0.0,9647.0,0.0,0.0,-757.0,10390.0,-90.0,2547.0,7902.0,True,True,False,4,Rocky Mountain,2637.0,-90.0,-90.0,0.0,0.0
2015-01-01,-458.0,0.0,9137.0,1.0,3.0,-678.0,10105.0,-166.0,2381.0,7651.0,False,True,False,4,Rocky Mountain,2547.0,-166.0,-166.0,0.0,0.0
2015-02-01,158.0,0.0,8687.0,0.0,0.0,-462.0,9138.0,147.0,2528.0,7771.0,True,True,True,4,Rocky Mountain,2381.0,147.0,147.0,0.0,0.0
2015-03-01,302.0,0.0,10035.0,1.0,21.0,-457.0,9812.0,-359.0,2169.0,6460.0,False,True,False,4,Rocky Mountain,2528.0,-358.0,-359.0,-1.0,0.0
2015-04-01,244.0,0.0,9316.0,0.0,0.0,-299.0,9401.0,29.0,2198.0,6792.0,True,True,False,4,Rocky Mountain,2169.0,30.0,29.0,-1.0,0.0
2015-05-01,97.0,0.0,9507.0,2.0,0.0,-310.0,9593.0,-129.0,2069.0,7064.0,True,True,False,4,Rocky Mountain,2198.0,-129.0,-129.0,0.0,0.0
2015-06-01,377.0,0.0,9683.0,1.0,0.0,-180.0,9403.0,-84.0,1985.0,6761.0,True,True,False,4,Rocky Mountain,2069.0,-84.0,-84.0,0.0,0.0
2015-07-01,543.0,0.0,10588.0,1.0,0.0,-240.0,10068.0,-218.0,1767.0,6448.0,True,True,False,4,Rocky Mountain,1985.0,-218.0,-218.0,0.0,0.0
2015-08-01,726.0,0.0,10008.0,1.0,0.0,-115.0,9568.0,170.0,1937.0,6862.0,True,True,False,4,Rocky Mountain,1767.0,170.0,170.0,0.0,0.0
2015-09-01,354.0,0.0,9181.0,0.0,0.0,-391.0,9400.0,182.0,2119.0,7154.0,True,True,True,4,Rocky Mountain,1937.0,182.0,182.0,0.0,0.0
2015-10-01,522.0,0.0,10174.0,1.0,0.0,-459.0,9993.0,-119.0,2000.0,6800.0,True,True,False,4,Rocky Mountain,2119.0,-119.0,-119.0,0.0,0.0
2015-11-01,555.0,0.0,9396.0,0.0,0.0,-476.0,9395.0,78.0,2078.0,7226.0,True,True,True,4,Rocky Mountain,2000.0,78.0,78.0,0.0,0.0
2015-12-01,566.0,0.0,9466.0,1.0,0.0,-743.0,9858.0,214.0,2292.0,7716.0,True,True,False,4,Rocky Mountain,2078.0,214.0,214.0,0.0,0.0
2016-01-01,747.0,0.0,9171.0,0.0,0.0,-863.0,9477.0,190.0,2482.0,8001.0,True,True,True,4,Rocky Mountain,2292.0,190.0,190.0,0.0,0.0
2016-02-01,399.0,0.0,8805.0,1.0,0.0,-419.0,8725.0,-101.0,2381.0,8379.0,True,True,False,4,Rocky Mountain,2482.0,-101.0,-101.0,0.0,0.0
2016-03-01,1147.0,0.0,10147.0,2.0,0.0,-199.0,9128.0,-73.0,2308.0,8386.0,True,True,False,4,Rocky Mountain,2381.0,-73.0,-73.0,0.0,0.0
2016-04-01,1342.0,0.0,9875.0,2.0,0.0,-222.0,8695.0,-62.0,2246.0,7606.0,True,True,False,4,Rocky Mountain,2308.0,-62.0,-62.0,0.0,0.0
2016-05-01,644.0,0.0,10121.0,1.0,0.0,-374.0,9697.0,-155.0,2091.0,7567.0,True,True,False,4,Rocky Mountain,2246.0,-155.0,-155.0,0.0,0.0
2016-06-01,823.0,0.0,10149.0,2.0,0.0,-605.0,9914.0,-19.0,2072.0,7444.0,True,True,False,4,Rocky Mountain,2091.0,-19.0,-19.0,0.0,0.0
2016-07-01,1079.0,0.0,11090.0,2.0,0.0,-386.0,10304.0,-95.0,1977.0,7418.0,True,True,False,4,Rocky Mountain,2072.0,-95.0,-95.0,0.0,0.0
2016-08-01,816.0,0.0,10932.0,0.0,0.0,-250.0,10342.0,-24.0,1953.0,6833.0,True,True,False,4,Rocky Mountain,1977.0,-24.0,-24.0,0.0,0.0
2016-09-01,955.0,0.0,10412.0,1.0,0.0,-354.0,9866.0,54.0,2007.0,6937.0,True,True,False,4,Rocky Mountain,1953.0,54.0,54.0,0.0,0.0
2016-10-01,427.0,0.0,9496.0,0.0,0.0,-446.0,9577.0,62.0,2069.0,7295.0,True,True,True,4,Rocky Mountain,2007.0,62.0,62.0,0.0,0.0
2016-11-01,837.0,0.0,9373.0,1.0,0.0,-415.0,9333.0,381.0,2450.0,8096.0,True,True,False,4,Rocky Mountain,2069.0,381.0,381.0,0.0,0.0
2016-12-01,722.0,0.0,9849.0,1.0,0.0,-533.0,9449.0,-212.0,2238.0,7910.0,True,True,False,4,Rocky Mountain,2450.0,-212.0,-212.0,0.0,0.0
2017-01-01,518.0,0.0,8946.0,0.0,0.0,-539.0,8809.0,-158.0,2080.0,8615.0,True,True,True,4,Rocky Mountain,2238.0,-158.0,-158.0,0.0,0.0
2017-02-01,247.0,0.0,8242.0,0.0,0.0,-576.0,8344.0,-227.0,1853.0,8456.0,True,True,True,4,Rocky Mountain,2080.0,-227.0,-227.0,0.0,0.0
2017-03-01,796.0,0.0,9731.0,1.0,0.0,-515.0,9289.0,-162.0,1691.0,7940.0,True,True,False,4,Rocky Mountain,1853.0,-162.0,-162.0,0.0,0.0
2017-04-01,893.0,0.0,9761.0,2.0,0.0,-425.0,9247.0,-48.0,1643.0,7809.0,True,True,False,4,Rocky Mountain,1691.0,-48.0,-48.0,0.0,0.0
2017-05-01,1120.0,0.0,10382.0,2.0,0.0,-474.0,9791.0,54.0,1697.0,7665.0,True,True,False,4,Rocky Mountain,1643.0,53.0,54.0,1.0,0.0
2017-06-01,1133.0,0.0,10524.0,1.0,0.0,-620.0,9857.0,-155.0,1542.0,7021.0,True,True,False,4,Rocky Mountain,1697.0,-155.0,-155.0,0.0,0.0
2017-07-01,1137.0,0.0,11261.0,1.0,0.0,-391.0,10436.0,-80.0,1462.0,6696.0,True,True,False,4,Rocky Mountain,1542.0,-80.0,-80.0,0.0,0.0
2017-08-01,979.0,0.0,10913.0,1.0,0.0,-387.0,10258.0,-64.0,1398.0,6507.0,True,True,False,4,Rocky Mountain,1462.0,-64.0,-64.0,0.0,0.0
2017-09-01,1032.0,0.0,9916.0,0.0,0.0,-536.0,9519.0,99.0,1497.0,6894.0,True,True,True,4,Rocky Mountain,1398.0,99.0,99.0,0.0,0.0
2017-10-01,1508.0,0.0,10118.0,1.0,0.0,-558.0,9341.0,172.0,1669.0,7080.0,True,True,False,4,Rocky Mountain,1497.0,172.0,172.0,0.0,0.0
2017-11-01,868.0,0.0,9433.0,0.0,0.0,-588.0,9221.0,68.0,1737.0,7112.0,True,True,True,4,Rocky Mountain,1669.0,68.0,68.0,0.0,0.0
2017-12-01,1426.0,0.0,10229.0,1.0,0.0,-555.0,9283.0,-76.0,1661.0,7558.0,True,True,False,4,Rocky Mountain,1737.0,-76.0,-76.0,0.0,0.0
2018-01-01,714.0,0.0,9217.0,1.0,0.0,-654.0,9231.0,73.0,1734.0,7650.0,True,True,False,4,Rocky Mountain,1661.0,73.0,73.0,0.0,0.0
2018-02-01,899.0,0.0,8576.0,0.0,0.0,-435.0,8321.0,209.0,1943.0,8400.0,True,True,True,4,Rocky Mountain,1734.0,209.0,209.0,0.0,0.0
2018-03-01,1077.0,0.0,9933.0,1.0,0.0,-832.0,9584.0,-105.0,1838.0,7711.0,True,True,False,4,Rocky Mountain,1943.0,-105.0,-105.0,0.0,0.0
2018-04-01,1108.0,0.0,9325.0,2.0,0.0,-730.0,8768.0,-181.0,1657.0,7170.0,True,True,False,4,Rocky Mountain,1838.0,-181.0,-181.0,0.0,0.0
2018-05-01,1719.0,0.0,9945.0,2.0,0.0,-1074.0,9167.0,-135.0,1522.0,6793.0,True,True,False,4,Rocky Mountain,1657.0,-135.0,-135.0,0.0,0.0
2018-06-01,1004.0,0.0,10136.0,2.0,0.0,-542.0,9858.0,182.0,1704.0,7275.0,True,True,False,4,Rocky Mountain,1522.0,182.0,182.0,0.0,0.0
2018-07-01,747.0,0.0,10839.0,2.0,0.0,-399.0,10323.0,-169.0,1535.0,6966.0,True,True,False,4,Rocky Mountain,1704.0,-170.0,-169.0,1.0,0.0
2018-08-01,920.0,0.0,11030.0,1.0,0.0,-376.0,10472.0,-14.0,1521.0,6406.0,True,True,False,4,Rocky Mountain,1535.0,-15.0,-14.0,1.0,0.0
2018-09-01,945.0,0.0,9849.0,0.0,0.0,-581.0,9596.0,111.0,1632.0,6998.0,True,True,True,4,Rocky Mountain,1521.0,111.0,111.0,0.0,0.0
2018-10-01,1235.0,0.0,10478.0,1.0,0.0,-490.0,9724.0,-10.0,1622.0,6816.0,True,True,False,4,Rocky Mountain,1632.0,-10.0,-10.0,0.0,0.0
2018-11-01,470.0,0.0,9264.0,1.0,0.0,-404.0,9079.0,-120.0,1502.0,6939.0,True,True,False,4,Rocky Mountain,1622.0,-120.0,-120.0,0.0,0.0
2018-12-01,1271.0,0.0,9812.0,0.0,0.0,-582.0,9271.0,148.0,1650.0,7324.0,True,True,False,4,Rocky Mountain,1502.0,148.0,148.0,0.0,0.0
2019-01-01,753.0,0.0,9519.0,1.0,0.0,-563.0,9349.0,19.0,1669.0,7499.0,True,True,False,4,Rocky Mountain,1650.0,19.0,19.0,0.0,0.0
2019-02-01,1055.0,0.0,8683.0,0.0,0.0,-698.0,8367.0,41.0,1710.0,7394.0,True,True,True,4,Rocky Mountain,1669.0,41.0,41.0,0.0,0.0
2019-03-01,978.0,0.0,9722.0,1.0,0.0,-551.0,9048.0,-249.0,1461.0,6861.0,True,True,False,4,Rocky Mountain,1710.0,-248.0,-249.0,-1.0,0.0
2019-04-01,1462.0,0.0,9804.0,1.0,0.0,-463.0,9002.0,196.0,1657.0,6567.0,True,True,False,4,Rocky Mountain,1461.0,196.0,196.0,0.0,0.0
2019-05-01,1347.0,0.0,10288.0,3.0,0.0,-754.0,9732.0,34.0,1691.0,7223.0,True,True,False,4,Rocky Mountain,1657.0,34.0,34.0,0.0,0.0
2019-06-01,984.0,0.0,10410.0,1.0,0.0,-484.0,9816.0,-95.0,1596.0,7457.0,True,True,False,4,Rocky Mountain,1691.0,-95.0,-95.0,0.0,0.0
2019-07-01,1136.0,0.0,11302.0,1.0,0.0,-656.0,10849.0,26.0,1622.0,7435.0,True,True,False,4,Rocky Mountain,1596.0,26.0,26.0,0.0,0.0
2019-08-01,1788.0,0.0,11567.0,1.0,0.0,-582.0,10421.0,59.0,1681.0,7437.0,True,True,False,4,Rocky Mountain,1622.0,59.0,59.0,0.0,0.0
2019-09-01,1259.0,0.0,10579.0,0.0,65.0,-351.0,9602.0,-4.0,1677.0,7651.0,False,True,False,4,Rocky Mountain,1681.0,-4.0,-4.0,0.0,0.0
2019-10-01,1419.0,0.0,10382.0,0.0,7.0,-534.0,9248.0,-242.0,1435.0,6666.0,False,True,True,4,Rocky Mountain,1677.0,-242.0,-242.0,0.0,0.0
2019-11-01,1161.0,0.0,9242.0,1.0,0.0,-544.0,8888.0,262.0,1697.0,7314.0,True,True,False,4,Rocky Mountain,1435.0,262.0,262.0,0.0,0.0
2019-12-01,1224.0,0.0,9626.0,0.0,0.0,-611.0,9237.0,224.0,1921.0,8279.0,True,True,False,4,Rocky Mountain,1697.0,224.0,224.0,0.0,0.0
2020-01-01,1134.0,0.0,9554.0,1.0,0.0,-749.0,9311.0,141.0,2062.0,8878.0,True,True,False,4,Rocky Mountain,1921.0,141.0,141.0,0.0,0.0
2020-02-01,867.0,0.0,9045.0,0.0,0.0,-590.0,8968.0,200.0,2262.0,8966.0,True,True,True,4,Rocky Mountain,2062.0,200.0,200.0,0.0,0.0
2020-03-01,76.0,0.0,7911.0,1.0,0.0,-595.0,8442.0,11.0,2273.0,9220.0,True,True,False,4,Rocky Mountain,2262.0,11.0,11.0,0.0,0.0
2020-04-01,1126.0,0.0,6575.0,0.0,0.0,-641.0,5921.0,-169.0,2104.0,8373.0,True,True,True,4,Rocky Mountain,2273.0,-169.0,-169.0,0.0,0.0
2020-05-01,701.0,0.0,7878.0,1.0,0.0,-678.0,7650.0,-206.0,1898.0,7485.0,True,True,False,4,Rocky Mountain,2104.0,-206.0,-206.0,0.0,0.0
2020-06-01,1087.0,0.0,9376.0,1.0,0.0,-429.0,8736.0,17.0,1915.0,7655.0,True,True,False,4,Rocky Mountain,1898.0,17.0,17.0,0.0,0.0
2020-07-01,1227.0,0.0,10482.0,1.0,26.0,-547.0,9614.0,-164.0,1751.0,7333.0,False,True,False,4,Rocky Mountain,1915.0,-163.0,-164.0,-1.0,0.0
2020-08-01,1331.0,0.0,10391.0,1.0,0.0,-684.0,9668.0,-77.0,1674.0,7367.0,True,True,False,4,Rocky Mountain,1751.0,-77.0,-77.0,0.0,0.0
2020-09-01,1228.0,0.0,9648.0,1.0,0.0,-522.0,9148.0,205.0,1879.0,7592.0,True,True,False,4,Rocky Mountain,1674.0,205.0,205.0,0.0,0.0
2020-10-01,1168.0,0.0,9456.0,0.0,0.0,-570.0,8833.0,-25.0,1854.0,7588.0,True,True,False,4,Rocky Mountain,1879.0,-25.0,-25.0,0.0,0.0
2020-11-01,1219.0,0.0,8377.0,1.0,0.0,-597.0,7907.0,151.0,2005.0,8440.0,True,True,False,4,Rocky Mountain,1854.0,151.0,151.0,0.0,0.0
2020-12-01,1311.0,0.0,9025.0,0.0,0.0,-603.0,8450.0,133.0,2138.0,8657.0,True,True,True,4,Rocky Mountain,2005.0,133.0,133.0,0.0,0.0
2021-01-01,538.0,0.0,9242.0,1.0,0.0,-398.0,8716.0,-387.0,1751.0,8868.0,True,True,False,4,Rocky Mountain,2138.0,-387.0,-387.0,0.0,0.0
2021-02-01,898.0,0.0,8493.0,0.0,0.0,-293.0,8127.0,239.0,1990.0,8844.0,True,True,True,4,Rocky Mountain,1751.0,239.0,239.0,0.0,0.0
2021-03-01,870.0,0.0,9737.0,0.0,0.0,-388.0,9215.0,-41.0,1949.0,8564.0,True,True,False,4,Rocky Mountain,1990.0,-40.0,-41.0,-1.0,0.0
2021-04-01,908.0,0.0,9537.0,3.0,0.0,-295.0,8783.0,-144.0,1805.0,8119.0,True,True,False,4,Rocky Mountain,1949.0,-144.0,-144.0,0.0,0.0
2021-05-01,344.0,0.0,10028.0,1.0,0.0,-471.0,9926.0,-229.0,1576.0,7258.0,True,True,False,4,Rocky Mountain,1805.0,-230.0,-229.0,1.0,0.0
2021-06-01,736.0,0.0,10529.0,1.0,0.0,-430.0,9954.0,-270.0,1306.0,6162.0,True,True,False,4,Rocky Mountain,1576.0,-270.0,-270.0,0.0,0.0
2021-07-01,425.0,0.0,10681.0,2.0,0.0,-351.0,10664.0,55.0,1361.0,6234.0,True,True,False,4,Rocky Mountain,1306.0,55.0,55.0,0.0,0.0
2021-08-01,1264.0,0.0,10820.0,3.0,0.0,-340.0,9604.0,-294.0,1067.0,6718.0,True,True,False,4,Rocky Mountain,1361.0,-295.0,-294.0,1.0,0.0
2021-09-01,315.0,0.0,10114.0,1.0,0.0,-401.0,10331.0,129.0,1196.0,7644.0,True,True,False,4,Rocky Mountain,1067.0,130.0,129.0,-1.0,0.0
2021-10-01,141.0,0.0,10454.0,0.0,0.0,-343.0,10634.0,-22.0,1174.0,7594.0,True,True,True,4,Rocky Mountain,1196.0,-22.0,-22.0,0.0,0.0
2021-11-01,10.0,0.0,9522.0,1.0,0.0,-425.0,10195.0,257.0,1431.0,7777.0,True,True,False,4,Rocky Mountain,1174.0,257.0,257.0,0.0,0.0
2021-12-01,218.0,0.0,9872.0,0.0,0.0,-461.0,10267.0,151.0,1582.0,8147.0,True,True,False,4,Rocky Mountain,1431.0,152.0,151.0,-1.0,0.0
2022-01-01,132.0,0.0,9476.0,1.0,0.0,-464.0,9892.0,82.0,1664.0,8910.0,True,True,False,4,Rocky Mountain,1582.0,83.0,82.0,-1.0,0.0
2022-02-01,-32.0,0.0,8990.0,0.0,0.0,-382.0,9322.0,-83.0,1581.0,8302.0,True,True,False,4,Rocky Mountain,1664.0,-82.0,-83.0,-1.0,0.0
2022-03-01,247.0,0.0,10149.0,1.0,0.0,-369.0,10254.0,-18.0,1563.0,8083.0,True,True,False,4,Rocky Mountain,1581.0,-18.0,-18.0,0.0,0.0
2022-04-01,-254.0,0.0,9718.0,1.0,19.0,-176.0,10079.0,-51.0,1512.0,7951.0,False,True,False,4,Rocky Mountain,1563.0,-51.0,-51.0,0.0,0.0
2022-05-01,-92.0,0.0,10610.0,2.0,1.0,-231.0,10612.0,-322.0,1190.0,6140.0,False,True,False,4,Rocky Mountain,1512.0,-322.0,-322.0,0.0,0.0
2022-06-01,-69.0,0.0,10332.0,1.0,0.0,-360.0,10699.0,-63.0,1127.0,6448.0,True,True,False,4,Rocky Mountain,1190.0,-63.0,-63.0,0.0,0.0
2022-07-01,33.0,0.0,10793.0,1.0,0.0,-275.0,10992.0,-44.0,1083.0,6816.0,True,True,False,4,Rocky Mountain,1127.0,-44.0,-44.0,0.0,0.0
2022-08-01,-240.0,0.0,10905.0,0.0,0.0,-361.0,11465.0,-42.0,1041.0,6394.0,True,True,False,4,Rocky Mountain,1083.0,-41.0,-42.0,-1.0,0.0
2022-09-01,-51.0,0.0,10453.0,1.0,0.0,-391.0,10864.0,-32.0,1009.0,6386.0,True,True,False,4,Rocky Mountain,1041.0,-32.0,-32.0,0.0,0.0
2022-10-01,69.0,0.0,10493.0,0.0,0.0,-410.0,11007.0,173.0,1182.0,7003.0,True,True,True,4,Rocky Mountain,1009.0,173.0,173.0,0.0,0.0
2022-11-01,-372.0,0.0,9789.0,1.0,0.0,-360.0,10385.0,-137.0,1045.0,7200.0,True,True,False,4,Rocky Mountain,1182.0,-137.0,-137.0,0.0,0.0
2022-12-01,-185.0,0.0,9592.0,0.0,0.0,-438.0,10307.0,92.0,1137.0,7417.0,True,True,True,4,Rocky Mountain,1045.0,92.0,92.0,0.0,0.0
2023-01-01,-293.0,0.0,8860.0,1.0,0.0,-299.0,9640.0,187.0,1324.0,7387.0,True,True,False,4,Rocky Mountain,1137.0,187.0,187.0,0.0,0.0
2023-02-01,-206.0,0.0,8364.0,0.0,0.0,-194.0,8650.0,-114.0,1210.0,7666.0,True,True,False,4,Rocky Mountain,1324.0,-114.0,-114.0,0.0,0.0
2023-03-01,-137.0,0.0,9764.0,1.0,0.0,-302.0,10094.0,-110.0,1100.0,7844.0,True,True,False,4,Rocky Mountain,1210.0,-110.0,-110.0,0.0,0.0
2023-04-01,-122.0,0.0,9735.0,1.0,0.0,-125.0,9885.0,-98.0,1002.0,7295.0,True,True,False,4,Rocky Mountain,1100.0,-98.0,-98.0,0.0,0.0
2023-05-01,-136.0,0.0,10203.0,2.0,0.0,-33.0,10281.0,-93.0,909.0,6761.0,True,True,False,4,Rocky Mountain,1002.0,-93.0,-93.0,0.0,0.0
2023-06-01,-142.0,0.0,10229.0,1.0,0.0,-355.0,10901.0,174.0,1083.0,6916.0,True,True,False,4,Rocky Mountain,909.0,174.0,174.0,0.0,0.0
2023-07-01,-281.0,0.0,11105.0,1.0,0.0,-324.0,11717.0,6.0,1089.0,7197.0,True,True,False,4,Rocky Mountain,1083.0,6.0,6.0,0.0,0.0
2023-08-01,-133.0,0.0,10897.0,1.0,0.0,-308.0,11181.0,-158.0,931.0,7195.0,True,True,False,4,Rocky Mountain,1089.0,-158.0,-158.0,0.0,0.0
2023-09-01,-567.0,0.0,10246.0,1.0,0.0,-403.0,11164.0,-53.0,878.0,7164.0,True,True,False,4,Rocky Mountain,931.0,-53.0,-53.0,0.0,0.0
2023-10-01,-1030.0,0.0,9933.0,0.0,0.0,-461.0,11423.0,-1.0,877.0,7208.0,True,False,True,4,Rocky Mountain,878.0,-1.0,-1.0,0.0,0.0
2023-11-01,-1372.0,0.0,8945.0,0.0,0.0,-444.0,10984.0,223.0,1100.0,7661.0,True,True,True,4,Rocky Mountain,877.0,223.0,223.0,0.0,0.0
2023-12-01,-1127.0,0.0,9150.0,1.0,0.0,-525.0,10969.0,166.0,1266.0,7902.0,True,True,False,4,Rocky Mountain,1100.0,166.0,166.0,0.0,0.0
2024-01-01,-1025.0,0.0,9087.0,0.0,0.0,-494.0,10583.0,-23.0,1243.0,8642.0,True,True,True,4,Rocky Mountain,1266.0,-23.0,-23.0,0.0,0.0
2024-02-01,-1202.0,0.0,8520.0,1.0,0.0,-309.0,9964.0,-68.0,1175.0,8495.0,True,True,False,4,Rocky Mountain,1243.0,-68.0,-68.0,0.0,0.0
2024-03-01,-1264.0,0.0,9331.0,0.0,0.0,-430.0,11028.0,2.0,1177.0,8558.0,True,True,False,4,Rocky Mountain,1175.0,3.0,2.0,-1.0,0.0
2024-04-01,-647.0,0.0,9696.0,1.0,0.0,-482.0,10875.0,49.0,1226.0,8572.0,True,True,False,4,Rocky Mountain,1177.0,49.0,49.0,0.0,0.0
2024-05-01,-577.0,0.0,11077.0,1.0,0.0,-513.0,12066.0,-103.0,1123.0,8144.0,True,False,False,4,Rocky Mountain,1226.0,-102.0,-103.0,-1.0,0.0
2024-06-01,-1104.0,0.0,9828.0,1.0,0.0,-576.0,11630.0,122.0,1245.0,8044.0,True,False,False,4,Rocky Mountain,1123.0,121.0,122.0,1.0,0.0
2024-07-01,-1281.0,0.0,10564.0,2.0,0.0,-612.0,12221.0,-237.0,1008.0,6895.0,True,True,False,4,Rocky Mountain,1245.0,-238.0,-237.0,1.0,0.0
2024-08-01,-1491.0,0.0,9891.0,2.0,0.0,-549.0,11922.0,-11.0,997.0,6777.0,True,True,False,4,Rocky Mountain,1008.0,-11.0,-11.0,0.0,0.0
2024-09-01,-1320.0,0.0,9288.0,0.0,0.0,-512.0,11043.0,-77.0,920.0,6835.0,True,True,True,4,Rocky Mountain,997.0,-77.0,-77.0,0.0,0.0
2024-10-01,-899.0,0.0,9932.0,0.0,0.0,-421.0,11304.0,52.0,972.0,6907.0,True,True,True,4,Rocky Mountain,920.0,52.0,52.0,0.0,0.0
2024-11-01,-897.0,0.0,8898.0,0.0,0.0,-529.0,10486.0,162.0,1134.0,7997.0,True,True,False,4,Rocky Mountain,972.0,162.0,162.0,0.0,0.0
2024-12-01,-1205.0,0.0,8937.0,0.0,0.0,-451.0,10702.0,109.0,1243.0,8449.0,True,False,True,4,Rocky Mountain,1134.0,109.0,109.0,0.0,0.0
2025-01-01,-1038.0,0.0,8854.0,0.0,0.0,-551.0,10184.0,-259.0,984.0,8875.0,True,True,True,4,Rocky Mountain,1243.0,-259.0,-259.0,0.0,0.0
2025-02-01,-925.0,0.0,7767.0,0.0,0.0,-435.0,9181.0,53.0,1037.0,8936.0,True,True,False,4,Rocky Mountain,984.0,54.0,53.0,-1.0,0.0
2025-03-01,-505.0,0.0,9372.0,0.0,0.0,-376.0,10421.0,168.0,1205.0,8714.0,True,True,False,4,Rocky Mountain,1037.0,168.0,168.0,0.0,0.0
2025-04-01,76.0,0.0,9700.0,0.0,0.0,-603.0,10305.0,77.0,1282.0,7988.0,True,True,False,4,Rocky Mountain,1205.0,78.0,77.0,-1.0,0.0
2025-05-01,-1719.0,0.0,9278.0,0.0,0.0,-602.0,11277.0,-322.0,960.0,7608.0,True,True,False,4,Rocky Mountain,1282.0,-322.0,-322.0,0.0,0.0
2025-06-01,-1023.0,0.0,9691.0,0.0,0.0,-707.0,11285.0,-136.0,824.0,7142.0,True,True,False,4,Rocky Mountain,960.0,-136.0,-136.0,0.0,0.0
2025-07-01,-155.0,0.0,11234.0,0.0,0.0,-595.0,11943.0,-41.0,783.0,6981.0,True,True,False,4,Rocky Mountain,824.0,-41.0,-41.0,0.0,0.0
2025-08-01,-897.0,0.0,10071.0,0.0,0.0,-573.0,11480.0,-61.0,722.0,6644.0,True,True,False,4,Rocky Mountain,783.0,-61.0,-61.0,0.0,0.0
2025-09-01,-1335.0,0.0,9169.0,0.0,0.0,-519.0,11041.0,18.0,740.0,7195.0,True,True,False,4,Rocky Mountain,722.0,18.0,18.0,0.0,0.0
2025-10-01,-1194.0,0.0,9744.0,0.0,0.0,-543.0,11483.0,2.0,742.0,7282.0,True,True,False,4,Rocky Mountain,740.0,2.0,2.0,0.0,0.0
2025-11-01,-718.0,0.0,8990.0,0.0,0.0,-449.0,10283.0,126.0,868.0,8187.0,True,True,True,4,Rocky Mountain,742.0,126.0,126.0,0.0,0.0
2025-12-01,-753.0,0.0,9270.0,0.0,0.0,-538.0,10604.0,43.0,911.0,8431.0,True,True,True,4,Rocky Mountain,868.0,43.0,43.0,0.0,0.0
2026-01-01,-570.0,0.0,9390.0,0.0,0.0,-538.0,10511.0,13.0,924.0,8479.0,True,True,False,4,Rocky Mountain,911.0,13.0,13.0,0.0,0.0
2026-02-01,-585.0,0.0,8150.0,0.0,0.0,-535.0,9525.0,255.0,1179.0,9604.0,True,True,True,4,Rocky Mountain,924.0,255.0,255.0,0.0,0.0
2026-03-01,-314.0,0.0,9634.0,0.0,0.0,-533.0,10520.0,39.0,1218.0,9245.0,True,True,False,4,Rocky Mountain,1179.0,39.0,39.0,0.0,0.0
2026-04-01,-332.0,0.0,9263.0,0.0,0.0,-299.0,9639.0,-256.0,962.0,7437.0,True,True,False,4,Rocky Mountain,1218.0,-255.0,-256.0,-1.0,0.0
2026-05-01,-458.0,0.0,9709.0,0.0,0.0,-470.0,10586.0,-52.0,910.0,7067.0,True,True,False,4,Rocky Mountain,962.0,-51.0,-52.0,-1.0,0.0
2026-06-01,-679.0,0.0,10169.0,0.0,0.0,-479.0,11138.0,-189.0,721.0,7075.0,True,True,False,4,Rocky Mountain,910.0,-189.0,-189.0,0.0,0.0
2007-01-01,706.0,0.0,49650.0,1.0,687.0,2407.0,46201.0,350.0,7202.0,31570.0,False,True,False,5,West Coast,,350.0,,,
2007-02-01,-354.0,0.0,44045.0,82.0,1575.0,2064.0,41113.0,272.0,7474.0,30691.0,False,True,False,5,West Coast,7202.0,271.0,272.0,1.0,0.0
2007-03-01,-403.0,0.0,49284.0,4.0,1496.0,2296.0,46628.0,729.0,8203.0,27964.0,False,True,False,5,West Coast,7474.0,729.0,729.0,0.0,0.0
2007-04-01,2173.0,0.0,50230.0,83.0,993.0,3752.0,43011.0,-383.0,7820.0,27245.0,False,True,False,5,West Coast,8203.0,-384.0,-383.0,1.0,0.0
2007-05-01,856.0,0.0,52209.0,79.0,2449.0,4098.0,45178.0,292.0,8112.0,29041.0,False,True,False,5,West Coast,7820.0,293.0,292.0,-1.0,0.0
2007-06-01,556.0,0.0,49270.0,207.0,1271.0,4084.0,45223.0,1657.0,9769.0,30745.0,False,True,False,5,West Coast,8112.0,1657.0,1657.0,0.0,0.0
2007-07-01,1517.0,0.0,51507.0,142.0,623.0,3851.0,44631.0,-1027.0,8742.0,31301.0,False,True,False,5,West Coast,9769.0,-1027.0,-1027.0,0.0,0.0
2007-08-01,2250.0,0.0,53517.0,109.0,1440.0,4102.0,45744.0,-89.0,8653.0,29442.0,False,True,False,5,West Coast,8742.0,-90.0,-89.0,1.0,0.0
2007-09-01,1039.0,0.0,48819.0,353.0,791.0,4169.0,42949.0,-224.0,8429.0,28840.0,False,True,False,5,West Coast,8653.0,-224.0,-224.0,0.0,0.0
2007-10-01,-1241.0,0.0,48444.0,306.0,91.0,3105.0,45383.0,-1412.0,7017.0,28736.0,False,True,False,5,West Coast,8429.0,-1412.0,-1412.0,0.0,0.0
2007-11-01,992.0,0.0,48185.0,4.0,677.0,2256.0,43611.0,-653.0,6364.0,28135.0,False,True,False,5,West Coast,7017.0,-653.0,-653.0,0.0,0.0
2007-12-01,643.0,0.0,48341.0,4.0,290.0,2160.0,45398.0,147.0,6511.0,31760.0,False,True,False,5,West Coast,6364.0,146.0,147.0,1.0,0.0
2008-01-01,-1557.0,0.0,45813.0,408.0,442.0,2060.0,45903.0,627.0,7138.0,35193.0,False,True,False,5,West Coast,6511.0,627.0,627.0,0.0,0.0
2008-02-01,-97.0,0.0,45565.0,1409.0,668.0,1935.0,43535.0,-933.0,6205.0,32900.0,False,True,False,5,West Coast,7138.0,-933.0,-933.0,0.0,0.0
2008-03-01,381.0,0.0,49986.0,387.0,655.0,2859.0,48064.0,1587.0,7792.0,31298.0,False,True,False,5,West Coast,6205.0,1586.0,1587.0,1.0,0.0
2008-04-01,-2172.0,0.0,47104.0,951.0,600.0,4682.0,44969.0,24.0,7816.0,28795.0,False,True,False,5,West Coast,7792.0,24.0,24.0,0.0,0.0
2008-05-01,792.0,0.0,49048.0,1063.0,827.0,4021.0,43806.0,-664.0,7152.0,28377.0,False,True,False,5,West Coast,7816.0,-665.0,-664.0,1.0,0.0
2008-06-01,2504.0,0.0,48677.0,277.0,556.0,3765.0,41401.0,-727.0,6425.0,28043.0,False,True,False,5,West Coast,7152.0,-728.0,-727.0,1.0,0.0
2008-07-01,4330.0,0.0,50865.0,545.0,720.0,3532.0,43314.0,487.0,6912.0,28231.0,False,True,False,5,West Coast,6425.0,486.0,487.0,1.0,0.0
2008-08-01,2915.0,0.0,51052.0,819.0,925.0,3533.0,43783.0,-715.0,6197.0,26146.0,False,True,False,5,West Coast,6912.0,-715.0,-715.0,0.0,0.0
2008-09-01,1880.0,0.0,46951.0,1039.0,150.0,3598.0,42357.0,-5.0,6192.0,26568.0,False,True,False,5,West Coast,6197.0,-5.0,-5.0,0.0,0.0
2008-10-01,469.0,0.0,47870.0,1218.0,93.0,2128.0,45418.0,-980.0,5212.0,26256.0,False,True,False,5,West Coast,6192.0,-980.0,-980.0,0.0,0.0
2008-11-01,2077.0,0.0,46477.0,798.0,87.0,1367.0,43286.0,-457.0,4755.0,27954.0,False,True,False,5,West Coast,5212.0,-458.0,-457.0,1.0,0.0
2008-12-01,1836.0,0.0,46962.0,1251.0,0.0,1260.0,44928.0,-189.0,4566.0,27135.0,True,True,False,5,West Coast,4755.0,-189.0,-189.0,0.0,0.0
2009-01-01,-4172.0,0.0,43428.0,547.0,725.0,984.0,45826.0,-613.0,3953.0,28413.0,False,True,False,5,West Coast,4566.0,-612.0,-613.0,-1.0,0.0
2009-02-01,-2390.0,0.0,39749.0,927.0,646.0,647.0,41330.0,-443.0,3510.0,29814.0,False,True,False,5,West Coast,3953.0,-443.0,-443.0,0.0,0.0
2009-03-01,-1227.0,0.0,47856.0,529.0,1058.0,1484.0,48660.0,1590.0,5100.0,29106.0,False,True,False,5,West Coast,3510.0,1590.0,1590.0,0.0,0.0
2009-04-01,-3154.0,0.0,47410.0,887.0,698.0,3162.0,47370.0,-221.0,4879.0,28103.0,False,True,False,5,West Coast,5100.0,-221.0,-221.0,0.0,0.0
2009-05-01,-42.0,0.0,48293.0,940.0,519.0,2810.0,46252.0,305.0,5184.0,27775.0,False,True,False,5,West Coast,4879.0,306.0,305.0,-1.0,0.0
2009-06-01,690.0,0.0,48308.0,179.0,403.0,3109.0,44914.0,629.0,5813.0,29345.0,False,True,False,5,West Coast,5184.0,629.0,629.0,0.0,0.0
2009-07-01,62.0,0.0,49556.0,924.0,475.0,3105.0,46317.0,-520.0,5293.0,27143.0,False,True,False,5,West Coast,5813.0,-521.0,-520.0,1.0,0.0
2009-08-01,-415.0,0.0,48326.0,833.0,547.0,2987.0,45867.0,-173.0,5120.0,26774.0,False,True,False,5,West Coast,5293.0,-173.0,-173.0,0.0,0.0
2009-09-01,-1461.0,0.0,46137.0,1286.0,643.0,3534.0,44691.0,-16.0,5104.0,28297.0,False,True,False,5,West Coast,5120.0,-16.0,-16.0,0.0,0.0
2009-10-01,-1928.0,0.0,47160.0,637.0,433.0,2225.0,46023.0,-1043.0,4061.0,29121.0,False,True,False,5,West Coast,5104.0,-1044.0,-1043.0,1.0,0.0
2009-11-01,1089.0,0.0,45006.0,1290.0,90.0,1038.0,43935.0,-144.0,3917.0,29418.0,False,True,False,5,West Coast,4061.0,-144.0,-144.0,0.0,0.0
2009-12-01,-423.0,0.0,46602.0,1447.0,422.0,1314.0,46877.0,141.0,4058.0,31634.0,False,True,False,5,West Coast,3917.0,141.0,141.0,0.0,0.0
2010-01-01,151.0,0.0,45465.0,1150.0,290.0,1173.0,45099.0,98.0,4156.0,33709.0,False,True,False,5,West Coast,4058.0,98.0,98.0,0.0,0.0
2010-02-01,-1547.0,0.0,40940.0,1749.0,475.0,825.0,43482.0,546.0,4702.0,35492.0,False,True,False,5,West Coast,4156.0,546.0,546.0,0.0,0.0
2010-03-01,278.0,0.0,48612.0,2486.0,332.0,1464.0,49611.0,587.0,5289.0,32261.0,False,True,False,5,West Coast,4702.0,587.0,587.0,0.0,0.0
2010-04-01,-3054.0,0.0,46772.0,1108.0,641.0,3042.0,47544.0,293.0,5582.0,30837.0,False,True,False,5,West Coast,5289.0,293.0,293.0,0.0,0.0
2010-05-01,-1985.0,0.0,48650.0,1299.0,525.0,3511.0,48051.0,153.0,5735.0,27382.0,False,True,False,5,West Coast,5582.0,153.0,153.0,0.0,0.0
2010-06-01,-1575.0,0.0,46915.0,1052.0,323.0,3137.0,45623.0,-459.0,5276.0,27325.0,False,True,False,5,West Coast,5735.0,-459.0,-459.0,0.0,0.0
2010-07-01,-2012.0,0.0,48415.0,751.0,252.0,3051.0,48008.0,134.0,5410.0,27253.0,False,True,False,5,West Coast,5276.0,133.0,134.0,1.0,0.0
2010-08-01,-3949.0,0.0,47792.0,283.0,912.0,3695.0,48240.0,823.0,6233.0,30229.0,False,True,False,5,West Coast,5410.0,823.0,823.0,0.0,0.0
2010-09-01,-2648.0,0.0,47674.0,800.0,682.0,3407.0,46116.0,-917.0,5316.0,31068.0,False,True,False,5,West Coast,6233.0,-917.0,-917.0,0.0,0.0
2010-10-01,-1124.0,0.0,47186.0,1259.0,86.0,1019.0,47304.0,-1160.0,4156.0,27864.0,False,True,False,5,West Coast,5316.0,-1160.0,-1160.0,0.0,0.0
2010-11-01,-1249.0,0.0,44599.0,891.0,432.0,1231.0,45102.0,26.0,4182.0,29379.0,False,True,False,5,West Coast,4156.0,26.0,26.0,0.0,0.0
2010-12-01,-1520.0,0.0,45337.0,1818.0,27.0,1265.0,47428.0,45.0,4227.0,32281.0,False,True,False,5,West Coast,4182.0,45.0,45.0,0.0,0.0
2011-01-01,-762.0,0.0,45014.0,868.0,26.0,1195.0,45814.0,390.0,4617.0,33574.0,False,True,False,5,West Coast,4227.0,391.0,390.0,-1.0,0.0
2011-02-01,-1927.0,0.0,41914.0,1603.0,43.0,991.0,44084.0,-326.0,4291.0,31437.0,False,True,False,5,West Coast,4617.0,-326.0,-326.0,0.0,0.0
2011-03-01,-3743.0,0.0,45387.0,1232.0,256.0,936.0,49096.0,-74.0,4217.0,32712.0,False,True,False,5,West Coast,4291.0,-74.0,-74.0,0.0,0.0
2011-04-01,-2272.0,0.0,44992.0,797.0,38.0,832.0,46980.0,-211.0,4006.0,31541.0,False,True,False,5,West Coast,4217.0,-211.0,-211.0,0.0,0.0
2011-05-01,-892.0,0.0,47103.0,1034.0,13.0,1144.0,47876.0,4.0,4010.0,30575.0,False,True,False,5,West Coast,4006.0,4.0,4.0,0.0,0.0
2011-06-01,-1006.0,0.0,45722.0,1590.0,33.0,1101.0,47215.0,31.0,4041.0,30525.0,False,True,False,5,West Coast,4010.0,31.0,31.0,0.0,0.0
2011-07-01,372.0,0.0,47963.0,1315.0,53.0,764.0,48187.0,98.0,4139.0,31126.0,False,True,False,5,West Coast,4041.0,98.0,98.0,0.0,0.0
2011-08-01,1430.0,0.0,49752.0,2687.0,51.0,583.0,50200.0,-174.0,3965.0,27858.0,False,True,False,5,West Coast,4139.0,-175.0,-174.0,1.0,0.0
2011-09-01,-186.0,0.0,46164.0,1201.0,20.0,834.0,46792.0,94.0,4059.0,28965.0,False,True,False,5,West Coast,3965.0,95.0,94.0,-1.0,0.0
2011-10-01,592.0,0.0,46931.0,979.0,44.0,856.0,46632.0,214.0,4273.0,28034.0,False,True,False,5,West Coast,4059.0,214.0,214.0,0.0,0.0
2011-11-01,-2405.0,0.0,43865.0,1246.0,393.0,1043.0,45772.0,-308.0,3965.0,29353.0,False,True,False,5,West Coast,4273.0,-308.0,-308.0,0.0,0.0
2011-12-01,-1459.0,0.0,46490.0,1027.0,65.0,1097.0,47889.0,75.0,4040.0,29610.0,False,True,False,5,West Coast,3965.0,75.0,75.0,0.0,0.0
2012-01-01,63.0,0.0,45111.0,576.0,20.0,1171.0,44566.0,133.0,4173.0,32183.0,False,True,False,5,West Coast,4040.0,133.0,133.0,0.0,0.0
2012-02-01,-2996.0,0.0,41357.0,1300.0,128.0,1110.0,44462.0,48.0,4221.0,31799.0,False,True,False,5,West Coast,4173.0,47.0,48.0,1.0,0.0
2012-03-01,-1230.0,0.0,45230.0,844.0,11.0,913.0,46510.0,130.0,4351.0,31335.0,False,True,False,5,West Coast,4221.0,130.0,130.0,0.0,0.0
2012-04-01,-708.0,0.0,45614.0,885.0,118.0,860.0,45735.0,-495.0,3856.0,27135.0,False,True,False,5,West Coast,4351.0,-494.0,-495.0,-1.0,0.0
2012-05-01,-1515.0,0.0,46791.0,772.0,39.0,808.0,48378.0,147.0,4003.0,26692.0,False,True,False,5,West Coast,3856.0,147.0,147.0,0.0,0.0
2012-06-01,-2231.0,0.0,46913.0,613.0,72.0,959.0,49027.0,301.0,4304.0,27851.0,False,True,False,5,West Coast,4003.0,301.0,301.0,0.0,0.0
2012-07-01,-1939.0,0.0,47330.0,1114.0,29.0,1219.0,48825.0,-310.0,3994.0,27331.0,False,True,False,5,West Coast,4304.0,-310.0,-310.0,0.0,0.0
2012-08-01,-2320.0,0.0,48139.0,1182.0,392.0,1207.0,49586.0,-457.0,3537.0,27098.0,False,True,False,5,West Coast,3994.0,-456.0,-457.0,-1.0,0.0
2012-09-01,-2451.0,0.0,44969.0,1125.0,68.0,1167.0,47289.0,-21.0,3516.0,26795.0,False,True,False,5,West Coast,3537.0,-21.0,-21.0,0.0,0.0
2012-10-01,-2757.0,0.0,45831.0,1067.0,135.0,1054.0,48797.0,331.0,3847.0,29632.0,False,True,False,5,West Coast,3516.0,331.0,331.0,0.0,0.0
2012-11-01,-2738.0,0.0,44021.0,1224.0,138.0,1055.0,47022.0,232.0,4079.0,32883.0,False,True,False,5,West Coast,3847.0,232.0,232.0,0.0,0.0
2012-12-01,-2082.0,0.0,44909.0,2117.0,104.0,1272.0,47600.0,-132.0,3947.0,35017.0,False,True,False,5,West Coast,4079.0,-132.0,-132.0,0.0,0.0
2013-01-01,-4605.0,0.0,42307.0,1258.0,26.0,1055.0,47092.0,2.0,3949.0,35526.0,False,True,False,5,West Coast,3947.0,3.0,2.0,-1.0,0.0
2013-02-01,-3060.0,0.0,40997.0,1204.0,105.0,789.0,44215.0,-152.0,3797.0,32170.0,False,True,False,5,West Coast,3949.0,-152.0,-152.0,0.0,0.0
2013-03-01,-2302.0,0.0,46517.0,590.0,96.0,783.0,48046.0,-484.0,3313.0,29087.0,False,True,False,5,West Coast,3797.0,-484.0,-484.0,0.0,0.0
2013-04-01,-1769.0,0.0,45155.0,929.0,40.0,567.0,47497.0,251.0,3564.0,27255.0,False,True,False,5,West Coast,3313.0,251.0,251.0,0.0,0.0
2013-05-01,-1940.0,0.0,48583.0,586.0,418.0,685.0,50149.0,143.0,3707.0,27374.0,False,True,False,5,West Coast,3564.0,143.0,143.0,0.0,0.0
2013-06-01,-3418.0,0.0,45607.0,1365.0,500.0,650.0,49469.0,229.0,3936.0,29074.0,False,True,False,5,West Coast,3707.0,229.0,229.0,0.0,0.0
2013-07-01,-1230.0,0.0,49120.0,1896.0,957.0,521.0,50166.0,-602.0,3334.0,29388.0,False,True,False,5,West Coast,3936.0,-602.0,-602.0,0.0,0.0
2013-08-01,-2508.0,0.0,48649.0,539.0,411.0,529.0,50982.0,225.0,3559.0,29478.0,False,True,False,5,West Coast,3334.0,226.0,225.0,-1.0,0.0
2013-09-01,-2516.0,0.0,45529.0,1127.0,87.0,831.0,48343.0,89.0,3648.0,28248.0,False,True,False,5,West Coast,3559.0,89.0,89.0,0.0,0.0
2013-10-01,-3081.0,0.0,46413.0,1040.0,31.0,661.0,49684.0,-158.0,3490.0,28861.0,False,True,False,5,West Coast,3648.0,-158.0,-158.0,0.0,0.0
2013-11-01,-3363.0,0.0,44356.0,1545.0,166.0,930.0,48811.0,643.0,4133.0,30634.0,False,True,False,5,West Coast,3490.0,643.0,643.0,0.0,0.0
2013-12-01,-1767.0,0.0,46743.0,2204.0,61.0,769.0,49492.0,-392.0,3741.0,32087.0,False,True,False,5,West Coast,4133.0,-392.0,-392.0,0.0,0.0
2014-01-01,-2362.0,0.0,44625.0,2407.0,70.0,1063.0,48268.0,7.0,3748.0,33906.0,False,True,False,5,West Coast,3741.0,7.0,7.0,0.0,0.0
2014-02-01,-1482.0,0.0,42403.0,1083.0,62.0,712.0,43946.0,-248.0,3500.0,31901.0,False,True,False,5,West Coast,3748.0,-248.0,-248.0,0.0,0.0
2014-03-01,-3241.0,0.0,46823.0,1166.0,18.0,265.0,50687.0,-260.0,3240.0,29936.0,False,True,False,5,West Coast,3500.0,-260.0,-260.0,0.0,0.0
2014-04-01,-1281.0,0.0,46353.0,1030.0,33.0,273.0,48345.0,-13.0,3227.0,28458.0,False,True,False,5,West Coast,3240.0,-13.0,-13.0,0.0,0.0
2014-05-01,-528.0,0.0,48542.0,1873.0,45.0,178.0,50649.0,-71.0,3156.0,27660.0,False,True,False,5,West Coast,3227.0,-71.0,-71.0,0.0,0.0
2014-06-01,-508.0,0.0,47638.0,837.0,82.0,281.0,48599.0,-20.0,3136.0,27062.0,False,True,False,5,West Coast,3156.0,-21.0,-20.0,1.0,0.0
2014-07-01,-2473.0,0.0,47684.0,1286.0,127.0,91.0,51064.0,-161.0,2975.0,27204.0,False,True,False,5,West Coast,3136.0,-161.0,-161.0,0.0,0.0
2014-08-01,-1904.0,0.0,48772.0,1041.0,51.0,237.0,51130.0,-298.0,2677.0,26362.0,False,True,False,5,West Coast,2975.0,-299.0,-298.0,1.0,0.0
2014-09-01,-253.0,0.0,46393.0,1201.0,60.0,326.0,47427.0,-34.0,2643.0,27328.0,False,True,False,5,West Coast,2677.0,-34.0,-34.0,0.0,0.0
2014-10-01,-464.0,0.0,48228.0,1083.0,28.0,283.0,49531.0,68.0,2711.0,26960.0,False,True,False,5,West Coast,2643.0,67.0,68.0,1.0,0.0
2014-11-01,-269.0,0.0,45727.0,1854.0,18.0,313.0,47908.0,388.0,3099.0,29928.0,False,True,False,5,West Coast,2711.0,389.0,388.0,-1.0,0.0
2014-12-01,-300.0,0.0,46962.0,2721.0,120.0,394.0,49116.0,-353.0,2746.0,33741.0,False,True,False,5,West Coast,3099.0,-353.0,-353.0,0.0,0.0
2015-01-01,-154.0,0.0,44681.0,1694.0,75.0,412.0,45740.0,-302.0,2444.0,33103.0,False,True,False,5,West Coast,2746.0,-302.0,-302.0,0.0,0.0
2015-02-01,887.0,0.0,43370.0,1331.0,9.0,310.0,43215.0,-279.0,2165.0,30614.0,False,True,False,5,West Coast,2444.0,-280.0,-279.0,1.0,0.0
2015-03-01,2265.0,0.0,49627.0,1148.0,230.0,214.0,48156.0,90.0,2255.0,29228.0,False,True,False,5,West Coast,2165.0,90.0,90.0,0.0,0.0
2015-04-01,2300.0,0.0,48023.0,964.0,18.0,143.0,46215.0,-312.0,1943.0,28650.0,False,True,False,5,West Coast,2255.0,-311.0,-312.0,-1.0,0.0
2015-05-01,1672.0,0.0,49352.0,747.0,894.0,220.0,47319.0,6.0,1949.0,28371.0,False,True,False,5,West Coast,1943.0,6.0,6.0,0.0,0.0
2015-06-01,1322.0,0.0,48641.0,910.0,495.0,229.0,47820.0,315.0,2264.0,28026.0,False,True,False,5,West Coast,1949.0,315.0,315.0,0.0,0.0
2015-07-01,2175.0,0.0,50351.0,1217.0,178.0,305.0,48666.0,-245.0,2019.0,27106.0,False,True,False,5,West Coast,2264.0,-244.0,-245.0,-1.0,0.0
2015-08-01,801.0,0.0,49833.0,535.0,253.0,190.0,49129.0,5.0,2024.0,26702.0,False,True,False,5,West Coast,2019.0,5.0,5.0,0.0,0.0
2015-09-01,440.0,0.0,47673.0,661.0,59.0,409.0,47554.0,128.0,2152.0,30294.0,False,True,False,5,West Coast,2024.0,128.0,128.0,0.0,0.0
2015-10-01,1870.0,0.0,49714.0,498.0,20.0,308.0,47843.0,-170.0,1982.0,28850.0,False,True,False,5,West Coast,2152.0,-171.0,-170.0,1.0,0.0
2015-11-01,1683.0,0.0,46667.0,896.0,28.0,278.0,45562.0,-12.0,1970.0,29709.0,False,True,False,5,West Coast,1982.0,-12.0,-12.0,0.0,0.0
2015-12-01,1699.0,0.0,48625.0,1373.0,90.0,624.0,47531.0,-53.0,1917.0,28746.0,False,True,False,5,West Coast,1970.0,-54.0,-53.0,1.0,0.0
2016-01-01,1080.0,0.0,46539.0,583.0,49.0,800.0,45497.0,304.0,2221.0,34433.0,False,True,False,5,West Coast,1917.0,304.0,304.0,0.0,0.0
2016-02-01,2004.0,0.0,47013.0,1816.0,20.0,330.0,46340.0,-136.0,2085.0,32585.0,False,True,False,5,West Coast,2221.0,-135.0,-136.0,-1.0,0.0
2016-03-01,1383.0,0.0,49333.0,2373.0,142.0,220.0,50245.0,284.0,2369.0,29439.0,False,True,False,5,West Coast,2085.0,284.0,284.0,0.0,0.0
2016-04-01,697.0,0.0,47731.0,1182.0,34.0,315.0,48310.0,443.0,2812.0,29724.0,False,True,False,5,West Coast,2369.0,443.0,443.0,0.0,0.0
2016-05-01,2060.0,0.0,51160.0,1491.0,59.0,321.0,49624.0,-587.0,2225.0,29812.0,False,True,False,5,West Coast,2812.0,-587.0,-587.0,0.0,0.0
2016-06-01,1242.0,0.0,49574.0,2304.0,144.0,589.0,49823.0,-80.0,2145.0,27902.0,False,True,False,5,West Coast,2225.0,-80.0,-80.0,0.0,0.0
2016-07-01,1055.0,0.0,51044.0,809.0,98.0,320.0,50294.0,-87.0,2058.0,29958.0,False,True,False,5,West Coast,2145.0,-86.0,-87.0,-1.0,0.0
2016-08-01,1495.0,0.0,52324.0,2043.0,70.0,253.0,52889.0,339.0,2397.0,28297.0,False,True,False,5,West Coast,2058.0,340.0,339.0,-1.0,0.0
2016-09-01,1101.0,0.0,49075.0,1091.0,192.0,338.0,48437.0,-98.0,2299.0,27596.0,False,True,False,5,West Coast,2397.0,-98.0,-98.0,0.0,0.0
2016-10-01,520.0,0.0,49298.0,1190.0,167.0,298.0,49594.0,91.0,2390.0,28211.0,False,True,False,5,West Coast,2299.0,91.0,91.0,0.0,0.0
2016-11-01,1213.0,0.0,47362.0,1072.0,19.0,331.0,47171.0,301.0,2691.0,29878.0,False,True,False,5,West Coast,2390.0,300.0,301.0,1.0,0.0
2016-12-01,2355.0,0.0,49753.0,2814.0,28.0,334.0,49319.0,-532.0,2159.0,29286.0,False,True,False,5,West Coast,2691.0,-531.0,-532.0,-1.0,0.0
2017-01-01,2003.0,0.0,47045.0,2489.0,169.0,313.0,46761.0,-288.0,1871.0,30970.0,False,True,False,5,West Coast,2159.0,-288.0,-288.0,0.0,0.0
2017-02-01,1168.0,0.0,43098.0,1524.0,195.0,309.0,43063.0,113.0,1984.0,30766.0,False,True,False,5,West Coast,1871.0,113.0,113.0,0.0,0.0
2017-03-01,3346.0,0.0,52529.0,1125.0,25.0,272.0,49946.0,-65.0,1919.0,29662.0,False,True,False,5,West Coast,1984.0,-65.0,-65.0,0.0,0.0
2017-04-01,2726.0,0.0,49989.0,1376.0,18.0,343.0,48215.0,-63.0,1856.0,30113.0,False,True,False,5,West Coast,1919.0,-63.0,-63.0,0.0,0.0
2017-05-01,1782.0,0.0,52181.0,837.0,423.0,362.0,50540.0,89.0,1945.0,27431.0,False,True,False,5,West Coast,1856.0,89.0,89.0,0.0,0.0
2017-06-01,2154.0,0.0,50412.0,1333.0,82.0,356.0,49304.0,151.0,2096.0,27660.0,False,True,False,5,West Coast,1945.0,151.0,151.0,0.0,0.0
2017-07-01,2415.0,0.0,52388.0,803.0,43.0,265.0,50439.0,-29.0,2067.0,27233.0,False,True,False,5,West Coast,2096.0,-29.0,-29.0,0.0,0.0
2017-08-01,1011.0,0.0,51553.0,1582.0,60.0,245.0,51611.0,-208.0,1859.0,27251.0,False,True,False,5,West Coast,2067.0,-208.0,-208.0,0.0,0.0
2017-09-01,2624.0,0.0,49528.0,1905.0,101.0,322.0,48756.0,369.0,2228.0,29241.0,False,True,False,5,West Coast,1859.0,370.0,369.0,-1.0,0.0
2017-10-01,2623.0,0.0,51841.0,1285.0,36.0,400.0,50102.0,34.0,2262.0,28126.0,False,True,False,5,West Coast,2228.0,35.0,34.0,-1.0,0.0
2017-11-01,1987.0,0.0,45156.0,4297.0,44.0,371.0,47039.0,-12.0,2250.0,30858.0,False,True,False,5,West Coast,2262.0,-12.0,-12.0,0.0,0.0
2017-12-01,2678.0,0.0,50335.0,1948.0,27.0,356.0,48875.0,-346.0,1904.0,33103.0,False,True,False,5,West Coast,2250.0,-347.0,-346.0,1.0,0.0
2018-01-01,4401.0,0.0,49731.0,1883.0,47.0,320.0,47507.0,661.0,2565.0,34400.0,False,True,False,5,West Coast,1904.0,661.0,661.0,0.0,0.0
2018-02-01,2753.0,0.0,45586.0,2975.0,33.0,355.0,45298.0,-121.0,2444.0,33562.0,False,True,False,5,West Coast,2565.0,-122.0,-121.0,1.0,0.0
2018-03-01,4208.0,0.0,52409.0,2913.0,0.0,749.0,50263.0,-102.0,2342.0,31958.0,True,True,False,5,West Coast,2444.0,-102.0,-102.0,0.0,0.0
2018-04-01,2712.0,0.0,49823.0,1940.0,253.0,721.0,48181.0,104.0,2446.0,31009.0,False,True,False,5,West Coast,2342.0,104.0,104.0,0.0,0.0
2018-05-01,703.0,0.0,51019.0,1206.0,830.0,1203.0,49527.0,39.0,2485.0,31544.0,False,True,False,5,West Coast,2446.0,38.0,39.0,1.0,0.0
2018-06-01,2391.0,0.0,51013.0,843.0,118.0,573.0,48638.0,-136.0,2349.0,30642.0,False,True,False,5,West Coast,2485.0,-136.0,-136.0,0.0,0.0
2018-07-01,1251.0,0.0,50178.0,1721.0,413.0,239.0,49605.0,-391.0,1958.0,30290.0,False,True,False,5,West Coast,2349.0,-391.0,-391.0,0.0,0.0
2018-08-01,2584.0,0.0,52551.0,1540.0,86.0,202.0,51433.0,214.0,2172.0,29511.0,False,True,False,5,West Coast,1958.0,214.0,214.0,0.0,0.0
2018-09-01,2598.0,0.0,49266.0,1855.0,68.0,381.0,48240.0,166.0,2338.0,28801.0,False,True,False,5,West Coast,2172.0,166.0,166.0,0.0,0.0
2018-10-01,1797.0,0.0,50447.0,1155.0,71.0,286.0,49183.0,-264.0,2074.0,27624.0,False,True,False,5,West Coast,2338.0,-265.0,-264.0,1.0,0.0
2018-11-01,3983.0,0.0,48923.0,2087.0,34.0,236.0,46672.0,-85.0,1989.0,28901.0,False,True,False,5,West Coast,2074.0,-85.0,-85.0,0.0,0.0
2018-12-01,2921.0,0.0,49905.0,1321.0,106.0,406.0,47888.0,95.0,2084.0,29390.0,False,True,False,5,West Coast,1989.0,95.0,95.0,0.0,0.0
2019-01-01,1943.0,0.0,47561.0,1590.0,364.0,380.0,46727.0,262.0,2346.0,32678.0,False,True,False,5,West Coast,2084.0,263.0,262.0,-1.0,0.0
2019-02-01,1927.0,0.0,44156.0,836.0,480.0,588.0,42148.0,151.0,2497.0,31526.0,False,True,False,5,West Coast,2346.0,151.0,151.0,0.0,0.0
2019-03-01,2163.0,0.0,50677.0,1915.0,386.0,359.0,49204.0,-480.0,2017.0,30381.0,False,True,False,5,West Coast,2497.0,-480.0,-480.0,0.0,0.0
2019-04-01,2260.0,0.0,50197.0,405.0,340.0,638.0,47530.0,166.0,2183.0,28004.0,False,True,False,5,West Coast,2017.0,166.0,166.0,0.0,0.0
2019-05-01,1822.0,0.0,51498.0,709.0,1084.0,590.0,49070.0,359.0,2542.0,30943.0,False,True,False,5,West Coast,2183.0,359.0,359.0,0.0,0.0
2019-06-01,3022.0,0.0,51148.0,780.0,365.0,358.0,48042.0,-141.0,2401.0,30557.0,False,True,False,5,West Coast,2542.0,-141.0,-141.0,0.0,0.0
2019-07-01,152.0,0.0,49070.0,1452.0,834.0,342.0,49440.0,246.0,2647.0,31907.0,False,True,False,5,West Coast,2401.0,246.0,246.0,0.0,0.0
2019-08-01,2117.0,0.0,52575.0,1466.0,140.0,370.0,51053.0,-361.0,2286.0,28974.0,False,True,False,5,West Coast,2647.0,-361.0,-361.0,0.0,0.0
2019-09-01,739.0,0.0,48311.0,920.0,404.0,376.0,47664.0,-48.0,2238.0,26825.0,False,True,False,5,West Coast,2286.0,-48.0,-48.0,0.0,0.0
2019-10-01,2406.0,0.0,51171.0,1164.0,964.0,333.0,48977.0,345.0,2583.0,27421.0,False,True,False,5,West Coast,2238.0,345.0,345.0,0.0,0.0
2019-11-01,529.0,0.0,46011.0,874.0,633.0,364.0,45611.0,253.0,2836.0,31104.0,False,True,False,5,West Coast,2583.0,252.0,253.0,1.0,0.0
2019-12-01,1026.0,0.0,46642.0,2219.0,99.0,372.0,47230.0,-135.0,2701.0,33202.0,False,True,False,5,West Coast,2836.0,-134.0,-135.0,-1.0,0.0
2020-01-01,2085.0,0.0,47147.0,1858.0,356.0,461.0,46078.0,-25.0,2676.0,32401.0,False,True,False,5,West Coast,2701.0,-25.0,-25.0,0.0,0.0
2020-02-01,2066.0,0.0,46361.0,1528.0,431.0,421.0,44866.0,-105.0,2571.0,32038.0,False,True,False,5,West Coast,2676.0,-105.0,-105.0,0.0,0.0
2020-03-01,1271.0,0.0,39531.0,1705.0,23.0,459.0,39634.0,152.0,2723.0,35608.0,False,True,False,5,West Coast,2571.0,151.0,152.0,1.0,0.0
2020-04-01,3356.0,0.0,29764.0,4091.0,417.0,433.0,29459.0,-190.0,2533.0,31514.0,False,True,False,5,West Coast,2723.0,-190.0,-190.0,0.0,0.0
2020-05-01,1892.0,0.0,36086.0,2055.0,383.0,475.0,35404.0,12.0,2545.0,29708.0,False,True,False,5,West Coast,2533.0,13.0,12.0,-1.0,0.0
2020-06-01,2746.0,0.0,42847.0,697.0,635.0,346.0,39937.0,120.0,2665.0,29681.0,False,True,False,5,West Coast,2545.0,120.0,120.0,0.0,0.0
2020-07-01,292.0,0.0,43020.0,851.0,834.0,373.0,42402.0,30.0,2695.0,29829.0,False,True,False,5,West Coast,2665.0,30.0,30.0,0.0,0.0
2020-08-01,647.0,0.0,44091.0,864.0,788.0,463.0,43500.0,443.0,3138.0,29403.0,False,True,False,5,West Coast,2695.0,443.0,443.0,0.0,0.0
2020-09-01,177.0,0.0,42138.0,834.0,1354.0,348.0,40784.0,-309.0,2829.0,31508.0,False,True,False,5,West Coast,3138.0,-309.0,-309.0,0.0,0.0
2020-10-01,2516.0,0.0,44826.0,1398.0,424.0,374.0,43057.0,146.0,2975.0,28967.0,False,True,False,5,West Coast,2829.0,147.0,146.0,-1.0,0.0
2020-11-01,879.0,0.0,40406.0,682.0,492.0,432.0,39056.0,-229.0,2746.0,30731.0,False,True,False,5,West Coast,2975.0,-229.0,-229.0,0.0,0.0
2020-12-01,2994.0,0.0,41524.0,1606.0,185.0,446.0,39756.0,251.0,2997.0,31404.0,False,True,False,5,West Coast,2746.0,251.0,251.0,0.0,0.0
2021-01-01,761.0,29.0,39065.0,1223.0,370.0,166.0,38818.0,-144.0,2853.0,33159.0,False,False,False,5,West Coast,2997.0,-144.0,-144.0,0.0,0.0
2021-02-01,2320.0,30.0,38463.0,1508.0,375.0,172.0,36897.0,-176.0,2677.0,32250.0,False,False,False,5,West Coast,2853.0,-177.0,-176.0,1.0,0.0
2021-03-01,1504.0,19.0,44988.0,1685.0,316.0,167.0,44372.0,-295.0,2382.0,31464.0,False,False,False,5,West Coast,2677.0,-295.0,-295.0,0.0,0.0
2021-04-01,1100.0,20.0,45079.0,1374.0,765.0,155.0,44500.0,87.0,2469.0,30761.0,False,False,False,5,West Coast,2382.0,87.0,87.0,0.0,0.0
2021-05-01,2654.0,26.0,48461.0,1440.0,508.0,209.0,46635.0,131.0,2599.0,29562.0,False,False,False,5,West Coast,2469.0,131.0,130.0,-1.0,-1.0
2021-06-01,3052.0,24.0,48735.0,1103.0,921.0,142.0,45192.0,-506.0,2093.0,28976.0,False,False,False,5,West Coast,2599.0,-507.0,-506.0,1.0,0.0
2021-07-01,2340.0,32.0,49999.0,905.0,1929.0,105.0,46731.0,233.0,2326.0,29953.0,False,False,False,5,West Coast,2093.0,233.0,233.0,0.0,0.0
2021-08-01,3868.0,34.0,50233.0,1028.0,612.0,105.0,46175.0,-467.0,1859.0,30801.0,False,False,False,5,West Coast,2326.0,-467.0,-467.0,0.0,0.0
2021-09-01,2132.0,29.0,47392.0,843.0,1136.0,136.0,44827.0,25.0,1884.0,30565.0,False,False,False,5,West Coast,1859.0,25.0,25.0,0.0,0.0
2021-10-01,2417.0,16.0,46986.0,1682.0,708.0,117.0,45586.0,176.0,2060.0,28318.0,False,False,False,5,West Coast,1884.0,176.0,176.0,0.0,0.0
2021-11-01,2437.0,38.0,45344.0,967.0,314.0,97.0,43184.0,-241.0,1819.0,27388.0,False,False,False,5,West Coast,2060.0,-241.0,-241.0,0.0,0.0
2021-12-01,2269.0,39.0,45425.0,1881.0,618.0,71.0,44636.0,327.0,2146.0,29721.0,False,False,False,5,West Coast,1819.0,327.0,327.0,0.0,0.0
2022-01-01,-978.0,30.0,40486.0,683.0,947.0,83.0,41050.0,-36.0,2109.0,32182.0,False,False,False,5,West Coast,2146.0,-37.0,-37.0,0.0,-1.0
2022-02-01,1854.0,26.0,42436.0,1624.0,727.0,68.0,41516.0,131.0,2240.0,30148.0,False,False,False,5,West Coast,2109.0,131.0,131.0,0.0,0.0
2022-03-01,1447.0,44.0,46486.0,700.0,400.0,96.0,44807.0,-390.0,1850.0,29929.0,False,False,False,5,West Coast,2240.0,-392.0,-390.0,2.0,0.0
2022-04-01,1527.0,60.0,45308.0,1112.0,1053.0,108.0,43859.0,187.0,2037.0,30640.0,False,False,False,5,West Coast,1850.0,187.0,187.0,0.0,0.0
2022-05-01,1684.0,70.0,47428.0,900.0,1110.0,79.0,45401.0,16.0,2053.0,31257.0,False,False,False,5,West Coast,2037.0,16.0,16.0,0.0,0.0
2022-06-01,1452.0,43.0,45042.0,862.0,598.0,104.0,43621.0,-86.0,1967.0,30290.0,False,False,False,5,West Coast,2053.0,-86.0,-86.0,0.0,0.0
2022-07-01,2228.0,66.0,46514.0,546.0,696.0,65.0,44226.0,221.0,2187.0,29797.0,False,False,False,5,West Coast,1967.0,221.0,220.0,-1.0,-1.0
2022-08-01,2721.0,71.0,48883.0,608.0,413.0,81.0,45905.0,-300.0,1888.0,26573.0,False,False,False,5,West Coast,2187.0,-300.0,-299.0,1.0,1.0
2022-09-01,495.0,71.0,44328.0,447.0,553.0,109.0,43387.0,-160.0,1728.0,24470.0,False,False,False,5,West Coast,1888.0,-160.0,-160.0,0.0,0.0
2022-10-01,1330.0,71.0,46342.0,561.0,1182.0,92.0,44737.0,509.0,2237.0,27445.0,False,False,False,5,West Coast,1728.0,509.0,509.0,0.0,0.0
2022-11-01,1424.0,50.0,43671.0,1087.0,521.0,86.0,42355.0,-323.0,1914.0,31229.0,False,False,False,5,West Coast,2237.0,-322.0,-323.0,-1.0,0.0
2022-12-01,2419.0,59.0,43784.0,2021.0,491.0,100.0,43023.0,288.0,2202.0,32573.0,False,False,False,5,West Coast,1914.0,287.0,288.0,1.0,0.0
2023-01-01,1271.0,56.0,43057.0,1386.0,131.0,59.0,42765.0,-161.0,2040.0,32179.0,False,False,False,5,West Coast,2202.0,-161.0,-162.0,-1.0,-1.0
2023-02-01,823.0,52.0,40089.0,881.0,330.0,86.0,39530.0,-148.0,1892.0,30493.0,False,False,False,5,West Coast,2040.0,-149.0,-148.0,1.0,0.0
2023-03-01,2271.0,57.0,46495.0,612.0,1019.0,75.0,43832.0,148.0,2040.0,31151.0,False,False,False,5,West Coast,1892.0,147.0,148.0,1.0,0.0
2023-04-01,241.0,36.0,44761.0,765.0,1188.0,101.0,43912.0,-48.0,1992.0,30439.0,False,False,False,5,West Coast,2040.0,-48.0,-48.0,0.0,0.0
2023-05-01,1969.0,54.0,48380.0,914.0,970.0,102.0,46250.0,51.0,2043.0,29366.0,False,False,False,5,West Coast,1992.0,51.0,51.0,0.0,0.0
2023-06-01,3134.0,54.0,47040.0,1219.0,411.0,87.0,44559.0,-14.0,2029.0,28886.0,False,False,False,5,West Coast,2043.0,-14.0,-14.0,0.0,0.0
2023-07-01,2113.0,54.0,48229.0,824.0,684.0,91.0,45669.0,-442.0,1587.0,28384.0,False,False,False,5,West Coast,2029.0,-442.0,-442.0,0.0,0.0
2023-08-01,767.0,27.0,46602.0,869.0,550.0,124.0,46575.0,572.0,2158.0,27297.0,False,False,False,5,West Coast,1587.0,572.0,571.0,-1.0,-1.0
2023-09-01,-563.0,33.0,43162.0,751.0,1020.0,103.0,43371.0,52.0,2210.0,29889.0,False,False,False,5,West Coast,2158.0,51.0,52.0,1.0,0.0
2023-10-01,1844.0,41.0,46738.0,871.0,366.0,95.0,45189.0,-74.0,2136.0,28332.0,False,False,False,5,West Coast,2210.0,-74.0,-74.0,0.0,0.0
2023-11-01,1391.0,32.0,44015.0,1151.0,685.0,67.0,42727.0,-263.0,1873.0,27268.0,False,False,False,5,West Coast,2136.0,-264.0,-263.0,1.0,0.0
2023-12-01,1624.0,49.0,43679.0,1237.0,245.0,84.0,42918.0,4.0,1877.0,28635.0,False,False,False,5,West Coast,1873.0,4.0,4.0,0.0,0.0
2024-01-01,2586.0,48.0,43466.0,1225.0,419.0,95.0,41486.0,-58.0,1819.0,31638.0,False,False,False,5,West Coast,1877.0,-57.0,-58.0,-1.0,0.0
2024-02-01,579.0,9.0,39936.0,1280.0,296.0,65.0,40220.0,-47.0,1772.0,30361.0,False,False,False,5,West Coast,1819.0,-47.0,-47.0,0.0,0.0
2024-03-01,1501.0,31.0,44709.0,1506.0,305.0,51.0,44238.0,-89.0,1683.0,29420.0,False,False,False,5,West Coast,1772.0,-89.0,-89.0,0.0,0.0
2024-04-01,2289.0,24.0,45085.0,1129.0,415.0,61.0,43568.0,143.0,1826.0,29707.0,False,False,False,5,West Coast,1683.0,143.0,143.0,0.0,0.0
2024-05-01,1371.0,34.0,47348.0,883.0,1228.0,61.0,45616.0,78.0,1904.0,31413.0,False,False,False,5,West Coast,1826.0,79.0,78.0,-1.0,0.0
2024-06-01,2256.0,29.0,45937.0,912.0,747.0,117.0,44043.0,343.0,2247.0,32758.0,False,False,False,5,West Coast,1904.0,343.0,343.0,0.0,0.0
2024-07-01,2790.0,38.0,47846.0,1492.0,604.0,90.0,45675.0,-142.0,2106.0,31125.0,False,False,False,5,West Coast,2247.0,-141.0,-141.0,0.0,1.0
2024-08-01,1230.0,36.0,47316.0,929.0,340.0,119.0,46378.0,-142.0,1963.0,29338.0,False,False,False,5,West Coast,2106.0,-142.0,-143.0,-1.0,-1.0
2024-09-01,2437.0,43.0,45565.0,875.0,255.0,144.0,43425.0,-137.0,1827.0,27296.0,False,False,False,5,West Coast,1963.0,-136.0,-136.0,0.0,1.0
2024-10-01,1096.0,49.0,46530.0,1083.0,832.0,117.0,45438.0,-81.0,1746.0,26497.0,False,False,False,5,West Coast,1827.0,-81.0,-81.0,0.0,0.0
2024-11-01,1749.0,47.0,43461.0,887.0,384.0,71.0,42159.0,62.0,1808.0,28236.0,False,False,False,5,West Coast,1746.0,62.0,62.0,0.0,0.0
2024-12-01,1595.0,46.0,43335.0,1661.0,265.0,83.0,43060.0,54.0,1862.0,29761.0,False,False,False,5,West Coast,1808.0,53.0,54.0,1.0,0.0
2025-01-01,1973.0,57.0,43413.0,1048.0,291.0,64.0,42108.0,31.0,1893.0,29969.0,False,False,False,5,West Coast,1862.0,32.0,31.0,-1.0,0.0
2025-02-01,2185.0,53.0,40181.0,596.0,281.0,66.0,38077.0,-116.0,1777.0,28742.0,False,False,False,5,West Coast,1893.0,-115.0,-116.0,-1.0,0.0
2025-03-01,1666.0,49.0,46169.0,946.0,1036.0,58.0,44123.0,-183.0,1595.0,27571.0,False,False,False,5,West Coast,1777.0,-183.0,-182.0,1.0,1.0
2025-04-01,582.0,25.0,44033.0,958.0,1373.0,101.0,42944.0,34.0,1628.0,26312.0,False,False,False,5,West Coast,1595.0,34.0,33.0,-1.0,-1.0
2025-05-01,434.0,22.0,46297.0,881.0,1310.0,89.0,45296.0,-28.0,1601.0,28014.0,False,False,False,5,West Coast,1628.0,-27.0,-27.0,0.0,1.0
2025-06-01,1850.0,48.0,46639.0,753.0,1776.0,93.0,43795.0,170.0,1771.0,30378.0,False,False,False,5,West Coast,1601.0,170.0,170.0,0.0,0.0
2025-07-01,674.0,15.0,44758.0,1002.0,443.0,104.0,44569.0,46.0,1816.0,32090.0,False,False,False,5,West Coast,1771.0,45.0,45.0,0.0,-1.0
2025-08-01,-101.0,17.0,45491.0,870.0,714.0,115.0,45286.0,-331.0,1486.0,31585.0,False,False,False,5,West Coast,1816.0,-330.0,-330.0,0.0,1.0
2025-09-01,3063.0,17.0,45640.0,825.0,445.0,117.0,43154.0,331.0,1817.0,30332.0,False,False,False,5,West Coast,1486.0,331.0,331.0,0.0,0.0
2025-10-01,765.0,16.0,45393.0,568.0,692.0,64.0,44359.0,-65.0,1752.0,29010.0,False,False,False,5,West Coast,1817.0,-65.0,-65.0,0.0,0.0
2025-11-01,2539.0,15.0,43876.0,238.0,1259.0,83.0,40109.0,-109.0,1643.0,27501.0,False,False,False,5,West Coast,1752.0,-109.0,-109.0,0.0,0.0
2025-12-01,955.0,8.0,43703.0,849.0,797.0,73.0,42613.0,-106.0,1538.0,30639.0,False,False,False,5,West Coast,1643.0,-106.0,-105.0,1.0,1.0
2026-01-01,522.0,0.0,41512.0,576.0,477.0,90.0,41010.0,11.0,1549.0,31085.0,False,True,False,5,West Coast,1538.0,11.0,11.0,0.0,0.0
2026-02-01,515.0,0.0,38608.0,433.0,236.0,87.0,38353.0,150.0,1699.0,29220.0,False,True,False,5,West Coast,1549.0,150.0,150.0,0.0,0.0
2026-03-01,-612.0,0.0,44249.0,1178.0,1888.0,72.0,43993.0,-86.0,1613.0,28894.0,False,True,False,5,West Coast,1699.0,-86.0,-86.0,0.0,0.0
2026-04-01,2523.0,0.0,45470.0,542.0,2003.0,700.0,40826.0,39.0,1652.0,29008.0,False,True,False,5,West Coast,1613.0,40.0,39.0,-1.0,0.0
2026-05-01,2274.0,0.0,45333.0,147.0,898.0,142.0,42063.0,-103.0,1549.0,27212.0,False,True,False,5,West Coast,1652.0,-103.0,-103.0,0.0,0.0
2026-06-01,1735.0,0.0,43358.0,617.0,500.0,370.0,41863.0,493.0,2042.0,29108.0,False,True,False,5,West Coast,1549.0,493.0,493.0,0.0,0.0
