padd,month,origin_month,horizon,predicted_kb,actual_kb,model
1,2016-07-01,2016-06-01,1,73138.0,72616.0,persistence
1,2016-08-01,2016-06-01,2,73138.0,65184.0,persistence
1,2016-09-01,2016-06-01,3,73138.0,58842.0,persistence
1,2016-10-01,2016-06-01,4,73138.0,60975.0,persistence
1,2016-11-01,2016-06-01,5,73138.0,63052.0,persistence
1,2016-12-01,2016-06-01,6,73138.0,65379.0,persistence
1,2017-01-01,2016-06-01,7,73138.0,74583.0,persistence
1,2017-02-01,2016-06-01,8,73138.0,72957.0,persistence
1,2017-03-01,2016-06-01,9,73138.0,65469.0,persistence
1,2017-04-01,2016-06-01,10,73138.0,68482.0,persistence
1,2017-05-01,2016-06-01,11,73138.0,70684.0,persistence
1,2017-06-01,2016-06-01,12,73138.0,67745.0,persistence
2,2016-07-01,2016-06-01,1,53898.0,51933.0,persistence
2,2016-08-01,2016-06-01,2,53898.0,51959.0,persistence
2,2016-09-01,2016-06-01,3,53898.0,51101.0,persistence
2,2016-10-01,2016-06-01,4,53898.0,49811.0,persistence
2,2016-11-01,2016-06-01,5,53898.0,50310.0,persistence
2,2016-12-01,2016-06-01,6,53898.0,53229.0,persistence
2,2017-01-01,2016-06-01,7,53898.0,60494.0,persistence
2,2017-02-01,2016-06-01,8,53898.0,60249.0,persistence
2,2017-03-01,2016-06-01,9,53898.0,57339.0,persistence
2,2017-04-01,2016-06-01,10,53898.0,56828.0,persistence
2,2017-05-01,2016-06-01,11,53898.0,55450.0,persistence
2,2017-06-01,2016-06-01,12,53898.0,53587.0,persistence
3,2016-07-01,2016-06-01,1,80280.0,79007.0,persistence
3,2016-08-01,2016-06-01,2,80280.0,78138.0,persistence
3,2016-09-01,2016-06-01,3,80280.0,83221.0,persistence
3,2016-10-01,2016-06-01,4,80280.0,79302.0,persistence
3,2016-11-01,2016-06-01,5,80280.0,82506.0,persistence
3,2016-12-01,2016-06-01,6,80280.0,82783.0,persistence
3,2017-01-01,2016-06-01,7,80280.0,86447.0,persistence
3,2017-02-01,2016-06-01,8,80280.0,81207.0,persistence
3,2017-03-01,2016-06-01,9,80280.0,79148.0,persistence
3,2017-04-01,2016-06-01,10,80280.0,80279.0,persistence
3,2017-05-01,2016-06-01,11,80280.0,81254.0,persistence
3,2017-06-01,2016-06-01,12,80280.0,82404.0,persistence
4,2016-07-01,2016-06-01,1,7444.0,7418.0,persistence
4,2016-08-01,2016-06-01,2,7444.0,6833.0,persistence
4,2016-09-01,2016-06-01,3,7444.0,6937.0,persistence
4,2016-10-01,2016-06-01,4,7444.0,7295.0,persistence
4,2016-11-01,2016-06-01,5,7444.0,8096.0,persistence
4,2016-12-01,2016-06-01,6,7444.0,7910.0,persistence
4,2017-01-01,2016-06-01,7,7444.0,8615.0,persistence
4,2017-02-01,2016-06-01,8,7444.0,8456.0,persistence
4,2017-03-01,2016-06-01,9,7444.0,7940.0,persistence
4,2017-04-01,2016-06-01,10,7444.0,7809.0,persistence
4,2017-05-01,2016-06-01,11,7444.0,7665.0,persistence
4,2017-06-01,2016-06-01,12,7444.0,7021.0,persistence
5,2016-07-01,2016-06-01,1,27902.0,29958.0,persistence
5,2016-08-01,2016-06-01,2,27902.0,28297.0,persistence
5,2016-09-01,2016-06-01,3,27902.0,27596.0,persistence
5,2016-10-01,2016-06-01,4,27902.0,28211.0,persistence
5,2016-11-01,2016-06-01,5,27902.0,29878.0,persistence
5,2016-12-01,2016-06-01,6,27902.0,29286.0,persistence
5,2017-01-01,2016-06-01,7,27902.0,30970.0,persistence
5,2017-02-01,2016-06-01,8,27902.0,30766.0,persistence
5,2017-03-01,2016-06-01,9,27902.0,29662.0,persistence
5,2017-04-01,2016-06-01,10,27902.0,30113.0,persistence
5,2017-05-01,2016-06-01,11,27902.0,27431.0,persistence
5,2017-06-01,2016-06-01,12,27902.0,27660.0,persistence
1,2016-07-01,2016-06-01,1,58703.0,72616.0,seasonal_naive
1,2016-08-01,2016-06-01,2,60374.0,65184.0,seasonal_naive
1,2016-09-01,2016-06-01,3,62622.0,58842.0,seasonal_naive
1,2016-10-01,2016-06-01,4,59687.0,60975.0,seasonal_naive
1,2016-11-01,2016-06-01,5,58578.0,63052.0,seasonal_naive
1,2016-12-01,2016-06-01,6,60722.0,65379.0,seasonal_naive
1,2017-01-01,2016-06-01,7,70309.0,74583.0,seasonal_naive
1,2017-02-01,2016-06-01,8,71066.0,72957.0,seasonal_naive
1,2017-03-01,2016-06-01,9,65920.0,65469.0,seasonal_naive
1,2017-04-01,2016-06-01,10,69091.0,68482.0,seasonal_naive
1,2017-05-01,2016-06-01,11,69708.0,70684.0,seasonal_naive
1,2017-06-01,2016-06-01,12,73138.0,67745.0,seasonal_naive
2,2016-07-01,2016-06-01,1,48210.0,51933.0,seasonal_naive
2,2016-08-01,2016-06-01,2,49387.0,51959.0,seasonal_naive
2,2016-09-01,2016-06-01,3,47041.0,51101.0,seasonal_naive
2,2016-10-01,2016-06-01,4,45967.0,49811.0,seasonal_naive
2,2016-11-01,2016-06-01,5,50053.0,50310.0,seasonal_naive
2,2016-12-01,2016-06-01,6,53674.0,53229.0,seasonal_naive
2,2017-01-01,2016-06-01,7,62336.0,60494.0,seasonal_naive
2,2017-02-01,2016-06-01,8,60365.0,60249.0,seasonal_naive
2,2017-03-01,2016-06-01,9,57094.0,57339.0,seasonal_naive
2,2017-04-01,2016-06-01,10,54581.0,56828.0,seasonal_naive
2,2017-05-01,2016-06-01,11,54211.0,55450.0,seasonal_naive
2,2017-06-01,2016-06-01,12,53898.0,53587.0,seasonal_naive
3,2016-07-01,2016-06-01,1,77252.0,79007.0,seasonal_naive
3,2016-08-01,2016-06-01,2,74930.0,78138.0,seasonal_naive
3,2016-09-01,2016-06-01,3,78105.0,83221.0,seasonal_naive
3,2016-10-01,2016-06-01,4,76052.0,79302.0,seasonal_naive
3,2016-11-01,2016-06-01,5,77371.0,82506.0,seasonal_naive
3,2016-12-01,2016-06-01,6,84607.0,82783.0,seasonal_naive
3,2017-01-01,2016-06-01,7,86569.0,86447.0,seasonal_naive
3,2017-02-01,2016-06-01,8,83824.0,81207.0,seasonal_naive
3,2017-03-01,2016-06-01,9,82877.0,79148.0,seasonal_naive
3,2017-04-01,2016-06-01,10,82477.0,80279.0,seasonal_naive
3,2017-05-01,2016-06-01,11,82111.0,81254.0,seasonal_naive
3,2017-06-01,2016-06-01,12,80280.0,82404.0,seasonal_naive
4,2016-07-01,2016-06-01,1,6448.0,7418.0,seasonal_naive
4,2016-08-01,2016-06-01,2,6862.0,6833.0,seasonal_naive
4,2016-09-01,2016-06-01,3,7154.0,6937.0,seasonal_naive
4,2016-10-01,2016-06-01,4,6800.0,7295.0,seasonal_naive
4,2016-11-01,2016-06-01,5,7226.0,8096.0,seasonal_naive
4,2016-12-01,2016-06-01,6,7716.0,7910.0,seasonal_naive
4,2017-01-01,2016-06-01,7,8001.0,8615.0,seasonal_naive
4,2017-02-01,2016-06-01,8,8379.0,8456.0,seasonal_naive
4,2017-03-01,2016-06-01,9,8386.0,7940.0,seasonal_naive
4,2017-04-01,2016-06-01,10,7606.0,7809.0,seasonal_naive
4,2017-05-01,2016-06-01,11,7567.0,7665.0,seasonal_naive
4,2017-06-01,2016-06-01,12,7444.0,7021.0,seasonal_naive
5,2016-07-01,2016-06-01,1,27106.0,29958.0,seasonal_naive
5,2016-08-01,2016-06-01,2,26702.0,28297.0,seasonal_naive
5,2016-09-01,2016-06-01,3,30294.0,27596.0,seasonal_naive
5,2016-10-01,2016-06-01,4,28850.0,28211.0,seasonal_naive
5,2016-11-01,2016-06-01,5,29709.0,29878.0,seasonal_naive
5,2016-12-01,2016-06-01,6,28746.0,29286.0,seasonal_naive
5,2017-01-01,2016-06-01,7,34433.0,30970.0,seasonal_naive
5,2017-02-01,2016-06-01,8,32585.0,30766.0,seasonal_naive
5,2017-03-01,2016-06-01,9,29439.0,29662.0,seasonal_naive
5,2017-04-01,2016-06-01,10,29724.0,30113.0,seasonal_naive
5,2017-05-01,2016-06-01,11,29812.0,27431.0,seasonal_naive
5,2017-06-01,2016-06-01,12,27902.0,27660.0,seasonal_naive
1,2016-07-01,2016-06-01,1,71747.4,72616.0,seasonal_change
1,2016-08-01,2016-06-01,2,71153.59999999999,65184.0,seasonal_change
1,2016-09-01,2016-06-01,3,70758.99999999999,58842.0,seasonal_change
1,2016-10-01,2016-06-01,4,67367.59999999999,60975.0,seasonal_change
1,2016-11-01,2016-06-01,5,69608.2,63052.0,seasonal_change
1,2016-12-01,2016-06-01,6,74052.2,65379.0,seasonal_change
1,2017-01-01,2016-06-01,7,79694.4,74583.0,seasonal_change
1,2017-02-01,2016-06-01,8,78615.79999999999,72957.0,seasonal_change
1,2017-03-01,2016-06-01,9,75493.4,65469.0,seasonal_change
1,2017-04-01,2016-06-01,10,75542.59999999999,68482.0,seasonal_change
1,2017-05-01,2016-06-01,11,76361.79999999999,70684.0,seasonal_change
1,2017-06-01,2016-06-01,12,76733.79999999999,67745.0,seasonal_change
2,2016-07-01,2016-06-01,1,53151.8,51933.0,seasonal_change
2,2016-08-01,2016-06-01,2,52095.8,51959.0,seasonal_change
2,2016-09-01,2016-06-01,3,52668.0,51101.0,seasonal_change
2,2016-10-01,2016-06-01,4,50406.4,49811.0,seasonal_change
2,2016-11-01,2016-06-01,5,52439.4,50310.0,seasonal_change
2,2016-12-01,2016-06-01,6,56930.8,53229.0,seasonal_change
2,2017-01-01,2016-06-01,7,59936.8,60494.0,seasonal_change
2,2017-02-01,2016-06-01,8,59697.4,60249.0,seasonal_change
2,2017-03-01,2016-06-01,9,57248.6,57339.0,seasonal_change
2,2017-04-01,2016-06-01,10,56011.0,56828.0,seasonal_change
2,2017-05-01,2016-06-01,11,53581.8,55450.0,seasonal_change
2,2017-06-01,2016-06-01,12,54707.200000000004,53587.0,seasonal_change
3,2016-07-01,2016-06-01,1,81499.6,79007.0,seasonal_change
3,2016-08-01,2016-06-01,2,79381.6,78138.0,seasonal_change
3,2016-09-01,2016-06-01,3,81046.0,83221.0,seasonal_change
3,2016-10-01,2016-06-01,4,80824.8,79302.0,seasonal_change
3,2016-11-01,2016-06-01,5,83714.0,82506.0,seasonal_change
3,2016-12-01,2016-06-01,6,86069.8,82783.0,seasonal_change
3,2017-01-01,2016-06-01,7,85843.6,86447.0,seasonal_change
3,2017-02-01,2016-06-01,8,84394.8,81207.0,seasonal_change
3,2017-03-01,2016-06-01,9,83698.40000000001,79148.0,seasonal_change
3,2017-04-01,2016-06-01,10,82422.40000000001,80279.0,seasonal_change
3,2017-05-01,2016-06-01,11,82395.6,81254.0,seasonal_change
3,2017-06-01,2016-06-01,12,81763.40000000001,82404.0,seasonal_change
4,2016-07-01,2016-06-01,1,7463.6,7418.0,seasonal_change
4,2016-08-01,2016-06-01,2,7485.0,6833.0,seasonal_change
4,2016-09-01,2016-06-01,3,7643.6,6937.0,seasonal_change
4,2016-10-01,2016-06-01,4,7662.8,7295.0,seasonal_change
4,2016-11-01,2016-06-01,5,8405.6,8096.0,seasonal_change
4,2016-12-01,2016-06-01,6,8493.0,7910.0,seasonal_change
4,2017-01-01,2016-06-01,7,8412.6,8615.0,seasonal_change
4,2017-02-01,2016-06-01,8,8174.6,8456.0,seasonal_change
4,2017-03-01,2016-06-01,9,7871.200000000001,7940.0,seasonal_change
4,2017-04-01,2016-06-01,10,7621.800000000001,7809.0,seasonal_change
4,2017-05-01,2016-06-01,11,7572.600000000001,7665.0,seasonal_change
4,2017-06-01,2016-06-01,12,7610.600000000001,7021.0,seasonal_change
5,2016-07-01,2016-06-01,1,27825.4,29958.0,seasonal_change
5,2016-08-01,2016-06-01,2,26894.0,28297.0,seasonal_change
5,2016-09-01,2016-06-01,3,27720.4,27596.0,seasonal_change
5,2016-10-01,2016-06-01,4,27861.800000000003,28211.0,seasonal_change
5,2016-11-01,2016-06-01,5,29895.800000000003,29878.0,seasonal_change
5,2016-12-01,2016-06-01,6,31234.600000000002,29286.0,seasonal_change
5,2017-01-01,2016-06-01,7,33224.600000000006,30970.0,seasonal_change
5,2017-02-01,2016-06-01,8,31208.200000000004,30766.0,seasonal_change
5,2017-03-01,2016-06-01,9,29199.400000000005,29662.0,seasonal_change
5,2017-04-01,2016-06-01,10,27638.800000000007,30113.0,seasonal_change
5,2017-05-01,2016-06-01,11,27376.200000000008,27431.0,seasonal_change
5,2017-06-01,2016-06-01,12,27377.40000000001,27660.0,seasonal_change
1,2016-07-01,2016-06-01,1,72233.52655377667,72616.0,forecast_flow_identity
1,2016-08-01,2016-06-01,2,72125.85310755332,65184.0,forecast_flow_identity
1,2016-09-01,2016-06-01,3,72201.69815959527,58842.0,forecast_flow_identity
1,2016-10-01,2016-06-01,4,69296.22471337194,60975.0,forecast_flow_identity
1,2016-11-01,2016-06-01,5,72007.26976541388,63052.0,forecast_flow_identity
1,2016-12-01,2016-06-01,6,76937.19631919055,65379.0,forecast_flow_identity
1,2017-01-01,2016-06-01,7,83065.32287296721,74583.0,forecast_flow_identity
1,2017-02-01,2016-06-01,8,82438.86699050521,72957.0,forecast_flow_identity
1,2017-03-01,2016-06-01,9,79802.79354428186,65469.0,forecast_flow_identity
1,2017-04-01,2016-06-01,10,80322.23859632379,68482.0,forecast_flow_identity
1,2017-05-01,2016-06-01,11,81627.16515010047,70684.0,forecast_flow_identity
1,2017-06-01,2016-06-01,12,82469.8102021424,67745.0,forecast_flow_identity
2,2016-07-01,2016-06-01,1,53360.04123357965,51933.0,forecast_flow_identity
2,2016-08-01,2016-06-01,2,52512.28246715929,51959.0,forecast_flow_identity
2,2016-09-01,2016-06-01,3,53286.0126932041,51101.0,forecast_flow_identity
2,2016-10-01,2016-06-01,4,51232.65392678376,49811.0,forecast_flow_identity
2,2016-11-01,2016-06-01,5,53466.98415282857,50310.0,forecast_flow_identity
2,2016-12-01,2016-06-01,6,58166.22538640824,53229.0,forecast_flow_identity
2,2017-01-01,2016-06-01,7,61380.66661998789,60494.0,forecast_flow_identity
2,2017-02-01,2016-06-01,8,61349.18862406651,60249.0,forecast_flow_identity
2,2017-03-01,2016-06-01,9,59108.229857646154,57339.0,forecast_flow_identity
2,2017-04-01,2016-06-01,10,58071.56008369096,56828.0,forecast_flow_identity
2,2017-05-01,2016-06-01,11,55849.80131727059,55450.0,forecast_flow_identity
2,2017-06-01,2016-06-01,12,57177.131543315416,53587.0,forecast_flow_identity
3,2016-07-01,2016-06-01,1,81700.15688218395,79007.0,forecast_flow_identity
3,2016-08-01,2016-06-01,2,79782.51376436788,78138.0,forecast_flow_identity
3,2016-09-01,2016-06-01,3,81640.40752132006,83221.0,forecast_flow_identity
3,2016-10-01,2016-06-01,4,81618.964403504,79302.0,forecast_flow_identity
3,2016-11-01,2016-06-01,5,84701.65816045625,82506.0,forecast_flow_identity
3,2016-12-01,2016-06-01,6,87299.55485791113,82783.0,forecast_flow_identity
3,2017-01-01,2016-06-01,7,87495.25155536602,86447.0,forecast_flow_identity
3,2017-02-01,2016-06-01,8,86423.01364472462,81207.0,forecast_flow_identity
3,2017-03-01,2016-06-01,9,85927.17052690854,79148.0,forecast_flow_identity
3,2017-04-01,2016-06-01,10,84845.06428386076,80279.0,forecast_flow_identity
3,2017-05-01,2016-06-01,11,85018.6211660447,81254.0,forecast_flow_identity
3,2017-06-01,2016-06-01,12,84580.5149229969,82404.0,forecast_flow_identity
4,2016-07-01,2016-06-01,1,7524.409460180625,7418.0,forecast_flow_identity
4,2016-08-01,2016-06-01,2,7606.541241789819,6833.0,forecast_flow_identity
4,2016-09-01,2016-06-01,3,7823.72683689549,6937.0,forecast_flow_identity
4,2016-10-01,2016-06-01,4,7903.5362970761125,7295.0,forecast_flow_identity
4,2016-11-01,2016-06-01,5,8705.19061337994,8096.0,forecast_flow_identity
4,2016-12-01,2016-06-01,6,8853.200073560563,7910.0,forecast_flow_identity
4,2017-01-01,2016-06-01,7,8833.609533741186,8615.0,forecast_flow_identity
4,2017-02-01,2016-06-01,8,8651.7466657397,8456.0,forecast_flow_identity
4,2017-03-01,2016-06-01,9,8409.356125920323,7940.0,forecast_flow_identity
4,2017-04-01,2016-06-01,10,8218.810442224152,7809.0,forecast_flow_identity
4,2017-05-01,2016-06-01,11,8230.219902404777,7665.0,forecast_flow_identity
4,2017-06-01,2016-06-01,12,8327.074218708605,7021.0,forecast_flow_identity
5,2016-07-01,2016-06-01,1,27949.72409688012,29958.0,forecast_flow_identity
5,2016-08-01,2016-06-01,2,27142.44819376024,28297.0,forecast_flow_identity
5,2016-09-01,2016-06-01,3,28089.168287515193,27596.0,forecast_flow_identity
5,2016-10-01,2016-06-01,4,28354.292384395314,28211.0,forecast_flow_identity
5,2016-11-01,2016-06-01,5,30508.61247815028,29878.0,forecast_flow_identity
5,2016-12-01,2016-06-01,6,31971.336575030404,29286.0,forecast_flow_identity
5,2017-01-01,2016-06-01,7,34085.66067191052,30970.0,forecast_flow_identity
5,2017-02-01,2016-06-01,8,32196.565862863423,30766.0,forecast_flow_identity
5,2017-03-01,2016-06-01,9,30311.88995974355,29662.0,forecast_flow_identity
5,2017-04-01,2016-06-01,10,28871.8100534985,30113.0,forecast_flow_identity
5,2017-05-01,2016-06-01,11,28733.334150378618,27431.0,forecast_flow_identity
5,2017-06-01,2016-06-01,12,28854.454244133573,27660.0,forecast_flow_identity
1,2016-07-01,2016-06-01,1,69767.97816391564,72616.0,constrained_level
1,2016-08-01,2016-06-01,2,67805.89666919486,65184.0,constrained_level
1,2016-09-01,2016-06-01,3,66986.40694817524,58842.0,constrained_level
1,2016-10-01,2016-06-01,4,65633.84376562622,60975.0,constrained_level
1,2016-11-01,2016-06-01,5,64493.60974138275,63052.0,constrained_level
1,2016-12-01,2016-06-01,6,65163.229807823926,65379.0,constrained_level
1,2017-01-01,2016-06-01,7,67015.11461836725,74583.0,constrained_level
1,2017-02-01,2016-06-01,8,67626.91700744713,72957.0,constrained_level
1,2017-03-01,2016-06-01,9,63736.01864048623,65469.0,constrained_level
1,2017-04-01,2016-06-01,10,63465.93631742324,68482.0,constrained_level
1,2017-05-01,2016-06-01,11,63232.393473477394,70684.0,constrained_level
1,2017-06-01,2016-06-01,12,64207.34212746713,67745.0,constrained_level
2,2016-07-01,2016-06-01,1,54007.473340046774,51933.0,constrained_level
2,2016-08-01,2016-06-01,2,54494.187517713806,51959.0,constrained_level
2,2016-09-01,2016-06-01,3,54302.2592957858,51101.0,constrained_level
2,2016-10-01,2016-06-01,4,53889.70219839484,49811.0,constrained_level
2,2016-11-01,2016-06-01,5,53715.61174876377,50310.0,constrained_level
2,2016-12-01,2016-06-01,6,54758.56323912183,53229.0,constrained_level
2,2017-01-01,2016-06-01,7,56767.1148440917,60494.0,constrained_level
2,2017-02-01,2016-06-01,8,56856.778469751865,60249.0,constrained_level
2,2017-03-01,2016-06-01,9,54652.040429336506,57339.0,constrained_level
2,2017-04-01,2016-06-01,10,53950.53626426199,56828.0,constrained_level
2,2017-05-01,2016-06-01,11,53111.356279265354,55450.0,constrained_level
2,2017-06-01,2016-06-01,12,53247.6491010726,53587.0,constrained_level
3,2016-07-01,2016-06-01,1,78139.66398131079,79007.0,constrained_level
3,2016-08-01,2016-06-01,2,78675.01581668612,78138.0,constrained_level
3,2016-09-01,2016-06-01,3,78730.29751776237,83221.0,constrained_level
3,2016-10-01,2016-06-01,4,79166.14751925855,79302.0,constrained_level
3,2016-11-01,2016-06-01,5,79514.85097039613,82506.0,constrained_level
3,2016-12-01,2016-06-01,6,81206.3874611101,82783.0,constrained_level
3,2017-01-01,2016-06-01,7,82812.87339096425,86447.0,constrained_level
3,2017-02-01,2016-06-01,8,82163.88261902239,81207.0,constrained_level
3,2017-03-01,2016-06-01,9,80754.42277685668,79148.0,constrained_level
3,2017-04-01,2016-06-01,10,80459.29118674377,80279.0,constrained_level
3,2017-05-01,2016-06-01,11,79756.80607687146,81254.0,constrained_level
3,2017-06-01,2016-06-01,12,79674.37180166156,82404.0,constrained_level
4,2016-07-01,2016-06-01,1,7352.627318994808,7418.0,constrained_level
4,2016-08-01,2016-06-01,2,7321.382879980154,6833.0,constrained_level
4,2016-09-01,2016-06-01,3,7332.388521743653,6937.0,constrained_level
4,2016-10-01,2016-06-01,4,7241.86184346327,7295.0,constrained_level
4,2016-11-01,2016-06-01,5,7194.632178108764,8096.0,constrained_level
4,2016-12-01,2016-06-01,6,7212.027727443487,7910.0,constrained_level
4,2017-01-01,2016-06-01,7,7260.704444139469,8615.0,constrained_level
4,2017-02-01,2016-06-01,8,7241.249212477252,8456.0,constrained_level
4,2017-03-01,2016-06-01,9,7079.73934465034,7940.0,constrained_level
4,2017-04-01,2016-06-01,10,7089.31084747706,7809.0,constrained_level
4,2017-05-01,2016-06-01,11,7075.7888748095065,7665.0,constrained_level
4,2017-06-01,2016-06-01,12,7101.191344907425,7021.0,constrained_level
5,2016-07-01,2016-06-01,1,28852.753463571007,29958.0,constrained_level
5,2016-08-01,2016-06-01,2,29357.51494584977,28297.0,constrained_level
5,2016-09-01,2016-06-01,3,29091.58815167527,27596.0,constrained_level
5,2016-10-01,2016-06-01,4,29835.691099700995,28211.0,constrained_level
5,2016-11-01,2016-06-01,5,29913.83892074261,29878.0,constrained_level
5,2016-12-01,2016-06-01,6,31092.072410832523,29286.0,constrained_level
5,2017-01-01,2016-06-01,7,31389.06873729872,30970.0,constrained_level
5,2017-02-01,2016-06-01,8,31840.27508128382,30766.0,constrained_level
5,2017-03-01,2016-06-01,9,30426.611636066107,29662.0,constrained_level
5,2017-04-01,2016-06-01,10,29367.225114029767,30113.0,constrained_level
5,2017-05-01,2016-06-01,11,28915.487521238978,27431.0,constrained_level
5,2017-06-01,2016-06-01,12,28968.195763489945,27660.0,constrained_level
1,2016-07-01,2016-06-01,1,72120.66707075524,72616.0,ridge_change
1,2016-08-01,2016-06-01,2,71688.01655415702,65184.0,ridge_change
1,2016-09-01,2016-06-01,3,71692.65784614417,58842.0,ridge_change
1,2016-10-01,2016-06-01,4,70836.08296407222,60975.0,ridge_change
1,2016-11-01,2016-06-01,5,70446.97219963296,63052.0,ridge_change
1,2016-12-01,2016-06-01,6,70157.84873759668,65379.0,ridge_change
1,2017-01-01,2016-06-01,7,71009.92191699486,74583.0,ridge_change
1,2017-02-01,2016-06-01,8,71450.807600286,72957.0,ridge_change
1,2017-03-01,2016-06-01,9,70037.06534803439,65469.0,ridge_change
1,2017-04-01,2016-06-01,10,70454.39098433102,68482.0,ridge_change
1,2017-05-01,2016-06-01,11,70663.93438945287,70684.0,ridge_change
1,2017-06-01,2016-06-01,12,71548.18729746777,67745.0,ridge_change
2,2016-07-01,2016-06-01,1,52774.64410529287,51933.0,ridge_change
2,2016-08-01,2016-06-01,2,52615.963161728505,51959.0,ridge_change
2,2016-09-01,2016-06-01,3,51429.96642007335,51101.0,ridge_change
2,2016-10-01,2016-06-01,4,49683.19435765654,49811.0,ridge_change
2,2016-11-01,2016-06-01,5,50581.37970084294,50310.0,ridge_change
2,2016-12-01,2016-06-01,6,52589.19652337128,53229.0,ridge_change
2,2017-01-01,2016-06-01,7,57322.509867005356,60494.0,ridge_change
2,2017-02-01,2016-06-01,8,58708.21646859258,60249.0,ridge_change
2,2017-03-01,2016-06-01,9,56653.81026812237,57339.0,ridge_change
2,2017-04-01,2016-06-01,10,55643.54037858225,56828.0,ridge_change
2,2017-05-01,2016-06-01,11,54150.123015939156,55450.0,ridge_change
2,2017-06-01,2016-06-01,12,54135.44026692644,53587.0,ridge_change
3,2016-07-01,2016-06-01,1,79152.67534274643,79007.0,ridge_change
3,2016-08-01,2016-06-01,2,78781.3632591585,78138.0,ridge_change
3,2016-09-01,2016-06-01,3,79240.69123344756,83221.0,ridge_change
3,2016-10-01,2016-06-01,4,79130.49281773006,79302.0,ridge_change
3,2016-11-01,2016-06-01,5,79371.6217572963,82506.0,ridge_change
3,2016-12-01,2016-06-01,6,80870.99916653619,82783.0,ridge_change
3,2017-01-01,2016-06-01,7,82456.84116544128,86447.0,ridge_change
3,2017-02-01,2016-06-01,8,82763.5383915574,81207.0,ridge_change
3,2017-03-01,2016-06-01,9,82476.53238071036,79148.0,ridge_change
3,2017-04-01,2016-06-01,10,82348.92613475377,80279.0,ridge_change
3,2017-05-01,2016-06-01,11,82041.48564883623,81254.0,ridge_change
3,2017-06-01,2016-06-01,12,81553.2268647409,82404.0,ridge_change
4,2016-07-01,2016-06-01,1,7343.788792945606,7418.0,ridge_change
4,2016-08-01,2016-06-01,2,7359.8022351959435,6833.0,ridge_change
4,2016-09-01,2016-06-01,3,7427.983898003727,6937.0,ridge_change
4,2016-10-01,2016-06-01,4,7334.8849766012,7295.0,ridge_change
4,2016-11-01,2016-06-01,5,7356.489180387282,8096.0,ridge_change
4,2016-12-01,2016-06-01,6,7326.462938151702,7910.0,ridge_change
4,2017-01-01,2016-06-01,7,7348.340836590638,8615.0,ridge_change
4,2017-02-01,2016-06-01,8,7388.4222030920855,8456.0,ridge_change
4,2017-03-01,2016-06-01,9,7425.87267285986,7940.0,ridge_change
4,2017-04-01,2016-06-01,10,7431.0640848308,7809.0,ridge_change
4,2017-05-01,2016-06-01,11,7430.437991815554,7665.0,ridge_change
4,2017-06-01,2016-06-01,12,7470.177549494804,7021.0,ridge_change
5,2016-07-01,2016-06-01,1,28519.291927291462,29958.0,ridge_change
5,2016-08-01,2016-06-01,2,28989.421995005483,28297.0,ridge_change
5,2016-09-01,2016-06-01,3,29590.607385986164,27596.0,ridge_change
5,2016-10-01,2016-06-01,4,29763.512886161465,28211.0,ridge_change
5,2016-11-01,2016-06-01,5,29913.763640234407,29878.0,ridge_change
5,2016-12-01,2016-06-01,6,30112.270807249977,29286.0,ridge_change
5,2017-01-01,2016-06-01,7,31030.472067223236,30970.0,ridge_change
5,2017-02-01,2016-06-01,8,31382.822212405234,30766.0,ridge_change
5,2017-03-01,2016-06-01,9,30477.50801624561,29662.0,ridge_change
5,2017-04-01,2016-06-01,10,29863.695694010516,30113.0,ridge_change
5,2017-05-01,2016-06-01,11,29507.175057110573,27431.0,ridge_change
5,2017-06-01,2016-06-01,12,29183.843215646604,27660.0,ridge_change
1,2016-07-01,2016-06-01,1,71570.17077208063,72616.0,seasonal_ridge_change
1,2016-08-01,2016-06-01,2,70733.75352511731,65184.0,seasonal_ridge_change
1,2016-09-01,2016-06-01,3,70548.37832802701,58842.0,seasonal_ridge_change
1,2016-10-01,2016-06-01,4,69705.36442762426,60975.0,seasonal_ridge_change
1,2016-11-01,2016-06-01,5,69820.81087892866,63052.0,seasonal_ridge_change
1,2016-12-01,2016-06-01,6,70024.2475044133,65379.0,seasonal_ridge_change
1,2017-01-01,2016-06-01,7,71384.62725125649,74583.0,seasonal_ridge_change
1,2017-02-01,2016-06-01,8,72109.00804384286,72957.0,seasonal_ridge_change
1,2017-03-01,2016-06-01,9,70679.28864565336,65469.0,seasonal_ridge_change
1,2017-04-01,2016-06-01,10,70913.15243169121,68482.0,seasonal_ridge_change
1,2017-05-01,2016-06-01,11,70616.59501619672,70684.0,seasonal_ridge_change
1,2017-06-01,2016-06-01,12,70883.02251992906,67745.0,seasonal_ridge_change
2,2016-07-01,2016-06-01,1,52601.5881407767,51933.0,seasonal_ridge_change
2,2016-08-01,2016-06-01,2,52022.958332372786,51959.0,seasonal_ridge_change
2,2016-09-01,2016-06-01,3,51139.044660143656,51101.0,seasonal_ridge_change
2,2016-10-01,2016-06-01,4,49767.6168125766,49811.0,seasonal_ridge_change
2,2016-11-01,2016-06-01,5,51222.254918909675,50310.0,seasonal_ridge_change
2,2016-12-01,2016-06-01,6,53274.33847218639,53229.0,seasonal_ridge_change
2,2017-01-01,2016-06-01,7,57367.74790124335,60494.0,seasonal_ridge_change
2,2017-02-01,2016-06-01,8,58238.37994394551,60249.0,seasonal_ridge_change
2,2017-03-01,2016-06-01,9,55690.75958291386,57339.0,seasonal_ridge_change
2,2017-04-01,2016-06-01,10,55068.28605261039,56828.0,seasonal_ridge_change
2,2017-05-01,2016-06-01,11,53290.80536999,55450.0,seasonal_ridge_change
2,2017-06-01,2016-06-01,12,53052.999220881225,53587.0,seasonal_ridge_change
3,2016-07-01,2016-06-01,1,78909.12596119699,79007.0,seasonal_ridge_change
3,2016-08-01,2016-06-01,2,78574.10534688235,78138.0,seasonal_ridge_change
3,2016-09-01,2016-06-01,3,79199.82743127157,83221.0,seasonal_ridge_change
3,2016-10-01,2016-06-01,4,79633.00003372022,79302.0,seasonal_ridge_change
3,2016-11-01,2016-06-01,5,80416.62045085063,82506.0,seasonal_ridge_change
3,2016-12-01,2016-06-01,6,82035.04005982161,82783.0,seasonal_ridge_change
3,2017-01-01,2016-06-01,7,83325.62596587148,86447.0,seasonal_ridge_change
3,2017-02-01,2016-06-01,8,83289.58007970397,81207.0,seasonal_ridge_change
3,2017-03-01,2016-06-01,9,82465.27063136021,79148.0,seasonal_ridge_change
3,2017-04-01,2016-06-01,10,81693.35666935613,80279.0,seasonal_ridge_change
3,2017-05-01,2016-06-01,11,80869.79442542014,81254.0,seasonal_ridge_change
3,2017-06-01,2016-06-01,12,80052.9775013318,82404.0,seasonal_ridge_change
4,2016-07-01,2016-06-01,1,7330.1315489474355,7418.0,seasonal_ridge_change
4,2016-08-01,2016-06-01,2,7364.849013878134,6833.0,seasonal_ridge_change
4,2016-09-01,2016-06-01,3,7478.897007634144,6937.0,seasonal_ridge_change
4,2016-10-01,2016-06-01,4,7472.00517738339,7295.0,seasonal_ridge_change
4,2016-11-01,2016-06-01,5,7551.961192178942,8096.0,seasonal_ridge_change
4,2016-12-01,2016-06-01,6,7544.777258035535,7910.0,seasonal_ridge_change
4,2017-01-01,2016-06-01,7,7528.532203055598,8615.0,seasonal_ridge_change
4,2017-02-01,2016-06-01,8,7487.69202929863,8456.0,seasonal_ridge_change
4,2017-03-01,2016-06-01,9,7428.850540918696,7940.0,seasonal_ridge_change
4,2017-04-01,2016-06-01,10,7329.713712670926,7809.0,seasonal_ridge_change
4,2017-05-01,2016-06-01,11,7244.330741927045,7665.0,seasonal_ridge_change
4,2017-06-01,2016-06-01,12,7226.906612952266,7021.0,seasonal_ridge_change
5,2016-07-01,2016-06-01,1,28057.0595991413,29958.0,seasonal_ridge_change
5,2016-08-01,2016-06-01,2,28309.67097219692,28297.0,seasonal_ridge_change
5,2016-09-01,2016-06-01,3,28944.617914191305,27596.0,seasonal_ridge_change
5,2016-10-01,2016-06-01,4,29508.697543265767,28211.0,seasonal_ridge_change
5,2016-11-01,2016-06-01,5,30441.298399167255,29878.0,seasonal_ridge_change
5,2016-12-01,2016-06-01,6,31303.88732400576,29286.0,seasonal_ridge_change
5,2017-01-01,2016-06-01,7,32064.584729239796,30970.0,seasonal_ridge_change
5,2017-02-01,2016-06-01,8,31884.384487751347,30766.0,seasonal_ridge_change
5,2017-03-01,2016-06-01,9,30489.338364034247,29662.0,seasonal_ridge_change
5,2017-04-01,2016-06-01,10,29617.96240037629,30113.0,seasonal_ridge_change
5,2017-05-01,2016-06-01,11,28598.23728023432,27431.0,seasonal_ridge_change
5,2017-06-01,2016-06-01,12,28000.227284941822,27660.0,seasonal_ridge_change
1,2016-07-01,2016-06-01,1,71570.17077208063,72616.0,polynomial_ridge_change
1,2016-08-01,2016-06-01,2,70733.75352511731,65184.0,polynomial_ridge_change
1,2016-09-01,2016-06-01,3,70548.37832802701,58842.0,polynomial_ridge_change
1,2016-10-01,2016-06-01,4,69705.36442762426,60975.0,polynomial_ridge_change
1,2016-11-01,2016-06-01,5,69820.81087892866,63052.0,polynomial_ridge_change
1,2016-12-01,2016-06-01,6,70024.2475044133,65379.0,polynomial_ridge_change
1,2017-01-01,2016-06-01,7,71384.62725125649,74583.0,polynomial_ridge_change
1,2017-02-01,2016-06-01,8,72109.00804384286,72957.0,polynomial_ridge_change
1,2017-03-01,2016-06-01,9,70679.28864565336,65469.0,polynomial_ridge_change
1,2017-04-01,2016-06-01,10,70913.15243169121,68482.0,polynomial_ridge_change
1,2017-05-01,2016-06-01,11,70616.59501619672,70684.0,polynomial_ridge_change
1,2017-06-01,2016-06-01,12,70883.02251992906,67745.0,polynomial_ridge_change
2,2016-07-01,2016-06-01,1,52601.5881407767,51933.0,polynomial_ridge_change
2,2016-08-01,2016-06-01,2,52022.95833237279,51959.0,polynomial_ridge_change
2,2016-09-01,2016-06-01,3,51139.04466014366,51101.0,polynomial_ridge_change
2,2016-10-01,2016-06-01,4,49767.6168125766,49811.0,polynomial_ridge_change
2,2016-11-01,2016-06-01,5,51222.254918909675,50310.0,polynomial_ridge_change
2,2016-12-01,2016-06-01,6,53274.3384721864,53229.0,polynomial_ridge_change
2,2017-01-01,2016-06-01,7,57367.747901243354,60494.0,polynomial_ridge_change
2,2017-02-01,2016-06-01,8,58238.37994394552,60249.0,polynomial_ridge_change
2,2017-03-01,2016-06-01,9,55690.759582913866,57339.0,polynomial_ridge_change
2,2017-04-01,2016-06-01,10,55068.2860526104,56828.0,polynomial_ridge_change
2,2017-05-01,2016-06-01,11,53290.805369990005,55450.0,polynomial_ridge_change
2,2017-06-01,2016-06-01,12,53052.999220881225,53587.0,polynomial_ridge_change
3,2016-07-01,2016-06-01,1,78909.12596119699,79007.0,polynomial_ridge_change
3,2016-08-01,2016-06-01,2,78574.10534688235,78138.0,polynomial_ridge_change
3,2016-09-01,2016-06-01,3,79199.82743127157,83221.0,polynomial_ridge_change
3,2016-10-01,2016-06-01,4,79633.00003372022,79302.0,polynomial_ridge_change
3,2016-11-01,2016-06-01,5,80416.62045085063,82506.0,polynomial_ridge_change
3,2016-12-01,2016-06-01,6,82035.04005982161,82783.0,polynomial_ridge_change
3,2017-01-01,2016-06-01,7,83325.62596587148,86447.0,polynomial_ridge_change
3,2017-02-01,2016-06-01,8,83289.58007970397,81207.0,polynomial_ridge_change
3,2017-03-01,2016-06-01,9,82465.27063136021,79148.0,polynomial_ridge_change
3,2017-04-01,2016-06-01,10,81693.35666935613,80279.0,polynomial_ridge_change
3,2017-05-01,2016-06-01,11,80869.79442542014,81254.0,polynomial_ridge_change
3,2017-06-01,2016-06-01,12,80052.9775013318,82404.0,polynomial_ridge_change
4,2016-07-01,2016-06-01,1,7330.1315489474355,7418.0,polynomial_ridge_change
4,2016-08-01,2016-06-01,2,7364.849013878134,6833.0,polynomial_ridge_change
4,2016-09-01,2016-06-01,3,7478.897007634144,6937.0,polynomial_ridge_change
4,2016-10-01,2016-06-01,4,7472.00517738339,7295.0,polynomial_ridge_change
4,2016-11-01,2016-06-01,5,7551.961192178942,8096.0,polynomial_ridge_change
4,2016-12-01,2016-06-01,6,7544.777258035535,7910.0,polynomial_ridge_change
4,2017-01-01,2016-06-01,7,7528.532203055598,8615.0,polynomial_ridge_change
4,2017-02-01,2016-06-01,8,7487.69202929863,8456.0,polynomial_ridge_change
4,2017-03-01,2016-06-01,9,7428.850540918696,7940.0,polynomial_ridge_change
4,2017-04-01,2016-06-01,10,7329.713712670926,7809.0,polynomial_ridge_change
4,2017-05-01,2016-06-01,11,7244.330741927045,7665.0,polynomial_ridge_change
4,2017-06-01,2016-06-01,12,7226.906612952266,7021.0,polynomial_ridge_change
5,2016-07-01,2016-06-01,1,28057.059599141303,29958.0,polynomial_ridge_change
5,2016-08-01,2016-06-01,2,28309.67097219692,28297.0,polynomial_ridge_change
5,2016-09-01,2016-06-01,3,28944.617914191305,27596.0,polynomial_ridge_change
5,2016-10-01,2016-06-01,4,29508.697543265767,28211.0,polynomial_ridge_change
5,2016-11-01,2016-06-01,5,30441.298399167255,29878.0,polynomial_ridge_change
5,2016-12-01,2016-06-01,6,31303.88732400576,29286.0,polynomial_ridge_change
5,2017-01-01,2016-06-01,7,32064.5847292398,30970.0,polynomial_ridge_change
5,2017-02-01,2016-06-01,8,31884.384487751347,30766.0,polynomial_ridge_change
5,2017-03-01,2016-06-01,9,30489.338364034247,29662.0,polynomial_ridge_change
5,2017-04-01,2016-06-01,10,29617.96240037629,30113.0,polynomial_ridge_change
5,2017-05-01,2016-06-01,11,28598.23728023432,27431.0,polynomial_ridge_change
5,2017-06-01,2016-06-01,12,28000.227284941822,27660.0,polynomial_ridge_change
1,2016-07-01,2016-06-01,1,71366.09728128482,72616.0,spline_ridge_change
1,2016-08-01,2016-06-01,2,70062.14127679715,65184.0,spline_ridge_change
1,2016-09-01,2016-06-01,3,68970.53112255556,58842.0,spline_ridge_change
1,2016-10-01,2016-06-01,4,66689.83334160216,60975.0,spline_ridge_change
1,2016-11-01,2016-06-01,5,67751.62602774159,63052.0,spline_ridge_change
1,2016-12-01,2016-06-01,6,69810.50288481527,65379.0,spline_ridge_change
1,2017-01-01,2016-06-01,7,73565.06139684333,74583.0,spline_ridge_change
1,2017-02-01,2016-06-01,8,75081.51530643595,72957.0,spline_ridge_change
1,2017-03-01,2016-06-01,9,72312.90190135753,65469.0,spline_ridge_change
1,2017-04-01,2016-06-01,10,72883.3570513098,68482.0,spline_ridge_change
1,2017-05-01,2016-06-01,11,73746.59630671392,70684.0,spline_ridge_change
1,2017-06-01,2016-06-01,12,76057.64111140484,67745.0,spline_ridge_change
2,2016-07-01,2016-06-01,1,53815.344640414856,51933.0,spline_ridge_change
2,2016-08-01,2016-06-01,2,53065.079717014785,51959.0,spline_ridge_change
2,2016-09-01,2016-06-01,3,51832.247830603985,51101.0,spline_ridge_change
2,2016-10-01,2016-06-01,4,50249.504869570024,49811.0,spline_ridge_change
2,2016-11-01,2016-06-01,5,51908.19851611617,50310.0,spline_ridge_change
2,2016-12-01,2016-06-01,6,55038.14541765795,53229.0,spline_ridge_change
2,2017-01-01,2016-06-01,7,60307.16451240526,60494.0,spline_ridge_change
2,2017-02-01,2016-06-01,8,62578.300262984136,60249.0,spline_ridge_change
2,2017-03-01,2016-06-01,9,60977.87408028493,57339.0,spline_ridge_change
2,2017-04-01,2016-06-01,10,60417.517906097586,56828.0,spline_ridge_change
2,2017-05-01,2016-06-01,11,59454.85863174639,55450.0,spline_ridge_change
2,2017-06-01,2016-06-01,12,60389.67118790998,53587.0,spline_ridge_change
3,2016-07-01,2016-06-01,1,79619.31816291975,79007.0,spline_ridge_change
3,2016-08-01,2016-06-01,2,79394.47589375413,78138.0,spline_ridge_change
3,2016-09-01,2016-06-01,3,80043.35867542497,83221.0,spline_ridge_change
3,2016-10-01,2016-06-01,4,80043.15539420754,79302.0,spline_ridge_change
3,2016-11-01,2016-06-01,5,81028.09823570935,82506.0,spline_ridge_change
3,2016-12-01,2016-06-01,6,82340.38150224711,82783.0,spline_ridge_change
3,2017-01-01,2016-06-01,7,83401.95513112709,86447.0,spline_ridge_change
3,2017-02-01,2016-06-01,8,82745.03071038458,81207.0,spline_ridge_change
3,2017-03-01,2016-06-01,9,81180.61688511046,79148.0,spline_ridge_change
3,2017-04-01,2016-06-01,10,80702.30963956809,80279.0,spline_ridge_change
3,2017-05-01,2016-06-01,11,80343.3020644345,81254.0,spline_ridge_change
3,2017-06-01,2016-06-01,12,80617.11126056398,82404.0,spline_ridge_change
4,2016-07-01,2016-06-01,1,7382.480010614328,7418.0,spline_ridge_change
4,2016-08-01,2016-06-01,2,7341.823526043206,6833.0,spline_ridge_change
4,2016-09-01,2016-06-01,3,7320.396364198581,6937.0,spline_ridge_change
4,2016-10-01,2016-06-01,4,7228.143936045281,7295.0,spline_ridge_change
4,2016-11-01,2016-06-01,5,7226.844414719745,8096.0,spline_ridge_change
4,2016-12-01,2016-06-01,6,7203.454613570285,7910.0,spline_ridge_change
4,2017-01-01,2016-06-01,7,7275.277601928882,8615.0,spline_ridge_change
4,2017-02-01,2016-06-01,8,7304.014026870801,8456.0,spline_ridge_change
4,2017-03-01,2016-06-01,9,7265.742825008555,7940.0,spline_ridge_change
4,2017-04-01,2016-06-01,10,7174.6368213016785,7809.0,spline_ridge_change
4,2017-05-01,2016-06-01,11,7093.738862578826,7665.0,spline_ridge_change
4,2017-06-01,2016-06-01,12,7068.290284807875,7021.0,spline_ridge_change
5,2016-07-01,2016-06-01,1,27923.545120785806,29958.0,spline_ridge_change
5,2016-08-01,2016-06-01,2,28153.89474610288,28297.0,spline_ridge_change
5,2016-09-01,2016-06-01,3,28480.88821826442,27596.0,spline_ridge_change
5,2016-10-01,2016-06-01,4,29108.508406467336,28211.0,spline_ridge_change
5,2016-11-01,2016-06-01,5,30295.327936563583,29878.0,spline_ridge_change
5,2016-12-01,2016-06-01,6,31665.241969159397,29286.0,spline_ridge_change
5,2017-01-01,2016-06-01,7,32839.65307505936,30970.0,spline_ridge_change
5,2017-02-01,2016-06-01,8,32830.99143681509,30766.0,spline_ridge_change
5,2017-03-01,2016-06-01,9,30951.18529935244,29662.0,spline_ridge_change
5,2017-04-01,2016-06-01,10,29860.324858375083,30113.0,spline_ridge_change
5,2017-05-01,2016-06-01,11,29157.740297407006,27431.0,spline_ridge_change
5,2017-06-01,2016-06-01,12,29009.499717612744,27660.0,spline_ridge_change
1,2016-07-01,2016-06-01,1,72244.18548261984,72616.0,random_forest_change
1,2016-08-01,2016-06-01,2,72291.93942079892,65184.0,random_forest_change
1,2016-09-01,2016-06-01,3,72170.70455885348,58842.0,random_forest_change
1,2016-10-01,2016-06-01,4,70521.92897846283,60975.0,random_forest_change
1,2016-11-01,2016-06-01,5,73141.68561985914,63052.0,random_forest_change
1,2016-12-01,2016-06-01,6,76427.61663353769,65379.0,random_forest_change
1,2017-01-01,2016-06-01,7,80239.6163740636,74583.0,random_forest_change
1,2017-02-01,2016-06-01,8,79073.06229930944,72957.0,random_forest_change
1,2017-03-01,2016-06-01,9,76399.02108719702,65469.0,random_forest_change
1,2017-04-01,2016-06-01,10,75705.79770771072,68482.0,random_forest_change
1,2017-05-01,2016-06-01,11,75159.30396360689,70684.0,random_forest_change
1,2017-06-01,2016-06-01,12,75912.04541331886,67745.0,random_forest_change
2,2016-07-01,2016-06-01,1,52942.644391592534,51933.0,random_forest_change
2,2016-08-01,2016-06-01,2,52261.61684868527,51959.0,random_forest_change
2,2016-09-01,2016-06-01,3,51386.73989599412,51101.0,random_forest_change
2,2016-10-01,2016-06-01,4,50315.83692891998,49811.0,random_forest_change
2,2016-11-01,2016-06-01,5,52790.09323706229,50310.0,random_forest_change
2,2016-12-01,2016-06-01,6,56500.13774938594,53229.0,random_forest_change
2,2017-01-01,2016-06-01,7,60327.80056930559,60494.0,random_forest_change
2,2017-02-01,2016-06-01,8,59628.10878894996,60249.0,random_forest_change
2,2017-03-01,2016-06-01,9,57535.35972181381,57339.0,random_forest_change
2,2017-04-01,2016-06-01,10,56834.33141503965,56828.0,random_forest_change
2,2017-05-01,2016-06-01,11,56068.05500812575,55450.0,random_forest_change
2,2017-06-01,2016-06-01,12,55691.080161203216,53587.0,random_forest_change
3,2016-07-01,2016-06-01,1,79724.86481505766,79007.0,random_forest_change
3,2016-08-01,2016-06-01,2,78713.76562052916,78138.0,random_forest_change
3,2016-09-01,2016-06-01,3,78916.2663581803,83221.0,random_forest_change
3,2016-10-01,2016-06-01,4,77970.48700527493,79302.0,random_forest_change
3,2016-11-01,2016-06-01,5,79244.02550481705,82506.0,random_forest_change
3,2016-12-01,2016-06-01,6,80442.0607897682,82783.0,random_forest_change
3,2017-01-01,2016-06-01,7,80899.6141832636,86447.0,random_forest_change
3,2017-02-01,2016-06-01,8,78813.71487550388,81207.0,random_forest_change
3,2017-03-01,2016-06-01,9,77375.59762282135,79148.0,random_forest_change
3,2017-04-01,2016-06-01,10,77193.31107291661,80279.0,random_forest_change
3,2017-05-01,2016-06-01,11,76427.39638220615,81254.0,random_forest_change
3,2017-06-01,2016-06-01,12,76266.82776807118,82404.0,random_forest_change
4,2016-07-01,2016-06-01,1,7289.759036702906,7418.0,random_forest_change
4,2016-08-01,2016-06-01,2,7125.28029590053,6833.0,random_forest_change
4,2016-09-01,2016-06-01,3,7053.507378185219,6937.0,random_forest_change
4,2016-10-01,2016-06-01,4,6899.135033155909,7295.0,random_forest_change
4,2016-11-01,2016-06-01,5,6872.8914076254205,8096.0,random_forest_change
4,2016-12-01,2016-06-01,6,7047.466633710397,7910.0,random_forest_change
4,2017-01-01,2016-06-01,7,7218.279504431043,8615.0,random_forest_change
4,2017-02-01,2016-06-01,8,7280.459499965216,8456.0,random_forest_change
4,2017-03-01,2016-06-01,9,7248.9188292574845,7940.0,random_forest_change
4,2017-04-01,2016-06-01,10,7289.492200650253,7809.0,random_forest_change
4,2017-05-01,2016-06-01,11,7382.912237689254,7665.0,random_forest_change
4,2017-06-01,2016-06-01,12,7481.57251637979,7021.0,random_forest_change
5,2016-07-01,2016-06-01,1,27618.568428021732,29958.0,random_forest_change
5,2016-08-01,2016-06-01,2,27414.131689349742,28297.0,random_forest_change
5,2016-09-01,2016-06-01,3,27491.316943185917,27596.0,random_forest_change
5,2016-10-01,2016-06-01,4,27585.679189464052,28211.0,random_forest_change
5,2016-11-01,2016-06-01,5,29610.44469263159,29878.0,random_forest_change
5,2016-12-01,2016-06-01,6,31502.792973998916,29286.0,random_forest_change
5,2017-01-01,2016-06-01,7,32767.41532757508,30970.0,random_forest_change
5,2017-02-01,2016-06-01,8,30899.818415270063,30766.0,random_forest_change
5,2017-03-01,2016-06-01,9,29232.21568008858,29662.0,random_forest_change
5,2017-04-01,2016-06-01,10,28593.464697828756,30113.0,random_forest_change
5,2017-05-01,2016-06-01,11,28109.531701244785,27431.0,random_forest_change
5,2017-06-01,2016-06-01,12,27544.506306097068,27660.0,random_forest_change
1,2016-07-01,2016-06-01,1,72170.1015625,72616.0,xgboost_change
1,2016-08-01,2016-06-01,2,72391.390625,65184.0,xgboost_change
1,2016-09-01,2016-06-01,3,73138.671875,58842.0,xgboost_change
1,2016-10-01,2016-06-01,4,70952.34375,60975.0,xgboost_change
1,2016-11-01,2016-06-01,5,72672.0859375,63052.0,xgboost_change
1,2016-12-01,2016-06-01,6,74750.1484375,65379.0,xgboost_change
1,2017-01-01,2016-06-01,7,77406.90625,74583.0,xgboost_change
1,2017-02-01,2016-06-01,8,76647.0078125,72957.0,xgboost_change
1,2017-03-01,2016-06-01,9,73940.0859375,65469.0,xgboost_change
1,2017-04-01,2016-06-01,10,73821.4453125,68482.0,xgboost_change
1,2017-05-01,2016-06-01,11,73647.7421875,70684.0,xgboost_change
1,2017-06-01,2016-06-01,12,75175.796875,67745.0,xgboost_change
2,2016-07-01,2016-06-01,1,52669.5703125,51933.0,xgboost_change
2,2016-08-01,2016-06-01,2,51103.203125,51959.0,xgboost_change
2,2016-09-01,2016-06-01,3,49823.5078125,51101.0,xgboost_change
2,2016-10-01,2016-06-01,4,48256.66015625,49811.0,xgboost_change
2,2016-11-01,2016-06-01,5,50337.73046875,50310.0,xgboost_change
2,2016-12-01,2016-06-01,6,54468.93359375,53229.0,xgboost_change
2,2017-01-01,2016-06-01,7,57787.40234375,60494.0,xgboost_change
2,2017-02-01,2016-06-01,8,58474.71484375,60249.0,xgboost_change
2,2017-03-01,2016-06-01,9,56609.03515625,57339.0,xgboost_change
2,2017-04-01,2016-06-01,10,56804.5859375,56828.0,xgboost_change
2,2017-05-01,2016-06-01,11,56580.34375,55450.0,xgboost_change
2,2017-06-01,2016-06-01,12,57059.109375,53587.0,xgboost_change
3,2016-07-01,2016-06-01,1,79498.0390625,79007.0,xgboost_change
3,2016-08-01,2016-06-01,2,78765.2265625,78138.0,xgboost_change
3,2016-09-01,2016-06-01,3,78754.8046875,83221.0,xgboost_change
3,2016-10-01,2016-06-01,4,78608.4609375,79302.0,xgboost_change
3,2016-11-01,2016-06-01,5,80245.9453125,82506.0,xgboost_change
3,2016-12-01,2016-06-01,6,80950.953125,82783.0,xgboost_change
3,2017-01-01,2016-06-01,7,81313.40625,86447.0,xgboost_change
3,2017-02-01,2016-06-01,8,79762.5625,81207.0,xgboost_change
3,2017-03-01,2016-06-01,9,78475.8828125,79148.0,xgboost_change
3,2017-04-01,2016-06-01,10,77578.671875,80279.0,xgboost_change
3,2017-05-01,2016-06-01,11,77408.8984375,81254.0,xgboost_change
3,2017-06-01,2016-06-01,12,76677.1640625,82404.0,xgboost_change
4,2016-07-01,2016-06-01,1,7316.2158203125,7418.0,xgboost_change
4,2016-08-01,2016-06-01,2,7196.275390625,6833.0,xgboost_change
4,2016-09-01,2016-06-01,3,7252.8310546875,6937.0,xgboost_change
4,2016-10-01,2016-06-01,4,7182.1572265625,7295.0,xgboost_change
4,2016-11-01,2016-06-01,5,7292.8671875,8096.0,xgboost_change
4,2016-12-01,2016-06-01,6,7333.9560546875,7910.0,xgboost_change
4,2017-01-01,2016-06-01,7,7407.6640625,8615.0,xgboost_change
4,2017-02-01,2016-06-01,8,7323.52685546875,8456.0,xgboost_change
4,2017-03-01,2016-06-01,9,7132.572265625,7940.0,xgboost_change
4,2017-04-01,2016-06-01,10,7043.525390625,7809.0,xgboost_change
4,2017-05-01,2016-06-01,11,6983.98828125,7665.0,xgboost_change
4,2017-06-01,2016-06-01,12,7001.412109375,7021.0,xgboost_change
5,2016-07-01,2016-06-01,1,28002.9453125,29958.0,xgboost_change
5,2016-08-01,2016-06-01,2,27993.521484375,28297.0,xgboost_change
5,2016-09-01,2016-06-01,3,28860.5234375,27596.0,xgboost_change
5,2016-10-01,2016-06-01,4,28879.94140625,28211.0,xgboost_change
5,2016-11-01,2016-06-01,5,31310.46484375,29878.0,xgboost_change
5,2016-12-01,2016-06-01,6,32656.142578125,29286.0,xgboost_change
5,2017-01-01,2016-06-01,7,33588.66796875,30970.0,xgboost_change
5,2017-02-01,2016-06-01,8,31475.8671875,30766.0,xgboost_change
5,2017-03-01,2016-06-01,9,29625.345703125,29662.0,xgboost_change
5,2017-04-01,2016-06-01,10,28645.298828125,30113.0,xgboost_change
5,2017-05-01,2016-06-01,11,28312.11328125,27431.0,xgboost_change
5,2017-06-01,2016-06-01,12,28213.29296875,27660.0,xgboost_change
1,2016-07-01,2016-06-01,1,70248.12942069914,72616.0,neural_network_change
1,2016-08-01,2016-06-01,2,68195.09304561117,65184.0,neural_network_change
1,2016-09-01,2016-06-01,3,66986.17979902781,58842.0,neural_network_change
1,2016-10-01,2016-06-01,4,64097.05531909028,60975.0,neural_network_change
1,2016-11-01,2016-06-01,5,64555.70115808802,63052.0,neural_network_change
1,2016-12-01,2016-06-01,6,65652.83626674025,65379.0,neural_network_change
1,2017-01-01,2016-06-01,7,68597.29301056602,74583.0,neural_network_change
1,2017-02-01,2016-06-01,8,69529.99566173147,72957.0,neural_network_change
1,2017-03-01,2016-06-01,9,66214.65639095324,65469.0,neural_network_change
1,2017-04-01,2016-06-01,10,66951.39858536683,68482.0,neural_network_change
1,2017-05-01,2016-06-01,11,66787.1009474477,70684.0,neural_network_change
1,2017-06-01,2016-06-01,12,67357.95017818823,67745.0,neural_network_change
2,2016-07-01,2016-06-01,1,52668.99801629521,51933.0,neural_network_change
2,2016-08-01,2016-06-01,2,52054.61767468803,51959.0,neural_network_change
2,2016-09-01,2016-06-01,3,51218.64823584357,51101.0,neural_network_change
2,2016-10-01,2016-06-01,4,49733.527418058795,49811.0,neural_network_change
2,2016-11-01,2016-06-01,5,51392.18284243052,50310.0,neural_network_change
2,2016-12-01,2016-06-01,6,53783.635266867386,53229.0,neural_network_change
2,2017-01-01,2016-06-01,7,58119.58116714665,60494.0,neural_network_change
2,2017-02-01,2016-06-01,8,59018.95712662794,60249.0,neural_network_change
2,2017-03-01,2016-06-01,9,56255.76919905171,57339.0,neural_network_change
2,2017-04-01,2016-06-01,10,55513.23520255813,56828.0,neural_network_change
2,2017-05-01,2016-06-01,11,53444.45916547294,55450.0,neural_network_change
2,2017-06-01,2016-06-01,12,53248.65441266626,53587.0,neural_network_change
3,2016-07-01,2016-06-01,1,79204.35823997586,79007.0,neural_network_change
3,2016-08-01,2016-06-01,2,78901.9300054939,78138.0,neural_network_change
3,2016-09-01,2016-06-01,3,79425.34893325515,83221.0,neural_network_change
3,2016-10-01,2016-06-01,4,79924.19683542941,79302.0,neural_network_change
3,2016-11-01,2016-06-01,5,80777.30205389885,82506.0,neural_network_change
3,2016-12-01,2016-06-01,6,81933.43000284041,82783.0,neural_network_change
3,2017-01-01,2016-06-01,7,82929.40910911631,86447.0,neural_network_change
3,2017-02-01,2016-06-01,8,82610.64424243984,81207.0,neural_network_change
3,2017-03-01,2016-06-01,9,81529.21897280448,79148.0,neural_network_change
3,2017-04-01,2016-06-01,10,80721.03876852614,80279.0,neural_network_change
3,2017-05-01,2016-06-01,11,79846.92908773382,81254.0,neural_network_change
3,2017-06-01,2016-06-01,12,79375.25981182368,82404.0,neural_network_change
4,2016-07-01,2016-06-01,1,7268.804221663334,7418.0,neural_network_change
4,2016-08-01,2016-06-01,2,7269.868374695015,6833.0,neural_network_change
4,2016-09-01,2016-06-01,3,7425.335614959867,6937.0,neural_network_change
4,2016-10-01,2016-06-01,4,7370.584722064776,7295.0,neural_network_change
4,2016-11-01,2016-06-01,5,7511.609010632489,8096.0,neural_network_change
4,2016-12-01,2016-06-01,6,7505.908303508234,7910.0,neural_network_change
4,2017-01-01,2016-06-01,7,7514.333077267561,8615.0,neural_network_change
4,2017-02-01,2016-06-01,8,7519.451972789415,8456.0,neural_network_change
4,2017-03-01,2016-06-01,9,7468.34679983821,7940.0,neural_network_change
4,2017-04-01,2016-06-01,10,7354.718375697161,7809.0,neural_network_change
4,2017-05-01,2016-06-01,11,7222.0508058772275,7665.0,neural_network_change
4,2017-06-01,2016-06-01,12,7173.506697487076,7021.0,neural_network_change
5,2016-07-01,2016-06-01,1,27911.38904068894,29958.0,neural_network_change
5,2016-08-01,2016-06-01,2,28095.048700564035,28297.0,neural_network_change
5,2016-09-01,2016-06-01,3,28757.65835924585,27596.0,neural_network_change
5,2016-10-01,2016-06-01,4,29434.867912752852,28211.0,neural_network_change
5,2016-11-01,2016-06-01,5,30447.62242695023,29878.0,neural_network_change
5,2016-12-01,2016-06-01,6,31303.421133383155,29286.0,neural_network_change
5,2017-01-01,2016-06-01,7,32107.91312837841,30970.0,neural_network_change
5,2017-02-01,2016-06-01,8,31757.20660912019,30766.0,neural_network_change
5,2017-03-01,2016-06-01,9,30231.295023914503,29662.0,neural_network_change
5,2017-04-01,2016-06-01,10,29294.664281157508,30113.0,neural_network_change
5,2017-05-01,2016-06-01,11,28207.543516613026,27431.0,neural_network_change
5,2017-06-01,2016-06-01,12,27683.328365123372,27660.0,neural_network_change
1,2016-07-01,2016-06-01,1,70456.1106113877,72616.0,seasonal_residual_change
1,2016-08-01,2016-06-01,2,68723.33272925053,65184.0,seasonal_residual_change
1,2016-09-01,2016-06-01,3,67550.497410021,58842.0,seasonal_residual_change
1,2016-10-01,2016-06-01,4,63491.69851297021,60975.0,seasonal_residual_change
1,2016-11-01,2016-06-01,5,64568.938800357435,63052.0,seasonal_residual_change
1,2016-12-01,2016-06-01,6,67716.71453165967,65379.0,seasonal_residual_change
1,2017-01-01,2016-06-01,7,72374.66307912981,74583.0,seasonal_residual_change
1,2017-02-01,2016-06-01,8,71570.57906636986,72957.0,seasonal_residual_change
1,2017-03-01,2016-06-01,9,67875.72668836969,65469.0,seasonal_residual_change
1,2017-04-01,2016-06-01,10,68124.09745477597,68482.0,seasonal_residual_change
1,2017-05-01,2016-06-01,11,68638.32102183557,70684.0,seasonal_residual_change
1,2017-06-01,2016-06-01,12,69103.8047686481,67745.0,seasonal_residual_change
2,2016-07-01,2016-06-01,1,52445.19492195035,51933.0,seasonal_residual_change
2,2016-08-01,2016-06-01,2,50972.048032687744,51959.0,seasonal_residual_change
2,2016-09-01,2016-06-01,3,51018.540640317275,51101.0,seasonal_residual_change
2,2016-10-01,2016-06-01,4,48716.990723219526,49811.0,seasonal_residual_change
2,2016-11-01,2016-06-01,5,50459.92301053045,50310.0,seasonal_residual_change
2,2016-12-01,2016-06-01,6,54382.76614457556,53229.0,seasonal_residual_change
2,2017-01-01,2016-06-01,7,57173.80982939222,60494.0,seasonal_residual_change
2,2017-02-01,2016-06-01,8,57034.42432910701,60249.0,seasonal_residual_change
2,2017-03-01,2016-06-01,9,54763.802386622134,57339.0,seasonal_residual_change
2,2017-04-01,2016-06-01,10,53622.970117512974,56828.0,seasonal_residual_change
2,2017-05-01,2016-06-01,11,51211.18790304167,55450.0,seasonal_residual_change
2,2017-06-01,2016-06-01,12,51948.21618825394,53587.0,seasonal_residual_change
3,2016-07-01,2016-06-01,1,80572.56032161988,79007.0,seasonal_residual_change
3,2016-08-01,2016-06-01,2,78822.6304955976,78138.0,seasonal_residual_change
3,2016-09-01,2016-06-01,3,80033.4506895331,83221.0,seasonal_residual_change
3,2016-10-01,2016-06-01,4,79892.71855202118,79302.0,seasonal_residual_change
3,2016-11-01,2016-06-01,5,82170.4240734613,82506.0,seasonal_residual_change
3,2016-12-01,2016-06-01,6,84011.63536893051,82783.0,seasonal_residual_change
3,2017-01-01,2016-06-01,7,83977.13317688173,86447.0,seasonal_residual_change
3,2017-02-01,2016-06-01,8,82912.90028190574,81207.0,seasonal_residual_change
3,2017-03-01,2016-06-01,9,82193.28365390345,79148.0,seasonal_residual_change
3,2017-04-01,2016-06-01,10,81071.91644504514,80279.0,seasonal_residual_change
3,2017-05-01,2016-06-01,11,80813.5937514634,81254.0,seasonal_residual_change
3,2017-06-01,2016-06-01,12,80162.12529210892,82404.0,seasonal_residual_change
4,2016-07-01,2016-06-01,1,7333.882659926362,7418.0,seasonal_residual_change
4,2016-08-01,2016-06-01,2,7279.6800104477015,6833.0,seasonal_residual_change
4,2016-09-01,2016-06-01,3,7371.362684368181,6937.0,seasonal_residual_change
4,2016-10-01,2016-06-01,4,7336.42739322158,7295.0,seasonal_residual_change
4,2016-11-01,2016-06-01,5,7885.7293952197,8096.0,seasonal_residual_change
4,2016-12-01,2016-06-01,6,7881.22476085452,7910.0,seasonal_residual_change
4,2017-01-01,2016-06-01,7,7772.187667007081,8615.0,seasonal_residual_change
4,2017-02-01,2016-06-01,8,7553.495156133814,8456.0,seasonal_residual_change
4,2017-03-01,2016-06-01,9,7300.405768869113,7940.0,seasonal_residual_change
4,2017-04-01,2016-06-01,10,7077.92327540201,7809.0,seasonal_residual_change
4,2017-05-01,2016-06-01,11,6997.075030524613,7665.0,seasonal_residual_change
4,2017-06-01,2016-06-01,12,7002.143349235222,7021.0,seasonal_residual_change
5,2016-07-01,2016-06-01,1,28222.901249811363,29958.0,seasonal_residual_change
5,2016-08-01,2016-06-01,2,27981.524446164047,28297.0,seasonal_residual_change
5,2016-09-01,2016-06-01,3,28289.68932522509,27596.0,seasonal_residual_change
5,2016-10-01,2016-06-01,4,28721.109082621246,28211.0,seasonal_residual_change
5,2016-11-01,2016-06-01,5,30412.3133094665,29878.0,seasonal_residual_change
5,2016-12-01,2016-06-01,6,32083.66430625506,29286.0,seasonal_residual_change
5,2017-01-01,2016-06-01,7,32848.197916198864,30970.0,seasonal_residual_change
5,2017-02-01,2016-06-01,8,31483.253069594524,30766.0,seasonal_residual_change
5,2017-03-01,2016-06-01,9,29700.434122963758,29662.0,seasonal_residual_change
5,2017-04-01,2016-06-01,10,28295.643230450056,30113.0,seasonal_residual_change
5,2017-05-01,2016-06-01,11,27409.834285665827,27431.0,seasonal_residual_change
5,2017-06-01,2016-06-01,12,27182.182042083172,27660.0,seasonal_residual_change
1,2016-07-01,2016-06-01,1,68668.2183748969,72616.0,huber_change
1,2016-08-01,2016-06-01,2,65537.00032040072,65184.0,huber_change
1,2016-09-01,2016-06-01,3,64313.50699965538,58842.0,huber_change
1,2016-10-01,2016-06-01,4,61991.43739343098,60975.0,huber_change
1,2016-11-01,2016-06-01,5,62984.48133076947,63052.0,huber_change
1,2016-12-01,2016-06-01,6,64587.20246485714,65379.0,huber_change
1,2017-01-01,2016-06-01,7,67449.52281173985,74583.0,huber_change
1,2017-02-01,2016-06-01,8,68949.63803268905,72957.0,huber_change
1,2017-03-01,2016-06-01,9,66085.55395036408,65469.0,huber_change
1,2017-04-01,2016-06-01,10,66846.94721600329,68482.0,huber_change
1,2017-05-01,2016-06-01,11,66701.85874886317,70684.0,huber_change
1,2017-06-01,2016-06-01,12,66630.3774278952,67745.0,huber_change
2,2016-07-01,2016-06-01,1,52402.69925633033,51933.0,huber_change
2,2016-08-01,2016-06-01,2,51623.55703366009,51959.0,huber_change
2,2016-09-01,2016-06-01,3,50605.759466648844,51101.0,huber_change
2,2016-10-01,2016-06-01,4,49114.721905832106,49811.0,huber_change
2,2016-11-01,2016-06-01,5,50581.74727985454,50310.0,huber_change
2,2016-12-01,2016-06-01,6,52531.735181545395,53229.0,huber_change
2,2017-01-01,2016-06-01,7,56432.09336588794,60494.0,huber_change
2,2017-02-01,2016-06-01,8,57167.87646600329,60249.0,huber_change
2,2017-03-01,2016-06-01,9,54607.94768707047,57339.0,huber_change
2,2017-04-01,2016-06-01,10,54158.006589089906,56828.0,huber_change
2,2017-05-01,2016-06-01,11,52550.271220373776,55450.0,huber_change
2,2017-06-01,2016-06-01,12,52405.88331222353,53587.0,huber_change
3,2016-07-01,2016-06-01,1,78878.53730949361,79007.0,huber_change
3,2016-08-01,2016-06-01,2,78348.7692953802,78138.0,huber_change
3,2016-09-01,2016-06-01,3,78675.20579480597,83221.0,huber_change
3,2016-10-01,2016-06-01,4,79178.80968165564,79302.0,huber_change
3,2016-11-01,2016-06-01,5,79916.33669970445,82506.0,huber_change
3,2016-12-01,2016-06-01,6,81345.0091490352,82783.0,huber_change
3,2017-01-01,2016-06-01,7,82315.5332996778,86447.0,huber_change
3,2017-02-01,2016-06-01,8,82327.3624152633,81207.0,huber_change
3,2017-03-01,2016-06-01,9,81930.24866906271,79148.0,huber_change
3,2017-04-01,2016-06-01,10,80963.89916101788,80279.0,huber_change
3,2017-05-01,2016-06-01,11,80102.73284196809,81254.0,huber_change
3,2017-06-01,2016-06-01,12,79129.25947444608,82404.0,huber_change
4,2016-07-01,2016-06-01,1,7212.397983481425,7418.0,huber_change
4,2016-08-01,2016-06-01,2,7273.5091763865275,6833.0,huber_change
4,2016-09-01,2016-06-01,3,7456.044972081778,6937.0,huber_change
4,2016-10-01,2016-06-01,4,7449.8047974525,7295.0,huber_change
4,2016-11-01,2016-06-01,5,7627.289661347869,8096.0,huber_change
4,2016-12-01,2016-06-01,6,7704.384542197197,7910.0,huber_change
4,2017-01-01,2016-06-01,7,7737.9701986509135,8615.0,huber_change
4,2017-02-01,2016-06-01,8,7772.302485494887,8456.0,huber_change
4,2017-03-01,2016-06-01,9,7766.997632700603,7940.0,huber_change
4,2017-04-01,2016-06-01,10,7564.799720330758,7809.0,huber_change
4,2017-05-01,2016-06-01,11,7402.218299224941,7665.0,huber_change
4,2017-06-01,2016-06-01,12,7353.2069296639265,7021.0,huber_change
5,2016-07-01,2016-06-01,1,27895.361462362467,29958.0,huber_change
5,2016-08-01,2016-06-01,2,28032.079305110463,28297.0,huber_change
5,2016-09-01,2016-06-01,3,28557.729785320804,27596.0,huber_change
5,2016-10-01,2016-06-01,4,29055.540473953184,28211.0,huber_change
5,2016-11-01,2016-06-01,5,29963.492550163955,29878.0,huber_change
5,2016-12-01,2016-06-01,6,30835.448652333536,29286.0,huber_change
5,2017-01-01,2016-06-01,7,31459.551274698297,30970.0,huber_change
5,2017-02-01,2016-06-01,8,31232.534362993803,30766.0,huber_change
5,2017-03-01,2016-06-01,9,29922.05870339177,29662.0,huber_change
5,2017-04-01,2016-06-01,10,29078.589795671538,30113.0,huber_change
5,2017-05-01,2016-06-01,11,28081.313462911672,27431.0,huber_change
5,2017-06-01,2016-06-01,12,27489.254031186683,27660.0,huber_change
1,2017-07-01,2017-06-01,1,67745.0,64144.0,persistence
1,2017-08-01,2017-06-01,2,67745.0,60660.0,persistence
1,2017-09-01,2017-06-01,3,67745.0,59007.0,persistence
1,2017-10-01,2017-06-01,4,67745.0,54456.0,persistence
1,2017-11-01,2017-06-01,5,67745.0,58907.0,persistence
1,2017-12-01,2017-06-01,6,67745.0,60642.0,persistence
1,2018-01-01,2017-06-01,7,67745.0,65037.0,persistence
1,2018-02-01,2017-06-01,8,67745.0,63106.0,persistence
1,2018-03-01,2017-06-01,9,67745.0,58372.0,persistence
1,2018-04-01,2017-06-01,10,67745.0,64718.0,persistence
1,2018-05-01,2017-06-01,11,67745.0,68311.0,persistence
1,2018-06-01,2017-06-01,12,67745.0,66777.0,persistence
2,2017-07-01,2017-06-01,1,53587.0,53144.0,persistence
2,2017-08-01,2017-06-01,2,53587.0,51525.0,persistence
2,2017-09-01,2017-06-01,3,53587.0,50366.0,persistence
2,2017-10-01,2017-06-01,4,53587.0,45863.0,persistence
2,2017-11-01,2017-06-01,5,53587.0,47897.0,persistence
2,2017-12-01,2017-06-01,6,53587.0,52209.0,persistence
2,2018-01-01,2017-06-01,7,53587.0,57692.0,persistence
2,2018-02-01,2017-06-01,8,53587.0,60233.0,persistence
2,2018-03-01,2017-06-01,9,53587.0,57183.0,persistence
2,2018-04-01,2017-06-01,10,53587.0,57200.0,persistence
2,2018-05-01,2017-06-01,11,53587.0,53886.0,persistence
2,2018-06-01,2017-06-01,12,53587.0,53488.0,persistence
3,2017-07-01,2017-06-01,1,82404.0,81642.0,persistence
3,2017-08-01,2017-06-01,2,82404.0,80845.0,persistence
3,2017-09-01,2017-06-01,3,82404.0,77696.0,persistence
3,2017-10-01,2017-06-01,4,82404.0,80371.0,persistence
3,2017-11-01,2017-06-01,5,82404.0,80144.0,persistence
3,2017-12-01,2017-06-01,6,82404.0,83304.0,persistence
3,2018-01-01,2017-06-01,7,82404.0,84108.0,persistence
3,2018-02-01,2017-06-01,8,82404.0,87948.0,persistence
3,2018-03-01,2017-06-01,9,82404.0,84446.0,persistence
3,2018-04-01,2017-06-01,10,82404.0,80048.0,persistence
3,2018-05-01,2017-06-01,11,82404.0,82353.0,persistence
3,2018-06-01,2017-06-01,12,82404.0,82534.0,persistence
4,2017-07-01,2017-06-01,1,7021.0,6696.0,persistence
4,2017-08-01,2017-06-01,2,7021.0,6507.0,persistence
4,2017-09-01,2017-06-01,3,7021.0,6894.0,persistence
4,2017-10-01,2017-06-01,4,7021.0,7080.0,persistence
4,2017-11-01,2017-06-01,5,7021.0,7112.0,persistence
4,2017-12-01,2017-06-01,6,7021.0,7558.0,persistence
4,2018-01-01,2017-06-01,7,7021.0,7650.0,persistence
4,2018-02-01,2017-06-01,8,7021.0,8400.0,persistence
4,2018-03-01,2017-06-01,9,7021.0,7711.0,persistence
4,2018-04-01,2017-06-01,10,7021.0,7170.0,persistence
4,2018-05-01,2017-06-01,11,7021.0,6793.0,persistence
4,2018-06-01,2017-06-01,12,7021.0,7275.0,persistence
5,2017-07-01,2017-06-01,1,27660.0,27233.0,persistence
5,2017-08-01,2017-06-01,2,27660.0,27251.0,persistence
5,2017-09-01,2017-06-01,3,27660.0,29241.0,persistence
5,2017-10-01,2017-06-01,4,27660.0,28126.0,persistence
5,2017-11-01,2017-06-01,5,27660.0,30858.0,persistence
5,2017-12-01,2017-06-01,6,27660.0,33103.0,persistence
5,2018-01-01,2017-06-01,7,27660.0,34400.0,persistence
5,2018-02-01,2017-06-01,8,27660.0,33562.0,persistence
5,2018-03-01,2017-06-01,9,27660.0,31958.0,persistence
5,2018-04-01,2017-06-01,10,27660.0,31009.0,persistence
5,2018-05-01,2017-06-01,11,27660.0,31544.0,persistence
5,2018-06-01,2017-06-01,12,27660.0,30642.0,persistence
1,2017-07-01,2017-06-01,1,72616.0,64144.0,seasonal_naive
1,2017-08-01,2017-06-01,2,65184.0,60660.0,seasonal_naive
1,2017-09-01,2017-06-01,3,58842.0,59007.0,seasonal_naive
1,2017-10-01,2017-06-01,4,60975.0,54456.0,seasonal_naive
1,2017-11-01,2017-06-01,5,63052.0,58907.0,seasonal_naive
1,2017-12-01,2017-06-01,6,65379.0,60642.0,seasonal_naive
1,2018-01-01,2017-06-01,7,74583.0,65037.0,seasonal_naive
1,2018-02-01,2017-06-01,8,72957.0,63106.0,seasonal_naive
1,2018-03-01,2017-06-01,9,65469.0,58372.0,seasonal_naive
1,2018-04-01,2017-06-01,10,68482.0,64718.0,seasonal_naive
1,2018-05-01,2017-06-01,11,70684.0,68311.0,seasonal_naive
1,2018-06-01,2017-06-01,12,67745.0,66777.0,seasonal_naive
2,2017-07-01,2017-06-01,1,51933.0,53144.0,seasonal_naive
2,2017-08-01,2017-06-01,2,51959.0,51525.0,seasonal_naive
2,2017-09-01,2017-06-01,3,51101.0,50366.0,seasonal_naive
2,2017-10-01,2017-06-01,4,49811.0,45863.0,seasonal_naive
2,2017-11-01,2017-06-01,5,50310.0,47897.0,seasonal_naive
2,2017-12-01,2017-06-01,6,53229.0,52209.0,seasonal_naive
2,2018-01-01,2017-06-01,7,60494.0,57692.0,seasonal_naive
2,2018-02-01,2017-06-01,8,60249.0,60233.0,seasonal_naive
2,2018-03-01,2017-06-01,9,57339.0,57183.0,seasonal_naive
2,2018-04-01,2017-06-01,10,56828.0,57200.0,seasonal_naive
2,2018-05-01,2017-06-01,11,55450.0,53886.0,seasonal_naive
2,2018-06-01,2017-06-01,12,53587.0,53488.0,seasonal_naive
3,2017-07-01,2017-06-01,1,79007.0,81642.0,seasonal_naive
3,2017-08-01,2017-06-01,2,78138.0,80845.0,seasonal_naive
3,2017-09-01,2017-06-01,3,83221.0,77696.0,seasonal_naive
3,2017-10-01,2017-06-01,4,79302.0,80371.0,seasonal_naive
3,2017-11-01,2017-06-01,5,82506.0,80144.0,seasonal_naive
3,2017-12-01,2017-06-01,6,82783.0,83304.0,seasonal_naive
3,2018-01-01,2017-06-01,7,86447.0,84108.0,seasonal_naive
3,2018-02-01,2017-06-01,8,81207.0,87948.0,seasonal_naive
3,2018-03-01,2017-06-01,9,79148.0,84446.0,seasonal_naive
3,2018-04-01,2017-06-01,10,80279.0,80048.0,seasonal_naive
3,2018-05-01,2017-06-01,11,81254.0,82353.0,seasonal_naive
3,2018-06-01,2017-06-01,12,82404.0,82534.0,seasonal_naive
4,2017-07-01,2017-06-01,1,7418.0,6696.0,seasonal_naive
4,2017-08-01,2017-06-01,2,6833.0,6507.0,seasonal_naive
4,2017-09-01,2017-06-01,3,6937.0,6894.0,seasonal_naive
4,2017-10-01,2017-06-01,4,7295.0,7080.0,seasonal_naive
4,2017-11-01,2017-06-01,5,8096.0,7112.0,seasonal_naive
4,2017-12-01,2017-06-01,6,7910.0,7558.0,seasonal_naive
4,2018-01-01,2017-06-01,7,8615.0,7650.0,seasonal_naive
4,2018-02-01,2017-06-01,8,8456.0,8400.0,seasonal_naive
4,2018-03-01,2017-06-01,9,7940.0,7711.0,seasonal_naive
4,2018-04-01,2017-06-01,10,7809.0,7170.0,seasonal_naive
4,2018-05-01,2017-06-01,11,7665.0,6793.0,seasonal_naive
4,2018-06-01,2017-06-01,12,7021.0,7275.0,seasonal_naive
5,2017-07-01,2017-06-01,1,29958.0,27233.0,seasonal_naive
5,2017-08-01,2017-06-01,2,28297.0,27251.0,seasonal_naive
5,2017-09-01,2017-06-01,3,27596.0,29241.0,seasonal_naive
5,2017-10-01,2017-06-01,4,28211.0,28126.0,seasonal_naive
5,2017-11-01,2017-06-01,5,29878.0,30858.0,seasonal_naive
5,2017-12-01,2017-06-01,6,29286.0,33103.0,seasonal_naive
5,2018-01-01,2017-06-01,7,30970.0,34400.0,seasonal_naive
5,2018-02-01,2017-06-01,8,30766.0,33562.0,seasonal_naive
5,2018-03-01,2017-06-01,9,29662.0,31958.0,seasonal_naive
5,2018-04-01,2017-06-01,10,30113.0,31009.0,seasonal_naive
5,2018-05-01,2017-06-01,11,27431.0,31544.0,seasonal_naive
5,2018-06-01,2017-06-01,12,27660.0,30642.0,seasonal_naive
1,2017-07-01,2017-06-01,1,66409.0,64144.0,seasonal_change
1,2017-08-01,2017-06-01,2,64166.0,60660.0,seasonal_change
1,2017-09-01,2017-06-01,3,62273.6,59007.0,seasonal_change
1,2017-10-01,2017-06-01,4,60177.6,54456.0,seasonal_change
1,2017-11-01,2017-06-01,5,61606.799999999996,58907.0,seasonal_change
1,2017-12-01,2017-06-01,6,66298.2,60642.0,seasonal_change
1,2018-01-01,2017-06-01,7,72863.4,65037.0,seasonal_change
1,2018-02-01,2017-06-01,8,71995.4,63106.0,seasonal_change
1,2018-03-01,2017-06-01,9,68216.0,58372.0,seasonal_change
1,2018-04-01,2017-06-01,10,69506.0,64718.0,seasonal_change
1,2018-05-01,2017-06-01,11,70966.4,68311.0,seasonal_change
1,2018-06-01,2017-06-01,12,71073.79999999999,66777.0,seasonal_change
2,2017-07-01,2017-06-01,1,52464.0,53144.0,seasonal_change
2,2017-08-01,2017-06-01,2,51961.2,51525.0,seasonal_change
2,2017-09-01,2017-06-01,3,51788.6,50366.0,seasonal_change
2,2017-10-01,2017-06-01,4,49713.6,45863.0,seasonal_change
2,2017-11-01,2017-06-01,5,51537.4,47897.0,seasonal_change
2,2017-12-01,2017-06-01,6,56013.4,52209.0,seasonal_change
2,2018-01-01,2017-06-01,7,59612.4,57692.0,seasonal_change
2,2018-02-01,2017-06-01,8,59521.6,60233.0,seasonal_change
2,2018-03-01,2017-06-01,9,57093.799999999996,57183.0,seasonal_change
2,2018-04-01,2017-06-01,10,56123.2,57200.0,seasonal_change
2,2018-05-01,2017-06-01,11,53907.0,53886.0,seasonal_change
2,2018-06-01,2017-06-01,12,54439.6,53488.0,seasonal_change
3,2017-07-01,2017-06-01,1,83198.8,81642.0,seasonal_change
3,2017-08-01,2017-06-01,2,80760.8,80845.0,seasonal_change
3,2017-09-01,2017-06-01,3,83580.6,77696.0,seasonal_change
3,2017-10-01,2017-06-01,4,82852.8,80371.0,seasonal_change
3,2017-11-01,2017-06-01,5,85750.0,80144.0,seasonal_change
3,2017-12-01,2017-06-01,6,88360.2,83304.0,seasonal_change
3,2018-01-01,2017-06-01,7,89003.59999999999,84108.0,seasonal_change
3,2018-02-01,2017-06-01,8,86178.4,87948.0,seasonal_change
3,2018-03-01,2017-06-01,9,85891.0,84446.0,seasonal_change
3,2018-04-01,2017-06-01,10,84520.2,80048.0,seasonal_change
3,2018-05-01,2017-06-01,11,84980.8,82353.0,seasonal_change
3,2018-06-01,2017-06-01,12,84302.2,82534.0,seasonal_change
4,2017-07-01,2017-06-01,1,7108.4,6696.0,seasonal_change
4,2017-08-01,2017-06-01,2,7088.4,6507.0,seasonal_change
4,2017-09-01,2017-06-01,3,7259.2,6894.0,seasonal_change
4,2017-10-01,2017-06-01,4,7219.8,7080.0,seasonal_change
4,2017-11-01,2017-06-01,5,7936.2,7112.0,seasonal_change
4,2017-12-01,2017-06-01,6,7968.8,7558.0,seasonal_change
4,2018-01-01,2017-06-01,7,8085.6,7650.0,seasonal_change
4,2018-02-01,2017-06-01,8,7937.6,8400.0,seasonal_change
4,2018-03-01,2017-06-01,9,7573.8,7711.0,seasonal_change
4,2018-04-01,2017-06-01,10,7378.0,7170.0,seasonal_change
4,2018-05-01,2017-06-01,11,7356.0,6793.0,seasonal_change
4,2018-06-01,2017-06-01,12,7146.4,7275.0,seasonal_change
5,2017-07-01,2017-06-01,1,27874.4,27233.0,seasonal_change
5,2017-08-01,2017-06-01,2,27264.4,27251.0,seasonal_change
5,2017-09-01,2017-06-01,3,27729.2,29241.0,seasonal_change
5,2017-10-01,2017-06-01,4,28179.8,28126.0,seasonal_change
5,2017-11-01,2017-06-01,5,30283.399999999998,30858.0,seasonal_change
5,2017-12-01,2017-06-01,6,31452.399999999998,33103.0,seasonal_change
5,2018-01-01,2017-06-01,7,33264.6,34400.0,seasonal_change
5,2018-02-01,2017-06-01,8,31284.199999999997,33562.0,seasonal_change
5,2018-03-01,2017-06-01,9,29147.399999999998,31958.0,seasonal_change
5,2018-04-01,2017-06-01,10,28516.999999999996,31009.0,seasonal_change
5,2018-05-01,2017-06-01,11,27806.599999999995,31544.0,seasonal_change
5,2018-06-01,2017-06-01,12,27621.799999999996,30642.0,seasonal_change
1,2017-07-01,2017-06-01,1,65851.55261494256,64144.0,forecast_flow_identity
1,2017-08-01,2017-06-01,2,63050.90522988509,60660.0,forecast_flow_identity
1,2017-09-01,2017-06-01,3,60619.040018539155,59007.0,forecast_flow_identity
1,2017-10-01,2017-06-01,4,57965.192633481696,54456.0,forecast_flow_identity
1,2017-11-01,2017-06-01,5,58854.92742213577,58907.0,forecast_flow_identity
1,2017-12-01,2017-06-01,6,62988.880037078314,60642.0,forecast_flow_identity
1,2018-01-01,2017-06-01,7,68996.43265202084,65037.0,forecast_flow_identity
1,2018-02-01,2017-06-01,8,67619.51799499452,63106.0,forecast_flow_identity
1,2018-03-01,2017-06-01,9,63282.670609937064,58372.0,forecast_flow_identity
1,2018-04-01,2017-06-01,10,64033.005398591136,64718.0,forecast_flow_identity
1,2018-05-01,2017-06-01,11,64935.55801353369,68311.0,forecast_flow_identity
1,2018-06-01,2017-06-01,12,64503.492802187764,66777.0,forecast_flow_identity
2,2017-07-01,2017-06-01,1,52504.377557471285,53144.0,forecast_flow_identity
2,2017-08-01,2017-06-01,2,52041.55511494257,51525.0,forecast_flow_identity
2,2017-09-01,2017-06-01,3,51907.843073785756,50366.0,forecast_flow_identity
2,2017-10-01,2017-06-01,4,49873.02063125704,45863.0,forecast_flow_identity
2,2017-11-01,2017-06-01,5,51735.708590100214,47897.0,forecast_flow_identity
2,2017-12-01,2017-06-01,6,56251.6861475715,52209.0,forecast_flow_identity
2,2018-01-01,2017-06-01,7,59891.063705042776,57692.0,forecast_flow_identity
2,2018-02-01,2017-06-01,8,59849.96557007802,60233.0,forecast_flow_identity
2,2018-03-01,2017-06-01,9,57462.143127549294,57183.0,forecast_flow_identity
2,2018-04-01,2017-06-01,10,56530.23108639247,57200.0,forecast_flow_identity
2,2018-05-01,2017-06-01,11,54353.60864386374,53886.0,forecast_flow_identity
2,2018-06-01,2017-06-01,12,54925.09660270691,53488.0,forecast_flow_identity
3,2017-07-01,2017-06-01,1,83343.24616995077,81642.0,forecast_flow_identity
3,2017-08-01,2017-06-01,2,81049.49233990154,80845.0,forecast_flow_identity
3,2017-09-01,2017-06-01,3,84008.29185920874,77696.0,forecast_flow_identity
3,2017-10-01,2017-06-01,4,83423.93802915956,80371.0,forecast_flow_identity
3,2017-11-01,2017-06-01,5,86459.93754846675,80144.0,forecast_flow_identity
3,2017-12-01,2017-06-01,6,89214.18371841752,83304.0,forecast_flow_identity
3,2018-01-01,2017-06-01,7,90001.8298883683,84108.0,forecast_flow_identity
3,2018-02-01,2017-06-01,8,87325.66714087114,87948.0,forecast_flow_identity
3,2018-03-01,2017-06-01,9,87182.71331082191,84446.0,forecast_flow_identity
3,2018-04-01,2017-06-01,10,85951.31283012914,80048.0,forecast_flow_identity
3,2018-05-01,2017-06-01,11,86555.95900007992,82353.0,forecast_flow_identity
3,2018-06-01,2017-06-01,12,86016.95851938713,82534.0,forecast_flow_identity
4,2017-07-01,2017-06-01,1,7110.1965455665,6696.0,forecast_flow_identity
4,2017-08-01,2017-06-01,2,7091.993091133002,6507.0,forecast_flow_identity
4,2017-09-01,2017-06-01,3,7264.338135229614,6894.0,forecast_flow_identity
4,2017-10-01,2017-06-01,4,7226.534680796117,7080.0,forecast_flow_identity
4,2017-11-01,2017-06-01,5,7944.6797248927305,7112.0,forecast_flow_identity
4,2017-12-01,2017-06-01,6,7978.876270459233,7558.0,forecast_flow_identity
4,2018-01-01,2017-06-01,7,8097.272816025731,7650.0,forecast_flow_identity
4,2018-02-01,2017-06-01,8,7947.907960630848,8400.0,forecast_flow_identity
4,2018-03-01,2017-06-01,9,7585.90450619735,7711.0,forecast_flow_identity
4,2018-04-01,2017-06-01,10,7391.849550293966,7170.0,forecast_flow_identity
4,2018-05-01,2017-06-01,11,7371.246095860468,6793.0,forecast_flow_identity
4,2018-06-01,2017-06-01,12,7163.1911399570845,7275.0,forecast_flow_identity
5,2017-07-01,2017-06-01,1,27869.503433908045,27233.0,forecast_flow_identity
5,2017-08-01,2017-06-01,2,27254.606867816092,27251.0,forecast_flow_identity
5,2017-09-01,2017-06-01,3,27714.28115869484,29241.0,forecast_flow_identity
5,2017-10-01,2017-06-01,4,28159.184592602876,28126.0,forecast_flow_identity
5,2017-11-01,2017-06-01,5,30257.658883481636,30858.0,forecast_flow_identity
5,2017-12-01,2017-06-01,6,31421.362317389685,33103.0,forecast_flow_identity
5,2018-01-01,2017-06-01,7,33228.46575129773,34400.0,forecast_flow_identity
5,2018-02-01,2017-06-01,8,31256.019687152384,33562.0,forecast_flow_identity
5,2018-03-01,2017-06-01,9,29113.92312106042,31958.0,forecast_flow_identity
5,2018-04-01,2017-06-01,10,28478.597411939165,31009.0,forecast_flow_identity
5,2018-05-01,2017-06-01,11,27762.9008458472,31544.0,forecast_flow_identity
5,2018-06-01,2017-06-01,12,27572.775136725966,30642.0,forecast_flow_identity
1,2017-07-01,2017-06-01,1,66114.50171891773,64144.0,constrained_level
1,2017-08-01,2017-06-01,2,65667.98474276754,60660.0,constrained_level
1,2017-09-01,2017-06-01,3,65614.86284881199,59007.0,constrained_level
1,2017-10-01,2017-06-01,4,64462.44079196555,54456.0,constrained_level
1,2017-11-01,2017-06-01,5,64397.151299956124,58907.0,constrained_level
1,2017-12-01,2017-06-01,6,65458.1927315278,60642.0,constrained_level
1,2018-01-01,2017-06-01,7,67986.92807926355,65037.0,constrained_level
1,2018-02-01,2017-06-01,8,69171.60129722809,63106.0,constrained_level
1,2018-03-01,2017-06-01,9,65456.4596832845,58372.0,constrained_level
1,2018-04-01,2017-06-01,10,64988.70432657882,64718.0,constrained_level
1,2018-05-01,2017-06-01,11,65098.94881372318,68311.0,constrained_level
1,2018-06-01,2017-06-01,12,66019.22511980166,66777.0,constrained_level
2,2017-07-01,2017-06-01,1,53756.66794414585,53144.0,constrained_level
2,2017-08-01,2017-06-01,2,54607.68949274659,51525.0,constrained_level
2,2017-09-01,2017-06-01,3,54962.02941231853,50366.0,constrained_level
2,2017-10-01,2017-06-01,4,54831.24777992329,45863.0,constrained_level
2,2017-11-01,2017-06-01,5,54822.471440191315,47897.0,constrained_level
2,2017-12-01,2017-06-01,6,56081.37713421546,52209.0,constrained_level
2,2018-01-01,2017-06-01,7,58413.547067787076,57692.0,constrained_level
2,2018-02-01,2017-06-01,8,58843.03661944907,60233.0,constrained_level
2,2018-03-01,2017-06-01,9,56630.54804394899,57183.0,constrained_level
2,2018-04-01,2017-06-01,10,55898.99586653294,57200.0,constrained_level
2,2018-05-01,2017-06-01,11,54927.093527533805,53886.0,constrained_level
2,2018-06-01,2017-06-01,12,54859.41740733726,53488.0,constrained_level
3,2017-07-01,2017-06-01,1,81397.0345575515,81642.0,constrained_level
3,2017-08-01,2017-06-01,2,81045.53742564238,80845.0,constrained_level
3,2017-09-01,2017-06-01,3,80268.64138884898,77696.0,constrained_level
3,2017-10-01,2017-06-01,4,80693.29427625041,80371.0,constrained_level
3,2017-11-01,2017-06-01,5,80683.25978302653,80144.0,constrained_level
3,2017-12-01,2017-06-01,6,82575.02018651301,83304.0,constrained_level
3,2018-01-01,2017-06-01,7,84193.58004894436,84108.0,constrained_level
3,2018-02-01,2017-06-01,8,83616.65497207499,87948.0,constrained_level
3,2018-03-01,2017-06-01,9,81269.50605483114,84446.0,constrained_level
3,2018-04-01,2017-06-01,10,81128.24851614507,80048.0,constrained_level
3,2018-05-01,2017-06-01,11,80474.92028709984,82353.0,constrained_level
3,2018-06-01,2017-06-01,12,80783.36204686927,82534.0,constrained_level
4,2017-07-01,2017-06-01,1,7080.11869434385,6696.0,constrained_level
4,2017-08-01,2017-06-01,2,7212.753810548667,6507.0,constrained_level
4,2017-09-01,2017-06-01,3,7288.822705337815,6894.0,constrained_level
4,2017-10-01,2017-06-01,4,7284.437072465092,7080.0,constrained_level
4,2017-11-01,2017-06-01,5,7274.648655386992,7112.0,constrained_level
4,2017-12-01,2017-06-01,6,7302.75507083806,7558.0,constrained_level
4,2018-01-01,2017-06-01,7,7420.489602541468,7650.0,constrained_level
4,2018-02-01,2017-06-01,8,7451.226971297074,8400.0,constrained_level
4,2018-03-01,2017-06-01,9,7271.324347844613,7711.0,constrained_level
4,2018-04-01,2017-06-01,10,7283.70639417559,7170.0,constrained_level
4,2018-05-01,2017-06-01,11,7237.696845718903,6793.0,constrained_level
4,2018-06-01,2017-06-01,12,7242.215080166347,7275.0,constrained_level
5,2017-07-01,2017-06-01,1,28291.061970355095,27233.0,constrained_level
5,2017-08-01,2017-06-01,2,28766.29026639435,27251.0,constrained_level
5,2017-09-01,2017-06-01,3,28584.196424966525,29241.0,constrained_level
5,2017-10-01,2017-06-01,4,29127.273461045086,28126.0,constrained_level
5,2017-11-01,2017-06-01,5,29344.067963424222,30858.0,constrained_level
5,2017-12-01,2017-06-01,6,30410.32077667897,33103.0,constrained_level
5,2018-01-01,2017-06-01,7,30783.523432053433,34400.0,constrained_level
5,2018-02-01,2017-06-01,8,31329.711993752768,33562.0,constrained_level
5,2018-03-01,2017-06-01,9,30026.553150559048,31958.0,constrained_level
5,2018-04-01,2017-06-01,10,28779.370311667255,31009.0,constrained_level
5,2018-05-01,2017-06-01,11,28715.480862992375,31544.0,constrained_level
5,2018-06-01,2017-06-01,12,28375.666871647434,30642.0,constrained_level
1,2017-07-01,2017-06-01,1,68159.58827913842,64144.0,ridge_change
1,2017-08-01,2017-06-01,2,68545.24996951687,60660.0,ridge_change
1,2017-09-01,2017-06-01,3,68697.80269972187,59007.0,ridge_change
1,2017-10-01,2017-06-01,4,68312.81600085412,54456.0,ridge_change
1,2017-11-01,2017-06-01,5,68459.55220695253,58907.0,ridge_change
1,2017-12-01,2017-06-01,6,68921.6413265269,60642.0,ridge_change
1,2018-01-01,2017-06-01,7,70240.62893771185,65037.0,ridge_change
1,2018-02-01,2017-06-01,8,70918.93704289617,63106.0,ridge_change
1,2018-03-01,2017-06-01,9,69582.52117773007,58372.0,ridge_change
1,2018-04-01,2017-06-01,10,69782.2849504182,64718.0,ridge_change
1,2018-05-01,2017-06-01,11,70064.20340960112,68311.0,ridge_change
1,2018-06-01,2017-06-01,12,70488.15129032645,66777.0,ridge_change
2,2017-07-01,2017-06-01,1,53879.46563247157,53144.0,ridge_change
2,2017-08-01,2017-06-01,2,54366.671519272546,51525.0,ridge_change
2,2017-09-01,2017-06-01,3,53991.880682373354,50366.0,ridge_change
2,2017-10-01,2017-06-01,4,52630.32762531757,45863.0,ridge_change
2,2017-11-01,2017-06-01,5,52868.99638886459,47897.0,ridge_change
2,2017-12-01,2017-06-01,6,54270.612822743264,52209.0,ridge_change
2,2018-01-01,2017-06-01,7,58584.73098826087,57692.0,ridge_change
2,2018-02-01,2017-06-01,8,60206.48676786511,60233.0,ridge_change
2,2018-03-01,2017-06-01,9,58249.331249049326,57183.0,ridge_change
2,2018-04-01,2017-06-01,10,58023.21169508891,57200.0,ridge_change
2,2018-05-01,2017-06-01,11,56477.503293268266,53886.0,ridge_change
2,2018-06-01,2017-06-01,12,55945.11890191207,53488.0,ridge_change
3,2017-07-01,2017-06-01,1,81545.33727922462,81642.0,ridge_change
3,2017-08-01,2017-06-01,2,81189.1786548224,80845.0,ridge_change
3,2017-09-01,2017-06-01,3,81739.78623946657,77696.0,ridge_change
3,2017-10-01,2017-06-01,4,81361.46356973679,80371.0,ridge_change
3,2017-11-01,2017-06-01,5,81754.60325007212,80144.0,ridge_change
3,2017-12-01,2017-06-01,6,82636.71194171507,83304.0,ridge_change
3,2018-01-01,2017-06-01,7,83972.67918889075,84108.0,ridge_change
3,2018-02-01,2017-06-01,8,83478.38373646601,87948.0,ridge_change
3,2018-03-01,2017-06-01,9,82098.3293343453,84446.0,ridge_change
3,2018-04-01,2017-06-01,10,81954.61180393545,80048.0,ridge_change
3,2018-05-01,2017-06-01,11,81897.24323676464,82353.0,ridge_change
3,2018-06-01,2017-06-01,12,82097.2714750585,82534.0,ridge_change
4,2017-07-01,2017-06-01,1,7105.277075232456,6696.0,ridge_change
4,2017-08-01,2017-06-01,2,7137.02237644552,6507.0,ridge_change
4,2017-09-01,2017-06-01,3,7191.872580013039,6894.0,ridge_change
4,2017-10-01,2017-06-01,4,7188.354092865001,7080.0,ridge_change
4,2017-11-01,2017-06-01,5,7299.426832708515,7112.0,ridge_change
4,2017-12-01,2017-06-01,6,7282.847252437837,7558.0,ridge_change
4,2018-01-01,2017-06-01,7,7360.664060775701,7650.0,ridge_change
4,2018-02-01,2017-06-01,8,7390.832315256905,8400.0,ridge_change
4,2018-03-01,2017-06-01,9,7362.143314682088,7711.0,ridge_change
4,2018-04-01,2017-06-01,10,7388.024358315131,7170.0,ridge_change
4,2018-05-01,2017-06-01,11,7372.580109677339,6793.0,ridge_change
4,2018-06-01,2017-06-01,12,7369.132250163636,7275.0,ridge_change
5,2017-07-01,2017-06-01,1,28393.363603925667,27233.0,ridge_change
5,2017-08-01,2017-06-01,2,28893.914403963292,27251.0,ridge_change
5,2017-09-01,2017-06-01,3,28968.727929870875,29241.0,ridge_change
5,2017-10-01,2017-06-01,4,29050.090440247688,28126.0,ridge_change
5,2017-11-01,2017-06-01,5,29370.528930861055,30858.0,ridge_change
5,2017-12-01,2017-06-01,6,29745.30947720932,33103.0,ridge_change
5,2018-01-01,2017-06-01,7,30283.84954441832,34400.0,ridge_change
5,2018-02-01,2017-06-01,8,30649.197496870707,33562.0,ridge_change
5,2018-03-01,2017-06-01,9,30145.15800586942,31958.0,ridge_change
5,2018-04-01,2017-06-01,10,29673.959647140084,31009.0,ridge_change
5,2018-05-01,2017-06-01,11,29069.01370549655,31544.0,ridge_change
5,2018-06-01,2017-06-01,12,28603.427969042288,30642.0,ridge_change
1,2017-07-01,2017-06-01,1,67346.28704956049,64144.0,seasonal_ridge_change
1,2017-08-01,2017-06-01,2,67253.73024066279,60660.0,seasonal_ridge_change
1,2017-09-01,2017-06-01,3,67311.01082233967,59007.0,seasonal_ridge_change
1,2017-10-01,2017-06-01,4,66938.80332671663,54456.0,seasonal_ridge_change
1,2017-11-01,2017-06-01,5,67675.17460151127,58907.0,seasonal_ridge_change
1,2017-12-01,2017-06-01,6,68673.02572690824,60642.0,seasonal_ridge_change
1,2018-01-01,2017-06-01,7,70644.12866873082,65037.0,seasonal_ridge_change
1,2018-02-01,2017-06-01,8,71749.37300116457,63106.0,seasonal_ridge_change
1,2018-03-01,2017-06-01,9,70473.33624165395,58372.0,seasonal_ridge_change
1,2018-04-01,2017-06-01,10,70634.55751143995,64718.0,seasonal_ridge_change
1,2018-05-01,2017-06-01,11,70466.1843878656,68311.0,seasonal_ridge_change
1,2018-06-01,2017-06-01,12,70329.3396065161,66777.0,seasonal_ridge_change
2,2017-07-01,2017-06-01,1,53434.82316775304,53144.0,seasonal_ridge_change
2,2017-08-01,2017-06-01,2,53483.899917181574,51525.0,seasonal_ridge_change
2,2017-09-01,2017-06-01,3,53354.1182279992,50366.0,seasonal_ridge_change
2,2017-10-01,2017-06-01,4,52232.25193571602,45863.0,seasonal_ridge_change
2,2017-11-01,2017-06-01,5,53352.79605497418,47897.0,seasonal_ridge_change
2,2017-12-01,2017-06-01,6,54999.8609972013,52209.0,seasonal_ridge_change
2,2018-01-01,2017-06-01,7,59061.81929027566,57692.0,seasonal_ridge_change
2,2018-02-01,2017-06-01,8,60277.541970599676,60233.0,seasonal_ridge_change
2,2018-03-01,2017-06-01,9,57824.7213908079,57183.0,seasonal_ridge_change
2,2018-04-01,2017-06-01,10,57808.57135877557,57200.0,seasonal_ridge_change
2,2018-05-01,2017-06-01,11,55902.3904795198,53886.0,seasonal_ridge_change
2,2018-06-01,2017-06-01,12,55316.10766524793,53488.0,seasonal_ridge_change
3,2017-07-01,2017-06-01,1,80911.61466091518,81642.0,seasonal_ridge_change
3,2017-08-01,2017-06-01,2,80760.17293481709,80845.0,seasonal_ridge_change
3,2017-09-01,2017-06-01,3,81645.51260188475,77696.0,seasonal_ridge_change
3,2017-10-01,2017-06-01,4,81794.53770251485,80371.0,seasonal_ridge_change
3,2017-11-01,2017-06-01,5,82764.64485273817,80144.0,seasonal_ridge_change
3,2017-12-01,2017-06-01,6,83778.22350760268,83304.0,seasonal_ridge_change
3,2018-01-01,2017-06-01,7,84948.23130211428,84108.0,seasonal_ridge_change
3,2018-02-01,2017-06-01,8,84178.16753851972,87948.0,seasonal_ridge_change
3,2018-03-01,2017-06-01,9,82378.16728162287,84446.0,seasonal_ridge_change
3,2018-04-01,2017-06-01,10,81632.9289663406,80048.0,seasonal_ridge_change
3,2018-05-01,2017-06-01,11,80966.81034621074,82353.0,seasonal_ridge_change
3,2018-06-01,2017-06-01,12,80676.44406940372,82534.0,seasonal_ridge_change
4,2017-07-01,2017-06-01,1,7069.229280875443,6696.0,seasonal_ridge_change
4,2017-08-01,2017-06-01,2,7106.882127751151,6507.0,seasonal_ridge_change
4,2017-09-01,2017-06-01,3,7214.856693534849,6894.0,seasonal_ridge_change
4,2017-10-01,2017-06-01,4,7296.308903974217,7080.0,seasonal_ridge_change
4,2017-11-01,2017-06-01,5,7468.6828061778315,7112.0,seasonal_ridge_change
4,2017-12-01,2017-06-01,6,7490.7384252560705,7558.0,seasonal_ridge_change
4,2018-01-01,2017-06-01,7,7535.560189152025,7650.0,seasonal_ridge_change
4,2018-02-01,2017-06-01,8,7491.525771733016,8400.0,seasonal_ridge_change
4,2018-03-01,2017-06-01,9,7375.940136689325,7711.0,seasonal_ridge_change
4,2018-04-01,2017-06-01,10,7276.426409294115,7170.0,seasonal_ridge_change
4,2018-05-01,2017-06-01,11,7158.119527761868,6793.0,seasonal_ridge_change
4,2018-06-01,2017-06-01,12,7088.476991219411,7275.0,seasonal_ridge_change
5,2017-07-01,2017-06-01,1,27612.91652744262,27233.0,seasonal_ridge_change
5,2017-08-01,2017-06-01,2,27989.541750928467,27251.0,seasonal_ridge_change
5,2017-09-01,2017-06-01,3,28710.44879429547,29241.0,seasonal_ridge_change
5,2017-10-01,2017-06-01,4,29397.335347624943,28126.0,seasonal_ridge_change
5,2017-11-01,2017-06-01,5,30402.578513833745,30858.0,seasonal_ridge_change
5,2017-12-01,2017-06-01,6,31277.811379041905,33103.0,seasonal_ridge_change
5,2018-01-01,2017-06-01,7,31964.558349063183,34400.0,seasonal_ridge_change
5,2018-02-01,2017-06-01,8,31915.666700769667,33562.0,seasonal_ridge_change
5,2018-03-01,2017-06-01,9,30745.157638588313,31958.0,seasonal_ridge_change
5,2018-04-01,2017-06-01,10,29885.287944881038,31009.0,seasonal_ridge_change
5,2018-05-01,2017-06-01,11,28870.915211538613,31544.0,seasonal_ridge_change
5,2018-06-01,2017-06-01,12,28075.428367607044,30642.0,seasonal_ridge_change
1,2017-07-01,2017-06-01,1,67374.36628024161,64144.0,polynomial_ridge_change
1,2017-08-01,2017-06-01,2,65124.58105807401,60660.0,polynomial_ridge_change
1,2017-09-01,2017-06-01,3,63233.399753034864,59007.0,polynomial_ridge_change
1,2017-10-01,2017-06-01,4,62537.3547999374,54456.0,polynomial_ridge_change
1,2017-11-01,2017-06-01,5,64842.275303028924,58907.0,polynomial_ridge_change
1,2017-12-01,2017-06-01,6,68706.73398244222,60642.0,polynomial_ridge_change
1,2018-01-01,2017-06-01,7,74537.73930819516,65037.0,polynomial_ridge_change
1,2018-02-01,2017-06-01,8,75383.8961123659,63106.0,polynomial_ridge_change
1,2018-03-01,2017-06-01,9,70858.01453104561,58372.0,polynomial_ridge_change
1,2018-04-01,2017-06-01,10,70553.85579873931,64718.0,polynomial_ridge_change
1,2018-05-01,2017-06-01,11,70931.07443361473,68311.0,polynomial_ridge_change
1,2018-06-01,2017-06-01,12,71506.78517144696,66777.0,polynomial_ridge_change
2,2017-07-01,2017-06-01,1,53434.82316775304,53144.0,polynomial_ridge_change
2,2017-08-01,2017-06-01,2,53483.89991718158,51525.0,polynomial_ridge_change
2,2017-09-01,2017-06-01,3,53354.118227999206,50366.0,polynomial_ridge_change
2,2017-10-01,2017-06-01,4,52232.25193571603,45863.0,polynomial_ridge_change
2,2017-11-01,2017-06-01,5,53352.796054974184,47897.0,polynomial_ridge_change
2,2017-12-01,2017-06-01,6,54999.86099720131,52209.0,polynomial_ridge_change
2,2018-01-01,2017-06-01,7,59061.81929027566,57692.0,polynomial_ridge_change
2,2018-02-01,2017-06-01,8,60277.541970599676,60233.0,polynomial_ridge_change
2,2018-03-01,2017-06-01,9,57824.72139080791,57183.0,polynomial_ridge_change
2,2018-04-01,2017-06-01,10,57808.571358775574,57200.0,polynomial_ridge_change
2,2018-05-01,2017-06-01,11,55902.39047951981,53886.0,polynomial_ridge_change
2,2018-06-01,2017-06-01,12,55316.10766524794,53488.0,polynomial_ridge_change
3,2017-07-01,2017-06-01,1,80911.61466091518,81642.0,polynomial_ridge_change
3,2017-08-01,2017-06-01,2,80760.17293481709,80845.0,polynomial_ridge_change
3,2017-09-01,2017-06-01,3,81645.51260188475,77696.0,polynomial_ridge_change
3,2017-10-01,2017-06-01,4,81794.53770251485,80371.0,polynomial_ridge_change
3,2017-11-01,2017-06-01,5,82764.64485273817,80144.0,polynomial_ridge_change
3,2017-12-01,2017-06-01,6,83778.22350760268,83304.0,polynomial_ridge_change
3,2018-01-01,2017-06-01,7,84948.23130211428,84108.0,polynomial_ridge_change
3,2018-02-01,2017-06-01,8,84178.16753851972,87948.0,polynomial_ridge_change
3,2018-03-01,2017-06-01,9,82378.16728162287,84446.0,polynomial_ridge_change
3,2018-04-01,2017-06-01,10,81632.9289663406,80048.0,polynomial_ridge_change
3,2018-05-01,2017-06-01,11,80966.81034621074,82353.0,polynomial_ridge_change
3,2018-06-01,2017-06-01,12,80676.44406940372,82534.0,polynomial_ridge_change
4,2017-07-01,2017-06-01,1,7069.229280875443,6696.0,polynomial_ridge_change
4,2017-08-01,2017-06-01,2,7106.882127751151,6507.0,polynomial_ridge_change
4,2017-09-01,2017-06-01,3,7214.856693534849,6894.0,polynomial_ridge_change
4,2017-10-01,2017-06-01,4,7296.308903974217,7080.0,polynomial_ridge_change
4,2017-11-01,2017-06-01,5,7468.6828061778315,7112.0,polynomial_ridge_change
4,2017-12-01,2017-06-01,6,7490.7384252560705,7558.0,polynomial_ridge_change
4,2018-01-01,2017-06-01,7,7535.560189152025,7650.0,polynomial_ridge_change
4,2018-02-01,2017-06-01,8,7491.525771733016,8400.0,polynomial_ridge_change
4,2018-03-01,2017-06-01,9,7375.940136689325,7711.0,polynomial_ridge_change
4,2018-04-01,2017-06-01,10,7276.426409294115,7170.0,polynomial_ridge_change
4,2018-05-01,2017-06-01,11,7158.119527761867,6793.0,polynomial_ridge_change
4,2018-06-01,2017-06-01,12,7088.47699121941,7275.0,polynomial_ridge_change
5,2017-07-01,2017-06-01,1,27612.91652744262,27233.0,polynomial_ridge_change
5,2017-08-01,2017-06-01,2,27989.541750928467,27251.0,polynomial_ridge_change
5,2017-09-01,2017-06-01,3,28710.44879429547,29241.0,polynomial_ridge_change
5,2017-10-01,2017-06-01,4,29397.335347624943,28126.0,polynomial_ridge_change
5,2017-11-01,2017-06-01,5,30402.578513833745,30858.0,polynomial_ridge_change
5,2017-12-01,2017-06-01,6,31277.811379041905,33103.0,polynomial_ridge_change
5,2018-01-01,2017-06-01,7,31964.558349063183,34400.0,polynomial_ridge_change
5,2018-02-01,2017-06-01,8,31915.666700769667,33562.0,polynomial_ridge_change
5,2018-03-01,2017-06-01,9,30745.15763858831,31958.0,polynomial_ridge_change
5,2018-04-01,2017-06-01,10,29885.287944881034,31009.0,polynomial_ridge_change
5,2018-05-01,2017-06-01,11,28870.915211538613,31544.0,polynomial_ridge_change
5,2018-06-01,2017-06-01,12,28075.428367607044,30642.0,polynomial_ridge_change
1,2017-07-01,2017-06-01,1,67266.01517860021,64144.0,spline_ridge_change
1,2017-08-01,2017-06-01,2,66002.93188115582,60660.0,spline_ridge_change
1,2017-09-01,2017-06-01,3,64554.802040774484,59007.0,spline_ridge_change
1,2017-10-01,2017-06-01,4,63140.16722885266,54456.0,spline_ridge_change
1,2017-11-01,2017-06-01,5,65120.62842115856,58907.0,spline_ridge_change
1,2017-12-01,2017-06-01,6,68559.39968694608,60642.0,spline_ridge_change
1,2018-01-01,2017-06-01,7,72732.65160166922,65037.0,spline_ridge_change
1,2018-02-01,2017-06-01,8,73842.77928082824,63106.0,spline_ridge_change
1,2018-03-01,2017-06-01,9,70355.98000794041,58372.0,spline_ridge_change
1,2018-04-01,2017-06-01,10,70104.4588501001,64718.0,spline_ridge_change
1,2018-05-01,2017-06-01,11,70801.36278557793,68311.0,spline_ridge_change
1,2018-06-01,2017-06-01,12,71592.56724413346,66777.0,spline_ridge_change
2,2017-07-01,2017-06-01,1,53729.72641265608,53144.0,spline_ridge_change
2,2017-08-01,2017-06-01,2,53162.09685340069,51525.0,spline_ridge_change
2,2017-09-01,2017-06-01,3,52323.784491386454,50366.0,spline_ridge_change
2,2017-10-01,2017-06-01,4,51484.42331739727,45863.0,spline_ridge_change
2,2017-11-01,2017-06-01,5,52669.04131544585,47897.0,spline_ridge_change
2,2017-12-01,2017-06-01,6,55600.08233718882,52209.0,spline_ridge_change
2,2018-01-01,2017-06-01,7,60551.60134047917,57692.0,spline_ridge_change
2,2018-02-01,2017-06-01,8,62113.691591681796,60233.0,spline_ridge_change
2,2018-03-01,2017-06-01,9,59889.390715122936,57183.0,spline_ridge_change
2,2018-04-01,2017-06-01,10,59119.76426451666,57200.0,spline_ridge_change
2,2018-05-01,2017-06-01,11,57983.3193996554,53886.0,spline_ridge_change
2,2018-06-01,2017-06-01,12,57741.58364331703,53488.0,spline_ridge_change
3,2017-07-01,2017-06-01,1,81286.25171527205,81642.0,spline_ridge_change
3,2017-08-01,2017-06-01,2,81036.12824988793,80845.0,spline_ridge_change
3,2017-09-01,2017-06-01,3,81344.90320619105,77696.0,spline_ridge_change
3,2017-10-01,2017-06-01,4,81182.14310254456,80371.0,spline_ridge_change
3,2017-11-01,2017-06-01,5,82298.36304569665,80144.0,spline_ridge_change
3,2017-12-01,2017-06-01,6,83480.82136133668,83304.0,spline_ridge_change
3,2018-01-01,2017-06-01,7,84584.31600921493,84108.0,spline_ridge_change
3,2018-02-01,2017-06-01,8,83363.2505376739,87948.0,spline_ridge_change
3,2018-03-01,2017-06-01,9,81511.9274684582,84446.0,spline_ridge_change
3,2018-04-01,2017-06-01,10,80684.9359931906,80048.0,spline_ridge_change
3,2018-05-01,2017-06-01,11,80234.05880879251,82353.0,spline_ridge_change
3,2018-06-01,2017-06-01,12,80630.82338038215,82534.0,spline_ridge_change
4,2017-07-01,2017-06-01,1,7045.241701385481,6696.0,spline_ridge_change
4,2017-08-01,2017-06-01,2,6898.935448554097,6507.0,spline_ridge_change
4,2017-09-01,2017-06-01,3,6859.957176167972,6894.0,spline_ridge_change
4,2017-10-01,2017-06-01,4,6873.801937214072,7080.0,spline_ridge_change
4,2017-11-01,2017-06-01,5,7225.301740390188,7112.0,spline_ridge_change
4,2017-12-01,2017-06-01,6,7267.270958769218,7558.0,spline_ridge_change
4,2018-01-01,2017-06-01,7,7153.789346177078,7650.0,spline_ridge_change
4,2018-02-01,2017-06-01,8,7156.3236750424585,8400.0,spline_ridge_change
4,2018-03-01,2017-06-01,9,6892.926738421021,7711.0,spline_ridge_change
4,2018-04-01,2017-06-01,10,6660.0721879183975,7170.0,spline_ridge_change
4,2018-05-01,2017-06-01,11,6489.79114595041,6793.0,spline_ridge_change
4,2018-06-01,2017-06-01,12,6396.088404248822,7275.0,spline_ridge_change
5,2017-07-01,2017-06-01,1,27423.61125695298,27233.0,spline_ridge_change
5,2017-08-01,2017-06-01,2,27250.11495498439,27251.0,spline_ridge_change
5,2017-09-01,2017-06-01,3,27418.683144158633,29241.0,spline_ridge_change
5,2017-10-01,2017-06-01,4,28164.347045810748,28126.0,spline_ridge_change
5,2017-11-01,2017-06-01,5,29367.333151170686,30858.0,spline_ridge_change
5,2017-12-01,2017-06-01,6,30720.320502134713,33103.0,spline_ridge_change
5,2018-01-01,2017-06-01,7,31780.466533711748,34400.0,spline_ridge_change
5,2018-02-01,2017-06-01,8,31916.19851189063,33562.0,spline_ridge_change
5,2018-03-01,2017-06-01,9,30324.000185027286,31958.0,spline_ridge_change
5,2018-04-01,2017-06-01,10,29353.44605368891,31009.0,spline_ridge_change
5,2018-05-01,2017-06-01,11,28874.670022320694,31544.0,spline_ridge_change
5,2018-06-01,2017-06-01,12,28636.38763091772,30642.0,spline_ridge_change
1,2017-07-01,2017-06-01,1,67262.67789461742,64144.0,random_forest_change
1,2017-08-01,2017-06-01,2,66527.66565674923,60660.0,random_forest_change
1,2017-09-01,2017-06-01,3,65207.502577629464,59007.0,random_forest_change
1,2017-10-01,2017-06-01,4,63412.062521205924,54456.0,random_forest_change
1,2017-11-01,2017-06-01,5,66553.38640192925,58907.0,random_forest_change
1,2017-12-01,2017-06-01,6,70759.45335140821,60642.0,random_forest_change
1,2018-01-01,2017-06-01,7,75290.32716626265,65037.0,random_forest_change
1,2018-02-01,2017-06-01,8,74593.02612341313,63106.0,random_forest_change
1,2018-03-01,2017-06-01,9,71390.96826036925,58372.0,random_forest_change
1,2018-04-01,2017-06-01,10,70973.37861154621,64718.0,random_forest_change
1,2018-05-01,2017-06-01,11,70310.30859394571,68311.0,random_forest_change
1,2018-06-01,2017-06-01,12,70428.78737568135,66777.0,random_forest_change
2,2017-07-01,2017-06-01,1,52988.12961652759,53144.0,random_forest_change
2,2017-08-01,2017-06-01,2,52336.16487204609,51525.0,random_forest_change
2,2017-09-01,2017-06-01,3,51490.53637400678,50366.0,random_forest_change
2,2017-10-01,2017-06-01,4,50676.142154249705,45863.0,random_forest_change
2,2017-11-01,2017-06-01,5,53681.01361778017,47897.0,random_forest_change
2,2017-12-01,2017-06-01,6,57780.73810654636,52209.0,random_forest_change
2,2018-01-01,2017-06-01,7,62013.51100486933,57692.0,random_forest_change
2,2018-02-01,2017-06-01,8,61490.099778377764,60233.0,random_forest_change
2,2018-03-01,2017-06-01,9,59740.92936732722,57183.0,random_forest_change
2,2018-04-01,2017-06-01,10,58884.240855557444,57200.0,random_forest_change
2,2018-05-01,2017-06-01,11,58023.12649231429,53886.0,random_forest_change
2,2018-06-01,2017-06-01,12,57254.038431119654,53488.0,random_forest_change
3,2017-07-01,2017-06-01,1,81511.4795175394,81642.0,random_forest_change
3,2017-08-01,2017-06-01,2,81131.91474251097,80845.0,random_forest_change
3,2017-09-01,2017-06-01,3,80738.62976561497,77696.0,random_forest_change
3,2017-10-01,2017-06-01,4,79786.29867678923,80371.0,random_forest_change
3,2017-11-01,2017-06-01,5,81653.91029201954,80144.0,random_forest_change
3,2017-12-01,2017-06-01,6,82810.72824725999,83304.0,random_forest_change
3,2018-01-01,2017-06-01,7,84339.7369645549,84108.0,random_forest_change
3,2018-02-01,2017-06-01,8,81978.16298600705,87948.0,random_forest_change
3,2018-03-01,2017-06-01,9,80710.44809588621,84446.0,random_forest_change
3,2018-04-01,2017-06-01,10,79955.60422699986,80048.0,random_forest_change
3,2018-05-01,2017-06-01,11,79645.91802083314,82353.0,random_forest_change
3,2018-06-01,2017-06-01,12,79134.29515565875,82534.0,random_forest_change
4,2017-07-01,2017-06-01,1,7090.149026030882,6696.0,random_forest_change
4,2017-08-01,2017-06-01,2,7028.196469504311,6507.0,random_forest_change
4,2017-09-01,2017-06-01,3,7083.749308120889,6894.0,random_forest_change
4,2017-10-01,2017-06-01,4,7149.095924080648,7080.0,random_forest_change
4,2017-11-01,2017-06-01,5,7386.496656029792,7112.0,random_forest_change
4,2017-12-01,2017-06-01,6,7477.194840906755,7558.0,random_forest_change
4,2018-01-01,2017-06-01,7,7568.203012315525,7650.0,random_forest_change
4,2018-02-01,2017-06-01,8,7506.419621819327,8400.0,random_forest_change
4,2018-03-01,2017-06-01,9,7219.118622691885,7711.0,random_forest_change
4,2018-04-01,2017-06-01,10,7110.11874118542,7170.0,random_forest_change
4,2018-05-01,2017-06-01,11,7046.746938110535,6793.0,random_forest_change
4,2018-06-01,2017-06-01,12,6954.684926356375,7275.0,random_forest_change
5,2017-07-01,2017-06-01,1,27418.4442854661,27233.0,random_forest_change
5,2017-08-01,2017-06-01,2,27441.804402348407,27251.0,random_forest_change
5,2017-09-01,2017-06-01,3,27832.070211562146,29241.0,random_forest_change
5,2017-10-01,2017-06-01,4,28182.394234495234,28126.0,random_forest_change
5,2017-11-01,2017-06-01,5,29822.525113976862,30858.0,random_forest_change
5,2017-12-01,2017-06-01,6,31370.765649196543,33103.0,random_forest_change
5,2018-01-01,2017-06-01,7,32813.249166892085,34400.0,random_forest_change
5,2018-02-01,2017-06-01,8,31058.084922020127,33562.0,random_forest_change
5,2018-03-01,2017-06-01,9,29386.4044517594,31958.0,random_forest_change
5,2018-04-01,2017-06-01,10,28572.5414459548,31009.0,random_forest_change
5,2018-05-01,2017-06-01,11,28192.28459603092,31544.0,random_forest_change
5,2018-06-01,2017-06-01,12,27754.8855985329,30642.0,random_forest_change
1,2017-07-01,2017-06-01,1,67681.203125,64144.0,xgboost_change
1,2017-08-01,2017-06-01,2,66748.53125,60660.0,xgboost_change
1,2017-09-01,2017-06-01,3,65807.7578125,59007.0,xgboost_change
1,2017-10-01,2017-06-01,4,63248.53125,54456.0,xgboost_change
1,2017-11-01,2017-06-01,5,65276.03125,58907.0,xgboost_change
1,2017-12-01,2017-06-01,6,67508.421875,60642.0,xgboost_change
1,2018-01-01,2017-06-01,7,71158.8515625,65037.0,xgboost_change
1,2018-02-01,2017-06-01,8,71255.640625,63106.0,xgboost_change
1,2018-03-01,2017-06-01,9,66993.0,58372.0,xgboost_change
1,2018-04-01,2017-06-01,10,67213.7109375,64718.0,xgboost_change
1,2018-05-01,2017-06-01,11,67441.09375,68311.0,xgboost_change
1,2018-06-01,2017-06-01,12,68765.796875,66777.0,xgboost_change
2,2017-07-01,2017-06-01,1,54200.296875,53144.0,xgboost_change
2,2017-08-01,2017-06-01,2,52976.96484375,51525.0,xgboost_change
2,2017-09-01,2017-06-01,3,51504.08984375,50366.0,xgboost_change
2,2017-10-01,2017-06-01,4,49371.66796875,45863.0,xgboost_change
2,2017-11-01,2017-06-01,5,50391.6015625,47897.0,xgboost_change
2,2017-12-01,2017-06-01,6,54420.1796875,52209.0,xgboost_change
2,2018-01-01,2017-06-01,7,58601.4609375,57692.0,xgboost_change
2,2018-02-01,2017-06-01,8,60007.46484375,60233.0,xgboost_change
2,2018-03-01,2017-06-01,9,59540.2265625,57183.0,xgboost_change
2,2018-04-01,2017-06-01,10,59095.8984375,57200.0,xgboost_change
2,2018-05-01,2017-06-01,11,58886.234375,53886.0,xgboost_change
2,2018-06-01,2017-06-01,12,58784.7265625,53488.0,xgboost_change
3,2017-07-01,2017-06-01,1,81167.8671875,81642.0,xgboost_change
3,2017-08-01,2017-06-01,2,80266.140625,80845.0,xgboost_change
3,2017-09-01,2017-06-01,3,80517.1875,77696.0,xgboost_change
3,2017-10-01,2017-06-01,4,79227.5703125,80371.0,xgboost_change
3,2017-11-01,2017-06-01,5,81339.40625,80144.0,xgboost_change
3,2017-12-01,2017-06-01,6,81815.7578125,83304.0,xgboost_change
3,2018-01-01,2017-06-01,7,82959.859375,84108.0,xgboost_change
3,2018-02-01,2017-06-01,8,81009.71875,87948.0,xgboost_change
3,2018-03-01,2017-06-01,9,79105.6640625,84446.0,xgboost_change
3,2018-04-01,2017-06-01,10,78535.6953125,80048.0,xgboost_change
3,2018-05-01,2017-06-01,11,78493.140625,82353.0,xgboost_change
3,2018-06-01,2017-06-01,12,78877.765625,82534.0,xgboost_change
4,2017-07-01,2017-06-01,1,7084.03466796875,6696.0,xgboost_change
4,2017-08-01,2017-06-01,2,6977.46142578125,6507.0,xgboost_change
4,2017-09-01,2017-06-01,3,6948.44677734375,6894.0,xgboost_change
4,2017-10-01,2017-06-01,4,7021.65283203125,7080.0,xgboost_change
4,2017-11-01,2017-06-01,5,7226.6162109375,7112.0,xgboost_change
4,2017-12-01,2017-06-01,6,7335.44287109375,7558.0,xgboost_change
4,2018-01-01,2017-06-01,7,7402.22119140625,7650.0,xgboost_change
4,2018-02-01,2017-06-01,8,7284.51318359375,8400.0,xgboost_change
4,2018-03-01,2017-06-01,9,7006.115234375,7711.0,xgboost_change
4,2018-04-01,2017-06-01,10,6888.6982421875,7170.0,xgboost_change
4,2018-05-01,2017-06-01,11,6846.4482421875,6793.0,xgboost_change
4,2018-06-01,2017-06-01,12,6766.4833984375,7275.0,xgboost_change
5,2017-07-01,2017-06-01,1,27243.4296875,27233.0,xgboost_change
5,2017-08-01,2017-06-01,2,27396.056640625,27251.0,xgboost_change
5,2017-09-01,2017-06-01,3,27705.689453125,29241.0,xgboost_change
5,2017-10-01,2017-06-01,4,28170.1328125,28126.0,xgboost_change
5,2017-11-01,2017-06-01,5,29384.47265625,30858.0,xgboost_change
5,2017-12-01,2017-06-01,6,30663.32421875,33103.0,xgboost_change
5,2018-01-01,2017-06-01,7,31386.03515625,34400.0,xgboost_change
5,2018-02-01,2017-06-01,8,29796.69140625,33562.0,xgboost_change
5,2018-03-01,2017-06-01,9,28693.36328125,31958.0,xgboost_change
5,2018-04-01,2017-06-01,10,28046.06640625,31009.0,xgboost_change
5,2018-05-01,2017-06-01,11,28031.45703125,31544.0,xgboost_change
5,2018-06-01,2017-06-01,12,27859.76171875,30642.0,xgboost_change
1,2017-07-01,2017-06-01,1,66066.82512529253,64144.0,neural_network_change
1,2017-08-01,2017-06-01,2,65179.236275745265,60660.0,neural_network_change
1,2017-09-01,2017-06-01,3,65254.792309770564,59007.0,neural_network_change
1,2017-10-01,2017-06-01,4,63511.421362386514,54456.0,neural_network_change
1,2017-11-01,2017-06-01,5,65281.55045023212,58907.0,neural_network_change
1,2017-12-01,2017-06-01,6,68047.28094181707,60642.0,neural_network_change
1,2018-01-01,2017-06-01,7,72221.65942234122,65037.0,neural_network_change
1,2018-02-01,2017-06-01,8,73425.65147299743,63106.0,neural_network_change
1,2018-03-01,2017-06-01,9,69520.54036431276,58372.0,neural_network_change
1,2018-04-01,2017-06-01,10,69983.92911383175,64718.0,neural_network_change
1,2018-05-01,2017-06-01,11,70011.58948230544,68311.0,neural_network_change
1,2018-06-01,2017-06-01,12,69959.95510182325,66777.0,neural_network_change
2,2017-07-01,2017-06-01,1,53996.76938165238,53144.0,neural_network_change
2,2017-08-01,2017-06-01,2,53712.06791343985,51525.0,neural_network_change
2,2017-09-01,2017-06-01,3,53572.44445789875,50366.0,neural_network_change
2,2017-10-01,2017-06-01,4,52234.07583733321,45863.0,neural_network_change
2,2017-11-01,2017-06-01,5,53469.17656338635,47897.0,neural_network_change
2,2017-12-01,2017-06-01,6,55518.018507736175,52209.0,neural_network_change
2,2018-01-01,2017-06-01,7,59881.49089441216,57692.0,neural_network_change
2,2018-02-01,2017-06-01,8,60995.13788782584,60233.0,neural_network_change
2,2018-03-01,2017-06-01,9,58112.82288997803,57183.0,neural_network_change
2,2018-04-01,2017-06-01,10,58026.595435265124,57200.0,neural_network_change
2,2018-05-01,2017-06-01,11,55774.93595727037,53886.0,neural_network_change
2,2018-06-01,2017-06-01,12,55280.24884236327,53488.0,neural_network_change
3,2017-07-01,2017-06-01,1,81213.39659349178,81642.0,neural_network_change
3,2017-08-01,2017-06-01,2,81080.76725320912,80845.0,neural_network_change
3,2017-09-01,2017-06-01,3,81764.14184588937,77696.0,neural_network_change
3,2017-10-01,2017-06-01,4,81845.053984588,80371.0,neural_network_change
3,2017-11-01,2017-06-01,5,82822.61141815678,80144.0,neural_network_change
3,2017-12-01,2017-06-01,6,83686.24037213696,83304.0,neural_network_change
3,2018-01-01,2017-06-01,7,84794.62920472276,84108.0,neural_network_change
3,2018-02-01,2017-06-01,8,84011.52951863136,87948.0,neural_network_change
3,2018-03-01,2017-06-01,9,82045.19729433939,84446.0,neural_network_change
3,2018-04-01,2017-06-01,10,81366.65168823588,80048.0,neural_network_change
3,2018-05-01,2017-06-01,11,80576.30860001637,82353.0,neural_network_change
3,2018-06-01,2017-06-01,12,80361.05421675649,82534.0,neural_network_change
4,2017-07-01,2017-06-01,1,7070.702000874254,6696.0,neural_network_change
4,2017-08-01,2017-06-01,2,7026.5758715078055,6507.0,neural_network_change
4,2017-09-01,2017-06-01,3,7144.847810702891,6894.0,neural_network_change
4,2017-10-01,2017-06-01,4,7269.596521552644,7080.0,neural_network_change
4,2017-11-01,2017-06-01,5,7620.500128413626,7112.0,neural_network_change
4,2017-12-01,2017-06-01,6,7719.69363552616,7558.0,neural_network_change
4,2018-01-01,2017-06-01,7,7920.1508958452305,7650.0,neural_network_change
4,2018-02-01,2017-06-01,8,7998.903310234208,8400.0,neural_network_change
4,2018-03-01,2017-06-01,9,7805.964765888556,7711.0,neural_network_change
4,2018-04-01,2017-06-01,10,7657.290715488829,7170.0,neural_network_change
4,2018-05-01,2017-06-01,11,7427.42289709224,6793.0,neural_network_change
4,2018-06-01,2017-06-01,12,7238.562612666328,7275.0,neural_network_change
5,2017-07-01,2017-06-01,1,27554.440240538206,27233.0,neural_network_change
5,2017-08-01,2017-06-01,2,27793.98797977955,27251.0,neural_network_change
5,2017-09-01,2017-06-01,3,28416.29897880566,29241.0,neural_network_change
5,2017-10-01,2017-06-01,4,29226.340102224553,28126.0,neural_network_change
5,2017-11-01,2017-06-01,5,30335.596985255037,30858.0,neural_network_change
5,2017-12-01,2017-06-01,6,31327.36005666135,33103.0,neural_network_change
5,2018-01-01,2017-06-01,7,32089.976172908526,34400.0,neural_network_change
5,2018-02-01,2017-06-01,8,31854.90273325445,33562.0,neural_network_change
5,2018-03-01,2017-06-01,9,30514.213046247718,31958.0,neural_network_change
5,2018-04-01,2017-06-01,10,29639.312786253144,31009.0,neural_network_change
5,2018-05-01,2017-06-01,11,28676.775954146804,31544.0,neural_network_change
5,2018-06-01,2017-06-01,12,28099.415555255222,30642.0,neural_network_change
1,2017-07-01,2017-06-01,1,65671.41096903801,64144.0,seasonal_residual_change
1,2017-08-01,2017-06-01,2,64247.84659300914,60660.0,seasonal_residual_change
1,2017-09-01,2017-06-01,3,63881.063316622494,59007.0,seasonal_residual_change
1,2017-10-01,2017-06-01,4,61251.59430420473,54456.0,seasonal_residual_change
1,2017-11-01,2017-06-01,5,62408.020150951976,58907.0,seasonal_residual_change
1,2017-12-01,2017-06-01,6,66333.84169210836,60642.0,seasonal_residual_change
1,2018-01-01,2017-06-01,7,72051.32138253326,65037.0,seasonal_residual_change
1,2018-02-01,2017-06-01,8,73119.60801456793,63106.0,seasonal_residual_change
1,2018-03-01,2017-06-01,9,68869.25466537003,58372.0,seasonal_residual_change
1,2018-04-01,2017-06-01,10,70498.57065918508,64718.0,seasonal_residual_change
1,2018-05-01,2017-06-01,11,71577.88958414888,68311.0,seasonal_residual_change
1,2018-06-01,2017-06-01,12,72350.6347458084,66777.0,seasonal_residual_change
2,2017-07-01,2017-06-01,1,52360.9803739042,53144.0,seasonal_residual_change
2,2017-08-01,2017-06-01,2,51752.49424372339,51525.0,seasonal_residual_change
2,2017-09-01,2017-06-01,3,51427.46990869064,50366.0,seasonal_residual_change
2,2017-10-01,2017-06-01,4,49487.77747019388,45863.0,seasonal_residual_change
2,2017-11-01,2017-06-01,5,51207.18688121536,47897.0,seasonal_residual_change
2,2017-12-01,2017-06-01,6,55237.95051641802,52209.0,seasonal_residual_change
2,2018-01-01,2017-06-01,7,58863.23420711018,57692.0,seasonal_residual_change
2,2018-02-01,2017-06-01,8,59145.55857181686,60233.0,seasonal_residual_change
2,2018-03-01,2017-06-01,9,57019.0952236843,57183.0,seasonal_residual_change
2,2018-04-01,2017-06-01,10,56260.37942476354,57200.0,seasonal_residual_change
2,2018-05-01,2017-06-01,11,54082.09120262405,53886.0,seasonal_residual_change
2,2018-06-01,2017-06-01,12,54304.738852183116,53488.0,seasonal_residual_change
3,2017-07-01,2017-06-01,1,82185.68202652577,81642.0,seasonal_residual_change
3,2017-08-01,2017-06-01,2,80063.27890006542,80845.0,seasonal_residual_change
3,2017-09-01,2017-06-01,3,82029.65701053239,77696.0,seasonal_residual_change
3,2017-10-01,2017-06-01,4,81284.88666289991,80371.0,seasonal_residual_change
3,2017-11-01,2017-06-01,5,83486.09334693427,80144.0,seasonal_residual_change
3,2017-12-01,2017-06-01,6,85542.32457576414,83304.0,seasonal_residual_change
3,2018-01-01,2017-06-01,7,86216.0472037016,84108.0,seasonal_residual_change
3,2018-02-01,2017-06-01,8,84079.35885155865,87948.0,seasonal_residual_change
3,2018-03-01,2017-06-01,9,83486.8448521303,84446.0,seasonal_residual_change
3,2018-04-01,2017-06-01,10,82353.14987270389,80048.0,seasonal_residual_change
3,2018-05-01,2017-06-01,11,82535.59409247818,82353.0,seasonal_residual_change
3,2018-06-01,2017-06-01,12,81847.16436050321,82534.0,seasonal_residual_change
4,2017-07-01,2017-06-01,1,7086.899217763852,6696.0,seasonal_residual_change
4,2017-08-01,2017-06-01,2,7062.716609647913,6507.0,seasonal_residual_change
4,2017-09-01,2017-06-01,3,7214.921105676476,6894.0,seasonal_residual_change
4,2017-10-01,2017-06-01,4,7206.910885173882,7080.0,seasonal_residual_change
4,2017-11-01,2017-06-01,5,7811.690260646564,7112.0,seasonal_residual_change
4,2017-12-01,2017-06-01,6,7823.463958400269,7558.0,seasonal_residual_change
4,2018-01-01,2017-06-01,7,7935.170394531148,7650.0,seasonal_residual_change
4,2018-02-01,2017-06-01,8,7827.587119875512,8400.0,seasonal_residual_change
4,2018-03-01,2017-06-01,9,7544.724503799962,7711.0,seasonal_residual_change
4,2018-04-01,2017-06-01,10,7362.095780886984,7170.0,seasonal_residual_change
4,2018-05-01,2017-06-01,11,7287.3550520757,6793.0,seasonal_residual_change
4,2018-06-01,2017-06-01,12,7087.838878124923,7275.0,seasonal_residual_change
5,2017-07-01,2017-06-01,1,27652.674140586016,27233.0,seasonal_residual_change
5,2017-08-01,2017-06-01,2,27273.079470255638,27251.0,seasonal_residual_change
5,2017-09-01,2017-06-01,3,27903.416741305675,29241.0,seasonal_residual_change
5,2017-10-01,2017-06-01,4,28485.34845844107,28126.0,seasonal_residual_change
5,2017-11-01,2017-06-01,5,30281.216177474096,30858.0,seasonal_residual_change
5,2017-12-01,2017-06-01,6,31394.144855769024,33103.0,seasonal_residual_change
5,2018-01-01,2017-06-01,7,32695.120234647013,34400.0,seasonal_residual_change
5,2018-02-01,2017-06-01,8,31099.836733914537,33562.0,seasonal_residual_change
5,2018-03-01,2017-06-01,9,29217.554321621454,31958.0,seasonal_residual_change
5,2018-04-01,2017-06-01,10,28435.44098557314,31009.0,seasonal_residual_change
5,2018-05-01,2017-06-01,11,27766.46356991014,31544.0,seasonal_residual_change
5,2018-06-01,2017-06-01,12,27381.359681814465,30642.0,seasonal_residual_change
1,2017-07-01,2017-06-01,1,65603.0779554198,64144.0,huber_change
1,2017-08-01,2017-06-01,2,64540.865895560775,60660.0,huber_change
1,2017-09-01,2017-06-01,3,64593.39682815519,59007.0,huber_change
1,2017-10-01,2017-06-01,4,62869.63295322159,54456.0,huber_change
1,2017-11-01,2017-06-01,5,63949.617829637486,58907.0,huber_change
1,2017-12-01,2017-06-01,6,66225.15081674489,60642.0,huber_change
1,2018-01-01,2017-06-01,7,69445.124973434,65037.0,huber_change
1,2018-02-01,2017-06-01,8,70974.3299194926,63106.0,huber_change
1,2018-03-01,2017-06-01,9,67802.75355691316,58372.0,huber_change
1,2018-04-01,2017-06-01,10,68586.79723157744,64718.0,huber_change
1,2018-05-01,2017-06-01,11,68687.07433883086,68311.0,huber_change
1,2018-06-01,2017-06-01,12,68655.36187296936,66777.0,huber_change
2,2017-07-01,2017-06-01,1,53316.780759787696,53144.0,huber_change
2,2017-08-01,2017-06-01,2,53336.88124825184,51525.0,huber_change
2,2017-09-01,2017-06-01,3,53149.562335825845,50366.0,huber_change
2,2017-10-01,2017-06-01,4,51877.802605325254,45863.0,huber_change
2,2017-11-01,2017-06-01,5,52990.99430312865,47897.0,huber_change
2,2017-12-01,2017-06-01,6,54513.11707436172,52209.0,huber_change
2,2018-01-01,2017-06-01,7,58485.48985168353,57692.0,huber_change
2,2018-02-01,2017-06-01,8,59650.34710978284,60233.0,huber_change
2,2018-03-01,2017-06-01,9,57150.267150369335,57183.0,huber_change
2,2018-04-01,2017-06-01,10,57316.620294445405,57200.0,huber_change
2,2018-05-01,2017-06-01,11,55567.608066890454,53886.0,huber_change
2,2018-06-01,2017-06-01,12,55071.30487247875,53488.0,huber_change
3,2017-07-01,2017-06-01,1,80893.43270221105,81642.0,huber_change
3,2017-08-01,2017-06-01,2,80668.20529133068,80845.0,huber_change
3,2017-09-01,2017-06-01,3,81409.39629642449,77696.0,huber_change
3,2017-10-01,2017-06-01,4,81531.865436574,80371.0,huber_change
3,2017-11-01,2017-06-01,5,82451.2582118507,80144.0,huber_change
3,2017-12-01,2017-06-01,6,83488.90251882722,83304.0,huber_change
3,2018-01-01,2017-06-01,7,84683.0715956267,84108.0,huber_change
3,2018-02-01,2017-06-01,8,83965.61735492758,87948.0,huber_change
3,2018-03-01,2017-06-01,9,82252.28488564001,84446.0,huber_change
3,2018-04-01,2017-06-01,10,81512.37635091666,80048.0,huber_change
3,2018-05-01,2017-06-01,11,80839.01760563678,82353.0,huber_change
3,2018-06-01,2017-06-01,12,80535.09960983098,82534.0,huber_change
4,2017-07-01,2017-06-01,1,7067.847046196074,6696.0,huber_change
4,2017-08-01,2017-06-01,2,7119.901286319639,6507.0,huber_change
4,2017-09-01,2017-06-01,3,7285.214273683761,6894.0,huber_change
4,2017-10-01,2017-06-01,4,7432.039629514113,7080.0,huber_change
4,2017-11-01,2017-06-01,5,7783.1383027353795,7112.0,huber_change
4,2017-12-01,2017-06-01,6,7858.712698019787,7558.0,huber_change
4,2018-01-01,2017-06-01,7,7980.84890147042,7650.0,huber_change
4,2018-02-01,2017-06-01,8,7989.104653511531,8400.0,huber_change
4,2018-03-01,2017-06-01,9,7831.1914541259885,7711.0,huber_change
4,2018-04-01,2017-06-01,10,7626.1582633208045,7170.0,huber_change
4,2018-05-01,2017-06-01,11,7405.608701521625,6793.0,huber_change
4,2018-06-01,2017-06-01,12,7233.520258384111,7275.0,huber_change
5,2017-07-01,2017-06-01,1,27474.86656366124,27233.0,huber_change
5,2017-08-01,2017-06-01,2,27738.79637737517,27251.0,huber_change
5,2017-09-01,2017-06-01,3,28445.76750803363,29241.0,huber_change
5,2017-10-01,2017-06-01,4,29080.05113220077,28126.0,huber_change
5,2017-11-01,2017-06-01,5,30041.97130831821,30858.0,huber_change
5,2017-12-01,2017-06-01,6,30917.658223661754,33103.0,huber_change
5,2018-01-01,2017-06-01,7,31544.53918068947,34400.0,huber_change
5,2018-02-01,2017-06-01,8,31479.819756907364,33562.0,huber_change
5,2018-03-01,2017-06-01,9,30356.218458017003,31958.0,huber_change
5,2018-04-01,2017-06-01,10,29503.50247321411,31009.0,huber_change
5,2018-05-01,2017-06-01,11,28535.238549758084,31544.0,huber_change
5,2018-06-01,2017-06-01,12,27689.5949625708,30642.0,huber_change
1,2018-07-01,2018-06-01,1,66777.0,64871.0,persistence
1,2018-08-01,2018-06-01,2,66777.0,66651.0,persistence
1,2018-09-01,2018-06-01,3,66777.0,70204.0,persistence
1,2018-10-01,2018-06-01,4,66777.0,66430.0,persistence
1,2018-11-01,2018-06-01,5,66777.0,60886.0,persistence
1,2018-12-01,2018-06-01,6,66777.0,62894.0,persistence
1,2019-01-01,2018-06-01,7,66777.0,72680.0,persistence
1,2019-02-01,2018-06-01,8,66777.0,65841.0,persistence
1,2019-03-01,2018-06-01,9,66777.0,62461.0,persistence
1,2019-04-01,2018-06-01,10,66777.0,60742.0,persistence
1,2019-05-01,2018-06-01,11,66777.0,65734.0,persistence
1,2019-06-01,2018-06-01,12,66777.0,59764.0,persistence
2,2018-07-01,2018-06-01,1,53488.0,53407.0,persistence
2,2018-08-01,2018-06-01,2,53488.0,53041.0,persistence
2,2018-09-01,2018-06-01,3,53488.0,53164.0,persistence
2,2018-10-01,2018-06-01,4,53488.0,47779.0,persistence
2,2018-11-01,2018-06-01,5,53488.0,49088.0,persistence
2,2018-12-01,2018-06-01,6,53488.0,56136.0,persistence
2,2019-01-01,2018-06-01,7,53488.0,60779.0,persistence
2,2019-02-01,2018-06-01,8,53488.0,59040.0,persistence
2,2019-03-01,2018-06-01,9,53488.0,54545.0,persistence
2,2019-04-01,2018-06-01,10,53488.0,51552.0,persistence
2,2019-05-01,2018-06-01,11,53488.0,47444.0,persistence
2,2019-06-01,2018-06-01,12,53488.0,49584.0,persistence
3,2018-07-01,2018-06-01,1,82534.0,78759.0,persistence
3,2018-08-01,2018-06-01,2,82534.0,80693.0,persistence
3,2018-09-01,2018-06-01,3,82534.0,80803.0,persistence
3,2018-10-01,2018-06-01,4,82534.0,84023.0,persistence
3,2018-11-01,2018-06-01,5,82534.0,84422.0,persistence
3,2018-12-01,2018-06-01,6,82534.0,90756.0,persistence
3,2019-01-01,2018-06-01,7,82534.0,88730.0,persistence
3,2019-02-01,2018-06-01,8,82534.0,88257.0,persistence
3,2019-03-01,2018-06-01,9,82534.0,82307.0,persistence
3,2019-04-01,2018-06-01,10,82534.0,84004.0,persistence
3,2019-05-01,2018-06-01,11,82534.0,84486.0,persistence
3,2019-06-01,2018-06-01,12,82534.0,82552.0,persistence
4,2018-07-01,2018-06-01,1,7275.0,6966.0,persistence
4,2018-08-01,2018-06-01,2,7275.0,6406.0,persistence
4,2018-09-01,2018-06-01,3,7275.0,6998.0,persistence
4,2018-10-01,2018-06-01,4,7275.0,6816.0,persistence
4,2018-11-01,2018-06-01,5,7275.0,6939.0,persistence
4,2018-12-01,2018-06-01,6,7275.0,7324.0,persistence
4,2019-01-01,2018-06-01,7,7275.0,7499.0,persistence
4,2019-02-01,2018-06-01,8,7275.0,7394.0,persistence
4,2019-03-01,2018-06-01,9,7275.0,6861.0,persistence
4,2019-04-01,2018-06-01,10,7275.0,6567.0,persistence
4,2019-05-01,2018-06-01,11,7275.0,7223.0,persistence
4,2019-06-01,2018-06-01,12,7275.0,7457.0,persistence
5,2018-07-01,2018-06-01,1,30642.0,30290.0,persistence
5,2018-08-01,2018-06-01,2,30642.0,29511.0,persistence
5,2018-09-01,2018-06-01,3,30642.0,28801.0,persistence
5,2018-10-01,2018-06-01,4,30642.0,27624.0,persistence
5,2018-11-01,2018-06-01,5,30642.0,28901.0,persistence
5,2018-12-01,2018-06-01,6,30642.0,29390.0,persistence
5,2019-01-01,2018-06-01,7,30642.0,32678.0,persistence
5,2019-02-01,2018-06-01,8,30642.0,31526.0,persistence
5,2019-03-01,2018-06-01,9,30642.0,30381.0,persistence
5,2019-04-01,2018-06-01,10,30642.0,28004.0,persistence
5,2019-05-01,2018-06-01,11,30642.0,30943.0,persistence
5,2019-06-01,2018-06-01,12,30642.0,30557.0,persistence
1,2018-07-01,2018-06-01,1,64144.0,64871.0,seasonal_naive
1,2018-08-01,2018-06-01,2,60660.0,66651.0,seasonal_naive
1,2018-09-01,2018-06-01,3,59007.0,70204.0,seasonal_naive
1,2018-10-01,2018-06-01,4,54456.0,66430.0,seasonal_naive
1,2018-11-01,2018-06-01,5,58907.0,60886.0,seasonal_naive
1,2018-12-01,2018-06-01,6,60642.0,62894.0,seasonal_naive
1,2019-01-01,2018-06-01,7,65037.0,72680.0,seasonal_naive
1,2019-02-01,2018-06-01,8,63106.0,65841.0,seasonal_naive
1,2019-03-01,2018-06-01,9,58372.0,62461.0,seasonal_naive
1,2019-04-01,2018-06-01,10,64718.0,60742.0,seasonal_naive
1,2019-05-01,2018-06-01,11,68311.0,65734.0,seasonal_naive
1,2019-06-01,2018-06-01,12,66777.0,59764.0,seasonal_naive
2,2018-07-01,2018-06-01,1,53144.0,53407.0,seasonal_naive
2,2018-08-01,2018-06-01,2,51525.0,53041.0,seasonal_naive
2,2018-09-01,2018-06-01,3,50366.0,53164.0,seasonal_naive
2,2018-10-01,2018-06-01,4,45863.0,47779.0,seasonal_naive
2,2018-11-01,2018-06-01,5,47897.0,49088.0,seasonal_naive
2,2018-12-01,2018-06-01,6,52209.0,56136.0,seasonal_naive
2,2019-01-01,2018-06-01,7,57692.0,60779.0,seasonal_naive
2,2019-02-01,2018-06-01,8,60233.0,59040.0,seasonal_naive
2,2019-03-01,2018-06-01,9,57183.0,54545.0,seasonal_naive
2,2019-04-01,2018-06-01,10,57200.0,51552.0,seasonal_naive
2,2019-05-01,2018-06-01,11,53886.0,47444.0,seasonal_naive
2,2019-06-01,2018-06-01,12,53488.0,49584.0,seasonal_naive
3,2018-07-01,2018-06-01,1,81642.0,78759.0,seasonal_naive
3,2018-08-01,2018-06-01,2,80845.0,80693.0,seasonal_naive
3,2018-09-01,2018-06-01,3,77696.0,80803.0,seasonal_naive
3,2018-10-01,2018-06-01,4,80371.0,84023.0,seasonal_naive
3,2018-11-01,2018-06-01,5,80144.0,84422.0,seasonal_naive
3,2018-12-01,2018-06-01,6,83304.0,90756.0,seasonal_naive
3,2019-01-01,2018-06-01,7,84108.0,88730.0,seasonal_naive
3,2019-02-01,2018-06-01,8,87948.0,88257.0,seasonal_naive
3,2019-03-01,2018-06-01,9,84446.0,82307.0,seasonal_naive
3,2019-04-01,2018-06-01,10,80048.0,84004.0,seasonal_naive
3,2019-05-01,2018-06-01,11,82353.0,84486.0,seasonal_naive
3,2019-06-01,2018-06-01,12,82534.0,82552.0,seasonal_naive
4,2018-07-01,2018-06-01,1,6696.0,6966.0,seasonal_naive
4,2018-08-01,2018-06-01,2,6507.0,6406.0,seasonal_naive
4,2018-09-01,2018-06-01,3,6894.0,6998.0,seasonal_naive
4,2018-10-01,2018-06-01,4,7080.0,6816.0,seasonal_naive
4,2018-11-01,2018-06-01,5,7112.0,6939.0,seasonal_naive
4,2018-12-01,2018-06-01,6,7558.0,7324.0,seasonal_naive
4,2019-01-01,2018-06-01,7,7650.0,7499.0,seasonal_naive
4,2019-02-01,2018-06-01,8,8400.0,7394.0,seasonal_naive
4,2019-03-01,2018-06-01,9,7711.0,6861.0,seasonal_naive
4,2019-04-01,2018-06-01,10,7170.0,6567.0,seasonal_naive
4,2019-05-01,2018-06-01,11,6793.0,7223.0,seasonal_naive
4,2019-06-01,2018-06-01,12,7275.0,7457.0,seasonal_naive
5,2018-07-01,2018-06-01,1,27233.0,30290.0,seasonal_naive
5,2018-08-01,2018-06-01,2,27251.0,29511.0,seasonal_naive
5,2018-09-01,2018-06-01,3,29241.0,28801.0,seasonal_naive
5,2018-10-01,2018-06-01,4,28126.0,27624.0,seasonal_naive
5,2018-11-01,2018-06-01,5,30858.0,28901.0,seasonal_naive
5,2018-12-01,2018-06-01,6,33103.0,29390.0,seasonal_naive
5,2019-01-01,2018-06-01,7,34400.0,32678.0,seasonal_naive
5,2019-02-01,2018-06-01,8,33562.0,31526.0,seasonal_naive
5,2019-03-01,2018-06-01,9,31958.0,30381.0,seasonal_naive
5,2019-04-01,2018-06-01,10,31009.0,28004.0,seasonal_naive
5,2019-05-01,2018-06-01,11,31544.0,30943.0,seasonal_naive
5,2019-06-01,2018-06-01,12,30642.0,30557.0,seasonal_naive
1,2018-07-01,2018-06-01,1,64563.2,64871.0,seasonal_change
1,2018-08-01,2018-06-01,2,61815.399999999994,66651.0,seasonal_change
1,2018-09-01,2018-06-01,3,60164.799999999996,70204.0,seasonal_change
1,2018-10-01,2018-06-01,4,57408.2,66430.0,seasonal_change
1,2018-11-01,2018-06-01,5,59333.6,60886.0,seasonal_change
1,2018-12-01,2018-06-01,6,63288.4,62894.0,seasonal_change
1,2019-01-01,2018-06-01,7,69990.0,72680.0,seasonal_change
1,2019-02-01,2018-06-01,8,68343.6,65841.0,seasonal_change
1,2019-03-01,2018-06-01,9,63699.00000000001,62461.0,seasonal_change
1,2019-04-01,2018-06-01,10,65406.600000000006,60742.0,seasonal_change
1,2019-05-01,2018-06-01,11,67803.6,65734.0,seasonal_change
1,2019-06-01,2018-06-01,12,67737.0,59764.0,seasonal_change
2,2018-07-01,2018-06-01,1,52105.2,53407.0,seasonal_change
2,2018-08-01,2018-06-01,2,51433.6,53041.0,seasonal_change
2,2018-09-01,2018-06-01,3,51185.4,53164.0,seasonal_change
2,2018-10-01,2018-06-01,4,48856.4,47779.0,seasonal_change
2,2018-11-01,2018-06-01,5,50697.6,49088.0,seasonal_change
2,2018-12-01,2018-06-01,6,54722.6,56136.0,seasonal_change
2,2019-01-01,2018-06-01,7,59470.2,60779.0,seasonal_change
2,2019-02-01,2018-06-01,8,59603.399999999994,59040.0,seasonal_change
2,2019-03-01,2018-06-01,9,56820.799999999996,54545.0,seasonal_change
2,2019-04-01,2018-06-01,10,56587.2,51552.0,seasonal_change
2,2019-05-01,2018-06-01,11,54028.0,47444.0,seasonal_change
2,2019-06-01,2018-06-01,12,54326.8,49584.0,seasonal_change
3,2018-07-01,2018-06-01,1,83050.6,78759.0,seasonal_change
3,2018-08-01,2018-06-01,2,81765.8,80693.0,seasonal_change
3,2018-09-01,2018-06-01,3,83189.40000000001,80803.0,seasonal_change
3,2018-10-01,2018-06-01,4,82194.20000000001,84023.0,seasonal_change
3,2018-11-01,2018-06-01,5,84201.6,84422.0,seasonal_change
3,2018-12-01,2018-06-01,6,87173.20000000001,90756.0,seasonal_change
3,2019-01-01,2018-06-01,7,88013.80000000002,88730.0,seasonal_change
3,2019-02-01,2018-06-01,8,87459.00000000001,88257.0,seasonal_change
3,2019-03-01,2018-06-01,9,85901.40000000001,82307.0,seasonal_change
3,2019-04-01,2018-06-01,10,84132.40000000001,84004.0,seasonal_change
3,2019-05-01,2018-06-01,11,84311.40000000001,84486.0,seasonal_change
3,2019-06-01,2018-06-01,12,83541.6,82552.0,seasonal_change
4,2018-07-01,2018-06-01,1,7248.2,6966.0,seasonal_change
4,2018-08-01,2018-06-01,2,7266.0,6406.0,seasonal_change
4,2018-09-01,2018-06-01,3,7449.2,6998.0,seasonal_change
4,2018-10-01,2018-06-01,4,7498.4,6816.0,seasonal_change
4,2018-11-01,2018-06-01,5,8045.599999999999,6939.0,seasonal_change
4,2018-12-01,2018-06-01,6,8136.799999999999,7324.0,seasonal_change
4,2019-01-01,2018-06-01,7,8318.4,7499.0,seasonal_change
4,2019-02-01,2018-06-01,8,8358.0,7394.0,seasonal_change
4,2019-03-01,2018-06-01,9,7891.2,6861.0,seasonal_change
4,2019-04-01,2018-06-01,10,7637.8,6567.0,seasonal_change
4,2019-05-01,2018-06-01,11,7656.2,7223.0,seasonal_change
4,2019-06-01,2018-06-01,12,7425.0,7457.0,seasonal_change
5,2018-07-01,2018-06-01,1,30875.0,30290.0,seasonal_change
5,2018-08-01,2018-06-01,2,30315.2,29511.0,seasonal_change
5,2018-09-01,2018-06-01,3,31238.600000000002,28801.0,seasonal_change
5,2018-10-01,2018-06-01,4,30898.800000000003,27624.0,seasonal_change
5,2018-11-01,2018-06-01,5,32898.600000000006,28901.0,seasonal_change
5,2018-12-01,2018-06-01,6,34089.8,29390.0,seasonal_change
5,2019-01-01,2018-06-01,7,36059.600000000006,32678.0,seasonal_change
5,2019-02-01,2018-06-01,8,34582.8,31526.0,seasonal_change
5,2019-03-01,2018-06-01,9,32741.800000000003,30381.0,seasonal_change
5,2019-04-01,2018-06-01,10,32288.000000000004,28004.0,seasonal_change
5,2019-05-01,2018-06-01,11,31660.800000000003,30943.0,seasonal_change
5,2019-06-01,2018-06-01,12,30955.600000000002,30557.0,seasonal_change
1,2018-07-01,2018-06-01,1,64390.36357142857,64871.0,forecast_flow_identity
1,2018-08-01,2018-06-01,2,61469.527142857136,66651.0,forecast_flow_identity
1,2018-09-01,2018-06-01,3,59651.66608294929,70204.0,forecast_flow_identity
1,2018-10-01,2018-06-01,4,56722.02965437787,66430.0,forecast_flow_identity
1,2018-11-01,2018-06-01,5,58480.368594470034,60886.0,forecast_flow_identity
1,2018-12-01,2018-06-01,6,62262.33216589861,62894.0,forecast_flow_identity
1,2019-01-01,2018-06-01,7,68790.89573732718,72680.0,forecast_flow_identity
1,2019-02-01,2018-06-01,8,66982.97162164308,65841.0,forecast_flow_identity
1,2019-03-01,2018-06-01,9,62165.53519307164,62461.0,forecast_flow_identity
1,2019-04-01,2018-06-01,10,63705.67413316379,60742.0,forecast_flow_identity
1,2019-05-01,2018-06-01,11,65929.63770459234,65734.0,forecast_flow_identity
1,2019-06-01,2018-06-01,12,65695.77664468452,59764.0,forecast_flow_identity
2,2018-07-01,2018-06-01,1,52047.53452380952,53407.0,forecast_flow_identity
2,2018-08-01,2018-06-01,2,51179.19916666665,53041.0,forecast_flow_identity
2,2018-09-01,2018-06-01,3,50875.00677035327,53164.0,forecast_flow_identity
2,2018-10-01,2018-06-01,4,48488.14129416278,47779.0,forecast_flow_identity
2,2018-11-01,2018-06-01,5,50273.348897849406,49088.0,forecast_flow_identity
2,2018-12-01,2018-06-01,6,54240.28342165891,56136.0,forecast_flow_identity
2,2019-01-01,2018-06-01,7,58930.21794546843,60779.0,forecast_flow_identity
2,2019-02-01,2018-06-01,8,59024.56481235757,59040.0,forecast_flow_identity
2,2019-03-01,2018-06-01,9,56183.89933616707,54545.0,forecast_flow_identity
2,2019-04-01,2018-06-01,10,55894.106939853686,51552.0,forecast_flow_identity
2,2019-05-01,2018-06-01,11,53276.441463663185,47444.0,forecast_flow_identity
2,2019-06-01,2018-06-01,12,53519.0490673498,49584.0,forecast_flow_identity
3,2018-07-01,2018-06-01,1,83291.14136904763,78759.0,forecast_flow_identity
3,2018-08-01,2018-06-01,2,82246.88273809523,80693.0,forecast_flow_identity
3,2018-09-01,2018-06-01,3,83902.4776113671,80803.0,forecast_flow_identity
3,2018-10-01,2018-06-01,4,83147.0189804147,84023.0,forecast_flow_identity
3,2018-11-01,2018-06-01,5,85386.6138536866,84422.0,forecast_flow_identity
3,2018-12-01,2018-06-01,6,88598.35522273419,90756.0,forecast_flow_identity
3,2019-01-01,2018-06-01,7,89679.09659178178,88730.0,forecast_flow_identity
3,2019-02-01,2018-06-01,8,89359.92950798498,88257.0,forecast_flow_identity
3,2019-03-01,2018-06-01,9,88042.6708770326,82307.0,forecast_flow_identity
3,2019-04-01,2018-06-01,10,86506.06575030446,84004.0,forecast_flow_identity
3,2019-05-01,2018-06-01,11,86925.20711935208,84486.0,forecast_flow_identity
3,2019-06-01,2018-06-01,12,86388.00199262395,82552.0,forecast_flow_identity
4,2018-07-01,2018-06-01,1,7263.9820833333315,6966.0,forecast_flow_identity
4,2018-08-01,2018-06-01,2,7297.564166666666,6406.0,forecast_flow_identity
4,2018-09-01,2018-06-01,3,7495.843602150538,6998.0,forecast_flow_identity
4,2018-10-01,2018-06-01,4,7560.625685483872,6816.0,forecast_flow_identity
4,2018-11-01,2018-06-01,5,8123.105120967743,6939.0,forecast_flow_identity
4,2018-12-01,2018-06-01,6,8229.887204301076,7324.0,forecast_flow_identity
4,2019-01-01,2018-06-01,7,8427.069287634411,7499.0,forecast_flow_identity
4,2019-02-01,2018-06-01,8,8478.136530867636,7394.0,forecast_flow_identity
4,2019-03-01,2018-06-01,9,8027.118614200974,6861.0,forecast_flow_identity
4,2019-04-01,2018-06-01,10,7788.998049684845,6567.0,forecast_flow_identity
4,2019-05-01,2018-06-01,11,7822.780133018179,7223.0,forecast_flow_identity
4,2019-06-01,2018-06-01,12,7606.659568502049,7457.0,forecast_flow_identity
5,2018-07-01,2018-06-01,1,31113.54797619048,30290.0,forecast_flow_identity
5,2018-08-01,2018-06-01,2,30792.09595238096,29511.0,forecast_flow_identity
5,2018-09-01,2018-06-01,3,31946.16173579109,28801.0,forecast_flow_identity
5,2018-10-01,2018-06-01,4,31844.30971198157,27624.0,forecast_flow_identity
5,2018-11-01,2018-06-01,5,34074.5754953917,28901.0,forecast_flow_identity
5,2018-12-01,2018-06-01,6,35503.723471582176,29390.0,forecast_flow_identity
5,2019-01-01,2018-06-01,7,37711.67144777265,32678.0,forecast_flow_identity
5,2019-02-01,2018-06-01,8,36462.51077665659,31526.0,forecast_flow_identity
5,2019-03-01,2018-06-01,9,34859.65875284706,30381.0,forecast_flow_identity
5,2019-04-01,2018-06-01,10,34636.5245362572,28004.0,forecast_flow_identity
5,2019-05-01,2018-06-01,11,34247.272512447664,30943.0,forecast_flow_identity
5,2019-06-01,2018-06-01,12,33772.33829585779,30557.0,forecast_flow_identity
1,2018-07-01,2018-06-01,1,65287.500766211015,64871.0,constrained_level
1,2018-08-01,2018-06-01,2,65188.55789193588,66651.0,constrained_level
1,2018-09-01,2018-06-01,3,65546.82515910747,70204.0,constrained_level
1,2018-10-01,2018-06-01,4,64284.3037282586,66430.0,constrained_level
1,2018-11-01,2018-06-01,5,63970.753418309876,60886.0,constrained_level
1,2018-12-01,2018-06-01,6,65415.14291429745,62894.0,constrained_level
1,2019-01-01,2018-06-01,7,67912.16516747822,72680.0,constrained_level
1,2019-02-01,2018-06-01,8,69293.66168453301,65841.0,constrained_level
1,2019-03-01,2018-06-01,9,65438.02108028279,62461.0,constrained_level
1,2019-04-01,2018-06-01,10,64865.32425744439,60742.0,constrained_level
1,2019-05-01,2018-06-01,11,65541.62349635393,65734.0,constrained_level
1,2019-06-01,2018-06-01,12,66740.75013114497,59764.0,constrained_level
2,2018-07-01,2018-06-01,1,53733.67942216076,53407.0,constrained_level
2,2018-08-01,2018-06-01,2,54433.96674342278,53041.0,constrained_level
2,2018-09-01,2018-06-01,3,54885.869916096424,53164.0,constrained_level
2,2018-10-01,2018-06-01,4,54864.4804086521,47779.0,constrained_level
2,2018-11-01,2018-06-01,5,54425.264617749555,49088.0,constrained_level
2,2018-12-01,2018-06-01,6,55798.0790015419,56136.0,constrained_level
2,2019-01-01,2018-06-01,7,58108.55490849724,60779.0,constrained_level
2,2019-02-01,2018-06-01,8,58998.83221258197,59040.0,constrained_level
2,2019-03-01,2018-06-01,9,56773.85210531852,54545.0,constrained_level
2,2019-04-01,2018-06-01,10,55820.15080814396,51552.0,constrained_level
2,2019-05-01,2018-06-01,11,55277.92706297553,47444.0,constrained_level
2,2019-06-01,2018-06-01,12,55077.21421390458,49584.0,constrained_level
3,2018-07-01,2018-06-01,1,80689.66105537018,78759.0,constrained_level
3,2018-08-01,2018-06-01,2,81506.9811817249,80693.0,constrained_level
3,2018-09-01,2018-06-01,3,80977.02512958771,80803.0,constrained_level
3,2018-10-01,2018-06-01,4,81401.59873938258,84023.0,constrained_level
3,2018-11-01,2018-06-01,5,81743.72206262127,84422.0,constrained_level
3,2018-12-01,2018-06-01,6,83973.23177760898,90756.0,constrained_level
3,2019-01-01,2018-06-01,7,86098.73320477665,88730.0,constrained_level
3,2019-02-01,2018-06-01,8,85483.09477047228,88257.0,constrained_level
3,2019-03-01,2018-06-01,9,83237.09321050947,82307.0,constrained_level
3,2019-04-01,2018-06-01,10,82798.89720427687,84004.0,constrained_level
3,2019-05-01,2018-06-01,11,82142.06292693378,84486.0,constrained_level
3,2019-06-01,2018-06-01,12,82341.74417791478,82552.0,constrained_level
4,2018-07-01,2018-06-01,1,7285.9119241257795,6966.0,constrained_level
4,2018-08-01,2018-06-01,2,7379.101573539994,6406.0,constrained_level
4,2018-09-01,2018-06-01,3,7429.791989029687,6998.0,constrained_level
4,2018-10-01,2018-06-01,4,7438.308273568073,6816.0,constrained_level
4,2018-11-01,2018-06-01,5,7449.552075001259,6939.0,constrained_level
4,2018-12-01,2018-06-01,6,7452.935221658487,7324.0,constrained_level
4,2019-01-01,2018-06-01,7,7530.659061649583,7499.0,constrained_level
4,2019-02-01,2018-06-01,8,7548.200139314678,7394.0,constrained_level
4,2019-03-01,2018-06-01,9,7383.59168050877,6861.0,constrained_level
4,2019-04-01,2018-06-01,10,7392.424135681706,6567.0,constrained_level
4,2019-05-01,2018-06-01,11,7331.62684792405,7223.0,constrained_level
4,2019-06-01,2018-06-01,12,7338.58165925809,7457.0,constrained_level
5,2018-07-01,2018-06-01,1,29981.575076770518,30290.0,constrained_level
5,2018-08-01,2018-06-01,2,29985.506692133695,29511.0,constrained_level
5,2018-09-01,2018-06-01,3,29872.559347534647,28801.0,constrained_level
5,2018-10-01,2018-06-01,4,30298.67676620049,27624.0,constrained_level
5,2018-11-01,2018-06-01,5,30058.077450911085,28901.0,constrained_level
5,2018-12-01,2018-06-01,6,31261.361858080818,29390.0,constrained_level
5,2019-01-01,2018-06-01,7,31644.327675391243,32678.0,constrained_level
5,2019-02-01,2018-06-01,8,32091.354631257404,31526.0,constrained_level
5,2019-03-01,2018-06-01,9,30962.986230203438,30381.0,constrained_level
5,2019-04-01,2018-06-01,10,30048.44405911461,28004.0,constrained_level
5,2019-05-01,2018-06-01,11,29792.936438107394,30943.0,constrained_level
5,2019-06-01,2018-06-01,12,29410.74982315786,30557.0,constrained_level
1,2018-07-01,2018-06-01,1,66254.19210176109,64871.0,ridge_change
1,2018-08-01,2018-06-01,2,66539.60535517024,66651.0,ridge_change
1,2018-09-01,2018-06-01,3,67063.53870422208,70204.0,ridge_change
1,2018-10-01,2018-06-01,4,66569.99671223183,66430.0,ridge_change
1,2018-11-01,2018-06-01,5,66527.98517356106,60886.0,ridge_change
1,2018-12-01,2018-06-01,6,66949.86611699137,62894.0,ridge_change
1,2019-01-01,2018-06-01,7,67883.17522432891,72680.0,ridge_change
1,2019-02-01,2018-06-01,8,68107.70168787292,65841.0,ridge_change
1,2019-03-01,2018-06-01,9,66601.314428068,62461.0,ridge_change
1,2019-04-01,2018-06-01,10,66790.62520862438,60742.0,ridge_change
1,2019-05-01,2018-06-01,11,67294.71030441657,65734.0,ridge_change
1,2019-06-01,2018-06-01,12,67858.82541960776,59764.0,ridge_change
2,2018-07-01,2018-06-01,1,52985.63392505865,53407.0,ridge_change
2,2018-08-01,2018-06-01,2,53340.0843919735,53041.0,ridge_change
2,2018-09-01,2018-06-01,3,53039.3149345096,53164.0,ridge_change
2,2018-10-01,2018-06-01,4,50731.71738742272,47779.0,ridge_change
2,2018-11-01,2018-06-01,5,50322.0357879195,49088.0,ridge_change
2,2018-12-01,2018-06-01,6,51959.03312084172,56136.0,ridge_change
2,2019-01-01,2018-06-01,7,55973.03044007777,60779.0,ridge_change
2,2019-02-01,2018-06-01,8,58350.33212526666,59040.0,ridge_change
2,2019-03-01,2018-06-01,9,57033.51178584786,54545.0,ridge_change
2,2019-04-01,2018-06-01,10,57097.20678179117,51552.0,ridge_change
2,2019-05-01,2018-06-01,11,55352.61708052686,47444.0,ridge_change
2,2019-06-01,2018-06-01,12,55010.70167954281,49584.0,ridge_change
3,2018-07-01,2018-06-01,1,81791.98263397065,78759.0,ridge_change
3,2018-08-01,2018-06-01,2,81989.37012926005,80693.0,ridge_change
3,2018-09-01,2018-06-01,3,81317.03654700784,80803.0,ridge_change
3,2018-10-01,2018-06-01,4,81363.87118206639,84023.0,ridge_change
3,2018-11-01,2018-06-01,5,81654.37296316317,84422.0,ridge_change
3,2018-12-01,2018-06-01,6,82964.1389596412,90756.0,ridge_change
3,2019-01-01,2018-06-01,7,84235.10237965948,88730.0,ridge_change
3,2019-02-01,2018-06-01,8,84799.71105504982,88257.0,ridge_change
3,2019-03-01,2018-06-01,9,83873.3799202197,82307.0,ridge_change
3,2019-04-01,2018-06-01,10,83288.02550763146,84004.0,ridge_change
3,2019-05-01,2018-06-01,11,83117.80862299482,84486.0,ridge_change
3,2019-06-01,2018-06-01,12,83006.06967856218,82552.0,ridge_change
4,2018-07-01,2018-06-01,1,7229.440955102869,6966.0,ridge_change
4,2018-08-01,2018-06-01,2,7228.646024524027,6406.0,ridge_change
4,2018-09-01,2018-06-01,3,7265.765590191613,6998.0,ridge_change
4,2018-10-01,2018-06-01,4,7242.363194432471,6816.0,ridge_change
4,2018-11-01,2018-06-01,5,7243.2331072221405,6939.0,ridge_change
4,2018-12-01,2018-06-01,6,7216.1390327797835,7324.0,ridge_change
4,2019-01-01,2018-06-01,7,7222.690404083425,7499.0,ridge_change
4,2019-02-01,2018-06-01,8,7263.989326092233,7394.0,ridge_change
4,2019-03-01,2018-06-01,9,7221.064494641234,6861.0,ridge_change
4,2019-04-01,2018-06-01,10,7195.898351201787,6567.0,ridge_change
4,2019-05-01,2018-06-01,11,7111.379368112867,7223.0,ridge_change
4,2019-06-01,2018-06-01,12,7129.956961103783,7457.0,ridge_change
5,2018-07-01,2018-06-01,1,30039.135540046776,30290.0,ridge_change
5,2018-08-01,2018-06-01,2,29742.5660629229,29511.0,ridge_change
5,2018-09-01,2018-06-01,3,30098.086270639513,28801.0,ridge_change
5,2018-10-01,2018-06-01,4,30103.39917701203,27624.0,ridge_change
5,2018-11-01,2018-06-01,5,30392.451797925532,28901.0,ridge_change
5,2018-12-01,2018-06-01,6,31357.166300095858,29390.0,ridge_change
5,2019-01-01,2018-06-01,7,32258.714441736018,32678.0,ridge_change
5,2019-02-01,2018-06-01,8,32563.270176617985,31526.0,ridge_change
5,2019-03-01,2018-06-01,9,31900.33730231211,30381.0,ridge_change
5,2019-04-01,2018-06-01,10,31317.218176035378,28004.0,ridge_change
5,2019-05-01,2018-06-01,11,30918.631383990156,30943.0,ridge_change
5,2019-06-01,2018-06-01,12,30488.432471110278,30557.0,ridge_change
1,2018-07-01,2018-06-01,1,65548.23574084487,64871.0,seasonal_ridge_change
1,2018-08-01,2018-06-01,2,65372.510164369145,66651.0,seasonal_ridge_change
1,2018-09-01,2018-06-01,3,65712.65698935356,70204.0,seasonal_ridge_change
1,2018-10-01,2018-06-01,4,65216.504484024845,66430.0,seasonal_ridge_change
1,2018-11-01,2018-06-01,5,65810.86586524441,60886.0,seasonal_ridge_change
1,2018-12-01,2018-06-01,6,66885.13933936566,62894.0,seasonal_ridge_change
1,2019-01-01,2018-06-01,7,68677.57260139707,72680.0,seasonal_ridge_change
1,2019-02-01,2018-06-01,8,69547.56767094493,65841.0,seasonal_ridge_change
1,2019-03-01,2018-06-01,9,68209.14316464007,62461.0,seasonal_ridge_change
1,2019-04-01,2018-06-01,10,68461.90676011774,60742.0,seasonal_ridge_change
1,2019-05-01,2018-06-01,11,68528.99805616995,65734.0,seasonal_ridge_change
1,2019-06-01,2018-06-01,12,68470.33068845587,59764.0,seasonal_ridge_change
2,2018-07-01,2018-06-01,1,52421.000990635766,53407.0,seasonal_ridge_change
2,2018-08-01,2018-06-01,2,52457.39039350494,53041.0,seasonal_ridge_change
2,2018-09-01,2018-06-01,3,52531.42167908553,53164.0,seasonal_ridge_change
2,2018-10-01,2018-06-01,4,50867.68752979452,47779.0,seasonal_ridge_change
2,2018-11-01,2018-06-01,5,51609.5487520233,49088.0,seasonal_ridge_change
2,2018-12-01,2018-06-01,6,53533.37641570394,56136.0,seasonal_ridge_change
2,2019-01-01,2018-06-01,7,57433.92265944137,60779.0,seasonal_ridge_change
2,2019-02-01,2018-06-01,8,59222.90891074054,59040.0,seasonal_ridge_change
2,2019-03-01,2018-06-01,9,57153.17435745514,54545.0,seasonal_ridge_change
2,2019-04-01,2018-06-01,10,57384.88918501223,51552.0,seasonal_ridge_change
2,2019-05-01,2018-06-01,11,55234.08163078646,47444.0,seasonal_ridge_change
2,2019-06-01,2018-06-01,12,54764.93347219727,49584.0,seasonal_ridge_change
3,2018-07-01,2018-06-01,1,81562.04102942722,78759.0,seasonal_ridge_change
3,2018-08-01,2018-06-01,2,81707.80262027988,80693.0,seasonal_ridge_change
3,2018-09-01,2018-06-01,3,81415.19572624506,80803.0,seasonal_ridge_change
3,2018-10-01,2018-06-01,4,81869.85860985784,84023.0,seasonal_ridge_change
3,2018-11-01,2018-06-01,5,82705.71893857593,84422.0,seasonal_ridge_change
3,2018-12-01,2018-06-01,6,84080.68961270957,90756.0,seasonal_ridge_change
3,2019-01-01,2018-06-01,7,85183.63547226683,88730.0,seasonal_ridge_change
3,2019-02-01,2018-06-01,8,85407.13234179106,88257.0,seasonal_ridge_change
3,2019-03-01,2018-06-01,9,84035.32293915881,82307.0,seasonal_ridge_change
3,2019-04-01,2018-06-01,10,82978.7937113421,84004.0,seasonal_ridge_change
3,2019-05-01,2018-06-01,11,82297.94046746763,84486.0,seasonal_ridge_change
3,2019-06-01,2018-06-01,12,81766.93268713212,82552.0,seasonal_ridge_change
4,2018-07-01,2018-06-01,1,7161.265639421158,6966.0,seasonal_ridge_change
4,2018-08-01,2018-06-01,2,7174.350238527337,6406.0,seasonal_ridge_change
4,2018-09-01,2018-06-01,3,7267.370763886151,6998.0,seasonal_ridge_change
4,2018-10-01,2018-06-01,4,7335.832493119708,6816.0,seasonal_ridge_change
4,2018-11-01,2018-06-01,5,7418.76424438458,6939.0,seasonal_ridge_change
4,2018-12-01,2018-06-01,6,7443.689841401549,7324.0,seasonal_ridge_change
4,2019-01-01,2018-06-01,7,7435.946684547262,7499.0,seasonal_ridge_change
4,2019-02-01,2018-06-01,8,7403.480025001345,7394.0,seasonal_ridge_change
4,2019-03-01,2018-06-01,9,7270.286415385294,6861.0,seasonal_ridge_change
4,2019-04-01,2018-06-01,10,7122.106342712125,6567.0,seasonal_ridge_change
4,2019-05-01,2018-06-01,11,6941.865756463896,7223.0,seasonal_ridge_change
4,2019-06-01,2018-06-01,12,6882.6380548706375,7457.0,seasonal_ridge_change
5,2018-07-01,2018-06-01,1,29507.640108749332,30290.0,seasonal_ridge_change
5,2018-08-01,2018-06-01,2,29219.549631898004,29511.0,seasonal_ridge_change
5,2018-09-01,2018-06-01,3,29849.54966538964,28801.0,seasonal_ridge_change
5,2018-10-01,2018-06-01,4,30403.507605721712,27624.0,seasonal_ridge_change
5,2018-11-01,2018-06-01,5,31291.978574047804,28901.0,seasonal_ridge_change
5,2018-12-01,2018-06-01,6,32334.100623493163,29390.0,seasonal_ridge_change
5,2019-01-01,2018-06-01,7,33144.41869748083,32678.0,seasonal_ridge_change
5,2019-02-01,2018-06-01,8,33048.29615578942,31526.0,seasonal_ridge_change
5,2019-03-01,2018-06-01,9,31827.724993895514,30381.0,seasonal_ridge_change
5,2019-04-01,2018-06-01,10,31011.875795551343,28004.0,seasonal_ridge_change
5,2019-05-01,2018-06-01,11,29994.531250353833,30943.0,seasonal_ridge_change
5,2019-06-01,2018-06-01,12,29131.1112802561,30557.0,seasonal_ridge_change
1,2018-07-01,2018-06-01,1,65548.23574084487,64871.0,polynomial_ridge_change
1,2018-08-01,2018-06-01,2,65372.510164369145,66651.0,polynomial_ridge_change
1,2018-09-01,2018-06-01,3,65712.65698935356,70204.0,polynomial_ridge_change
1,2018-10-01,2018-06-01,4,65216.504484024845,66430.0,polynomial_ridge_change
1,2018-11-01,2018-06-01,5,65810.86586524441,60886.0,polynomial_ridge_change
1,2018-12-01,2018-06-01,6,66885.13933936566,62894.0,polynomial_ridge_change
1,2019-01-01,2018-06-01,7,68677.57260139709,72680.0,polynomial_ridge_change
1,2019-02-01,2018-06-01,8,69547.56767094495,65841.0,polynomial_ridge_change
1,2019-03-01,2018-06-01,9,68209.14316464009,62461.0,polynomial_ridge_change
1,2019-04-01,2018-06-01,10,68461.90676011774,60742.0,polynomial_ridge_change
1,2019-05-01,2018-06-01,11,68528.99805616995,65734.0,polynomial_ridge_change
1,2019-06-01,2018-06-01,12,68470.33068845587,59764.0,polynomial_ridge_change
2,2018-07-01,2018-06-01,1,52421.00099063576,53407.0,polynomial_ridge_change
2,2018-08-01,2018-06-01,2,52457.39039350493,53041.0,polynomial_ridge_change
2,2018-09-01,2018-06-01,3,52531.42167908552,53164.0,polynomial_ridge_change
2,2018-10-01,2018-06-01,4,50867.68752979452,47779.0,polynomial_ridge_change
2,2018-11-01,2018-06-01,5,51609.54875202331,49088.0,polynomial_ridge_change
2,2018-12-01,2018-06-01,6,53533.37641570395,56136.0,polynomial_ridge_change
2,2019-01-01,2018-06-01,7,57433.92265944137,60779.0,polynomial_ridge_change
2,2019-02-01,2018-06-01,8,59222.90891074054,59040.0,polynomial_ridge_change
2,2019-03-01,2018-06-01,9,57153.17435745513,54545.0,polynomial_ridge_change
2,2019-04-01,2018-06-01,10,57384.88918501223,51552.0,polynomial_ridge_change
2,2019-05-01,2018-06-01,11,55234.08163078646,47444.0,polynomial_ridge_change
2,2019-06-01,2018-06-01,12,54764.93347219727,49584.0,polynomial_ridge_change
3,2018-07-01,2018-06-01,1,81562.04102942722,78759.0,polynomial_ridge_change
3,2018-08-01,2018-06-01,2,81707.80262027988,80693.0,polynomial_ridge_change
3,2018-09-01,2018-06-01,3,81415.19572624506,80803.0,polynomial_ridge_change
3,2018-10-01,2018-06-01,4,81869.85860985784,84023.0,polynomial_ridge_change
3,2018-11-01,2018-06-01,5,82705.71893857593,84422.0,polynomial_ridge_change
3,2018-12-01,2018-06-01,6,84080.68961270957,90756.0,polynomial_ridge_change
3,2019-01-01,2018-06-01,7,85183.63547226683,88730.0,polynomial_ridge_change
3,2019-02-01,2018-06-01,8,85407.13234179105,88257.0,polynomial_ridge_change
3,2019-03-01,2018-06-01,9,84035.3229391588,82307.0,polynomial_ridge_change
3,2019-04-01,2018-06-01,10,82978.79371134209,84004.0,polynomial_ridge_change
3,2019-05-01,2018-06-01,11,82297.94046746762,84486.0,polynomial_ridge_change
3,2019-06-01,2018-06-01,12,81766.93268713211,82552.0,polynomial_ridge_change
4,2018-07-01,2018-06-01,1,7161.265639421158,6966.0,polynomial_ridge_change
4,2018-08-01,2018-06-01,2,7174.350238527337,6406.0,polynomial_ridge_change
4,2018-09-01,2018-06-01,3,7267.3707638861515,6998.0,polynomial_ridge_change
4,2018-10-01,2018-06-01,4,7335.8324931197085,6816.0,polynomial_ridge_change
4,2018-11-01,2018-06-01,5,7418.764244384581,6939.0,polynomial_ridge_change
4,2018-12-01,2018-06-01,6,7443.6898414015495,7324.0,polynomial_ridge_change
4,2019-01-01,2018-06-01,7,7435.946684547262,7499.0,polynomial_ridge_change
4,2019-02-01,2018-06-01,8,7403.480025001345,7394.0,polynomial_ridge_change
4,2019-03-01,2018-06-01,9,7270.286415385294,6861.0,polynomial_ridge_change
4,2019-04-01,2018-06-01,10,7122.106342712125,6567.0,polynomial_ridge_change
4,2019-05-01,2018-06-01,11,6941.865756463896,7223.0,polynomial_ridge_change
4,2019-06-01,2018-06-01,12,6882.6380548706375,7457.0,polynomial_ridge_change
5,2018-07-01,2018-06-01,1,29507.640108749332,30290.0,polynomial_ridge_change
5,2018-08-01,2018-06-01,2,29219.549631898004,29511.0,polynomial_ridge_change
5,2018-09-01,2018-06-01,3,29849.54966538964,28801.0,polynomial_ridge_change
5,2018-10-01,2018-06-01,4,30403.507605721712,27624.0,polynomial_ridge_change
5,2018-11-01,2018-06-01,5,31291.978574047807,28901.0,polynomial_ridge_change
5,2018-12-01,2018-06-01,6,32334.100623493166,29390.0,polynomial_ridge_change
5,2019-01-01,2018-06-01,7,33144.41869748083,32678.0,polynomial_ridge_change
5,2019-02-01,2018-06-01,8,33048.29615578942,31526.0,polynomial_ridge_change
5,2019-03-01,2018-06-01,9,31827.724993895514,30381.0,polynomial_ridge_change
5,2019-04-01,2018-06-01,10,31011.875795551347,28004.0,polynomial_ridge_change
5,2019-05-01,2018-06-01,11,29994.531250353837,30943.0,polynomial_ridge_change
5,2019-06-01,2018-06-01,12,29131.1112802561,30557.0,polynomial_ridge_change
1,2018-07-01,2018-06-01,1,64941.982802948725,64871.0,spline_ridge_change
1,2018-08-01,2018-06-01,2,63457.62573293223,66651.0,spline_ridge_change
1,2018-09-01,2018-06-01,3,62271.818653793875,70204.0,spline_ridge_change
1,2018-10-01,2018-06-01,4,61270.904294992804,66430.0,spline_ridge_change
1,2018-11-01,2018-06-01,5,63008.274703536736,60886.0,spline_ridge_change
1,2018-12-01,2018-06-01,6,66656.69475185366,62894.0,spline_ridge_change
1,2019-01-01,2018-06-01,7,70272.79203288723,72680.0,spline_ridge_change
1,2019-02-01,2018-06-01,8,70954.16129914153,65841.0,spline_ridge_change
1,2019-03-01,2018-06-01,9,67761.7492969284,62461.0,spline_ridge_change
1,2019-04-01,2018-06-01,10,67607.05758543068,60742.0,spline_ridge_change
1,2019-05-01,2018-06-01,11,68549.09438406688,65734.0,spline_ridge_change
1,2019-06-01,2018-06-01,12,69133.6219772083,59764.0,spline_ridge_change
2,2018-07-01,2018-06-01,1,52352.432779375835,53407.0,spline_ridge_change
2,2018-08-01,2018-06-01,2,51502.3818210755,53041.0,spline_ridge_change
2,2018-09-01,2018-06-01,3,51060.140540214685,53164.0,spline_ridge_change
2,2018-10-01,2018-06-01,4,49994.41084969868,47779.0,spline_ridge_change
2,2018-11-01,2018-06-01,5,50716.43973495476,49088.0,spline_ridge_change
2,2018-12-01,2018-06-01,6,53154.42774340645,56136.0,spline_ridge_change
2,2019-01-01,2018-06-01,7,57076.431680352114,60779.0,spline_ridge_change
2,2019-02-01,2018-06-01,8,59067.380156619016,59040.0,spline_ridge_change
2,2019-03-01,2018-06-01,9,57463.7467108312,54545.0,spline_ridge_change
2,2019-04-01,2018-06-01,10,57283.825467991155,51552.0,spline_ridge_change
2,2019-05-01,2018-06-01,11,56144.326398873534,47444.0,spline_ridge_change
2,2019-06-01,2018-06-01,12,55783.34705127711,49584.0,spline_ridge_change
3,2018-07-01,2018-06-01,1,81758.14738194413,78759.0,spline_ridge_change
3,2018-08-01,2018-06-01,2,81449.27401585622,80693.0,spline_ridge_change
3,2018-09-01,2018-06-01,3,80868.9595587522,80803.0,spline_ridge_change
3,2018-10-01,2018-06-01,4,80930.4153439441,84023.0,spline_ridge_change
3,2018-11-01,2018-06-01,5,82085.92270436134,84422.0,spline_ridge_change
3,2018-12-01,2018-06-01,6,83598.2799481963,90756.0,spline_ridge_change
3,2019-01-01,2018-06-01,7,84920.21364660526,88730.0,spline_ridge_change
3,2019-02-01,2018-06-01,8,84636.85148975751,88257.0,spline_ridge_change
3,2019-03-01,2018-06-01,9,83091.43817562908,82307.0,spline_ridge_change
3,2019-04-01,2018-06-01,10,81982.05040116198,84004.0,spline_ridge_change
3,2019-05-01,2018-06-01,11,81558.7820111127,84486.0,spline_ridge_change
3,2019-06-01,2018-06-01,12,81634.54980128177,82552.0,spline_ridge_change
4,2018-07-01,2018-06-01,1,7249.947372908821,6966.0,spline_ridge_change
4,2018-08-01,2018-06-01,2,7188.157978538778,6406.0,spline_ridge_change
4,2018-09-01,2018-06-01,3,7175.844329931458,6998.0,spline_ridge_change
4,2018-10-01,2018-06-01,4,7197.292542832176,6816.0,spline_ridge_change
4,2018-11-01,2018-06-01,5,7250.924473545575,6939.0,spline_ridge_change
4,2018-12-01,2018-06-01,6,7296.100602580192,7324.0,spline_ridge_change
4,2019-01-01,2018-06-01,7,7355.224706772651,7499.0,spline_ridge_change
4,2019-02-01,2018-06-01,8,7426.150928636523,7394.0,spline_ridge_change
4,2019-03-01,2018-06-01,9,7275.47486666286,6861.0,spline_ridge_change
4,2019-04-01,2018-06-01,10,7155.435435550274,6567.0,spline_ridge_change
4,2019-05-01,2018-06-01,11,7035.669897300208,7223.0,spline_ridge_change
4,2019-06-01,2018-06-01,12,6980.545250830682,7457.0,spline_ridge_change
5,2018-07-01,2018-06-01,1,30266.847089130122,30290.0,spline_ridge_change
5,2018-08-01,2018-06-01,2,29759.020361848627,29511.0,spline_ridge_change
5,2018-09-01,2018-06-01,3,29783.153539761603,28801.0,spline_ridge_change
5,2018-10-01,2018-06-01,4,30165.687329203236,27624.0,spline_ridge_change
5,2018-11-01,2018-06-01,5,31164.674283783555,28901.0,spline_ridge_change
5,2018-12-01,2018-06-01,6,32575.641630644684,29390.0,spline_ridge_change
5,2019-01-01,2018-06-01,7,33532.12212754225,32678.0,spline_ridge_change
5,2019-02-01,2018-06-01,8,33330.27282944309,31526.0,spline_ridge_change
5,2019-03-01,2018-06-01,9,31773.232981342037,30381.0,spline_ridge_change
5,2019-04-01,2018-06-01,10,30876.98888991024,28004.0,spline_ridge_change
5,2019-05-01,2018-06-01,11,30346.46281258021,30943.0,spline_ridge_change
5,2019-06-01,2018-06-01,12,30071.88362617671,30557.0,spline_ridge_change
1,2018-07-01,2018-06-01,1,65125.95225331179,64871.0,random_forest_change
1,2018-08-01,2018-06-01,2,63470.68268417423,66651.0,random_forest_change
1,2018-09-01,2018-06-01,3,61425.1179733473,70204.0,random_forest_change
1,2018-10-01,2018-06-01,4,59389.995012085354,66430.0,random_forest_change
1,2018-11-01,2018-06-01,5,62788.27552899165,60886.0,random_forest_change
1,2018-12-01,2018-06-01,6,66486.40793665114,62894.0,random_forest_change
1,2019-01-01,2018-06-01,7,71103.00303743001,72680.0,random_forest_change
1,2019-02-01,2018-06-01,8,70785.72149541262,65841.0,random_forest_change
1,2019-03-01,2018-06-01,9,67139.37889716552,62461.0,random_forest_change
1,2019-04-01,2018-06-01,10,66734.02052142035,60742.0,random_forest_change
1,2019-05-01,2018-06-01,11,67536.81987585269,65734.0,random_forest_change
1,2019-06-01,2018-06-01,12,67452.97791990054,59764.0,random_forest_change
2,2018-07-01,2018-06-01,1,52584.97893100131,53407.0,random_forest_change
2,2018-08-01,2018-06-01,2,51938.217797513615,53041.0,random_forest_change
2,2018-09-01,2018-06-01,3,51144.47458650076,53164.0,random_forest_change
2,2018-10-01,2018-06-01,4,50056.022095142354,47779.0,random_forest_change
2,2018-11-01,2018-06-01,5,52888.1134547166,49088.0,random_forest_change
2,2018-12-01,2018-06-01,6,57099.70063233965,56136.0,random_forest_change
2,2019-01-01,2018-06-01,7,61580.59004998207,60779.0,random_forest_change
2,2019-02-01,2018-06-01,8,61237.75248997812,59040.0,random_forest_change
2,2019-03-01,2018-06-01,9,59124.55383115667,54545.0,random_forest_change
2,2019-04-01,2018-06-01,10,58403.835768553225,51552.0,random_forest_change
2,2019-05-01,2018-06-01,11,57517.90543046358,47444.0,random_forest_change
2,2019-06-01,2018-06-01,12,56872.532396391965,49584.0,random_forest_change
3,2018-07-01,2018-06-01,1,82234.48854693754,78759.0,random_forest_change
3,2018-08-01,2018-06-01,2,81495.40596065046,80693.0,random_forest_change
3,2018-09-01,2018-06-01,3,81030.63733543253,80803.0,random_forest_change
3,2018-10-01,2018-06-01,4,80081.02917558503,84023.0,random_forest_change
3,2018-11-01,2018-06-01,5,82278.23501069601,84422.0,random_forest_change
3,2018-12-01,2018-06-01,6,83144.66729211231,90756.0,random_forest_change
3,2019-01-01,2018-06-01,7,84627.79293638878,88730.0,random_forest_change
3,2019-02-01,2018-06-01,8,83036.86044667751,88257.0,random_forest_change
3,2019-03-01,2018-06-01,9,81338.73111968098,82307.0,random_forest_change
3,2019-04-01,2018-06-01,10,80209.82912042941,84004.0,random_forest_change
3,2019-05-01,2018-06-01,11,80112.5239783403,84486.0,random_forest_change
3,2019-06-01,2018-06-01,12,80159.38905536132,82552.0,random_forest_change
4,2018-07-01,2018-06-01,1,7204.384340384088,6966.0,random_forest_change
4,2018-08-01,2018-06-01,2,7101.28095936282,6406.0,random_forest_change
4,2018-09-01,2018-06-01,3,7075.52802819555,6998.0,random_forest_change
4,2018-10-01,2018-06-01,4,7137.456088448124,6816.0,random_forest_change
4,2018-11-01,2018-06-01,5,7244.952223286635,6939.0,random_forest_change
4,2018-12-01,2018-06-01,6,7358.991724253536,7324.0,random_forest_change
4,2019-01-01,2018-06-01,7,7448.4701004772305,7499.0,random_forest_change
4,2019-02-01,2018-06-01,8,7368.5748558663,7394.0,random_forest_change
4,2019-03-01,2018-06-01,9,7104.958509260312,6861.0,random_forest_change
4,2019-04-01,2018-06-01,10,6971.953959292246,6567.0,random_forest_change
4,2019-05-01,2018-06-01,11,6905.246321702903,7223.0,random_forest_change
4,2019-06-01,2018-06-01,12,6883.673189322464,7457.0,random_forest_change
5,2018-07-01,2018-06-01,1,29783.065831682434,30290.0,random_forest_change
5,2018-08-01,2018-06-01,2,28976.01630856243,29511.0,random_forest_change
5,2018-09-01,2018-06-01,3,29061.94335401089,28801.0,random_forest_change
5,2018-10-01,2018-06-01,4,28652.63266835558,27624.0,random_forest_change
5,2018-11-01,2018-06-01,5,30507.66413270659,28901.0,random_forest_change
5,2018-12-01,2018-06-01,6,32105.13514417388,29390.0,random_forest_change
5,2019-01-01,2018-06-01,7,33470.149876518335,32678.0,random_forest_change
5,2019-02-01,2018-06-01,8,32211.554736442864,31526.0,random_forest_change
5,2019-03-01,2018-06-01,9,30520.889858688308,30381.0,random_forest_change
5,2019-04-01,2018-06-01,10,29692.44414870618,28004.0,random_forest_change
5,2019-05-01,2018-06-01,11,28935.317190409147,30943.0,random_forest_change
5,2019-06-01,2018-06-01,12,28411.287188639395,30557.0,random_forest_change
1,2018-07-01,2018-06-01,1,64841.9296875,64871.0,xgboost_change
1,2018-08-01,2018-06-01,2,64117.7421875,66651.0,xgboost_change
1,2018-09-01,2018-06-01,3,62797.42578125,70204.0,xgboost_change
1,2018-10-01,2018-06-01,4,59556.875,66430.0,xgboost_change
1,2018-11-01,2018-06-01,5,62385.7578125,60886.0,xgboost_change
1,2018-12-01,2018-06-01,6,66776.0390625,62894.0,xgboost_change
1,2019-01-01,2018-06-01,7,71196.4453125,72680.0,xgboost_change
1,2019-02-01,2018-06-01,8,72296.6171875,65841.0,xgboost_change
1,2019-03-01,2018-06-01,9,69017.734375,62461.0,xgboost_change
1,2019-04-01,2018-06-01,10,69428.359375,60742.0,xgboost_change
1,2019-05-01,2018-06-01,11,70882.9765625,65734.0,xgboost_change
1,2019-06-01,2018-06-01,12,72411.03125,59764.0,xgboost_change
2,2018-07-01,2018-06-01,1,52223.80078125,53407.0,xgboost_change
2,2018-08-01,2018-06-01,2,51247.2109375,53041.0,xgboost_change
2,2018-09-01,2018-06-01,3,49951.09375,53164.0,xgboost_change
2,2018-10-01,2018-06-01,4,48357.6015625,47779.0,xgboost_change
2,2018-11-01,2018-06-01,5,49700.98828125,49088.0,xgboost_change
2,2018-12-01,2018-06-01,6,53718.0546875,56136.0,xgboost_change
2,2019-01-01,2018-06-01,7,59025.71484375,60779.0,xgboost_change
2,2019-02-01,2018-06-01,8,60465.078125,59040.0,xgboost_change
2,2019-03-01,2018-06-01,9,58856.05078125,54545.0,xgboost_change
2,2019-04-01,2018-06-01,10,58196.16015625,51552.0,xgboost_change
2,2019-05-01,2018-06-01,11,57340.734375,47444.0,xgboost_change
2,2019-06-01,2018-06-01,12,56580.5625,49584.0,xgboost_change
3,2018-07-01,2018-06-01,1,81548.9921875,78759.0,xgboost_change
3,2018-08-01,2018-06-01,2,81124.859375,80693.0,xgboost_change
3,2018-09-01,2018-06-01,3,80702.203125,80803.0,xgboost_change
3,2018-10-01,2018-06-01,4,79450.90625,84023.0,xgboost_change
3,2018-11-01,2018-06-01,5,81866.5,84422.0,xgboost_change
3,2018-12-01,2018-06-01,6,82372.4296875,90756.0,xgboost_change
3,2019-01-01,2018-06-01,7,84280.0625,88730.0,xgboost_change
3,2019-02-01,2018-06-01,8,82671.46875,88257.0,xgboost_change
3,2019-03-01,2018-06-01,9,81098.9609375,82307.0,xgboost_change
3,2019-04-01,2018-06-01,10,79761.421875,84004.0,xgboost_change
3,2019-05-01,2018-06-01,11,80387.15625,84486.0,xgboost_change
3,2019-06-01,2018-06-01,12,80088.4921875,82552.0,xgboost_change
4,2018-07-01,2018-06-01,1,7144.9150390625,6966.0,xgboost_change
4,2018-08-01,2018-06-01,2,7009.40185546875,6406.0,xgboost_change
4,2018-09-01,2018-06-01,3,6998.09130859375,6998.0,xgboost_change
4,2018-10-01,2018-06-01,4,7114.09423828125,6816.0,xgboost_change
4,2018-11-01,2018-06-01,5,7274.28466796875,6939.0,xgboost_change
4,2018-12-01,2018-06-01,6,7434.25732421875,7324.0,xgboost_change
4,2019-01-01,2018-06-01,7,7538.23193359375,7499.0,xgboost_change
4,2019-02-01,2018-06-01,8,7534.67041015625,7394.0,xgboost_change
4,2019-03-01,2018-06-01,9,7252.51220703125,6861.0,xgboost_change
4,2019-04-01,2018-06-01,10,7074.81591796875,6567.0,xgboost_change
4,2019-05-01,2018-06-01,11,6930.0224609375,7223.0,xgboost_change
4,2019-06-01,2018-06-01,12,6896.302734375,7457.0,xgboost_change
5,2018-07-01,2018-06-01,1,30228.21484375,30290.0,xgboost_change
5,2018-08-01,2018-06-01,2,29595.91796875,29511.0,xgboost_change
5,2018-09-01,2018-06-01,3,29412.056640625,28801.0,xgboost_change
5,2018-10-01,2018-06-01,4,29256.763671875,27624.0,xgboost_change
5,2018-11-01,2018-06-01,5,30754.916015625,28901.0,xgboost_change
5,2018-12-01,2018-06-01,6,31957.412109375,29390.0,xgboost_change
5,2019-01-01,2018-06-01,7,32982.50390625,32678.0,xgboost_change
5,2019-02-01,2018-06-01,8,31842.05078125,31526.0,xgboost_change
5,2019-03-01,2018-06-01,9,30448.04296875,30381.0,xgboost_change
5,2019-04-01,2018-06-01,10,29402.96484375,28004.0,xgboost_change
5,2019-05-01,2018-06-01,11,28937.6171875,30943.0,xgboost_change
5,2019-06-01,2018-06-01,12,28405.498046875,30557.0,xgboost_change
1,2018-07-01,2018-06-01,1,64291.65616878316,64871.0,neural_network_change
1,2018-08-01,2018-06-01,2,63717.18255122875,66651.0,neural_network_change
1,2018-09-01,2018-06-01,3,64329.53900377054,70204.0,neural_network_change
1,2018-10-01,2018-06-01,4,63038.56905237188,66430.0,neural_network_change
1,2018-11-01,2018-06-01,5,64466.88323705137,60886.0,neural_network_change
1,2018-12-01,2018-06-01,6,67058.58521200028,62894.0,neural_network_change
1,2019-01-01,2018-06-01,7,70930.79584063998,72680.0,neural_network_change
1,2019-02-01,2018-06-01,8,72016.9134099304,65841.0,neural_network_change
1,2019-03-01,2018-06-01,9,68237.02037138017,62461.0,neural_network_change
1,2019-04-01,2018-06-01,10,69090.00728190213,60742.0,neural_network_change
1,2019-05-01,2018-06-01,11,69710.3100198321,65734.0,neural_network_change
1,2019-06-01,2018-06-01,12,69627.84036601239,59764.0,neural_network_change
2,2018-07-01,2018-06-01,1,52260.40223291286,53407.0,neural_network_change
2,2018-08-01,2018-06-01,2,52277.31469992722,53041.0,neural_network_change
2,2018-09-01,2018-06-01,3,52514.47640280598,53164.0,neural_network_change
2,2018-10-01,2018-06-01,4,50979.030807500465,47779.0,neural_network_change
2,2018-11-01,2018-06-01,5,52046.51295922584,49088.0,neural_network_change
2,2018-12-01,2018-06-01,6,54295.64010528101,56136.0,neural_network_change
2,2019-01-01,2018-06-01,7,58494.33991087627,60779.0,neural_network_change
2,2019-02-01,2018-06-01,8,60375.187758166976,59040.0,neural_network_change
2,2019-03-01,2018-06-01,9,58014.7941208839,54545.0,neural_network_change
2,2019-04-01,2018-06-01,10,57968.43727786632,51552.0,neural_network_change
2,2019-05-01,2018-06-01,11,55548.190000473536,47444.0,neural_network_change
2,2019-06-01,2018-06-01,12,54788.3701835235,49584.0,neural_network_change
3,2018-07-01,2018-06-01,1,81723.64040423968,78759.0,neural_network_change
3,2018-08-01,2018-06-01,2,81590.23185961467,80693.0,neural_network_change
3,2018-09-01,2018-06-01,3,81454.3716042437,80803.0,neural_network_change
3,2018-10-01,2018-06-01,4,81504.92928814993,84023.0,neural_network_change
3,2018-11-01,2018-06-01,5,82503.16914442992,84422.0,neural_network_change
3,2018-12-01,2018-06-01,6,83763.5959191309,90756.0,neural_network_change
3,2019-01-01,2018-06-01,7,85098.42883165152,88730.0,neural_network_change
3,2019-02-01,2018-06-01,8,84925.20838614444,88257.0,neural_network_change
3,2019-03-01,2018-06-01,9,83350.56906201498,82307.0,neural_network_change
3,2019-04-01,2018-06-01,10,82196.02892405287,84004.0,neural_network_change
3,2019-05-01,2018-06-01,11,81433.97143497058,84486.0,neural_network_change
3,2019-06-01,2018-06-01,12,80943.78994593478,82552.0,neural_network_change
4,2018-07-01,2018-06-01,1,7028.559225548955,6966.0,neural_network_change
4,2018-08-01,2018-06-01,2,6912.510081376363,6406.0,neural_network_change
4,2018-09-01,2018-06-01,3,7003.586849937674,6998.0,neural_network_change
4,2018-10-01,2018-06-01,4,7102.388500717669,6816.0,neural_network_change
4,2018-11-01,2018-06-01,5,7266.631276727346,6939.0,neural_network_change
4,2018-12-01,2018-06-01,6,7417.155794434852,7324.0,neural_network_change
4,2019-01-01,2018-06-01,7,7504.4734575393795,7499.0,neural_network_change
4,2019-02-01,2018-06-01,8,7666.662007801132,7394.0,neural_network_change
4,2019-03-01,2018-06-01,9,7415.89812193693,6861.0,neural_network_change
4,2019-04-01,2018-06-01,10,7208.102212272818,6567.0,neural_network_change
4,2019-05-01,2018-06-01,11,6938.323739153767,7223.0,neural_network_change
4,2019-06-01,2018-06-01,12,6785.094652264083,7457.0,neural_network_change
5,2018-07-01,2018-06-01,1,29925.83869356924,30290.0,neural_network_change
5,2018-08-01,2018-06-01,2,29364.303567141495,29511.0,neural_network_change
5,2018-09-01,2018-06-01,3,29692.135753217543,28801.0,neural_network_change
5,2018-10-01,2018-06-01,4,30120.391135990383,27624.0,neural_network_change
5,2018-11-01,2018-06-01,5,30988.604796870794,28901.0,neural_network_change
5,2018-12-01,2018-06-01,6,32206.25069220225,29390.0,neural_network_change
5,2019-01-01,2018-06-01,7,33106.87038093389,32678.0,neural_network_change
5,2019-02-01,2018-06-01,8,33039.51414552195,31526.0,neural_network_change
5,2019-03-01,2018-06-01,9,31629.8212500506,30381.0,neural_network_change
5,2019-04-01,2018-06-01,10,30881.65575357056,28004.0,neural_network_change
5,2019-05-01,2018-06-01,11,29845.14518045271,30943.0,neural_network_change
5,2019-06-01,2018-06-01,12,29113.199074782933,30557.0,neural_network_change
1,2018-07-01,2018-06-01,1,65020.62386549616,64871.0,seasonal_residual_change
1,2018-08-01,2018-06-01,2,63141.699363428066,66651.0,seasonal_residual_change
1,2018-09-01,2018-06-01,3,62293.84897855473,70204.0,seasonal_residual_change
1,2018-10-01,2018-06-01,4,60028.57934387565,66430.0,seasonal_residual_change
1,2018-11-01,2018-06-01,5,61829.59185613004,60886.0,seasonal_residual_change
1,2018-12-01,2018-06-01,6,65653.42998899762,62894.0,seasonal_residual_change
1,2019-01-01,2018-06-01,7,71970.38692072689,72680.0,seasonal_residual_change
1,2019-02-01,2018-06-01,8,71099.93038636543,65841.0,seasonal_residual_change
1,2019-03-01,2018-06-01,9,66727.33758495445,62461.0,seasonal_residual_change
1,2019-04-01,2018-06-01,10,68569.68137904326,60742.0,seasonal_residual_change
1,2019-05-01,2018-06-01,11,70785.96385368434,65734.0,seasonal_residual_change
1,2019-06-01,2018-06-01,12,70943.57305789918,59764.0,seasonal_residual_change
2,2018-07-01,2018-06-01,1,52002.86617834672,53407.0,seasonal_residual_change
2,2018-08-01,2018-06-01,2,51352.11695868429,53041.0,seasonal_residual_change
2,2018-09-01,2018-06-01,3,51087.27322260072,53164.0,seasonal_residual_change
2,2018-10-01,2018-06-01,4,48852.84973752726,47779.0,seasonal_residual_change
2,2018-11-01,2018-06-01,5,50539.066648341846,49088.0,seasonal_residual_change
2,2018-12-01,2018-06-01,6,54322.30483456478,56136.0,seasonal_residual_change
2,2019-01-01,2018-06-01,7,59048.443478738154,60779.0,seasonal_residual_change
2,2019-02-01,2018-06-01,8,59712.079833246455,59040.0,seasonal_residual_change
2,2019-03-01,2018-06-01,9,57381.911364454674,54545.0,seasonal_residual_change
2,2019-04-01,2018-06-01,10,57380.34973073437,51552.0,seasonal_residual_change
2,2019-05-01,2018-06-01,11,54913.2796364558,47444.0,seasonal_residual_change
2,2019-06-01,2018-06-01,12,55015.89411043367,49584.0,seasonal_residual_change
3,2018-07-01,2018-06-01,1,82031.46971993419,78759.0,seasonal_residual_change
3,2018-08-01,2018-06-01,2,81658.25933344415,80693.0,seasonal_residual_change
3,2018-09-01,2018-06-01,3,82374.74299363636,80803.0,seasonal_residual_change
3,2018-10-01,2018-06-01,4,81979.73020363561,84023.0,seasonal_residual_change
3,2018-11-01,2018-06-01,5,83481.66409230462,84422.0,seasonal_residual_change
3,2018-12-01,2018-06-01,6,85708.00385312748,90756.0,seasonal_residual_change
3,2019-01-01,2018-06-01,7,87149.09528837632,88730.0,seasonal_residual_change
3,2019-02-01,2018-06-01,8,86702.55050742922,88257.0,seasonal_residual_change
3,2019-03-01,2018-06-01,9,85021.34787774655,82307.0,seasonal_residual_change
3,2019-04-01,2018-06-01,10,83935.52282645665,84004.0,seasonal_residual_change
3,2019-05-01,2018-06-01,11,83464.39785128605,84486.0,seasonal_residual_change
3,2019-06-01,2018-06-01,12,82736.8831580677,82552.0,seasonal_residual_change
4,2018-07-01,2018-06-01,1,7222.316707839099,6966.0,seasonal_residual_change
4,2018-08-01,2018-06-01,2,7220.678722228434,6406.0,seasonal_residual_change
4,2018-09-01,2018-06-01,3,7377.688660644466,6998.0,seasonal_residual_change
4,2018-10-01,2018-06-01,4,7411.761155558516,6816.0,seasonal_residual_change
4,2018-11-01,2018-06-01,5,7923.155532172774,6939.0,seasonal_residual_change
4,2018-12-01,2018-06-01,6,7987.962619438201,7324.0,seasonal_residual_change
4,2019-01-01,2018-06-01,7,8143.311249688063,7499.0,seasonal_residual_change
4,2019-02-01,2018-06-01,8,8160.426140257869,7394.0,seasonal_residual_change
4,2019-03-01,2018-06-01,9,7706.385403675957,6861.0,seasonal_residual_change
4,2019-04-01,2018-06-01,10,7454.338907389061,6567.0,seasonal_residual_change
4,2019-05-01,2018-06-01,11,7457.932579330333,7223.0,seasonal_residual_change
4,2019-06-01,2018-06-01,12,7219.774591378546,7457.0,seasonal_residual_change
5,2018-07-01,2018-06-01,1,30355.495025788405,30290.0,seasonal_residual_change
5,2018-08-01,2018-06-01,2,29582.183377669313,29511.0,seasonal_residual_change
5,2018-09-01,2018-06-01,3,30155.148324378315,28801.0,seasonal_residual_change
5,2018-10-01,2018-06-01,4,29855.751089229834,27624.0,seasonal_residual_change
5,2018-11-01,2018-06-01,5,31268.69293934804,28901.0,seasonal_residual_change
5,2018-12-01,2018-06-01,6,32134.4789735303,29390.0,seasonal_residual_change
5,2019-01-01,2018-06-01,7,33454.78945396687,32678.0,seasonal_residual_change
5,2019-02-01,2018-06-01,8,32109.69100026136,31526.0,seasonal_residual_change
5,2019-03-01,2018-06-01,9,30362.83888561675,30381.0,seasonal_residual_change
5,2019-04-01,2018-06-01,10,29746.908678717456,28004.0,seasonal_residual_change
5,2019-05-01,2018-06-01,11,28924.08682405228,30943.0,seasonal_residual_change
5,2019-06-01,2018-06-01,12,28075.394900289255,30557.0,seasonal_residual_change
1,2018-07-01,2018-06-01,1,64060.12647524408,64871.0,huber_change
1,2018-08-01,2018-06-01,2,63587.52688673434,66651.0,huber_change
1,2018-09-01,2018-06-01,3,64231.27569608129,70204.0,huber_change
1,2018-10-01,2018-06-01,4,62951.083869262664,66430.0,huber_change
1,2018-11-01,2018-06-01,5,63941.67494272126,60886.0,huber_change
1,2018-12-01,2018-06-01,6,66152.04710312751,62894.0,huber_change
1,2019-01-01,2018-06-01,7,69562.79127683895,72680.0,huber_change
1,2019-02-01,2018-06-01,8,70957.90996127248,65841.0,huber_change
1,2019-03-01,2018-06-01,9,67903.12180935129,62461.0,huber_change
1,2019-04-01,2018-06-01,10,68723.57911390156,60742.0,huber_change
1,2019-05-01,2018-06-01,11,69037.37915565145,65734.0,huber_change
1,2019-06-01,2018-06-01,12,68766.45833438772,59764.0,huber_change
2,2018-07-01,2018-06-01,1,52467.03538898753,53407.0,huber_change
2,2018-08-01,2018-06-01,2,52537.262700416104,53041.0,huber_change
2,2018-09-01,2018-06-01,3,52567.84441367492,53164.0,huber_change
2,2018-10-01,2018-06-01,4,50718.420518206476,47779.0,huber_change
2,2018-11-01,2018-06-01,5,51494.90267701472,49088.0,huber_change
2,2018-12-01,2018-06-01,6,53378.66295686894,56136.0,huber_change
2,2019-01-01,2018-06-01,7,57213.164902847966,60779.0,huber_change
2,2019-02-01,2018-06-01,8,59005.25525165954,59040.0,huber_change
2,2019-03-01,2018-06-01,9,56873.11736007753,54545.0,huber_change
2,2019-04-01,2018-06-01,10,57252.56789646635,51552.0,huber_change
2,2019-05-01,2018-06-01,11,55188.51965052469,47444.0,huber_change
2,2019-06-01,2018-06-01,12,54817.948399352485,49584.0,huber_change
3,2018-07-01,2018-06-01,1,81391.38295270666,78759.0,huber_change
3,2018-08-01,2018-06-01,2,81552.08326638259,80693.0,huber_change
3,2018-09-01,2018-06-01,3,81186.70896166233,80803.0,huber_change
3,2018-10-01,2018-06-01,4,81614.99813470738,84023.0,huber_change
3,2018-11-01,2018-06-01,5,82448.98936219448,84422.0,huber_change
3,2018-12-01,2018-06-01,6,83875.59246586522,90756.0,huber_change
3,2019-01-01,2018-06-01,7,85019.66898612524,88730.0,huber_change
3,2019-02-01,2018-06-01,8,85225.58758625003,88257.0,huber_change
3,2019-03-01,2018-06-01,9,83906.85895300448,82307.0,huber_change
3,2019-04-01,2018-06-01,10,82848.02799854094,84004.0,huber_change
3,2019-05-01,2018-06-01,11,82197.25943729014,84486.0,huber_change
3,2019-06-01,2018-06-01,12,81672.61150139311,82552.0,huber_change
4,2018-07-01,2018-06-01,1,7067.144625326594,6966.0,huber_change
4,2018-08-01,2018-06-01,2,7020.623176915931,6406.0,huber_change
4,2018-09-01,2018-06-01,3,7164.020456590111,6998.0,huber_change
4,2018-10-01,2018-06-01,4,7289.079198760775,6816.0,huber_change
4,2018-11-01,2018-06-01,5,7433.84005038742,6939.0,huber_change
4,2018-12-01,2018-06-01,6,7550.354181202931,7324.0,huber_change
4,2019-01-01,2018-06-01,7,7546.932300080175,7499.0,huber_change
4,2019-02-01,2018-06-01,8,7634.010824312537,7394.0,huber_change
4,2019-03-01,2018-06-01,9,7472.687141524222,6861.0,huber_change
4,2019-04-01,2018-06-01,10,7207.178484563687,6567.0,huber_change
4,2019-05-01,2018-06-01,11,6907.658856214118,7223.0,huber_change
4,2019-06-01,2018-06-01,12,6828.289724915267,7457.0,huber_change
5,2018-07-01,2018-06-01,1,29570.07795800177,30290.0,huber_change
5,2018-08-01,2018-06-01,2,29188.561012235583,29511.0,huber_change
5,2018-09-01,2018-06-01,3,29772.62083378603,28801.0,huber_change
5,2018-10-01,2018-06-01,4,30256.26365061051,27624.0,huber_change
5,2018-11-01,2018-06-01,5,31095.564274707092,28901.0,huber_change
5,2018-12-01,2018-06-01,6,32083.36157500147,29390.0,huber_change
5,2019-01-01,2018-06-01,7,32843.127743204524,32678.0,huber_change
5,2019-02-01,2018-06-01,8,32715.49484864692,31526.0,huber_change
5,2019-03-01,2018-06-01,9,31502.653475139283,30381.0,huber_change
5,2019-04-01,2018-06-01,10,30729.67286101033,28004.0,huber_change
5,2019-05-01,2018-06-01,11,29710.485722822898,30943.0,huber_change
5,2019-06-01,2018-06-01,12,28808.31261627131,30557.0,huber_change
1,2021-07-01,2021-06-01,1,69877.0,62682.0,persistence
1,2021-08-01,2021-06-01,2,69877.0,55205.0,persistence
1,2021-09-01,2021-06-01,3,69877.0,59038.0,persistence
1,2021-10-01,2021-06-01,4,69877.0,53113.0,persistence
1,2021-11-01,2021-06-01,5,69877.0,56872.0,persistence
1,2021-12-01,2021-06-01,6,69877.0,61830.0,persistence
1,2022-01-01,2021-06-01,7,69877.0,65541.0,persistence
1,2022-02-01,2021-06-01,8,69877.0,61884.0,persistence
1,2022-03-01,2021-06-01,9,69877.0,56984.0,persistence
1,2022-04-01,2021-06-01,10,69877.0,52786.0,persistence
1,2022-05-01,2021-06-01,11,69877.0,53989.0,persistence
1,2022-06-01,2021-06-01,12,69877.0,53605.0,persistence
2,2021-07-01,2021-06-01,1,50642.0,48408.0,persistence
2,2021-08-01,2021-06-01,2,50642.0,47039.0,persistence
2,2021-09-01,2021-06-01,3,50642.0,46774.0,persistence
2,2021-10-01,2021-06-01,4,50642.0,44972.0,persistence
2,2021-11-01,2021-06-01,5,50642.0,46868.0,persistence
2,2021-12-01,2021-06-01,6,50642.0,50741.0,persistence
2,2022-01-01,2021-06-01,7,50642.0,58762.0,persistence
2,2022-02-01,2021-06-01,8,50642.0,60755.0,persistence
2,2022-03-01,2021-06-01,9,50642.0,56540.0,persistence
2,2022-04-01,2021-06-01,10,50642.0,50322.0,persistence
2,2022-05-01,2021-06-01,11,50642.0,45569.0,persistence
2,2022-06-01,2021-06-01,12,50642.0,46726.0,persistence
3,2021-07-01,2021-06-01,1,81630.0,83487.0,persistence
3,2021-08-01,2021-06-01,2,81630.0,85788.0,persistence
3,2021-09-01,2021-06-01,3,81630.0,83027.0,persistence
3,2021-10-01,2021-06-01,4,81630.0,82699.0,persistence
3,2021-11-01,2021-06-01,5,81630.0,81693.0,persistence
3,2021-12-01,2021-06-01,6,81630.0,81739.0,persistence
3,2022-01-01,2021-06-01,7,81630.0,86386.0,persistence
3,2022-02-01,2021-06-01,8,81630.0,89172.0,persistence
3,2022-03-01,2021-06-01,9,81630.0,86966.0,persistence
3,2022-04-01,2021-06-01,10,81630.0,88321.0,persistence
3,2022-05-01,2021-06-01,11,81630.0,83768.0,persistence
3,2022-06-01,2021-06-01,12,81630.0,83948.0,persistence
4,2021-07-01,2021-06-01,1,6162.0,6234.0,persistence
4,2021-08-01,2021-06-01,2,6162.0,6718.0,persistence
4,2021-09-01,2021-06-01,3,6162.0,7644.0,persistence
4,2021-10-01,2021-06-01,4,6162.0,7594.0,persistence
4,2021-11-01,2021-06-01,5,6162.0,7777.0,persistence
4,2021-12-01,2021-06-01,6,6162.0,8147.0,persistence
4,2022-01-01,2021-06-01,7,6162.0,8910.0,persistence
4,2022-02-01,2021-06-01,8,6162.0,8302.0,persistence
4,2022-03-01,2021-06-01,9,6162.0,8083.0,persistence
4,2022-04-01,2021-06-01,10,6162.0,7951.0,persistence
4,2022-05-01,2021-06-01,11,6162.0,6140.0,persistence
4,2022-06-01,2021-06-01,12,6162.0,6448.0,persistence
5,2021-07-01,2021-06-01,1,28976.0,29953.0,persistence
5,2021-08-01,2021-06-01,2,28976.0,30801.0,persistence
5,2021-09-01,2021-06-01,3,28976.0,30565.0,persistence
5,2021-10-01,2021-06-01,4,28976.0,28318.0,persistence
5,2021-11-01,2021-06-01,5,28976.0,27388.0,persistence
5,2021-12-01,2021-06-01,6,28976.0,29721.0,persistence
5,2022-01-01,2021-06-01,7,28976.0,32182.0,persistence
5,2022-02-01,2021-06-01,8,28976.0,30148.0,persistence
5,2022-03-01,2021-06-01,9,28976.0,29929.0,persistence
5,2022-04-01,2021-06-01,10,28976.0,30640.0,persistence
5,2022-05-01,2021-06-01,11,28976.0,31257.0,persistence
5,2022-06-01,2021-06-01,12,28976.0,30290.0,persistence
1,2021-07-01,2021-06-01,1,69204.0,62682.0,seasonal_naive
1,2021-08-01,2021-06-01,2,62131.0,55205.0,seasonal_naive
1,2021-09-01,2021-06-01,3,61839.0,59038.0,seasonal_naive
1,2021-10-01,2021-06-01,4,61701.0,53113.0,seasonal_naive
1,2021-11-01,2021-06-01,5,67299.0,56872.0,seasonal_naive
1,2021-12-01,2021-06-01,6,68522.0,61830.0,seasonal_naive
1,2022-01-01,2021-06-01,7,67084.0,65541.0,seasonal_naive
1,2022-02-01,2021-06-01,8,68408.0,61884.0,seasonal_naive
1,2022-03-01,2021-06-01,9,65099.0,56984.0,seasonal_naive
1,2022-04-01,2021-06-01,10,63466.0,52786.0,seasonal_naive
1,2022-05-01,2021-06-01,11,66423.0,53989.0,seasonal_naive
1,2022-06-01,2021-06-01,12,69877.0,53605.0,seasonal_naive
2,2021-07-01,2021-06-01,1,50708.0,48408.0,seasonal_naive
2,2021-08-01,2021-06-01,2,48599.0,47039.0,seasonal_naive
2,2021-09-01,2021-06-01,3,46205.0,46774.0,seasonal_naive
2,2021-10-01,2021-06-01,4,47628.0,44972.0,seasonal_naive
2,2021-11-01,2021-06-01,5,52602.0,46868.0,seasonal_naive
2,2021-12-01,2021-06-01,6,50862.0,50741.0,seasonal_naive
2,2022-01-01,2021-06-01,7,55101.0,58762.0,seasonal_naive
2,2022-02-01,2021-06-01,8,52698.0,60755.0,seasonal_naive
2,2022-03-01,2021-06-01,9,50642.0,56540.0,seasonal_naive
2,2022-04-01,2021-06-01,10,49224.0,50322.0,seasonal_naive
2,2022-05-01,2021-06-01,11,47745.0,45569.0,seasonal_naive
2,2022-06-01,2021-06-01,12,50642.0,46726.0,seasonal_naive
3,2021-07-01,2021-06-01,1,93286.0,83487.0,seasonal_naive
3,2021-08-01,2021-06-01,2,90034.0,85788.0,seasonal_naive
3,2021-09-01,2021-06-01,3,80434.0,83027.0,seasonal_naive
3,2021-10-01,2021-06-01,4,81732.0,82699.0,seasonal_naive
3,2021-11-01,2021-06-01,5,82158.0,81693.0,seasonal_naive
3,2021-12-01,2021-06-01,6,83950.0,81739.0,seasonal_naive
3,2022-01-01,2021-06-01,7,91149.0,86386.0,seasonal_naive
3,2022-02-01,2021-06-01,8,79073.0,89172.0,seasonal_naive
3,2022-03-01,2021-06-01,9,82077.0,86966.0,seasonal_naive
3,2022-04-01,2021-06-01,10,87052.0,88321.0,seasonal_naive
3,2022-05-01,2021-06-01,11,89188.0,83768.0,seasonal_naive
3,2022-06-01,2021-06-01,12,81630.0,83948.0,seasonal_naive
4,2021-07-01,2021-06-01,1,7333.0,6234.0,seasonal_naive
4,2021-08-01,2021-06-01,2,7367.0,6718.0,seasonal_naive
4,2021-09-01,2021-06-01,3,7592.0,7644.0,seasonal_naive
4,2021-10-01,2021-06-01,4,7588.0,7594.0,seasonal_naive
4,2021-11-01,2021-06-01,5,8440.0,7777.0,seasonal_naive
4,2021-12-01,2021-06-01,6,8657.0,8147.0,seasonal_naive
4,2022-01-01,2021-06-01,7,8868.0,8910.0,seasonal_naive
4,2022-02-01,2021-06-01,8,8844.0,8302.0,seasonal_naive
4,2022-03-01,2021-06-01,9,8564.0,8083.0,seasonal_naive
4,2022-04-01,2021-06-01,10,8119.0,7951.0,seasonal_naive
4,2022-05-01,2021-06-01,11,7258.0,6140.0,seasonal_naive
4,2022-06-01,2021-06-01,12,6162.0,6448.0,seasonal_naive
5,2021-07-01,2021-06-01,1,29829.0,29953.0,seasonal_naive
5,2021-08-01,2021-06-01,2,29403.0,30801.0,seasonal_naive
5,2021-09-01,2021-06-01,3,31508.0,30565.0,seasonal_naive
5,2021-10-01,2021-06-01,4,28967.0,28318.0,seasonal_naive
5,2021-11-01,2021-06-01,5,30731.0,27388.0,seasonal_naive
5,2021-12-01,2021-06-01,6,31404.0,29721.0,seasonal_naive
5,2022-01-01,2021-06-01,7,33159.0,32182.0,seasonal_naive
5,2022-02-01,2021-06-01,8,32250.0,30148.0,seasonal_naive
5,2022-03-01,2021-06-01,9,31464.0,29929.0,seasonal_naive
5,2022-04-01,2021-06-01,10,30761.0,30640.0,seasonal_naive
5,2022-05-01,2021-06-01,11,29562.0,31257.0,seasonal_naive
5,2022-06-01,2021-06-01,12,28976.0,30290.0,seasonal_naive
1,2021-07-01,2021-06-01,1,68411.8,62682.0,seasonal_change
1,2021-08-01,2021-06-01,2,67746.8,55205.0,seasonal_change
1,2021-09-01,2021-06-01,3,67248.0,59038.0,seasonal_change
1,2021-10-01,2021-06-01,4,64484.8,53113.0,seasonal_change
1,2021-11-01,2021-06-01,5,64654.600000000006,56872.0,seasonal_change
1,2021-12-01,2021-06-01,6,67172.40000000001,61830.0,seasonal_change
1,2022-01-01,2021-06-01,7,74269.8,65541.0,seasonal_change
1,2022-02-01,2021-06-01,8,71468.8,61884.0,seasonal_change
1,2022-03-01,2021-06-01,9,66281.8,56984.0,seasonal_change
1,2022-04-01,2021-06-01,10,68984.55,52786.0,seasonal_change
1,2022-05-01,2021-06-01,11,71856.75,53989.0,seasonal_change
1,2022-06-01,2021-06-01,12,71144.95,53605.0,seasonal_change
2,2021-07-01,2021-06-01,1,49835.6,48408.0,seasonal_change
2,2021-08-01,2021-06-01,2,49888.6,47039.0,seasonal_change
2,2021-09-01,2021-06-01,3,48995.799999999996,46774.0,seasonal_change
2,2021-10-01,2021-06-01,4,45767.2,44972.0,seasonal_change
2,2021-11-01,2021-06-01,5,47769.799999999996,46868.0,seasonal_change
2,2021-12-01,2021-06-01,6,52505.99999999999,50741.0,seasonal_change
2,2022-01-01,2021-06-01,7,58298.59999999999,58762.0,seasonal_change
2,2022-02-01,2021-06-01,8,58216.59999999999,60755.0,seasonal_change
2,2022-03-01,2021-06-01,9,54785.09999999999,56540.0,seasonal_change
2,2022-04-01,2021-06-01,10,53285.09999999999,50322.0,seasonal_change
2,2022-05-01,2021-06-01,11,51155.29999999999,45569.0,seasonal_change
2,2022-06-01,2021-06-01,12,51647.89999999999,46726.0,seasonal_change
3,2021-07-01,2021-06-01,1,81445.0,83487.0,seasonal_change
3,2021-08-01,2021-06-01,2,79568.6,85788.0,seasonal_change
3,2021-09-01,2021-06-01,3,81440.40000000001,83027.0,seasonal_change
3,2021-10-01,2021-06-01,4,81704.8,82699.0,seasonal_change
3,2021-11-01,2021-06-01,5,83009.40000000001,81693.0,seasonal_change
3,2021-12-01,2021-06-01,6,87848.8,81739.0,seasonal_change
3,2022-01-01,2021-06-01,7,90007.2,86386.0,seasonal_change
3,2022-02-01,2021-06-01,8,87287.0,89172.0,seasonal_change
3,2022-03-01,2021-06-01,9,84172.5,86966.0,seasonal_change
3,2022-04-01,2021-06-01,10,83680.0,88321.0,seasonal_change
3,2022-05-01,2021-06-01,11,84786.4,83768.0,seasonal_change
3,2022-06-01,2021-06-01,12,82788.0,83948.0,seasonal_change
4,2021-07-01,2021-06-01,1,5963.0,6234.0,seasonal_change
4,2021-08-01,2021-06-01,2,5779.4,6718.0,seasonal_change
4,2021-09-01,2021-06-01,3,6097.2,7644.0,seasonal_change
4,2021-10-01,2021-06-01,4,5901.8,7594.0,seasonal_change
4,2021-11-01,2021-06-01,5,6307.8,7777.0,seasonal_change
4,2021-12-01,2021-06-01,6,6727.8,8147.0,seasonal_change
4,2022-01-01,2021-06-01,7,7099.0,8910.0,seasonal_change
4,2022-02-01,2021-06-01,8,7289.4,8302.0,seasonal_change
4,2022-03-01,2021-06-01,9,6856.65,8083.0,seasonal_change
4,2022-04-01,2021-06-01,10,6420.15,7951.0,seasonal_change
4,2022-05-01,2021-06-01,11,6267.15,6140.0,seasonal_change
4,2022-06-01,2021-06-01,12,6037.75,6448.0,seasonal_change
5,2021-07-01,2021-06-01,1,29317.4,29953.0,seasonal_change
5,2021-08-01,2021-06-01,2,28165.600000000002,30801.0,seasonal_change
5,2021-09-01,2021-06-01,3,28570.000000000004,30565.0,seasonal_change
5,2021-10-01,2021-06-01,4,28065.000000000004,28318.0,seasonal_change
5,2021-11-01,2021-06-01,5,30108.600000000002,27388.0,seasonal_change
5,2021-12-01,2021-06-01,6,30764.000000000004,29721.0,seasonal_change
5,2022-01-01,2021-06-01,7,32995.0,32182.0,seasonal_change
5,2022-02-01,2021-06-01,8,32114.0,30148.0,seasonal_change
5,2022-03-01,2021-06-01,9,30364.25,29929.0,seasonal_change
5,2022-04-01,2021-06-01,10,29716.75,30640.0,seasonal_change
5,2022-05-01,2021-06-01,11,29652.95,31257.0,seasonal_change
5,2022-06-01,2021-06-01,12,28941.95,30290.0,seasonal_change
1,2021-07-01,2021-06-01,1,67792.44522845253,62682.0,forecast_flow_identity
1,2021-08-01,2021-06-01,2,66507.89045690506,55205.0,forecast_flow_identity
1,2021-09-01,2021-06-01,3,65409.32132314946,59038.0,forecast_flow_identity
1,2021-10-01,2021-06-01,4,62026.36655160198,53113.0,forecast_flow_identity
1,2021-11-01,2021-06-01,5,61596.99741784635,56872.0,forecast_flow_identity
1,2021-12-01,2021-06-01,6,63495.642646298875,61830.0,forecast_flow_identity
1,2022-01-01,2021-06-01,7,69973.2878747514,65541.0,forecast_flow_identity
1,2022-02-01,2021-06-01,8,66637.39346485535,61884.0,forecast_flow_identity
1,2022-03-01,2021-06-01,9,60753.39434686446,56984.0,forecast_flow_identity
1,2022-04-01,2021-06-01,10,62019.40366979662,52786.0,forecast_flow_identity
1,2022-05-01,2021-06-01,11,64303.42663682653,53989.0,forecast_flow_identity
1,2022-06-01,2021-06-01,12,63085.226741924605,53605.0,forecast_flow_identity
2,2021-07-01,2021-06-01,1,49881.48782266326,48408.0,forecast_flow_identity
2,2021-08-01,2021-06-01,2,49920.37564532653,47039.0,forecast_flow_identity
2,2021-09-01,2021-06-01,3,49112.14802590974,46774.0,forecast_flow_identity
2,2021-10-01,2021-06-01,4,45970.93281917904,44972.0,forecast_flow_identity
2,2021-11-01,2021-06-01,5,48058.305199762224,46868.0,forecast_flow_identity
2,2021-12-01,2021-06-01,6,52882.08999303154,50741.0,forecast_flow_identity
2,2022-01-01,2021-06-01,7,58762.47478630085,58762.0,forecast_flow_identity
2,2022-02-01,2021-06-01,8,58766.29130702909,60755.0,forecast_flow_identity
2,2022-03-01,2021-06-01,9,55432.874199457074,56540.0,forecast_flow_identity
2,2022-04-01,2021-06-01,10,54029.2279610111,50322.0,forecast_flow_identity
2,2022-05-01,2021-06-01,11,51982.45351461695,45569.0,forecast_flow_identity
2,2022-06-01,2021-06-01,12,52691.19026024875,46726.0,forecast_flow_identity
3,2021-07-01,2021-06-01,1,81238.22549243223,83487.0,forecast_flow_identity
3,2021-08-01,2021-06-01,2,79155.45098486447,85788.0,forecast_flow_identity
3,2021-09-01,2021-06-01,3,80826.75307431501,83027.0,forecast_flow_identity
3,2021-10-01,2021-06-01,4,80883.97856674725,82699.0,forecast_flow_identity
3,2021-11-01,2021-06-01,5,81988.28065619778,81693.0,forecast_flow_identity
3,2021-12-01,2021-06-01,6,86620.70614863001,81739.0,forecast_flow_identity
3,2022-01-01,2021-06-01,7,88572.13164106225,86386.0,forecast_flow_identity
3,2022-02-01,2021-06-01,8,85745.46968317013,89172.0,forecast_flow_identity
3,2022-03-01,2021-06-01,9,82397.8733621564,86966.0,forecast_flow_identity
3,2022-04-01,2021-06-01,10,82808.59034713442,88321.0,forecast_flow_identity
3,2022-05-01,2021-06-01,11,83718.36456494503,83768.0,forecast_flow_identity
3,2022-06-01,2021-06-01,12,81465.37516184979,83948.0,forecast_flow_identity
4,2021-07-01,2021-06-01,1,5821.515744896316,6234.0,forecast_flow_identity
4,2021-08-01,2021-06-01,2,5496.28439335535,6718.0,forecast_flow_identity
4,2021-09-01,2021-06-01,3,5676.447601541514,7644.0,forecast_flow_identity
4,2021-10-01,2021-06-01,4,5339.7633464378305,7594.0,forecast_flow_identity
4,2021-11-01,2021-06-01,5,5609.036647950396,7777.0,forecast_flow_identity
4,2021-12-01,2021-06-01,6,5887.205296409432,8147.0,forecast_flow_identity
4,2022-01-01,2021-06-01,7,6116.573944868465,8910.0,forecast_flow_identity
4,2022-02-01,2021-06-01,8,6175.3055828537135,8302.0,forecast_flow_identity
4,2022-03-01,2021-06-01,9,5583.820312370129,8083.0,forecast_flow_identity
4,2022-04-01,2021-06-01,10,5015.729948807067,7951.0,forecast_flow_identity
4,2022-05-01,2021-06-01,11,4728.109906458571,6140.0,forecast_flow_identity
4,2022-06-01,2021-06-01,12,4338.322649763848,6448.0,forecast_flow_identity
5,2021-07-01,2021-06-01,1,29104.12152099052,29953.0,forecast_flow_identity
5,2021-08-01,2021-06-01,2,27738.843041981043,30801.0,forecast_flow_identity
5,2021-09-01,2021-06-01,3,27936.65741713316,30565.0,forecast_flow_identity
5,2021-10-01,2021-06-01,4,27217.778938123687,28318.0,forecast_flow_identity
5,2021-11-01,2021-06-01,5,29054.19331327581,27388.0,forecast_flow_identity
5,2021-12-01,2021-06-01,6,29495.914834266325,29721.0,forecast_flow_identity
5,2022-01-01,2021-06-01,7,31513.436355256847,32182.0,forecast_flow_identity
5,2022-02-01,2021-06-01,8,30454.677818042495,30148.0,forecast_flow_identity
5,2022-03-01,2021-06-01,9,28464.539529156835,29929.0,forecast_flow_identity
5,2022-04-01,2021-06-01,10,27609.693185551332,30640.0,forecast_flow_identity
5,2022-05-01,2021-06-01,11,27342.69863049233,31257.0,forecast_flow_identity
5,2022-06-01,2021-06-01,12,26468.514203573795,30290.0,forecast_flow_identity
1,2021-07-01,2021-06-01,1,68353.69433589399,62682.0,constrained_level
1,2021-08-01,2021-06-01,2,65597.74489256812,55205.0,constrained_level
1,2021-09-01,2021-06-01,3,64894.4288433251,59038.0,constrained_level
1,2021-10-01,2021-06-01,4,62742.29324973365,53113.0,constrained_level
1,2021-11-01,2021-06-01,5,61716.20141016364,56872.0,constrained_level
1,2021-12-01,2021-06-01,6,62342.03261282798,61830.0,constrained_level
1,2022-01-01,2021-06-01,7,64560.40304007154,65541.0,constrained_level
1,2022-02-01,2021-06-01,8,65896.89369025407,61884.0,constrained_level
1,2022-03-01,2021-06-01,9,62147.16447250895,56984.0,constrained_level
1,2022-04-01,2021-06-01,10,62074.28139342579,52786.0,constrained_level
1,2022-05-01,2021-06-01,11,62262.43150805429,53989.0,constrained_level
1,2022-06-01,2021-06-01,12,63018.76369943047,53605.0,constrained_level
2,2021-07-01,2021-06-01,1,53431.58948621764,48408.0,constrained_level
2,2021-08-01,2021-06-01,2,53984.41626622543,47039.0,constrained_level
2,2021-09-01,2021-06-01,3,54633.53840599991,46774.0,constrained_level
2,2021-10-01,2021-06-01,4,54155.788496746616,44972.0,constrained_level
2,2021-11-01,2021-06-01,5,53208.332391608994,46868.0,constrained_level
2,2021-12-01,2021-06-01,6,55064.28439952352,50741.0,constrained_level
2,2022-01-01,2021-06-01,7,57618.22560130759,58762.0,constrained_level
2,2022-02-01,2021-06-01,8,59056.08367569183,60755.0,constrained_level
2,2022-03-01,2021-06-01,9,56274.30050420568,56540.0,constrained_level
2,2022-04-01,2021-06-01,10,54800.496071661175,50322.0,constrained_level
2,2022-05-01,2021-06-01,11,53773.0732829834,45569.0,constrained_level
2,2022-06-01,2021-06-01,12,53444.060903181395,46726.0,constrained_level
3,2021-07-01,2021-06-01,1,79148.47162554014,83487.0,constrained_level
3,2021-08-01,2021-06-01,2,81278.10388558559,85788.0,constrained_level
3,2021-09-01,2021-06-01,3,81294.95748397982,83027.0,constrained_level
3,2021-10-01,2021-06-01,4,82120.53656433761,82699.0,constrained_level
3,2021-11-01,2021-06-01,5,83771.28666052257,81693.0,constrained_level
3,2021-12-01,2021-06-01,6,86103.29382707359,81739.0,constrained_level
3,2022-01-01,2021-06-01,7,88506.87603766375,86386.0,constrained_level
3,2022-02-01,2021-06-01,8,87617.25299271717,89172.0,constrained_level
3,2022-03-01,2021-06-01,9,84293.20481521332,86966.0,constrained_level
3,2022-04-01,2021-06-01,10,83605.51997345034,88321.0,constrained_level
3,2022-05-01,2021-06-01,11,82881.92176616355,83768.0,constrained_level
3,2022-06-01,2021-06-01,12,83174.26306946497,83948.0,constrained_level
4,2021-07-01,2021-06-01,1,6207.2545771805135,6234.0,constrained_level
4,2021-08-01,2021-06-01,2,6608.080809551247,6718.0,constrained_level
4,2021-09-01,2021-06-01,3,6808.69083756579,7644.0,constrained_level
4,2021-10-01,2021-06-01,4,6966.597472811879,7594.0,constrained_level
4,2021-11-01,2021-06-01,5,7041.8727735915245,7777.0,constrained_level
4,2021-12-01,2021-06-01,6,7089.455127760368,8147.0,constrained_level
4,2022-01-01,2021-06-01,7,7233.172067657964,8910.0,constrained_level
4,2022-02-01,2021-06-01,8,7319.4081575294895,8302.0,constrained_level
4,2022-03-01,2021-06-01,9,7186.9295521806125,8083.0,constrained_level
4,2022-04-01,2021-06-01,10,7173.062718111057,7951.0,constrained_level
4,2022-05-01,2021-06-01,11,7023.04951749159,6140.0,constrained_level
4,2022-06-01,2021-06-01,12,7006.459425401866,6448.0,constrained_level
5,2021-07-01,2021-06-01,1,28441.77290952192,29953.0,constrained_level
5,2021-08-01,2021-06-01,2,28985.5633007452,30801.0,constrained_level
5,2021-09-01,2021-06-01,3,28935.39131877092,30565.0,constrained_level
5,2021-10-01,2021-06-01,4,29367.286092612212,28318.0,constrained_level
5,2021-11-01,2021-06-01,5,29068.570123641864,27388.0,constrained_level
5,2021-12-01,2021-06-01,6,30207.556493874996,29721.0,constrained_level
5,2022-01-01,2021-06-01,7,30408.448389035526,32182.0,constrained_level
5,2022-02-01,2021-06-01,8,30911.97705689348,30148.0,constrained_level
5,2022-03-01,2021-06-01,9,30226.54845726533,29929.0,constrained_level
5,2022-04-01,2021-06-01,10,29331.862378504582,30640.0,constrained_level
5,2022-05-01,2021-06-01,11,29050.385997937494,31257.0,constrained_level
5,2022-06-01,2021-06-01,12,28865.96069820524,30290.0,constrained_level
1,2021-07-01,2021-06-01,1,68314.24693327324,62682.0,ridge_change
1,2021-08-01,2021-06-01,2,66457.16162199764,55205.0,ridge_change
1,2021-09-01,2021-06-01,3,65258.49176920425,59038.0,ridge_change
1,2021-10-01,2021-06-01,4,63617.8548026598,53113.0,ridge_change
1,2021-11-01,2021-06-01,5,62720.74846770665,56872.0,ridge_change
1,2021-12-01,2021-06-01,6,62608.17096768386,61830.0,ridge_change
1,2022-01-01,2021-06-01,7,63032.16097196198,65541.0,ridge_change
1,2022-02-01,2021-06-01,8,62863.09788294629,61884.0,ridge_change
1,2022-03-01,2021-06-01,9,61107.79579281325,56984.0,ridge_change
1,2022-04-01,2021-06-01,10,60893.209892158826,52786.0,ridge_change
1,2022-05-01,2021-06-01,11,60695.79659206159,53989.0,ridge_change
1,2022-06-01,2021-06-01,12,60790.61510509336,53605.0,ridge_change
2,2021-07-01,2021-06-01,1,51240.18024829507,48408.0,ridge_change
2,2021-08-01,2021-06-01,2,51211.18907659264,47039.0,ridge_change
2,2021-09-01,2021-06-01,3,50535.78546170171,46774.0,ridge_change
2,2021-10-01,2021-06-01,4,49481.913560723624,44972.0,ridge_change
2,2021-11-01,2021-06-01,5,50542.127057649726,46868.0,ridge_change
2,2021-12-01,2021-06-01,6,51621.532375688286,50741.0,ridge_change
2,2022-01-01,2021-06-01,7,54440.26606015234,58762.0,ridge_change
2,2022-02-01,2021-06-01,8,55062.76155266908,60755.0,ridge_change
2,2022-03-01,2021-06-01,9,52380.404445514556,56540.0,ridge_change
2,2022-04-01,2021-06-01,10,51762.08668524308,50322.0,ridge_change
2,2022-05-01,2021-06-01,11,49934.96147531057,45569.0,ridge_change
2,2022-06-01,2021-06-01,12,50318.33543251765,46726.0,ridge_change
3,2021-07-01,2021-06-01,1,83297.25462609781,83487.0,ridge_change
3,2021-08-01,2021-06-01,2,84680.32507330948,85788.0,ridge_change
3,2021-09-01,2021-06-01,3,83828.95647477146,83027.0,ridge_change
3,2021-10-01,2021-06-01,4,83485.711807971,82699.0,ridge_change
3,2021-11-01,2021-06-01,5,84211.15201138411,81693.0,ridge_change
3,2021-12-01,2021-06-01,6,85628.87778898804,81739.0,ridge_change
3,2022-01-01,2021-06-01,7,87826.85963197742,86386.0,ridge_change
3,2022-02-01,2021-06-01,8,86484.03323697654,89172.0,ridge_change
3,2022-03-01,2021-06-01,9,85045.59564273499,86966.0,ridge_change
3,2022-04-01,2021-06-01,10,85547.78121020501,88321.0,ridge_change
3,2022-05-01,2021-06-01,11,85405.01134106258,83768.0,ridge_change
3,2022-06-01,2021-06-01,12,84653.39138889138,83948.0,ridge_change
4,2021-07-01,2021-06-01,1,6450.0378310249735,6234.0,ridge_change
4,2021-08-01,2021-06-01,2,6659.862014743415,6718.0,ridge_change
4,2021-09-01,2021-06-01,3,6863.180599456888,7644.0,ridge_change
4,2021-10-01,2021-06-01,4,6986.281983049402,7594.0,ridge_change
4,2021-11-01,2021-06-01,5,7187.231887843968,7777.0,ridge_change
4,2021-12-01,2021-06-01,6,7348.03107452571,8147.0,ridge_change
4,2022-01-01,2021-06-01,7,7526.686683654855,8910.0,ridge_change
4,2022-02-01,2021-06-01,8,7638.034242892171,8302.0,ridge_change
4,2022-03-01,2021-06-01,9,7672.815016252783,8083.0,ridge_change
4,2022-04-01,2021-06-01,10,7727.607419860834,7951.0,ridge_change
4,2022-05-01,2021-06-01,11,7677.111824017367,6140.0,ridge_change
4,2022-06-01,2021-06-01,12,7554.892955010784,6448.0,ridge_change
5,2021-07-01,2021-06-01,1,28733.68768821437,29953.0,ridge_change
5,2021-08-01,2021-06-01,2,29250.285220716047,30801.0,ridge_change
5,2021-09-01,2021-06-01,3,30178.205003242605,30565.0,ridge_change
5,2021-10-01,2021-06-01,4,30195.699277044238,28318.0,ridge_change
5,2021-11-01,2021-06-01,5,30122.01867437686,27388.0,ridge_change
5,2021-12-01,2021-06-01,6,30518.141214709758,29721.0,ridge_change
5,2022-01-01,2021-06-01,7,31138.93403303226,32182.0,ridge_change
5,2022-02-01,2021-06-01,8,31290.54156109269,30148.0,ridge_change
5,2022-03-01,2021-06-01,9,30911.510234676036,29929.0,ridge_change
5,2022-04-01,2021-06-01,10,30452.86974456951,30640.0,ridge_change
5,2022-05-01,2021-06-01,11,29925.055487769307,31257.0,ridge_change
5,2022-06-01,2021-06-01,12,29448.91977173834,30290.0,ridge_change
1,2021-07-01,2021-06-01,1,63986.31178876998,62682.0,seasonal_ridge_change
1,2021-08-01,2021-06-01,2,60472.466331688105,55205.0,seasonal_ridge_change
1,2021-09-01,2021-06-01,3,59416.160684786766,59038.0,seasonal_ridge_change
1,2021-10-01,2021-06-01,4,57658.6708669031,53113.0,seasonal_ridge_change
1,2021-11-01,2021-06-01,5,57975.76878889071,56872.0,seasonal_ridge_change
1,2021-12-01,2021-06-01,6,59450.13887946979,61830.0,seasonal_ridge_change
1,2022-01-01,2021-06-01,7,62349.71489300886,65541.0,seasonal_ridge_change
1,2022-02-01,2021-06-01,8,63294.54197362304,61884.0,seasonal_ridge_change
1,2022-03-01,2021-06-01,9,60448.669051711564,56984.0,seasonal_ridge_change
1,2022-04-01,2021-06-01,10,61297.64385254658,52786.0,seasonal_ridge_change
1,2022-05-01,2021-06-01,11,60752.27390836314,53989.0,seasonal_ridge_change
1,2022-06-01,2021-06-01,12,60393.81492888463,53605.0,seasonal_ridge_change
2,2021-07-01,2021-06-01,1,50512.16552343577,48408.0,seasonal_ridge_change
2,2021-08-01,2021-06-01,2,50419.19645309315,47039.0,seasonal_ridge_change
2,2021-09-01,2021-06-01,3,50440.254176665905,46774.0,seasonal_ridge_change
2,2021-10-01,2021-06-01,4,49530.04104815349,44972.0,seasonal_ridge_change
2,2021-11-01,2021-06-01,5,51177.2649044255,46868.0,seasonal_ridge_change
2,2021-12-01,2021-06-01,6,52858.333432431275,50741.0,seasonal_ridge_change
2,2022-01-01,2021-06-01,7,55900.7917785478,58762.0,seasonal_ridge_change
2,2022-02-01,2021-06-01,8,56582.284912274554,60755.0,seasonal_ridge_change
2,2022-03-01,2021-06-01,9,53453.32380956439,56540.0,seasonal_ridge_change
2,2022-04-01,2021-06-01,10,53299.708765165524,50322.0,seasonal_ridge_change
2,2022-05-01,2021-06-01,11,51071.966678085046,45569.0,seasonal_ridge_change
2,2022-06-01,2021-06-01,12,50894.15693671193,46726.0,seasonal_ridge_change
3,2021-07-01,2021-06-01,1,83138.35596284567,83487.0,seasonal_ridge_change
3,2021-08-01,2021-06-01,2,84049.52333749038,85788.0,seasonal_ridge_change
3,2021-09-01,2021-06-01,3,83818.68637684327,83027.0,seasonal_ridge_change
3,2021-10-01,2021-06-01,4,84094.04203990995,82699.0,seasonal_ridge_change
3,2021-11-01,2021-06-01,5,85443.1080427128,81693.0,seasonal_ridge_change
3,2021-12-01,2021-06-01,6,86893.84930841245,81739.0,seasonal_ridge_change
3,2022-01-01,2021-06-01,7,88815.90284948304,86386.0,seasonal_ridge_change
3,2022-02-01,2021-06-01,8,87411.27240833486,89172.0,seasonal_ridge_change
3,2022-03-01,2021-06-01,9,85575.89597607887,86966.0,seasonal_ridge_change
3,2022-04-01,2021-06-01,10,85502.70123587796,88321.0,seasonal_ridge_change
3,2022-05-01,2021-06-01,11,84703.10358552636,83768.0,seasonal_ridge_change
3,2022-06-01,2021-06-01,12,83643.48770002893,83948.0,seasonal_ridge_change
4,2021-07-01,2021-06-01,1,6416.3930629532,6234.0,seasonal_ridge_change
4,2021-08-01,2021-06-01,2,6595.504146135096,6718.0,seasonal_ridge_change
4,2021-09-01,2021-06-01,3,6837.013520043858,7644.0,seasonal_ridge_change
4,2021-10-01,2021-06-01,4,7037.967811675138,7594.0,seasonal_ridge_change
4,2021-11-01,2021-06-01,5,7305.399871863151,7777.0,seasonal_ridge_change
4,2021-12-01,2021-06-01,6,7507.364147852361,8147.0,seasonal_ridge_change
4,2022-01-01,2021-06-01,7,7665.815109450694,8910.0,seasonal_ridge_change
4,2022-02-01,2021-06-01,8,7710.85349523434,8302.0,seasonal_ridge_change
4,2022-03-01,2021-06-01,9,7659.029669674435,8083.0,seasonal_ridge_change
4,2022-04-01,2021-06-01,10,7592.534011616081,7951.0,seasonal_ridge_change
4,2022-05-01,2021-06-01,11,7453.401544362167,6140.0,seasonal_ridge_change
4,2022-06-01,2021-06-01,12,7282.488061409356,6448.0,seasonal_ridge_change
5,2021-07-01,2021-06-01,1,28289.19599700801,29953.0,seasonal_ridge_change
5,2021-08-01,2021-06-01,2,28518.2243643521,30801.0,seasonal_ridge_change
5,2021-09-01,2021-06-01,3,29426.207220273096,30565.0,seasonal_ridge_change
5,2021-10-01,2021-06-01,4,30026.962319749928,28318.0,seasonal_ridge_change
5,2021-11-01,2021-06-01,5,30818.279524159858,27388.0,seasonal_ridge_change
5,2021-12-01,2021-06-01,6,31711.923138594884,29721.0,seasonal_ridge_change
5,2022-01-01,2021-06-01,7,32410.336217396038,32182.0,seasonal_ridge_change
5,2022-02-01,2021-06-01,8,32375.378301143293,30148.0,seasonal_ridge_change
5,2022-03-01,2021-06-01,9,31400.569789038032,29929.0,seasonal_ridge_change
5,2022-04-01,2021-06-01,10,30691.669566547134,30640.0,seasonal_ridge_change
5,2022-05-01,2021-06-01,11,29735.5448957974,31257.0,seasonal_ridge_change
5,2022-06-01,2021-06-01,12,29001.62052209083,30290.0,seasonal_ridge_change
1,2021-07-01,2021-06-01,1,71127.57522805416,62682.0,polynomial_ridge_change
1,2021-08-01,2021-06-01,2,69931.09974740758,55205.0,polynomial_ridge_change
1,2021-09-01,2021-06-01,3,68322.36305861628,59038.0,polynomial_ridge_change
1,2021-10-01,2021-06-01,4,66113.45096424813,53113.0,polynomial_ridge_change
1,2021-11-01,2021-06-01,5,65657.28440471695,56872.0,polynomial_ridge_change
1,2021-12-01,2021-06-01,6,66935.61797816376,61830.0,polynomial_ridge_change
1,2022-01-01,2021-06-01,7,68217.69453333087,65541.0,polynomial_ridge_change
1,2022-02-01,2021-06-01,8,66663.94499311643,61884.0,polynomial_ridge_change
1,2022-03-01,2021-06-01,9,63885.59217821489,56984.0,polynomial_ridge_change
1,2022-04-01,2021-06-01,10,64266.410623958946,52786.0,polynomial_ridge_change
1,2022-05-01,2021-06-01,11,65904.68970433733,53989.0,polynomial_ridge_change
1,2022-06-01,2021-06-01,12,65754.81448471364,53605.0,polynomial_ridge_change
2,2021-07-01,2021-06-01,1,50512.165523435775,48408.0,polynomial_ridge_change
2,2021-08-01,2021-06-01,2,50419.19645309315,47039.0,polynomial_ridge_change
2,2021-09-01,2021-06-01,3,50440.254176665905,46774.0,polynomial_ridge_change
2,2021-10-01,2021-06-01,4,49530.041048153485,44972.0,polynomial_ridge_change
2,2021-11-01,2021-06-01,5,51177.264904425494,46868.0,polynomial_ridge_change
2,2021-12-01,2021-06-01,6,52858.333432431275,50741.0,polynomial_ridge_change
2,2022-01-01,2021-06-01,7,55900.7917785478,58762.0,polynomial_ridge_change
2,2022-02-01,2021-06-01,8,56582.284912274554,60755.0,polynomial_ridge_change
2,2022-03-01,2021-06-01,9,53453.32380956438,56540.0,polynomial_ridge_change
2,2022-04-01,2021-06-01,10,53299.70876516552,50322.0,polynomial_ridge_change
2,2022-05-01,2021-06-01,11,51071.966678085046,45569.0,polynomial_ridge_change
2,2022-06-01,2021-06-01,12,50894.15693671194,46726.0,polynomial_ridge_change
3,2021-07-01,2021-06-01,1,83138.35596284569,83487.0,polynomial_ridge_change
3,2021-08-01,2021-06-01,2,84049.52333749039,85788.0,polynomial_ridge_change
3,2021-09-01,2021-06-01,3,83818.68637684328,83027.0,polynomial_ridge_change
3,2021-10-01,2021-06-01,4,84094.04203990995,82699.0,polynomial_ridge_change
3,2021-11-01,2021-06-01,5,85443.1080427128,81693.0,polynomial_ridge_change
3,2021-12-01,2021-06-01,6,86893.84930841245,81739.0,polynomial_ridge_change
3,2022-01-01,2021-06-01,7,88815.90284948304,86386.0,polynomial_ridge_change
3,2022-02-01,2021-06-01,8,87411.27240833486,89172.0,polynomial_ridge_change
3,2022-03-01,2021-06-01,9,85575.89597607887,86966.0,polynomial_ridge_change
3,2022-04-01,2021-06-01,10,85502.70123587796,88321.0,polynomial_ridge_change
3,2022-05-01,2021-06-01,11,84703.10358552636,83768.0,polynomial_ridge_change
3,2022-06-01,2021-06-01,12,83643.48770002894,83948.0,polynomial_ridge_change
4,2021-07-01,2021-06-01,1,6416.3930629532,6234.0,polynomial_ridge_change
4,2021-08-01,2021-06-01,2,6595.504146135096,6718.0,polynomial_ridge_change
4,2021-09-01,2021-06-01,3,6837.013520043858,7644.0,polynomial_ridge_change
4,2021-10-01,2021-06-01,4,7037.967811675138,7594.0,polynomial_ridge_change
4,2021-11-01,2021-06-01,5,7305.399871863151,7777.0,polynomial_ridge_change
4,2021-12-01,2021-06-01,6,7507.364147852361,8147.0,polynomial_ridge_change
4,2022-01-01,2021-06-01,7,7665.815109450693,8910.0,polynomial_ridge_change
4,2022-02-01,2021-06-01,8,7710.85349523434,8302.0,polynomial_ridge_change
4,2022-03-01,2021-06-01,9,7659.029669674435,8083.0,polynomial_ridge_change
4,2022-04-01,2021-06-01,10,7592.534011616081,7951.0,polynomial_ridge_change
4,2022-05-01,2021-06-01,11,7453.401544362167,6140.0,polynomial_ridge_change
4,2022-06-01,2021-06-01,12,7282.488061409356,6448.0,polynomial_ridge_change
5,2021-07-01,2021-06-01,1,28289.195997008013,29953.0,polynomial_ridge_change
5,2021-08-01,2021-06-01,2,28518.224364352103,30801.0,polynomial_ridge_change
5,2021-09-01,2021-06-01,3,29426.207220273096,30565.0,polynomial_ridge_change
5,2021-10-01,2021-06-01,4,30026.962319749928,28318.0,polynomial_ridge_change
5,2021-11-01,2021-06-01,5,30818.279524159858,27388.0,polynomial_ridge_change
5,2021-12-01,2021-06-01,6,31711.923138594884,29721.0,polynomial_ridge_change
5,2022-01-01,2021-06-01,7,32410.336217396038,32182.0,polynomial_ridge_change
5,2022-02-01,2021-06-01,8,32375.378301143293,30148.0,polynomial_ridge_change
5,2022-03-01,2021-06-01,9,31400.569789038032,29929.0,polynomial_ridge_change
5,2022-04-01,2021-06-01,10,30691.669566547134,30640.0,polynomial_ridge_change
5,2022-05-01,2021-06-01,11,29735.544895797404,31257.0,polynomial_ridge_change
5,2022-06-01,2021-06-01,12,29001.620522090838,30290.0,polynomial_ridge_change
1,2021-07-01,2021-06-01,1,67518.02488408878,62682.0,spline_ridge_change
1,2021-08-01,2021-06-01,2,63875.406829182015,55205.0,spline_ridge_change
1,2021-09-01,2021-06-01,3,60808.59017377461,59038.0,spline_ridge_change
1,2021-10-01,2021-06-01,4,59031.12175454518,53113.0,spline_ridge_change
1,2021-11-01,2021-06-01,5,59500.81275697804,56872.0,spline_ridge_change
1,2021-12-01,2021-06-01,6,61785.12157655347,61830.0,spline_ridge_change
1,2022-01-01,2021-06-01,7,64026.31187284011,65541.0,spline_ridge_change
1,2022-02-01,2021-06-01,8,63366.51689406792,61884.0,spline_ridge_change
1,2022-03-01,2021-06-01,9,61905.64714531888,56984.0,spline_ridge_change
1,2022-04-01,2021-06-01,10,61521.99418694209,52786.0,spline_ridge_change
1,2022-05-01,2021-06-01,11,62467.45811359119,53989.0,spline_ridge_change
1,2022-06-01,2021-06-01,12,62562.44292169386,53605.0,spline_ridge_change
2,2021-07-01,2021-06-01,1,50842.89541138608,48408.0,spline_ridge_change
2,2021-08-01,2021-06-01,2,50358.830435679956,47039.0,spline_ridge_change
2,2021-09-01,2021-06-01,3,49469.909629658454,46774.0,spline_ridge_change
2,2021-10-01,2021-06-01,4,48518.88917215959,44972.0,spline_ridge_change
2,2021-11-01,2021-06-01,5,50648.99483300049,46868.0,spline_ridge_change
2,2021-12-01,2021-06-01,6,53389.43873725776,50741.0,spline_ridge_change
2,2022-01-01,2021-06-01,7,56795.94810992746,58762.0,spline_ridge_change
2,2022-02-01,2021-06-01,8,57474.579831489864,60755.0,spline_ridge_change
2,2022-03-01,2021-06-01,9,54175.214637282945,56540.0,spline_ridge_change
2,2022-04-01,2021-06-01,10,52691.91608795648,50322.0,spline_ridge_change
2,2022-05-01,2021-06-01,11,50926.18478512893,45569.0,spline_ridge_change
2,2022-06-01,2021-06-01,12,51052.034876745325,46726.0,spline_ridge_change
3,2021-07-01,2021-06-01,1,85000.66190830346,83487.0,spline_ridge_change
3,2021-08-01,2021-06-01,2,84857.5208129988,85788.0,spline_ridge_change
3,2021-09-01,2021-06-01,3,83899.63873725207,83027.0,spline_ridge_change
3,2021-10-01,2021-06-01,4,83906.90166209778,82699.0,spline_ridge_change
3,2021-11-01,2021-06-01,5,85802.99809516202,81693.0,spline_ridge_change
3,2021-12-01,2021-06-01,6,88005.46519126474,81739.0,spline_ridge_change
3,2022-01-01,2021-06-01,7,90564.71695595239,86386.0,spline_ridge_change
3,2022-02-01,2021-06-01,8,88782.86522303724,89172.0,spline_ridge_change
3,2022-03-01,2021-06-01,9,86668.3131643865,86966.0,spline_ridge_change
3,2022-04-01,2021-06-01,10,86311.26119455245,88321.0,spline_ridge_change
3,2022-05-01,2021-06-01,11,85854.25355389429,83768.0,spline_ridge_change
3,2022-06-01,2021-06-01,12,85390.45120495201,83948.0,spline_ridge_change
4,2021-07-01,2021-06-01,1,6389.295111566806,6234.0,spline_ridge_change
4,2021-08-01,2021-06-01,2,6421.091061144476,6718.0,spline_ridge_change
4,2021-09-01,2021-06-01,3,6481.053573184307,7644.0,spline_ridge_change
4,2021-10-01,2021-06-01,4,6569.881651001839,7594.0,spline_ridge_change
4,2021-11-01,2021-06-01,5,6687.833506454496,7777.0,spline_ridge_change
4,2021-12-01,2021-06-01,6,6829.959149101588,8147.0,spline_ridge_change
4,2022-01-01,2021-06-01,7,6926.84637739688,8910.0,spline_ridge_change
4,2022-02-01,2021-06-01,8,6936.7688318364835,8302.0,spline_ridge_change
4,2022-03-01,2021-06-01,9,6813.284936352764,8083.0,spline_ridge_change
4,2022-04-01,2021-06-01,10,6734.746329619974,7951.0,spline_ridge_change
4,2022-05-01,2021-06-01,11,6714.159041610037,6140.0,spline_ridge_change
4,2022-06-01,2021-06-01,12,6687.169910010615,6448.0,spline_ridge_change
5,2021-07-01,2021-06-01,1,28624.28784926758,29953.0,spline_ridge_change
5,2021-08-01,2021-06-01,2,28455.01958182082,30801.0,spline_ridge_change
5,2021-09-01,2021-06-01,3,28913.21088964312,30565.0,spline_ridge_change
5,2021-10-01,2021-06-01,4,29446.846170308632,28318.0,spline_ridge_change
5,2021-11-01,2021-06-01,5,30558.925769244524,27388.0,spline_ridge_change
5,2021-12-01,2021-06-01,6,31849.537230871098,29721.0,spline_ridge_change
5,2022-01-01,2021-06-01,7,32621.822438062936,32182.0,spline_ridge_change
5,2022-02-01,2021-06-01,8,32144.43204488195,30148.0,spline_ridge_change
5,2022-03-01,2021-06-01,9,30874.379706701555,29929.0,spline_ridge_change
5,2022-04-01,2021-06-01,10,29932.59283876108,30640.0,spline_ridge_change
5,2022-05-01,2021-06-01,11,29490.181610844076,31257.0,spline_ridge_change
5,2022-06-01,2021-06-01,12,29371.731972832382,30290.0,spline_ridge_change
1,2021-07-01,2021-06-01,1,69750.97661779613,62682.0,random_forest_change
1,2021-08-01,2021-06-01,2,67807.94120799577,55205.0,random_forest_change
1,2021-09-01,2021-06-01,3,65105.20453036753,59038.0,random_forest_change
1,2021-10-01,2021-06-01,4,61627.71291700308,53113.0,random_forest_change
1,2021-11-01,2021-06-01,5,64120.20036191846,56872.0,random_forest_change
1,2021-12-01,2021-06-01,6,67627.91141883784,61830.0,random_forest_change
1,2022-01-01,2021-06-01,7,70877.3827929886,65541.0,random_forest_change
1,2022-02-01,2021-06-01,8,67384.33555561215,61884.0,random_forest_change
1,2022-03-01,2021-06-01,9,62957.17105797624,56984.0,random_forest_change
1,2022-04-01,2021-06-01,10,61156.416395879394,52786.0,random_forest_change
1,2022-05-01,2021-06-01,11,62131.782751538056,53989.0,random_forest_change
1,2022-06-01,2021-06-01,12,61594.045250919655,53605.0,random_forest_change
2,2021-07-01,2021-06-01,1,50285.6358593071,48408.0,random_forest_change
2,2021-08-01,2021-06-01,2,49691.19250498341,47039.0,random_forest_change
2,2021-09-01,2021-06-01,3,48949.59113484511,46774.0,random_forest_change
2,2021-10-01,2021-06-01,4,48336.82093284454,44972.0,random_forest_change
2,2021-11-01,2021-06-01,5,51906.53507290825,46868.0,random_forest_change
2,2021-12-01,2021-06-01,6,56330.80213339177,50741.0,random_forest_change
2,2022-01-01,2021-06-01,7,60920.90744776349,58762.0,random_forest_change
2,2022-02-01,2021-06-01,8,60494.59861034432,60755.0,random_forest_change
2,2022-03-01,2021-06-01,9,58014.088187815774,56540.0,random_forest_change
2,2022-04-01,2021-06-01,10,57029.22660078361,50322.0,random_forest_change
2,2022-05-01,2021-06-01,11,55486.817944279974,45569.0,random_forest_change
2,2022-06-01,2021-06-01,12,54523.208998999005,46726.0,random_forest_change
3,2021-07-01,2021-06-01,1,83115.81134489377,83487.0,random_forest_change
3,2021-08-01,2021-06-01,2,82924.28699125601,85788.0,random_forest_change
3,2021-09-01,2021-06-01,3,83102.30610658145,83027.0,random_forest_change
3,2021-10-01,2021-06-01,4,82453.45651230245,82699.0,random_forest_change
3,2021-11-01,2021-06-01,5,84781.39383229271,81693.0,random_forest_change
3,2021-12-01,2021-06-01,6,86396.29057780429,81739.0,random_forest_change
3,2022-01-01,2021-06-01,7,87489.92829361756,86386.0,random_forest_change
3,2022-02-01,2021-06-01,8,85374.78588890115,89172.0,random_forest_change
3,2022-03-01,2021-06-01,9,83600.02463502139,86966.0,random_forest_change
3,2022-04-01,2021-06-01,10,83784.79413549401,88321.0,random_forest_change
3,2022-05-01,2021-06-01,11,84279.04213631536,83768.0,random_forest_change
3,2022-06-01,2021-06-01,12,83887.00963489518,83948.0,random_forest_change
4,2021-07-01,2021-06-01,1,6471.385102768905,6234.0,random_forest_change
4,2021-08-01,2021-06-01,2,6683.940468572578,6718.0,random_forest_change
4,2021-09-01,2021-06-01,3,6719.615726731314,7644.0,random_forest_change
4,2021-10-01,2021-06-01,4,6753.060680792064,7594.0,random_forest_change
4,2021-11-01,2021-06-01,5,7032.223077191362,7777.0,random_forest_change
4,2021-12-01,2021-06-01,6,7278.709193961389,8147.0,random_forest_change
4,2022-01-01,2021-06-01,7,7500.361103962531,8910.0,random_forest_change
4,2022-02-01,2021-06-01,8,7489.527598931255,8302.0,random_forest_change
4,2022-03-01,2021-06-01,9,7201.277073865947,8083.0,random_forest_change
4,2022-04-01,2021-06-01,10,7033.129515280916,7951.0,random_forest_change
4,2022-05-01,2021-06-01,11,6917.017050750723,6140.0,random_forest_change
4,2022-06-01,2021-06-01,12,6774.856661580415,6448.0,random_forest_change
5,2021-07-01,2021-06-01,1,28285.278087783994,29953.0,random_forest_change
5,2021-08-01,2021-06-01,2,28156.57269717395,30801.0,random_forest_change
5,2021-09-01,2021-06-01,3,28383.65738567291,30565.0,random_forest_change
5,2021-10-01,2021-06-01,4,28296.115889403627,28318.0,random_forest_change
5,2021-11-01,2021-06-01,5,30375.06172642562,27388.0,random_forest_change
5,2021-12-01,2021-06-01,6,32056.182696787953,29721.0,random_forest_change
5,2022-01-01,2021-06-01,7,33803.00335568729,32182.0,random_forest_change
5,2022-02-01,2021-06-01,8,32353.78044119321,30148.0,random_forest_change
5,2022-03-01,2021-06-01,9,30701.39074831275,29929.0,random_forest_change
5,2022-04-01,2021-06-01,10,29640.19844271341,30640.0,random_forest_change
5,2022-05-01,2021-06-01,11,28975.342923331686,31257.0,random_forest_change
5,2022-06-01,2021-06-01,12,28361.574527109948,30290.0,random_forest_change
1,2021-07-01,2021-06-01,1,69624.078125,62682.0,xgboost_change
1,2021-08-01,2021-06-01,2,67740.171875,55205.0,xgboost_change
1,2021-09-01,2021-06-01,3,65076.41796875,59038.0,xgboost_change
1,2021-10-01,2021-06-01,4,60578.1796875,53113.0,xgboost_change
1,2021-11-01,2021-06-01,5,61860.86328125,56872.0,xgboost_change
1,2021-12-01,2021-06-01,6,64870.01171875,61830.0,xgboost_change
1,2022-01-01,2021-06-01,7,67105.4375,65541.0,xgboost_change
1,2022-02-01,2021-06-01,8,64192.41796875,61884.0,xgboost_change
1,2022-03-01,2021-06-01,9,60164.84765625,56984.0,xgboost_change
1,2022-04-01,2021-06-01,10,61237.52734375,52786.0,xgboost_change
1,2022-05-01,2021-06-01,11,63086.02734375,53989.0,xgboost_change
1,2022-06-01,2021-06-01,12,62924.53125,53605.0,xgboost_change
2,2021-07-01,2021-06-01,1,50282.4609375,48408.0,xgboost_change
2,2021-08-01,2021-06-01,2,49908.31640625,47039.0,xgboost_change
2,2021-09-01,2021-06-01,3,49327.99609375,46774.0,xgboost_change
2,2021-10-01,2021-06-01,4,47739.44140625,44972.0,xgboost_change
2,2021-11-01,2021-06-01,5,50644.06640625,46868.0,xgboost_change
2,2021-12-01,2021-06-01,6,54217.765625,50741.0,xgboost_change
2,2022-01-01,2021-06-01,7,58338.0,58762.0,xgboost_change
2,2022-02-01,2021-06-01,8,59107.93359375,60755.0,xgboost_change
2,2022-03-01,2021-06-01,9,55521.8359375,56540.0,xgboost_change
2,2022-04-01,2021-06-01,10,54526.0703125,50322.0,xgboost_change
2,2022-05-01,2021-06-01,11,51494.890625,45569.0,xgboost_change
2,2022-06-01,2021-06-01,12,50265.5390625,46726.0,xgboost_change
3,2021-07-01,2021-06-01,1,83261.484375,83487.0,xgboost_change
3,2021-08-01,2021-06-01,2,81450.359375,85788.0,xgboost_change
3,2021-09-01,2021-06-01,3,83130.671875,83027.0,xgboost_change
3,2021-10-01,2021-06-01,4,81253.2734375,82699.0,xgboost_change
3,2021-11-01,2021-06-01,5,84476.421875,81693.0,xgboost_change
3,2021-12-01,2021-06-01,6,85030.0234375,81739.0,xgboost_change
3,2022-01-01,2021-06-01,7,87092.0546875,86386.0,xgboost_change
3,2022-02-01,2021-06-01,8,85087.453125,89172.0,xgboost_change
3,2022-03-01,2021-06-01,9,82669.484375,86966.0,xgboost_change
3,2022-04-01,2021-06-01,10,82758.234375,88321.0,xgboost_change
3,2022-05-01,2021-06-01,11,83328.7890625,83768.0,xgboost_change
3,2022-06-01,2021-06-01,12,82715.1953125,83948.0,xgboost_change
4,2021-07-01,2021-06-01,1,6440.615234375,6234.0,xgboost_change
4,2021-08-01,2021-06-01,2,6620.26171875,6718.0,xgboost_change
4,2021-09-01,2021-06-01,3,6682.17578125,7644.0,xgboost_change
4,2021-10-01,2021-06-01,4,6798.9541015625,7594.0,xgboost_change
4,2021-11-01,2021-06-01,5,7099.47998046875,7777.0,xgboost_change
4,2021-12-01,2021-06-01,6,7335.31201171875,8147.0,xgboost_change
4,2022-01-01,2021-06-01,7,7519.40869140625,8910.0,xgboost_change
4,2022-02-01,2021-06-01,8,7478.05126953125,8302.0,xgboost_change
4,2022-03-01,2021-06-01,9,7139.646484375,8083.0,xgboost_change
4,2022-04-01,2021-06-01,10,6954.78173828125,7951.0,xgboost_change
4,2022-05-01,2021-06-01,11,6825.232421875,6140.0,xgboost_change
4,2022-06-01,2021-06-01,12,6667.4375,6448.0,xgboost_change
5,2021-07-01,2021-06-01,1,28456.767578125,29953.0,xgboost_change
5,2021-08-01,2021-06-01,2,28348.919921875,30801.0,xgboost_change
5,2021-09-01,2021-06-01,3,28604.728515625,30565.0,xgboost_change
5,2021-10-01,2021-06-01,4,28339.62109375,28318.0,xgboost_change
5,2021-11-01,2021-06-01,5,30076.6484375,27388.0,xgboost_change
5,2021-12-01,2021-06-01,6,31267.39453125,29721.0,xgboost_change
5,2022-01-01,2021-06-01,7,32403.119140625,32182.0,xgboost_change
5,2022-02-01,2021-06-01,8,31310.375,30148.0,xgboost_change
5,2022-03-01,2021-06-01,9,30058.322265625,29929.0,xgboost_change
5,2022-04-01,2021-06-01,10,29134.025390625,30640.0,xgboost_change
5,2022-05-01,2021-06-01,11,28658.724609375,31257.0,xgboost_change
5,2022-06-01,2021-06-01,12,28372.267578125,30290.0,xgboost_change
1,2021-07-01,2021-06-01,1,65858.46887167078,62682.0,neural_network_change
1,2021-08-01,2021-06-01,2,63687.233228445155,55205.0,neural_network_change
1,2021-09-01,2021-06-01,3,62477.81860485741,59038.0,neural_network_change
1,2021-10-01,2021-06-01,4,59329.00900919711,53113.0,neural_network_change
1,2021-11-01,2021-06-01,5,59231.003548785084,56872.0,neural_network_change
1,2021-12-01,2021-06-01,6,60957.61379469766,61830.0,neural_network_change
1,2022-01-01,2021-06-01,7,64412.93216887965,65541.0,neural_network_change
1,2022-02-01,2021-06-01,8,64776.013723088065,61884.0,neural_network_change
1,2022-03-01,2021-06-01,9,61331.53794596048,56984.0,neural_network_change
1,2022-04-01,2021-06-01,10,61893.02406308535,52786.0,neural_network_change
1,2022-05-01,2021-06-01,11,61744.79361324261,53989.0,neural_network_change
1,2022-06-01,2021-06-01,12,61683.577200460415,53605.0,neural_network_change
2,2021-07-01,2021-06-01,1,49822.91150366243,48408.0,neural_network_change
2,2021-08-01,2021-06-01,2,49760.41118698279,47039.0,neural_network_change
2,2021-09-01,2021-06-01,3,49963.5742340185,46774.0,neural_network_change
2,2021-10-01,2021-06-01,4,49270.82250496257,44972.0,neural_network_change
2,2021-11-01,2021-06-01,5,51342.77476780014,46868.0,neural_network_change
2,2021-12-01,2021-06-01,6,53621.598717432214,50741.0,neural_network_change
2,2022-01-01,2021-06-01,7,57120.22416917529,58762.0,neural_network_change
2,2022-02-01,2021-06-01,8,57860.49829007474,60755.0,neural_network_change
2,2022-03-01,2021-06-01,9,54811.26723908166,56540.0,neural_network_change
2,2022-04-01,2021-06-01,10,54143.972432217335,50322.0,neural_network_change
2,2022-05-01,2021-06-01,11,51310.55189831307,45569.0,neural_network_change
2,2022-06-01,2021-06-01,12,50834.39253430698,46726.0,neural_network_change
3,2021-07-01,2021-06-01,1,83008.99348112658,83487.0,neural_network_change
3,2021-08-01,2021-06-01,2,82954.61665652122,85788.0,neural_network_change
3,2021-09-01,2021-06-01,3,83114.92637070974,83027.0,neural_network_change
3,2021-10-01,2021-06-01,4,83402.94948638768,82699.0,neural_network_change
3,2021-11-01,2021-06-01,5,85090.99466410892,81693.0,neural_network_change
3,2021-12-01,2021-06-01,6,86792.5328590688,81739.0,neural_network_change
3,2022-01-01,2021-06-01,7,88904.980299,86386.0,neural_network_change
3,2022-02-01,2021-06-01,8,87324.09605002908,89172.0,neural_network_change
3,2022-03-01,2021-06-01,9,85097.8837790715,86966.0,neural_network_change
3,2022-04-01,2021-06-01,10,84401.66326528147,88321.0,neural_network_change
3,2022-05-01,2021-06-01,11,83653.78380773563,83768.0,neural_network_change
3,2022-06-01,2021-06-01,12,82369.6604338707,83948.0,neural_network_change
4,2021-07-01,2021-06-01,1,6692.494368921016,6234.0,neural_network_change
4,2021-08-01,2021-06-01,2,6656.674698776966,6718.0,neural_network_change
4,2021-09-01,2021-06-01,3,6905.940386889282,7644.0,neural_network_change
4,2021-10-01,2021-06-01,4,7115.888869452749,7594.0,neural_network_change
4,2021-11-01,2021-06-01,5,7508.4667667227,7777.0,neural_network_change
4,2021-12-01,2021-06-01,6,7849.064682833696,8147.0,neural_network_change
4,2022-01-01,2021-06-01,7,8090.2100841967085,8910.0,neural_network_change
4,2022-02-01,2021-06-01,8,8250.904888022958,8302.0,neural_network_change
4,2022-03-01,2021-06-01,9,8026.720607501106,8083.0,neural_network_change
4,2022-04-01,2021-06-01,10,7851.820311628404,7951.0,neural_network_change
4,2022-05-01,2021-06-01,11,7576.407845585883,6140.0,neural_network_change
4,2022-06-01,2021-06-01,12,7422.855244143778,6448.0,neural_network_change
5,2021-07-01,2021-06-01,1,28450.372947964697,29953.0,neural_network_change
5,2021-08-01,2021-06-01,2,28473.243226485683,30801.0,neural_network_change
5,2021-09-01,2021-06-01,3,29202.082523861158,30565.0,neural_network_change
5,2021-10-01,2021-06-01,4,29865.835540476306,28318.0,neural_network_change
5,2021-11-01,2021-06-01,5,30747.964544054907,27388.0,neural_network_change
5,2021-12-01,2021-06-01,6,31977.733077581426,29721.0,neural_network_change
5,2022-01-01,2021-06-01,7,32755.389766345812,32182.0,neural_network_change
5,2022-02-01,2021-06-01,8,32545.383160365895,30148.0,neural_network_change
5,2022-03-01,2021-06-01,9,31188.24457920216,29929.0,neural_network_change
5,2022-04-01,2021-06-01,10,30270.17132889044,30640.0,neural_network_change
5,2022-05-01,2021-06-01,11,29395.89454842511,31257.0,neural_network_change
5,2022-06-01,2021-06-01,12,28859.674678036965,30290.0,neural_network_change
1,2021-07-01,2021-06-01,1,67073.15564809421,62682.0,seasonal_residual_change
1,2021-08-01,2021-06-01,2,65693.24082719263,55205.0,seasonal_residual_change
1,2021-09-01,2021-06-01,3,64835.87047624075,59038.0,seasonal_residual_change
1,2021-10-01,2021-06-01,4,61830.17450770372,53113.0,seasonal_residual_change
1,2021-11-01,2021-06-01,5,61259.12730193246,56872.0,seasonal_residual_change
1,2021-12-01,2021-06-01,6,62953.02187186392,61830.0,seasonal_residual_change
1,2022-01-01,2021-06-01,7,68868.1984046408,65541.0,seasonal_residual_change
1,2022-02-01,2021-06-01,8,66398.25028922042,61884.0,seasonal_residual_change
1,2022-03-01,2021-06-01,9,61403.20315287647,56984.0,seasonal_residual_change
1,2022-04-01,2021-06-01,10,64082.595344588015,52786.0,seasonal_residual_change
1,2022-05-01,2021-06-01,11,66568.93248513382,53989.0,seasonal_residual_change
1,2022-06-01,2021-06-01,12,66097.25101551406,53605.0,seasonal_residual_change
2,2021-07-01,2021-06-01,1,50351.32847303433,48408.0,seasonal_residual_change
2,2021-08-01,2021-06-01,2,50776.97992051122,47039.0,seasonal_residual_change
2,2021-09-01,2021-06-01,3,50319.3412514814,46774.0,seasonal_residual_change
2,2021-10-01,2021-06-01,4,47675.332346304174,44972.0,seasonal_residual_change
2,2021-11-01,2021-06-01,5,49885.644584026784,46868.0,seasonal_residual_change
2,2021-12-01,2021-06-01,6,54498.126914973545,50741.0,seasonal_residual_change
2,2022-01-01,2021-06-01,7,60143.92771953432,58762.0,seasonal_residual_change
2,2022-02-01,2021-06-01,8,60384.40133852523,60755.0,seasonal_residual_change
2,2022-03-01,2021-06-01,9,57164.47632925565,56540.0,seasonal_residual_change
2,2022-04-01,2021-06-01,10,55933.84290086754,50322.0,seasonal_residual_change
2,2022-05-01,2021-06-01,11,53620.470237522975,45569.0,seasonal_residual_change
2,2022-06-01,2021-06-01,12,53818.89140926149,46726.0,seasonal_residual_change
3,2021-07-01,2021-06-01,1,82087.0388735188,83487.0,seasonal_residual_change
3,2021-08-01,2021-06-01,2,81879.99002549435,85788.0,seasonal_residual_change
3,2021-09-01,2021-06-01,3,83668.41222475587,83027.0,seasonal_residual_change
3,2021-10-01,2021-06-01,4,84186.24977125697,82699.0,seasonal_residual_change
3,2021-11-01,2021-06-01,5,86093.25445510687,81693.0,seasonal_residual_change
3,2021-12-01,2021-06-01,6,89917.33904900211,81739.0,seasonal_residual_change
3,2022-01-01,2021-06-01,7,92219.17941070833,86386.0,seasonal_residual_change
3,2022-02-01,2021-06-01,8,91315.90709012162,89172.0,seasonal_residual_change
3,2022-03-01,2021-06-01,9,88124.34055312912,86966.0,seasonal_residual_change
3,2022-04-01,2021-06-01,10,86598.34536478994,88321.0,seasonal_residual_change
3,2022-05-01,2021-06-01,11,86255.49429856159,83768.0,seasonal_residual_change
3,2022-06-01,2021-06-01,12,85406.52047833426,83948.0,seasonal_residual_change
4,2021-07-01,2021-06-01,1,6302.135374093201,6234.0,seasonal_residual_change
4,2021-08-01,2021-06-01,2,6347.418478680811,6718.0,seasonal_residual_change
4,2021-09-01,2021-06-01,3,6748.186234997256,7644.0,seasonal_residual_change
4,2021-10-01,2021-06-01,4,6750.3914072726675,7594.0,seasonal_residual_change
4,2021-11-01,2021-06-01,5,7213.602716735415,7777.0,seasonal_residual_change
4,2021-12-01,2021-06-01,6,7650.9479305355235,8147.0,seasonal_residual_change
4,2022-01-01,2021-06-01,7,8017.777421261176,8910.0,seasonal_residual_change
4,2022-02-01,2021-06-01,8,8222.02381144943,8302.0,seasonal_residual_change
4,2022-03-01,2021-06-01,9,7933.5932669169215,8083.0,seasonal_residual_change
4,2022-04-01,2021-06-01,10,7584.467763576535,7951.0,seasonal_residual_change
4,2022-05-01,2021-06-01,11,7445.495590357689,6140.0,seasonal_residual_change
4,2022-06-01,2021-06-01,12,7217.033328874065,6448.0,seasonal_residual_change
5,2021-07-01,2021-06-01,1,29079.515320414626,29953.0,seasonal_residual_change
5,2021-08-01,2021-06-01,2,28313.36634682646,30801.0,seasonal_residual_change
5,2021-09-01,2021-06-01,3,28743.46715037156,30565.0,seasonal_residual_change
5,2021-10-01,2021-06-01,4,28632.959174541826,28318.0,seasonal_residual_change
5,2021-11-01,2021-06-01,5,30277.762726059744,27388.0,seasonal_residual_change
5,2021-12-01,2021-06-01,6,30987.875943263334,29721.0,seasonal_residual_change
5,2022-01-01,2021-06-01,7,32650.529180950205,32182.0,seasonal_residual_change
5,2022-02-01,2021-06-01,8,31936.08910765441,30148.0,seasonal_residual_change
5,2022-03-01,2021-06-01,9,30476.758931194643,29929.0,seasonal_residual_change
5,2022-04-01,2021-06-01,10,29733.830763397054,30640.0,seasonal_residual_change
5,2022-05-01,2021-06-01,11,29659.153657654864,31257.0,seasonal_residual_change
5,2022-06-01,2021-06-01,12,29079.468972108025,30290.0,seasonal_residual_change
1,2021-07-01,2021-06-01,1,63785.8917989883,62682.0,huber_change
1,2021-08-01,2021-06-01,2,60385.8799209647,55205.0,huber_change
1,2021-09-01,2021-06-01,3,59580.53264709236,59038.0,huber_change
1,2021-10-01,2021-06-01,4,57805.25637399797,53113.0,huber_change
1,2021-11-01,2021-06-01,5,57949.602357175885,56872.0,huber_change
1,2021-12-01,2021-06-01,6,59266.930927290334,61830.0,huber_change
1,2022-01-01,2021-06-01,7,62291.795577804325,65541.0,huber_change
1,2022-02-01,2021-06-01,8,63240.343774413304,61884.0,huber_change
1,2022-03-01,2021-06-01,9,60307.5191282478,56984.0,huber_change
1,2022-04-01,2021-06-01,10,61488.809443412094,52786.0,huber_change
1,2022-05-01,2021-06-01,11,61117.692213435315,53989.0,huber_change
1,2022-06-01,2021-06-01,12,60871.03781725893,53605.0,huber_change
2,2021-07-01,2021-06-01,1,50499.47295899544,48408.0,huber_change
2,2021-08-01,2021-06-01,2,50450.435439149376,47039.0,huber_change
2,2021-09-01,2021-06-01,3,50418.75926223542,46774.0,huber_change
2,2021-10-01,2021-06-01,4,49351.4526794109,44972.0,huber_change
2,2021-11-01,2021-06-01,5,51122.096226059046,46868.0,huber_change
2,2021-12-01,2021-06-01,6,52760.46312786189,50741.0,huber_change
2,2022-01-01,2021-06-01,7,55825.80282715609,58762.0,huber_change
2,2022-02-01,2021-06-01,8,56475.347262807525,60755.0,huber_change
2,2022-03-01,2021-06-01,9,53295.94478394812,56540.0,huber_change
2,2022-04-01,2021-06-01,10,53330.19542185578,50322.0,huber_change
2,2022-05-01,2021-06-01,11,51127.93366364738,45569.0,huber_change
2,2022-06-01,2021-06-01,12,51088.396977993514,46726.0,huber_change
3,2021-07-01,2021-06-01,1,83126.82397525402,83487.0,huber_change
3,2021-08-01,2021-06-01,2,84022.94515896124,85788.0,huber_change
3,2021-09-01,2021-06-01,3,83707.90695626811,83027.0,huber_change
3,2021-10-01,2021-06-01,4,83933.71731703808,82699.0,huber_change
3,2021-11-01,2021-06-01,5,85327.06546521146,81693.0,huber_change
3,2021-12-01,2021-06-01,6,86737.86594966502,81739.0,huber_change
3,2022-01-01,2021-06-01,7,88464.28668649604,86386.0,huber_change
3,2022-02-01,2021-06-01,8,87081.0560735639,89172.0,huber_change
3,2022-03-01,2021-06-01,9,85284.99224882916,86966.0,huber_change
3,2022-04-01,2021-06-01,10,85319.43790411061,88321.0,huber_change
3,2022-05-01,2021-06-01,11,84564.36725586058,83768.0,huber_change
3,2022-06-01,2021-06-01,12,83603.53207270148,83948.0,huber_change
4,2021-07-01,2021-06-01,1,6505.478286383676,6234.0,huber_change
4,2021-08-01,2021-06-01,2,6829.561376906541,6718.0,huber_change
4,2021-09-01,2021-06-01,3,7195.165412538739,7644.0,huber_change
4,2021-10-01,2021-06-01,4,7466.543022387458,7594.0,huber_change
4,2021-11-01,2021-06-01,5,7809.866644088552,7777.0,huber_change
4,2021-12-01,2021-06-01,6,8035.021813527378,8147.0,huber_change
4,2022-01-01,2021-06-01,7,8156.299730078993,8910.0,huber_change
4,2022-02-01,2021-06-01,8,8135.713784735247,8302.0,huber_change
4,2022-03-01,2021-06-01,9,7959.746184718153,8083.0,huber_change
4,2022-04-01,2021-06-01,10,7761.70333115367,7951.0,huber_change
4,2022-05-01,2021-06-01,11,7465.056607289079,6140.0,huber_change
4,2022-06-01,2021-06-01,12,7123.53786788833,6448.0,huber_change
5,2021-07-01,2021-06-01,1,28106.596222284374,29953.0,huber_change
5,2021-08-01,2021-06-01,2,28373.069693188107,30801.0,huber_change
5,2021-09-01,2021-06-01,3,29331.66245510958,30565.0,huber_change
5,2021-10-01,2021-06-01,4,29994.987666155914,28318.0,huber_change
5,2021-11-01,2021-06-01,5,30781.08400274592,27388.0,huber_change
5,2021-12-01,2021-06-01,6,31696.023691916263,29721.0,huber_change
5,2022-01-01,2021-06-01,7,32397.495590843897,32182.0,huber_change
5,2022-02-01,2021-06-01,8,32368.755877652256,30148.0,huber_change
5,2022-03-01,2021-06-01,9,31352.176332099345,29929.0,huber_change
5,2022-04-01,2021-06-01,10,30633.20519229359,30640.0,huber_change
5,2022-05-01,2021-06-01,11,29657.315740572376,31257.0,huber_change
5,2022-06-01,2021-06-01,12,28850.307160234574,30290.0,huber_change
1,2022-07-01,2022-06-01,1,53605.0,52870.0,persistence
1,2022-08-01,2022-06-01,2,53605.0,54121.0,persistence
1,2022-09-01,2022-06-01,3,53605.0,54334.0,persistence
1,2022-10-01,2022-06-01,4,53605.0,50932.0,persistence
1,2022-11-01,2022-06-01,5,53605.0,51102.0,persistence
1,2022-12-01,2022-06-01,6,53605.0,56398.0,persistence
1,2023-01-01,2022-06-01,7,53605.0,61972.0,persistence
1,2023-02-01,2022-06-01,8,53605.0,64330.0,persistence
1,2023-03-01,2022-06-01,9,53605.0,52690.0,persistence
1,2023-04-01,2022-06-01,10,53605.0,53256.0,persistence
1,2023-05-01,2022-06-01,11,53605.0,55471.0,persistence
1,2023-06-01,2022-06-01,12,53605.0,56992.0,persistence
2,2022-07-01,2022-06-01,1,46726.0,48766.0,persistence
2,2022-08-01,2022-06-01,2,46726.0,43998.0,persistence
2,2022-09-01,2022-06-01,3,46726.0,44088.0,persistence
2,2022-10-01,2022-06-01,4,46726.0,45031.0,persistence
2,2022-11-01,2022-06-01,5,46726.0,46995.0,persistence
2,2022-12-01,2022-06-01,6,46726.0,46612.0,persistence
2,2023-01-01,2022-06-01,7,46726.0,50942.0,persistence
2,2023-02-01,2022-06-01,8,46726.0,52512.0,persistence
2,2023-03-01,2022-06-01,9,46726.0,49788.0,persistence
2,2023-04-01,2022-06-01,10,46726.0,46209.0,persistence
2,2023-05-01,2022-06-01,11,46726.0,45371.0,persistence
2,2023-06-01,2022-06-01,12,46726.0,44880.0,persistence
3,2022-07-01,2022-06-01,1,83948.0,86884.0,persistence
3,2022-08-01,2022-06-01,2,83948.0,84506.0,persistence
3,2022-09-01,2022-06-01,3,83948.0,80238.0,persistence
3,2022-10-01,2022-06-01,4,83948.0,80034.0,persistence
3,2022-11-01,2022-06-01,5,83948.0,84828.0,persistence
3,2022-12-01,2022-06-01,6,83948.0,81410.0,persistence
3,2023-01-01,2022-06-01,7,83948.0,87152.0,persistence
3,2023-02-01,2022-06-01,8,83948.0,87635.0,persistence
3,2023-03-01,2022-06-01,9,83948.0,83730.0,persistence
3,2023-04-01,2022-06-01,10,83948.0,86443.0,persistence
3,2023-05-01,2022-06-01,11,83948.0,85177.0,persistence
3,2023-06-01,2022-06-01,12,83948.0,84382.0,persistence
4,2022-07-01,2022-06-01,1,6448.0,6816.0,persistence
4,2022-08-01,2022-06-01,2,6448.0,6394.0,persistence
4,2022-09-01,2022-06-01,3,6448.0,6386.0,persistence
4,2022-10-01,2022-06-01,4,6448.0,7003.0,persistence
4,2022-11-01,2022-06-01,5,6448.0,7200.0,persistence
4,2022-12-01,2022-06-01,6,6448.0,7417.0,persistence
4,2023-01-01,2022-06-01,7,6448.0,7387.0,persistence
4,2023-02-01,2022-06-01,8,6448.0,7666.0,persistence
4,2023-03-01,2022-06-01,9,6448.0,7844.0,persistence
4,2023-04-01,2022-06-01,10,6448.0,7295.0,persistence
4,2023-05-01,2022-06-01,11,6448.0,6761.0,persistence
4,2023-06-01,2022-06-01,12,6448.0,6916.0,persistence
5,2022-07-01,2022-06-01,1,30290.0,29797.0,persistence
5,2022-08-01,2022-06-01,2,30290.0,26573.0,persistence
5,2022-09-01,2022-06-01,3,30290.0,24470.0,persistence
5,2022-10-01,2022-06-01,4,30290.0,27445.0,persistence
5,2022-11-01,2022-06-01,5,30290.0,31229.0,persistence
5,2022-12-01,2022-06-01,6,30290.0,32573.0,persistence
5,2023-01-01,2022-06-01,7,30290.0,32179.0,persistence
5,2023-02-01,2022-06-01,8,30290.0,30493.0,persistence
5,2023-03-01,2022-06-01,9,30290.0,31151.0,persistence
5,2023-04-01,2022-06-01,10,30290.0,30439.0,persistence
5,2023-05-01,2022-06-01,11,30290.0,29366.0,persistence
5,2023-06-01,2022-06-01,12,30290.0,28886.0,persistence
1,2022-07-01,2022-06-01,1,62682.0,52870.0,seasonal_naive
1,2022-08-01,2022-06-01,2,55205.0,54121.0,seasonal_naive
1,2022-09-01,2022-06-01,3,59038.0,54334.0,seasonal_naive
1,2022-10-01,2022-06-01,4,53113.0,50932.0,seasonal_naive
1,2022-11-01,2022-06-01,5,56872.0,51102.0,seasonal_naive
1,2022-12-01,2022-06-01,6,61830.0,56398.0,seasonal_naive
1,2023-01-01,2022-06-01,7,65541.0,61972.0,seasonal_naive
1,2023-02-01,2022-06-01,8,61884.0,64330.0,seasonal_naive
1,2023-03-01,2022-06-01,9,56984.0,52690.0,seasonal_naive
1,2023-04-01,2022-06-01,10,52786.0,53256.0,seasonal_naive
1,2023-05-01,2022-06-01,11,53989.0,55471.0,seasonal_naive
1,2023-06-01,2022-06-01,12,53605.0,56992.0,seasonal_naive
2,2022-07-01,2022-06-01,1,48408.0,48766.0,seasonal_naive
2,2022-08-01,2022-06-01,2,47039.0,43998.0,seasonal_naive
2,2022-09-01,2022-06-01,3,46774.0,44088.0,seasonal_naive
2,2022-10-01,2022-06-01,4,44972.0,45031.0,seasonal_naive
2,2022-11-01,2022-06-01,5,46868.0,46995.0,seasonal_naive
2,2022-12-01,2022-06-01,6,50741.0,46612.0,seasonal_naive
2,2023-01-01,2022-06-01,7,58762.0,50942.0,seasonal_naive
2,2023-02-01,2022-06-01,8,60755.0,52512.0,seasonal_naive
2,2023-03-01,2022-06-01,9,56540.0,49788.0,seasonal_naive
2,2023-04-01,2022-06-01,10,50322.0,46209.0,seasonal_naive
2,2023-05-01,2022-06-01,11,45569.0,45371.0,seasonal_naive
2,2023-06-01,2022-06-01,12,46726.0,44880.0,seasonal_naive
3,2022-07-01,2022-06-01,1,83487.0,86884.0,seasonal_naive
3,2022-08-01,2022-06-01,2,85788.0,84506.0,seasonal_naive
3,2022-09-01,2022-06-01,3,83027.0,80238.0,seasonal_naive
3,2022-10-01,2022-06-01,4,82699.0,80034.0,seasonal_naive
3,2022-11-01,2022-06-01,5,81693.0,84828.0,seasonal_naive
3,2022-12-01,2022-06-01,6,81739.0,81410.0,seasonal_naive
3,2023-01-01,2022-06-01,7,86386.0,87152.0,seasonal_naive
3,2023-02-01,2022-06-01,8,89172.0,87635.0,seasonal_naive
3,2023-03-01,2022-06-01,9,86966.0,83730.0,seasonal_naive
3,2023-04-01,2022-06-01,10,88321.0,86443.0,seasonal_naive
3,2023-05-01,2022-06-01,11,83768.0,85177.0,seasonal_naive
3,2023-06-01,2022-06-01,12,83948.0,84382.0,seasonal_naive
4,2022-07-01,2022-06-01,1,6234.0,6816.0,seasonal_naive
4,2022-08-01,2022-06-01,2,6718.0,6394.0,seasonal_naive
4,2022-09-01,2022-06-01,3,7644.0,6386.0,seasonal_naive
4,2022-10-01,2022-06-01,4,7594.0,7003.0,seasonal_naive
4,2022-11-01,2022-06-01,5,7777.0,7200.0,seasonal_naive
4,2022-12-01,2022-06-01,6,8147.0,7417.0,seasonal_naive
4,2023-01-01,2022-06-01,7,8910.0,7387.0,seasonal_naive
4,2023-02-01,2022-06-01,8,8302.0,7666.0,seasonal_naive
4,2023-03-01,2022-06-01,9,8083.0,7844.0,seasonal_naive
4,2023-04-01,2022-06-01,10,7951.0,7295.0,seasonal_naive
4,2023-05-01,2022-06-01,11,6140.0,6761.0,seasonal_naive
4,2023-06-01,2022-06-01,12,6448.0,6916.0,seasonal_naive
5,2022-07-01,2022-06-01,1,29953.0,29797.0,seasonal_naive
5,2022-08-01,2022-06-01,2,30801.0,26573.0,seasonal_naive
5,2022-09-01,2022-06-01,3,30565.0,24470.0,seasonal_naive
5,2022-10-01,2022-06-01,4,28318.0,27445.0,seasonal_naive
5,2022-11-01,2022-06-01,5,27388.0,31229.0,seasonal_naive
5,2022-12-01,2022-06-01,6,29721.0,32573.0,seasonal_naive
5,2023-01-01,2022-06-01,7,32182.0,32179.0,seasonal_naive
5,2023-02-01,2022-06-01,8,30148.0,30493.0,seasonal_naive
5,2023-03-01,2022-06-01,9,29929.0,31151.0,seasonal_naive
5,2023-04-01,2022-06-01,10,30640.0,30439.0,seasonal_naive
5,2023-05-01,2022-06-01,11,31257.0,29366.0,seasonal_naive
5,2023-06-01,2022-06-01,12,30290.0,28886.0,seasonal_naive
1,2022-07-01,2022-06-01,1,51230.2,52870.0,seasonal_change
1,2022-08-01,2022-06-01,2,48735.6,54121.0,seasonal_change
1,2022-09-01,2022-06-01,3,48553.799999999996,54334.0,seasonal_change
1,2022-10-01,2022-06-01,4,45192.6,50932.0,seasonal_change
1,2022-11-01,2022-06-01,5,46336.0,51102.0,seasonal_change
1,2022-12-01,2022-06-01,6,49416.6,56398.0,seasonal_change
1,2023-01-01,2022-06-01,7,55338.799999999996,61972.0,seasonal_change
1,2023-02-01,2022-06-01,8,51654.99999999999,64330.0,seasonal_change
1,2023-03-01,2022-06-01,9,46529.49999999999,52690.0,seasonal_change
1,2023-04-01,2022-06-01,10,47389.99999999999,53256.0,seasonal_change
1,2023-05-01,2022-06-01,11,50379.399999999994,55471.0,seasonal_change
1,2023-06-01,2022-06-01,12,48904.799999999996,56992.0,seasonal_change
2,2022-07-01,2022-06-01,1,45908.2,48766.0,seasonal_change
2,2022-08-01,2022-06-01,2,45452.0,43998.0,seasonal_change
2,2022-09-01,2022-06-01,3,44975.4,44088.0,seasonal_change
2,2022-10-01,2022-06-01,4,41601.200000000004,45031.0,seasonal_change
2,2022-11-01,2022-06-01,5,43165.8,46995.0,seasonal_change
2,2022-12-01,2022-06-01,6,47952.4,46612.0,seasonal_change
2,2023-01-01,2022-06-01,7,53616.8,50942.0,seasonal_change
2,2023-02-01,2022-06-01,8,54327.600000000006,52512.0,seasonal_change
2,2023-03-01,2022-06-01,9,50660.100000000006,49788.0,seasonal_change
2,2023-04-01,2022-06-01,10,48233.850000000006,46209.0,seasonal_change
2,2023-05-01,2022-06-01,11,45227.450000000004,45371.0,seasonal_change
2,2023-06-01,2022-06-01,12,46014.05,44880.0,seasonal_change
3,2022-07-01,2022-06-01,1,83599.0,86884.0,seasonal_change
3,2022-08-01,2022-06-01,2,82647.2,84506.0,seasonal_change
3,2022-09-01,2022-06-01,3,83331.8,80238.0,seasonal_change
3,2022-10-01,2022-06-01,4,83941.2,80034.0,seasonal_change
3,2022-11-01,2022-06-01,5,84780.8,84828.0,seasonal_change
3,2022-12-01,2022-06-01,6,88182.2,81410.0,seasonal_change
3,2023-01-01,2022-06-01,7,90877.59999999999,87152.0,seasonal_change
3,2023-02-01,2022-06-01,8,89263.59999999999,87635.0,seasonal_change
3,2023-03-01,2022-06-01,9,85834.34999999999,83730.0,seasonal_change
3,2023-04-01,2022-06-01,10,85780.59999999999,86443.0,seasonal_change
3,2023-05-01,2022-06-01,11,86049.59999999999,85177.0,seasonal_change
3,2023-06-01,2022-06-01,12,84453.4,84382.0,seasonal_change
4,2022-07-01,2022-06-01,1,6326.0,6816.0,seasonal_change
4,2022-08-01,2022-06-01,2,6156.4,6394.0,seasonal_change
4,2022-09-01,2022-06-01,3,6601.0,6386.0,seasonal_change
4,2022-10-01,2022-06-01,4,6466.4,7003.0,seasonal_change
4,2022-11-01,2022-06-01,5,6823.799999999999,7200.0,seasonal_change
4,2022-12-01,2022-06-01,6,7219.799999999999,7417.0,seasonal_change
4,2023-01-01,2022-06-01,7,7686.599999999999,7387.0,seasonal_change
4,2023-02-01,2022-06-01,8,7679.799999999999,7666.0,seasonal_change
4,2023-03-01,2022-06-01,9,7190.549999999999,7844.0,seasonal_change
4,2023-04-01,2022-06-01,10,6916.049999999999,7295.0,seasonal_change
4,2023-05-01,2022-06-01,11,6408.65,6761.0,seasonal_change
4,2023-06-01,2022-06-01,12,6265.45,6916.0,seasonal_change
5,2022-07-01,2022-06-01,1,31010.8,29797.0,seasonal_change
5,2022-08-01,2022-06-01,2,30109.399999999998,26573.0,seasonal_change
5,2022-09-01,2022-06-01,3,29748.199999999997,24470.0,seasonal_change
5,2022-10-01,2022-06-01,4,29082.6,27445.0,seasonal_change
5,2022-11-01,2022-06-01,5,30768.399999999998,31229.0,seasonal_change
5,2022-12-01,2022-06-01,6,32082.999999999996,32573.0,seasonal_change
5,2023-01-01,2022-06-01,7,33668.799999999996,32179.0,seasonal_change
5,2023-02-01,2022-06-01,8,32750.599999999995,30493.0,seasonal_change
5,2023-03-01,2022-06-01,9,31732.599999999995,31151.0,seasonal_change
5,2023-04-01,2022-06-01,10,31191.599999999995,30439.0,seasonal_change
5,2023-05-01,2022-06-01,11,31233.599999999995,29366.0,seasonal_change
5,2023-06-01,2022-06-01,12,30711.199999999993,28886.0,seasonal_change
1,2022-07-01,2022-06-01,1,50451.14843611395,52870.0,forecast_flow_identity
1,2022-08-01,2022-06-01,2,47177.4968722279,54121.0,forecast_flow_identity
1,2022-09-01,2022-06-01,3,46241.38245556398,54334.0,forecast_flow_identity
1,2022-10-01,2022-06-01,4,42100.73089167793,50932.0,forecast_flow_identity
1,2022-11-01,2022-06-01,5,42490.41647501402,51102.0,forecast_flow_identity
1,2022-12-01,2022-06-01,6,44792.36491112798,56398.0,forecast_flow_identity
1,2023-01-01,2022-06-01,7,49935.11334724194,61972.0,forecast_flow_identity
1,2023-02-01,2022-06-01,8,45577.59046640159,64330.0,forecast_flow_identity
1,2023-03-01,2022-06-01,9,39631.825662311,52690.0,forecast_flow_identity
1,2023-04-01,2022-06-01,10,39225.555702473735,53256.0,forecast_flow_identity
1,2023-05-01,2022-06-01,11,41477.117378792216,55471.0,forecast_flow_identity
1,2023-06-01,2022-06-01,12,39993.07086929232,56992.0,forecast_flow_identity
2,2022-07-01,2022-06-01,1,45972.31169588784,48766.0,forecast_flow_identity
2,2022-08-01,2022-06-01,2,45580.22339177569,43998.0,forecast_flow_identity
2,2022-09-01,2022-06-01,3,45166.06051682844,44088.0,forecast_flow_identity
2,2022-10-01,2022-06-01,4,41856.17221271629,45031.0,forecast_flow_identity
2,2022-11-01,2022-06-01,5,43483.40933776903,46995.0,forecast_flow_identity
2,2022-12-01,2022-06-01,6,48334.92103365686,46612.0,forecast_flow_identity
2,2023-01-01,2022-06-01,7,54064.03272954468,50942.0,forecast_flow_identity
2,2023-02-01,2022-06-01,8,54826.396574996186,52512.0,forecast_flow_identity
2,2023-03-01,2022-06-01,9,51226.59309698334,49788.0,forecast_flow_identity
2,2023-04-01,2022-06-01,10,49060.954583875406,46209.0,forecast_flow_identity
2,2023-05-01,2022-06-01,11,46115.88145366386,45371.0,forecast_flow_identity
2,2023-06-01,2022-06-01,12,46787.29058201114,44880.0,forecast_flow_identity
3,2022-07-01,2022-06-01,1,83698.93456065148,86884.0,forecast_flow_identity
3,2022-08-01,2022-06-01,2,82847.46912130297,84506.0,forecast_flow_identity
3,2022-09-01,2022-06-01,3,83628.78643806247,80238.0,forecast_flow_identity
3,2022-10-01,2022-06-01,4,84337.92099871396,80034.0,forecast_flow_identity
3,2022-11-01,2022-06-01,5,85273.83831547349,84828.0,forecast_flow_identity
3,2022-12-01,2022-06-01,6,88774.97287612499,81410.0,forecast_flow_identity
3,2023-01-01,2022-06-01,7,91570.10743677647,87152.0,forecast_flow_identity
3,2023-02-01,2022-06-01,8,90107.74198988992,87635.0,forecast_flow_identity
3,2023-03-01,2022-06-01,9,86783.22573794409,83730.0,forecast_flow_identity
3,2023-04-01,2022-06-01,10,87826.66319592678,86443.0,forecast_flow_identity
3,2023-05-01,2022-06-01,11,88190.14856917557,85177.0,forecast_flow_identity
3,2023-06-01,2022-06-01,12,86660.81229369258,84382.0,forecast_flow_identity
4,2022-07-01,2022-06-01,1,6298.235655532536,6816.0,forecast_flow_identity
4,2022-08-01,2022-06-01,2,6100.671311065073,6394.0,forecast_flow_identity
4,2022-09-01,2022-06-01,3,6518.7961389997845,6386.0,forecast_flow_identity
4,2022-10-01,2022-06-01,4,6356.631794532323,7003.0,forecast_flow_identity
4,2022-11-01,2022-06-01,5,6687.356622467036,7200.0,forecast_flow_identity
4,2022-12-01,2022-06-01,6,7055.992277999573,7417.0,forecast_flow_identity
4,2023-01-01,2022-06-01,7,7495.427933532112,7387.0,forecast_flow_identity
4,2023-02-01,2022-06-01,8,7463.3242097194525,7666.0,forecast_flow_identity
4,2023-03-01,2022-06-01,9,6945.309110280013,7844.0,forecast_flow_identity
4,2023-04-01,2022-06-01,10,6611.437894639213,7295.0,forecast_flow_identity
4,2023-05-01,2022-06-01,11,6077.524305143719,6761.0,forecast_flow_identity
4,2023-06-01,2022-06-01,12,5908.441879633535,6916.0,forecast_flow_identity
5,2022-07-01,2022-06-01,1,31027.798473785515,29797.0,forecast_flow_identity
5,2022-08-01,2022-06-01,2,30142.996947571024,26573.0,forecast_flow_identity
5,2022-09-01,2022-06-01,3,29798.059986718294,24470.0,forecast_flow_identity
5,2022-10-01,2022-06-01,4,29149.258460503806,27445.0,forecast_flow_identity
5,2022-11-01,2022-06-01,5,30850.52149965108,31229.0,forecast_flow_identity
5,2022-12-01,2022-06-01,6,32181.919973436594,32573.0,forecast_flow_identity
5,2023-01-01,2022-06-01,7,33784.51844722211,32179.0,forecast_flow_identity
5,2023-02-01,2022-06-01,8,32883.614065368754,30493.0,forecast_flow_identity
5,2023-03-01,2022-06-01,9,31882.586143037704,31151.0,forecast_flow_identity
5,2023-04-01,2022-06-01,10,31324.603759071964,30439.0,forecast_flow_identity
5,2023-05-01,2022-06-01,11,31382.128628974016,29366.0,forecast_flow_identity
5,2023-06-01,2022-06-01,12,30645.90827716181,28886.0,forecast_flow_identity
1,2022-07-01,2022-06-01,1,54690.81599789066,52870.0,constrained_level
1,2022-08-01,2022-06-01,2,55117.66748072487,54121.0,constrained_level
1,2022-09-01,2022-06-01,3,55956.431728916345,54334.0,constrained_level
1,2022-10-01,2022-06-01,4,55563.66038905648,50932.0,constrained_level
1,2022-11-01,2022-06-01,5,55826.04338826926,51102.0,constrained_level
1,2022-12-01,2022-06-01,6,57320.448603525,56398.0,constrained_level
1,2023-01-01,2022-06-01,7,60063.59091096503,61972.0,constrained_level
1,2023-02-01,2022-06-01,8,61115.895009950145,64330.0,constrained_level
1,2023-03-01,2022-06-01,9,57010.22066023605,52690.0,constrained_level
1,2023-04-01,2022-06-01,10,56394.87206896867,53256.0,constrained_level
1,2023-05-01,2022-06-01,11,56335.2478100656,55471.0,constrained_level
1,2023-06-01,2022-06-01,12,57616.39498572709,56992.0,constrained_level
2,2022-07-01,2022-06-01,1,49858.99134232194,48766.0,constrained_level
2,2022-08-01,2022-06-01,2,51567.615253248936,43998.0,constrained_level
2,2022-09-01,2022-06-01,3,52862.59192201616,44088.0,constrained_level
2,2022-10-01,2022-06-01,4,53013.52248650273,45031.0,constrained_level
2,2022-11-01,2022-06-01,5,52100.96194399272,46995.0,constrained_level
2,2022-12-01,2022-06-01,6,53801.850876848235,46612.0,constrained_level
2,2023-01-01,2022-06-01,7,56684.118513348636,50942.0,constrained_level
2,2023-02-01,2022-06-01,8,57991.01627283057,52512.0,constrained_level
2,2023-03-01,2022-06-01,9,55375.87474935104,49788.0,constrained_level
2,2023-04-01,2022-06-01,10,53450.400468564985,46209.0,constrained_level
2,2023-05-01,2022-06-01,11,52185.23384977951,45371.0,constrained_level
2,2023-06-01,2022-06-01,12,51683.73344629651,44880.0,constrained_level
3,2022-07-01,2022-06-01,1,84023.63583081665,86884.0,constrained_level
3,2022-08-01,2022-06-01,2,83539.24542279226,84506.0,constrained_level
3,2022-09-01,2022-06-01,3,82616.81890026396,80238.0,constrained_level
3,2022-10-01,2022-06-01,4,82347.8353818407,80034.0,constrained_level
3,2022-11-01,2022-06-01,5,84065.69367310457,84828.0,constrained_level
3,2022-12-01,2022-06-01,6,86105.09007785424,81410.0,constrained_level
3,2023-01-01,2022-06-01,7,88349.47889225133,87152.0,constrained_level
3,2023-02-01,2022-06-01,8,87265.92669718698,87635.0,constrained_level
3,2023-03-01,2022-06-01,9,83759.0687468136,83730.0,constrained_level
3,2023-04-01,2022-06-01,10,83225.24807974478,86443.0,constrained_level
3,2023-05-01,2022-06-01,11,82774.28993495824,85177.0,constrained_level
3,2023-06-01,2022-06-01,12,82977.85121320892,84382.0,constrained_level
4,2022-07-01,2022-06-01,1,6636.705770242328,6816.0,constrained_level
4,2022-08-01,2022-06-01,2,6792.997405810039,6394.0,constrained_level
4,2022-09-01,2022-06-01,3,6824.890688808737,6386.0,constrained_level
4,2022-10-01,2022-06-01,4,6879.131421549813,7003.0,constrained_level
4,2022-11-01,2022-06-01,5,6863.714081968468,7200.0,constrained_level
4,2022-12-01,2022-06-01,6,6873.597227296849,7417.0,constrained_level
4,2023-01-01,2022-06-01,7,6982.445340843303,7387.0,constrained_level
4,2023-02-01,2022-06-01,8,7059.138873552057,7666.0,constrained_level
4,2023-03-01,2022-06-01,9,6886.144193197214,7844.0,constrained_level
4,2023-04-01,2022-06-01,10,6820.4777554267475,7295.0,constrained_level
4,2023-05-01,2022-06-01,11,6663.524296564428,6761.0,constrained_level
4,2023-06-01,2022-06-01,12,6564.675114938531,6916.0,constrained_level
5,2022-07-01,2022-06-01,1,30267.919933358833,29797.0,constrained_level
5,2022-08-01,2022-06-01,2,30211.03353674389,26573.0,constrained_level
5,2022-09-01,2022-06-01,3,29860.49408189394,24470.0,constrained_level
5,2022-10-01,2022-06-01,4,29846.03904294353,27445.0,constrained_level
5,2022-11-01,2022-06-01,5,29635.83974388209,31229.0,constrained_level
5,2022-12-01,2022-06-01,6,30701.913369229103,32573.0,constrained_level
5,2023-01-01,2022-06-01,7,31213.99466928897,32179.0,constrained_level
5,2023-02-01,2022-06-01,8,31442.47764106496,30493.0,constrained_level
5,2023-03-01,2022-06-01,9,30761.513038741832,31151.0,constrained_level
5,2023-04-01,2022-06-01,10,30037.722287748744,30439.0,constrained_level
5,2023-05-01,2022-06-01,11,29706.533907740974,29366.0,constrained_level
5,2023-06-01,2022-06-01,12,29604.642909312213,28886.0,constrained_level
1,2022-07-01,2022-06-01,1,53504.50944093129,52870.0,ridge_change
1,2022-08-01,2022-06-01,2,52469.908383475005,54121.0,ridge_change
1,2022-09-01,2022-06-01,3,52564.39383877137,54334.0,ridge_change
1,2022-10-01,2022-06-01,4,51472.91999486244,50932.0,ridge_change
1,2022-11-01,2022-06-01,5,51320.48502343338,51102.0,ridge_change
1,2022-12-01,2022-06-01,6,52304.16602767629,56398.0,ridge_change
1,2023-01-01,2022-06-01,7,54514.94596363887,61972.0,ridge_change
1,2023-02-01,2022-06-01,8,54431.92305199228,64330.0,ridge_change
1,2023-03-01,2022-06-01,9,51545.763796290295,52690.0,ridge_change
1,2023-04-01,2022-06-01,10,50056.89451189441,53256.0,ridge_change
1,2023-05-01,2022-06-01,11,49419.53085809804,55471.0,ridge_change
1,2023-06-01,2022-06-01,12,49602.39678826009,56992.0,ridge_change
2,2022-07-01,2022-06-01,1,47389.11055034709,48766.0,ridge_change
2,2022-08-01,2022-06-01,2,48690.116016670814,43998.0,ridge_change
2,2022-09-01,2022-06-01,3,49558.779672040866,44088.0,ridge_change
2,2022-10-01,2022-06-01,4,48448.033737177335,45031.0,ridge_change
2,2022-11-01,2022-06-01,5,48315.02958237302,46995.0,ridge_change
2,2022-12-01,2022-06-01,6,50053.770253479706,46612.0,ridge_change
2,2023-01-01,2022-06-01,7,54774.91626678902,50942.0,ridge_change
2,2023-02-01,2022-06-01,8,57702.91315738652,52512.0,ridge_change
2,2023-03-01,2022-06-01,9,55535.85696861587,49788.0,ridge_change
2,2023-04-01,2022-06-01,10,53366.339217100394,46209.0,ridge_change
2,2023-05-01,2022-06-01,11,49542.433817466524,45371.0,ridge_change
2,2023-06-01,2022-06-01,12,48357.890943702834,44880.0,ridge_change
3,2022-07-01,2022-06-01,1,84242.8921881588,86884.0,ridge_change
3,2022-08-01,2022-06-01,2,84513.24077196195,84506.0,ridge_change
3,2022-09-01,2022-06-01,3,84018.32032020361,80238.0,ridge_change
3,2022-10-01,2022-06-01,4,83490.77330208306,80034.0,ridge_change
3,2022-11-01,2022-06-01,5,84170.74171185432,84828.0,ridge_change
3,2022-12-01,2022-06-01,6,85235.21017211207,81410.0,ridge_change
3,2023-01-01,2022-06-01,7,86956.6695881391,87152.0,ridge_change
3,2023-02-01,2022-06-01,8,87067.07965939038,87635.0,ridge_change
3,2023-03-01,2022-06-01,9,85583.31725541415,83730.0,ridge_change
3,2023-04-01,2022-06-01,10,85897.626093844,86443.0,ridge_change
3,2023-05-01,2022-06-01,11,84747.3869999954,85177.0,ridge_change
3,2023-06-01,2022-06-01,12,84559.8717967914,84382.0,ridge_change
4,2022-07-01,2022-06-01,1,6508.166569640148,6816.0,ridge_change
4,2022-08-01,2022-06-01,2,6634.774753671581,6394.0,ridge_change
4,2022-09-01,2022-06-01,3,6822.277434374554,6386.0,ridge_change
4,2022-10-01,2022-06-01,4,6942.089827275674,7003.0,ridge_change
4,2022-11-01,2022-06-01,5,7063.33197636649,7200.0,ridge_change
4,2022-12-01,2022-06-01,6,7165.797073945748,7417.0,ridge_change
4,2023-01-01,2022-06-01,7,7355.583142372043,7387.0,ridge_change
4,2023-02-01,2022-06-01,8,7427.361099892188,7666.0,ridge_change
4,2023-03-01,2022-06-01,9,7414.1775771164275,7844.0,ridge_change
4,2023-04-01,2022-06-01,10,7459.896544292372,7295.0,ridge_change
4,2023-05-01,2022-06-01,11,7295.395230566665,6761.0,ridge_change
4,2023-06-01,2022-06-01,12,7197.626917757152,6916.0,ridge_change
5,2022-07-01,2022-06-01,1,30260.842441137454,29797.0,ridge_change
5,2022-08-01,2022-06-01,2,30416.06428771607,26573.0,ridge_change
5,2022-09-01,2022-06-01,3,30635.81824525262,24470.0,ridge_change
5,2022-10-01,2022-06-01,4,30221.376506610595,27445.0,ridge_change
5,2022-11-01,2022-06-01,5,29608.640022814583,31229.0,ridge_change
5,2022-12-01,2022-06-01,6,29916.937362951645,32573.0,ridge_change
5,2023-01-01,2022-06-01,7,30795.713486497167,32179.0,ridge_change
5,2023-02-01,2022-06-01,8,30847.97638093577,30493.0,ridge_change
5,2023-03-01,2022-06-01,9,30462.52021760989,31151.0,ridge_change
5,2023-04-01,2022-06-01,10,30246.134307081433,30439.0,ridge_change
5,2023-05-01,2022-06-01,11,30206.957110251948,29366.0,ridge_change
5,2023-06-01,2022-06-01,12,30109.153689065974,28886.0,ridge_change
1,2022-07-01,2022-06-01,1,51832.484283392914,52870.0,seasonal_ridge_change
1,2022-08-01,2022-06-01,2,50148.26862855366,54121.0,seasonal_ridge_change
1,2022-09-01,2022-06-01,3,50048.27048733187,54334.0,seasonal_ridge_change
1,2022-10-01,2022-06-01,4,48596.55596369478,50932.0,seasonal_ridge_change
1,2022-11-01,2022-06-01,5,49183.84172554606,51102.0,seasonal_ridge_change
1,2022-12-01,2022-06-01,6,50957.56459428476,56398.0,seasonal_ridge_change
1,2023-01-01,2022-06-01,7,54084.94203618597,61972.0,seasonal_ridge_change
1,2023-02-01,2022-06-01,8,54546.499010287735,64330.0,seasonal_ridge_change
1,2023-03-01,2022-06-01,9,51560.52230345071,52690.0,seasonal_ridge_change
1,2023-04-01,2022-06-01,10,51180.07982841859,53256.0,seasonal_ridge_change
1,2023-05-01,2022-06-01,11,50260.19561019213,55471.0,seasonal_ridge_change
1,2023-06-01,2022-06-01,12,49860.40282678321,56992.0,seasonal_ridge_change
2,2022-07-01,2022-06-01,1,46540.36847157014,48766.0,seasonal_ridge_change
2,2022-08-01,2022-06-01,2,47330.200872879825,43998.0,seasonal_ridge_change
2,2022-09-01,2022-06-01,3,48286.749588183724,44088.0,seasonal_ridge_change
2,2022-10-01,2022-06-01,4,47384.14840767908,45031.0,seasonal_ridge_change
2,2022-11-01,2022-06-01,5,48173.22372071715,46995.0,seasonal_ridge_change
2,2022-12-01,2022-06-01,6,50381.45955227598,46612.0,seasonal_ridge_change
2,2023-01-01,2022-06-01,7,54709.601167478715,50942.0,seasonal_ridge_change
2,2023-02-01,2022-06-01,8,56621.86848794758,52512.0,seasonal_ridge_change
2,2023-03-01,2022-06-01,9,53824.56625161328,49788.0,seasonal_ridge_change
2,2023-04-01,2022-06-01,10,52499.999666071846,46209.0,seasonal_ridge_change
2,2023-05-01,2022-06-01,11,48962.601724731765,45371.0,seasonal_ridge_change
2,2023-06-01,2022-06-01,12,47826.88389314975,44880.0,seasonal_ridge_change
3,2022-07-01,2022-06-01,1,83310.29179482136,86884.0,seasonal_ridge_change
3,2022-08-01,2022-06-01,2,83545.57823297435,84506.0,seasonal_ridge_change
3,2022-09-01,2022-06-01,3,83568.61617099354,80238.0,seasonal_ridge_change
3,2022-10-01,2022-06-01,4,83661.36545608978,80034.0,seasonal_ridge_change
3,2022-11-01,2022-06-01,5,84883.01392596404,84828.0,seasonal_ridge_change
3,2022-12-01,2022-06-01,6,86076.4369218745,81410.0,seasonal_ridge_change
3,2023-01-01,2022-06-01,7,87588.86538456976,87152.0,seasonal_ridge_change
3,2023-02-01,2022-06-01,8,87413.23312935959,87635.0,seasonal_ridge_change
3,2023-03-01,2022-06-01,9,85432.70401919664,83730.0,seasonal_ridge_change
3,2023-04-01,2022-06-01,10,85298.94263181194,86443.0,seasonal_ridge_change
3,2023-05-01,2022-06-01,11,83677.33047411537,85177.0,seasonal_ridge_change
3,2023-06-01,2022-06-01,12,83145.26197183157,84382.0,seasonal_ridge_change
4,2022-07-01,2022-06-01,1,6438.15398738315,6816.0,seasonal_ridge_change
4,2022-08-01,2022-06-01,2,6569.167065623354,6394.0,seasonal_ridge_change
4,2022-09-01,2022-06-01,3,6808.203658394276,6386.0,seasonal_ridge_change
4,2022-10-01,2022-06-01,4,7018.245758922426,7003.0,seasonal_ridge_change
4,2022-11-01,2022-06-01,5,7229.593936157851,7200.0,seasonal_ridge_change
4,2022-12-01,2022-06-01,6,7388.357477166169,7417.0,seasonal_ridge_change
4,2023-01-01,2022-06-01,7,7555.328630591958,7387.0,seasonal_ridge_change
4,2023-02-01,2022-06-01,8,7560.198140703071,7666.0,seasonal_ridge_change
4,2023-03-01,2022-06-01,9,7460.130917373422,7844.0,seasonal_ridge_change
4,2023-04-01,2022-06-01,10,7378.395112875919,7295.0,seasonal_ridge_change
4,2023-05-01,2022-06-01,11,7137.374340662598,6761.0,seasonal_ridge_change
4,2023-06-01,2022-06-01,12,6992.736300483973,6916.0,seasonal_ridge_change
5,2022-07-01,2022-06-01,1,29141.08896305387,29797.0,seasonal_ridge_change
5,2022-08-01,2022-06-01,2,29215.502350427174,26573.0,seasonal_ridge_change
5,2022-09-01,2022-06-01,3,29972.4281542794,24470.0,seasonal_ridge_change
5,2022-10-01,2022-06-01,4,30412.793447488777,27445.0,seasonal_ridge_change
5,2022-11-01,2022-06-01,5,31097.99922665877,31229.0,seasonal_ridge_change
5,2022-12-01,2022-06-01,6,31951.140763611587,32573.0,seasonal_ridge_change
5,2023-01-01,2022-06-01,7,32816.1736049486,32179.0,seasonal_ridge_change
5,2023-02-01,2022-06-01,8,32667.841424861166,30493.0,seasonal_ridge_change
5,2023-03-01,2022-06-01,9,31641.97316157208,31151.0,seasonal_ridge_change
5,2023-04-01,2022-06-01,10,31075.85444275743,30439.0,seasonal_ridge_change
5,2023-05-01,2022-06-01,11,30290.16789047943,29366.0,seasonal_ridge_change
5,2023-06-01,2022-06-01,12,29747.483116571457,28886.0,seasonal_ridge_change
1,2022-07-01,2022-06-01,1,51832.48428339291,52870.0,polynomial_ridge_change
1,2022-08-01,2022-06-01,2,50148.26862855365,54121.0,polynomial_ridge_change
1,2022-09-01,2022-06-01,3,50048.27048733186,54334.0,polynomial_ridge_change
1,2022-10-01,2022-06-01,4,48596.555963694766,50932.0,polynomial_ridge_change
1,2022-11-01,2022-06-01,5,49183.841725546044,51102.0,polynomial_ridge_change
1,2022-12-01,2022-06-01,6,50957.56459428475,56398.0,polynomial_ridge_change
1,2023-01-01,2022-06-01,7,54084.94203618595,61972.0,polynomial_ridge_change
1,2023-02-01,2022-06-01,8,54546.49901028772,64330.0,polynomial_ridge_change
1,2023-03-01,2022-06-01,9,51560.5223034507,52690.0,polynomial_ridge_change
1,2023-04-01,2022-06-01,10,51180.07982841859,53256.0,polynomial_ridge_change
1,2023-05-01,2022-06-01,11,50260.19561019213,55471.0,polynomial_ridge_change
1,2023-06-01,2022-06-01,12,49860.4028267832,56992.0,polynomial_ridge_change
2,2022-07-01,2022-06-01,1,46540.36847157014,48766.0,polynomial_ridge_change
2,2022-08-01,2022-06-01,2,47330.200872879825,43998.0,polynomial_ridge_change
2,2022-09-01,2022-06-01,3,48286.749588183724,44088.0,polynomial_ridge_change
2,2022-10-01,2022-06-01,4,47384.14840767908,45031.0,polynomial_ridge_change
2,2022-11-01,2022-06-01,5,48173.22372071715,46995.0,polynomial_ridge_change
2,2022-12-01,2022-06-01,6,50381.45955227598,46612.0,polynomial_ridge_change
2,2023-01-01,2022-06-01,7,54709.601167478715,50942.0,polynomial_ridge_change
2,2023-02-01,2022-06-01,8,56621.86848794758,52512.0,polynomial_ridge_change
2,2023-03-01,2022-06-01,9,53824.56625161328,49788.0,polynomial_ridge_change
2,2023-04-01,2022-06-01,10,52499.999666071846,46209.0,polynomial_ridge_change
2,2023-05-01,2022-06-01,11,48962.60172473177,45371.0,polynomial_ridge_change
2,2023-06-01,2022-06-01,12,47826.88389314975,44880.0,polynomial_ridge_change
3,2022-07-01,2022-06-01,1,83310.29179482136,86884.0,polynomial_ridge_change
3,2022-08-01,2022-06-01,2,83545.57823297435,84506.0,polynomial_ridge_change
3,2022-09-01,2022-06-01,3,83568.61617099354,80238.0,polynomial_ridge_change
3,2022-10-01,2022-06-01,4,83661.36545608978,80034.0,polynomial_ridge_change
3,2022-11-01,2022-06-01,5,84883.01392596404,84828.0,polynomial_ridge_change
3,2022-12-01,2022-06-01,6,86076.4369218745,81410.0,polynomial_ridge_change
3,2023-01-01,2022-06-01,7,87588.86538456976,87152.0,polynomial_ridge_change
3,2023-02-01,2022-06-01,8,87413.23312935959,87635.0,polynomial_ridge_change
3,2023-03-01,2022-06-01,9,85432.70401919664,83730.0,polynomial_ridge_change
3,2023-04-01,2022-06-01,10,85298.94263181194,86443.0,polynomial_ridge_change
3,2023-05-01,2022-06-01,11,83677.33047411537,85177.0,polynomial_ridge_change
3,2023-06-01,2022-06-01,12,83145.26197183157,84382.0,polynomial_ridge_change
4,2022-07-01,2022-06-01,1,6438.15398738315,6816.0,polynomial_ridge_change
4,2022-08-01,2022-06-01,2,6569.167065623354,6394.0,polynomial_ridge_change
4,2022-09-01,2022-06-01,3,6808.203658394276,6386.0,polynomial_ridge_change
4,2022-10-01,2022-06-01,4,7018.245758922426,7003.0,polynomial_ridge_change
4,2022-11-01,2022-06-01,5,7229.593936157851,7200.0,polynomial_ridge_change
4,2022-12-01,2022-06-01,6,7388.357477166169,7417.0,polynomial_ridge_change
4,2023-01-01,2022-06-01,7,7555.328630591958,7387.0,polynomial_ridge_change
4,2023-02-01,2022-06-01,8,7560.198140703071,7666.0,polynomial_ridge_change
4,2023-03-01,2022-06-01,9,7460.130917373422,7844.0,polynomial_ridge_change
4,2023-04-01,2022-06-01,10,7378.395112875919,7295.0,polynomial_ridge_change
4,2023-05-01,2022-06-01,11,7137.374340662598,6761.0,polynomial_ridge_change
4,2023-06-01,2022-06-01,12,6992.736300483973,6916.0,polynomial_ridge_change
5,2022-07-01,2022-06-01,1,29141.08896305387,29797.0,polynomial_ridge_change
5,2022-08-01,2022-06-01,2,29215.502350427174,26573.0,polynomial_ridge_change
5,2022-09-01,2022-06-01,3,29972.4281542794,24470.0,polynomial_ridge_change
5,2022-10-01,2022-06-01,4,30412.793447488777,27445.0,polynomial_ridge_change
5,2022-11-01,2022-06-01,5,31097.99922665877,31229.0,polynomial_ridge_change
5,2022-12-01,2022-06-01,6,31951.140763611587,32573.0,polynomial_ridge_change
5,2023-01-01,2022-06-01,7,32816.1736049486,32179.0,polynomial_ridge_change
5,2023-02-01,2022-06-01,8,32667.841424861166,30493.0,polynomial_ridge_change
5,2023-03-01,2022-06-01,9,31641.97316157208,31151.0,polynomial_ridge_change
5,2023-04-01,2022-06-01,10,31075.854442757434,30439.0,polynomial_ridge_change
5,2023-05-01,2022-06-01,11,30290.16789047943,29366.0,polynomial_ridge_change
5,2023-06-01,2022-06-01,12,29747.483116571453,28886.0,polynomial_ridge_change
1,2022-07-01,2022-06-01,1,53078.480685278635,52870.0,spline_ridge_change
1,2022-08-01,2022-06-01,2,51829.96661838904,54121.0,spline_ridge_change
1,2022-09-01,2022-06-01,3,50756.10555810983,54334.0,spline_ridge_change
1,2022-10-01,2022-06-01,4,49067.83972414656,50932.0,spline_ridge_change
1,2022-11-01,2022-06-01,5,49797.778967383914,51102.0,spline_ridge_change
1,2022-12-01,2022-06-01,6,52066.826187954444,56398.0,spline_ridge_change
1,2023-01-01,2022-06-01,7,54871.56398978224,61972.0,spline_ridge_change
1,2023-02-01,2022-06-01,8,54404.51850741079,64330.0,spline_ridge_change
1,2023-03-01,2022-06-01,9,52331.79566676306,52690.0,spline_ridge_change
1,2023-04-01,2022-06-01,10,52356.57524165385,53256.0,spline_ridge_change
1,2023-05-01,2022-06-01,11,52988.52478771957,55471.0,spline_ridge_change
1,2023-06-01,2022-06-01,12,53746.03395743486,56992.0,spline_ridge_change
2,2022-07-01,2022-06-01,1,47124.9165182946,48766.0,spline_ridge_change
2,2022-08-01,2022-06-01,2,47048.045763697264,43998.0,spline_ridge_change
2,2022-09-01,2022-06-01,3,47354.14942271617,44088.0,spline_ridge_change
2,2022-10-01,2022-06-01,4,46547.86945675157,45031.0,spline_ridge_change
2,2022-11-01,2022-06-01,5,47663.80841535753,46995.0,spline_ridge_change
2,2022-12-01,2022-06-01,6,50152.27108938916,46612.0,spline_ridge_change
2,2023-01-01,2022-06-01,7,53976.15386280089,50942.0,spline_ridge_change
2,2023-02-01,2022-06-01,8,55302.015529289805,52512.0,spline_ridge_change
2,2023-03-01,2022-06-01,9,52546.379756910464,49788.0,spline_ridge_change
2,2023-04-01,2022-06-01,10,50784.81573813793,46209.0,spline_ridge_change
2,2023-05-01,2022-06-01,11,48019.69948678616,45371.0,spline_ridge_change
2,2023-06-01,2022-06-01,12,47817.33810416939,44880.0,spline_ridge_change
3,2022-07-01,2022-06-01,1,83794.78270751139,86884.0,spline_ridge_change
3,2022-08-01,2022-06-01,2,83407.23360126975,84506.0,spline_ridge_change
3,2022-09-01,2022-06-01,3,82788.42812637721,80238.0,spline_ridge_change
3,2022-10-01,2022-06-01,4,82783.63775529552,80034.0,spline_ridge_change
3,2022-11-01,2022-06-01,5,84521.93639364684,84828.0,spline_ridge_change
3,2022-12-01,2022-06-01,6,86482.10424195851,81410.0,spline_ridge_change
3,2023-01-01,2022-06-01,7,88249.69176210894,87152.0,spline_ridge_change
3,2023-02-01,2022-06-01,8,87738.62577805582,87635.0,spline_ridge_change
3,2023-03-01,2022-06-01,9,85711.7481010812,83730.0,spline_ridge_change
3,2023-04-01,2022-06-01,10,85139.33660873705,86443.0,spline_ridge_change
3,2023-05-01,2022-06-01,11,83694.69669852339,85177.0,spline_ridge_change
3,2023-06-01,2022-06-01,12,83851.49185234884,84382.0,spline_ridge_change
4,2022-07-01,2022-06-01,1,6462.373643424743,6816.0,spline_ridge_change
4,2022-08-01,2022-06-01,2,6453.924544707203,6394.0,spline_ridge_change
4,2022-09-01,2022-06-01,3,6517.222903237751,6386.0,spline_ridge_change
4,2022-10-01,2022-06-01,4,6615.427032344305,7003.0,spline_ridge_change
4,2022-11-01,2022-06-01,5,6731.276758638711,7200.0,spline_ridge_change
4,2022-12-01,2022-06-01,6,6859.044109696898,7417.0,spline_ridge_change
4,2023-01-01,2022-06-01,7,6962.274676673418,7387.0,spline_ridge_change
4,2023-02-01,2022-06-01,8,6944.772280134118,7666.0,spline_ridge_change
4,2023-03-01,2022-06-01,9,6815.858641294807,7844.0,spline_ridge_change
4,2023-04-01,2022-06-01,10,6733.10203868375,7295.0,spline_ridge_change
4,2023-05-01,2022-06-01,11,6662.31485687136,6761.0,spline_ridge_change
4,2023-06-01,2022-06-01,12,6640.608786332312,6916.0,spline_ridge_change
5,2022-07-01,2022-06-01,1,30227.982627425168,29797.0,spline_ridge_change
5,2022-08-01,2022-06-01,2,30246.730524208724,26573.0,spline_ridge_change
5,2022-09-01,2022-06-01,3,30508.615637875875,24470.0,spline_ridge_change
5,2022-10-01,2022-06-01,4,30967.69461295906,27445.0,spline_ridge_change
5,2022-11-01,2022-06-01,5,31991.627997125983,31229.0,spline_ridge_change
5,2022-12-01,2022-06-01,6,33077.4870208683,32573.0,spline_ridge_change
5,2023-01-01,2022-06-01,7,33965.01586683404,32179.0,spline_ridge_change
5,2023-02-01,2022-06-01,8,33348.351011470215,30493.0,spline_ridge_change
5,2023-03-01,2022-06-01,9,32002.430911311345,31151.0,spline_ridge_change
5,2023-04-01,2022-06-01,10,31193.077563304483,30439.0,spline_ridge_change
5,2023-05-01,2022-06-01,11,31220.58331574406,29366.0,spline_ridge_change
5,2023-06-01,2022-06-01,12,31451.596656170488,28886.0,spline_ridge_change
1,2022-07-01,2022-06-01,1,54315.15220667568,52870.0,random_forest_change
1,2022-08-01,2022-06-01,2,53421.919941114036,54121.0,random_forest_change
1,2022-09-01,2022-06-01,3,52932.81772433896,54334.0,random_forest_change
1,2022-10-01,2022-06-01,4,51033.96613508793,50932.0,random_forest_change
1,2022-11-01,2022-06-01,5,53525.68066577478,51102.0,random_forest_change
1,2022-12-01,2022-06-01,6,57519.158765035616,56398.0,random_forest_change
1,2023-01-01,2022-06-01,7,61765.70142377424,61972.0,random_forest_change
1,2023-02-01,2022-06-01,8,60247.050541663295,64330.0,random_forest_change
1,2023-03-01,2022-06-01,9,57944.57625573925,52690.0,random_forest_change
1,2023-04-01,2022-06-01,10,56357.037167822265,53256.0,random_forest_change
1,2023-05-01,2022-06-01,11,55916.86031027662,55471.0,random_forest_change
1,2023-06-01,2022-06-01,12,55389.387478840494,56992.0,random_forest_change
2,2022-07-01,2022-06-01,1,46567.91406889067,48766.0,random_forest_change
2,2022-08-01,2022-06-01,2,46428.19180549271,43998.0,random_forest_change
2,2022-09-01,2022-06-01,3,46286.531454071664,44088.0,random_forest_change
2,2022-10-01,2022-06-01,4,45326.82560278142,45031.0,random_forest_change
2,2022-11-01,2022-06-01,5,48592.50810545294,46995.0,random_forest_change
2,2022-12-01,2022-06-01,6,53115.81689192154,46612.0,random_forest_change
2,2023-01-01,2022-06-01,7,57939.45457035039,50942.0,random_forest_change
2,2023-02-01,2022-06-01,8,57481.17589214721,52512.0,random_forest_change
2,2023-03-01,2022-06-01,9,54173.21821551686,49788.0,random_forest_change
2,2023-04-01,2022-06-01,10,51805.581770722085,46209.0,random_forest_change
2,2023-05-01,2022-06-01,11,48565.01429162297,45371.0,random_forest_change
2,2023-06-01,2022-06-01,12,47963.69216951088,44880.0,random_forest_change
3,2022-07-01,2022-06-01,1,84135.28736847444,86884.0,random_forest_change
3,2022-08-01,2022-06-01,2,83189.29620815092,84506.0,random_forest_change
3,2022-09-01,2022-06-01,3,83429.21942703599,80238.0,random_forest_change
3,2022-10-01,2022-06-01,4,83041.72024547966,80034.0,random_forest_change
3,2022-11-01,2022-06-01,5,85318.56216172452,84828.0,random_forest_change
3,2022-12-01,2022-06-01,6,87144.98005916722,81410.0,random_forest_change
3,2023-01-01,2022-06-01,7,88671.9013071888,87152.0,random_forest_change
3,2023-02-01,2022-06-01,8,86479.6575197958,87635.0,random_forest_change
3,2023-03-01,2022-06-01,9,84645.52997056219,83730.0,random_forest_change
3,2023-04-01,2022-06-01,10,83702.76040019703,86443.0,random_forest_change
3,2023-05-01,2022-06-01,11,83709.61857720272,85177.0,random_forest_change
3,2023-06-01,2022-06-01,12,83245.43485740258,84382.0,random_forest_change
4,2022-07-01,2022-06-01,1,6571.536481432435,6816.0,random_forest_change
4,2022-08-01,2022-06-01,2,6761.113134530696,6394.0,random_forest_change
4,2022-09-01,2022-06-01,3,6744.75799010891,6386.0,random_forest_change
4,2022-10-01,2022-06-01,4,6767.939475482033,7003.0,random_forest_change
4,2022-11-01,2022-06-01,5,6972.163020420401,7200.0,random_forest_change
4,2022-12-01,2022-06-01,6,7139.287261440998,7417.0,random_forest_change
4,2023-01-01,2022-06-01,7,7305.742786599627,7387.0,random_forest_change
4,2023-02-01,2022-06-01,8,7204.554545133008,7666.0,random_forest_change
4,2023-03-01,2022-06-01,9,6915.026023084456,7844.0,random_forest_change
4,2023-04-01,2022-06-01,10,6753.754184587846,7295.0,random_forest_change
4,2023-05-01,2022-06-01,11,6544.202416245287,6761.0,random_forest_change
4,2023-06-01,2022-06-01,12,6672.021278030216,6916.0,random_forest_change
5,2022-07-01,2022-06-01,1,29684.70474615845,29797.0,random_forest_change
5,2022-08-01,2022-06-01,2,29106.028869628215,26573.0,random_forest_change
5,2022-09-01,2022-06-01,3,28657.149301043068,24470.0,random_forest_change
5,2022-10-01,2022-06-01,4,28353.924107954266,27445.0,random_forest_change
5,2022-11-01,2022-06-01,5,30147.23526863427,31229.0,random_forest_change
5,2022-12-01,2022-06-01,6,31911.81429198837,32573.0,random_forest_change
5,2023-01-01,2022-06-01,7,33605.55757908526,32179.0,random_forest_change
5,2023-02-01,2022-06-01,8,31869.23845016548,30493.0,random_forest_change
5,2023-03-01,2022-06-01,9,30274.605459202754,31151.0,random_forest_change
5,2023-04-01,2022-06-01,10,29154.27770875912,30439.0,random_forest_change
5,2023-05-01,2022-06-01,11,28753.811273584433,29366.0,random_forest_change
5,2023-06-01,2022-06-01,12,28282.495864333076,28886.0,random_forest_change
1,2022-07-01,2022-06-01,1,54712.8984375,52870.0,xgboost_change
1,2022-08-01,2022-06-01,2,53394.83984375,54121.0,xgboost_change
1,2022-09-01,2022-06-01,3,52738.5546875,54334.0,xgboost_change
1,2022-10-01,2022-06-01,4,50984.671875,50932.0,xgboost_change
1,2022-11-01,2022-06-01,5,52079.5859375,51102.0,xgboost_change
1,2022-12-01,2022-06-01,6,54568.03125,56398.0,xgboost_change
1,2023-01-01,2022-06-01,7,58133.390625,61972.0,xgboost_change
1,2023-02-01,2022-06-01,8,57110.7890625,64330.0,xgboost_change
1,2023-03-01,2022-06-01,9,54343.375,52690.0,xgboost_change
1,2023-04-01,2022-06-01,10,52664.56640625,53256.0,xgboost_change
1,2023-05-01,2022-06-01,11,52886.15625,55471.0,xgboost_change
1,2023-06-01,2022-06-01,12,52877.4375,56992.0,xgboost_change
2,2022-07-01,2022-06-01,1,46259.5546875,48766.0,xgboost_change
2,2022-08-01,2022-06-01,2,46386.17578125,43998.0,xgboost_change
2,2022-09-01,2022-06-01,3,46777.13671875,44088.0,xgboost_change
2,2022-10-01,2022-06-01,4,45692.83203125,45031.0,xgboost_change
2,2022-11-01,2022-06-01,5,47311.25,46995.0,xgboost_change
2,2022-12-01,2022-06-01,6,51044.12109375,46612.0,xgboost_change
2,2023-01-01,2022-06-01,7,55301.21484375,50942.0,xgboost_change
2,2023-02-01,2022-06-01,8,55229.77734375,52512.0,xgboost_change
2,2023-03-01,2022-06-01,9,52090.56640625,49788.0,xgboost_change
2,2023-04-01,2022-06-01,10,49625.21875,46209.0,xgboost_change
2,2023-05-01,2022-06-01,11,47022.25390625,45371.0,xgboost_change
2,2023-06-01,2022-06-01,12,47394.8046875,44880.0,xgboost_change
3,2022-07-01,2022-06-01,1,83404.1484375,86884.0,xgboost_change
3,2022-08-01,2022-06-01,2,82681.484375,84506.0,xgboost_change
3,2022-09-01,2022-06-01,3,82530.28125,80238.0,xgboost_change
3,2022-10-01,2022-06-01,4,82000.21875,80034.0,xgboost_change
3,2022-11-01,2022-06-01,5,84202.7734375,84828.0,xgboost_change
3,2022-12-01,2022-06-01,6,85668.296875,81410.0,xgboost_change
3,2023-01-01,2022-06-01,7,86879.796875,87152.0,xgboost_change
3,2023-02-01,2022-06-01,8,85221.7890625,87635.0,xgboost_change
3,2023-03-01,2022-06-01,9,83791.53125,83730.0,xgboost_change
3,2023-04-01,2022-06-01,10,83050.8359375,86443.0,xgboost_change
3,2023-05-01,2022-06-01,11,82174.421875,85177.0,xgboost_change
3,2023-06-01,2022-06-01,12,82400.3203125,84382.0,xgboost_change
4,2022-07-01,2022-06-01,1,6575.10888671875,6816.0,xgboost_change
4,2022-08-01,2022-06-01,2,6675.0126953125,6394.0,xgboost_change
4,2022-09-01,2022-06-01,3,6657.45166015625,6386.0,xgboost_change
4,2022-10-01,2022-06-01,4,6747.96923828125,7003.0,xgboost_change
4,2022-11-01,2022-06-01,5,7057.66845703125,7200.0,xgboost_change
4,2022-12-01,2022-06-01,6,7259.51806640625,7417.0,xgboost_change
4,2023-01-01,2022-06-01,7,7411.82568359375,7387.0,xgboost_change
4,2023-02-01,2022-06-01,8,7277.09326171875,7666.0,xgboost_change
4,2023-03-01,2022-06-01,9,6895.20166015625,7844.0,xgboost_change
4,2023-04-01,2022-06-01,10,6717.92578125,7295.0,xgboost_change
4,2023-05-01,2022-06-01,11,6474.7783203125,6761.0,xgboost_change
4,2023-06-01,2022-06-01,12,6583.58544921875,6916.0,xgboost_change
5,2022-07-01,2022-06-01,1,29828.2578125,29797.0,xgboost_change
5,2022-08-01,2022-06-01,2,29441.04296875,26573.0,xgboost_change
5,2022-09-01,2022-06-01,3,29208.529296875,24470.0,xgboost_change
5,2022-10-01,2022-06-01,4,28932.35546875,27445.0,xgboost_change
5,2022-11-01,2022-06-01,5,30347.962890625,31229.0,xgboost_change
5,2022-12-01,2022-06-01,6,31446.380859375,32573.0,xgboost_change
5,2023-01-01,2022-06-01,7,32471.162109375,32179.0,xgboost_change
5,2023-02-01,2022-06-01,8,31220.111328125,30493.0,xgboost_change
5,2023-03-01,2022-06-01,9,30087.833984375,31151.0,xgboost_change
5,2023-04-01,2022-06-01,10,29225.8125,30439.0,xgboost_change
5,2023-05-01,2022-06-01,11,28907.833984375,29366.0,xgboost_change
5,2023-06-01,2022-06-01,12,28543.55859375,28886.0,xgboost_change
1,2022-07-01,2022-06-01,1,52791.226819145675,52870.0,neural_network_change
1,2022-08-01,2022-06-01,2,52426.57943357499,54121.0,neural_network_change
1,2022-09-01,2022-06-01,3,52165.94462369758,54334.0,neural_network_change
1,2022-10-01,2022-06-01,4,49964.92947825711,50932.0,neural_network_change
1,2022-11-01,2022-06-01,5,50355.48920600217,51102.0,neural_network_change
1,2022-12-01,2022-06-01,6,52308.99470478305,56398.0,neural_network_change
1,2023-01-01,2022-06-01,7,55901.9102768382,61972.0,neural_network_change
1,2023-02-01,2022-06-01,8,55494.300824329584,64330.0,neural_network_change
1,2023-03-01,2022-06-01,9,52361.407746666715,52690.0,neural_network_change
1,2023-04-01,2022-06-01,10,52285.255430617064,53256.0,neural_network_change
1,2023-05-01,2022-06-01,11,52113.243824166966,55471.0,neural_network_change
1,2023-06-01,2022-06-01,12,52186.995085161194,56992.0,neural_network_change
2,2022-07-01,2022-06-01,1,46209.41234409978,48766.0,neural_network_change
2,2022-08-01,2022-06-01,2,46819.42336751402,43998.0,neural_network_change
2,2022-09-01,2022-06-01,3,47799.21801900482,44088.0,neural_network_change
2,2022-10-01,2022-06-01,4,46998.447316949496,45031.0,neural_network_change
2,2022-11-01,2022-06-01,5,48237.55001653892,46995.0,neural_network_change
2,2022-12-01,2022-06-01,6,50912.46424474161,46612.0,neural_network_change
2,2023-01-01,2022-06-01,7,55677.96582818382,50942.0,neural_network_change
2,2023-02-01,2022-06-01,8,57296.272843762315,52512.0,neural_network_change
2,2023-03-01,2022-06-01,9,54153.96947479117,49788.0,neural_network_change
2,2023-04-01,2022-06-01,10,52478.995565712976,46209.0,neural_network_change
2,2023-05-01,2022-06-01,11,48575.22684003702,45371.0,neural_network_change
2,2023-06-01,2022-06-01,12,47633.04315678183,44880.0,neural_network_change
3,2022-07-01,2022-06-01,1,82714.60125465598,86884.0,neural_network_change
3,2022-08-01,2022-06-01,2,82753.70978553,84506.0,neural_network_change
3,2022-09-01,2022-06-01,3,82831.06477616879,80238.0,neural_network_change
3,2022-10-01,2022-06-01,4,82662.51753360798,80034.0,neural_network_change
3,2022-11-01,2022-06-01,5,84224.50256809234,84828.0,neural_network_change
3,2022-12-01,2022-06-01,6,85775.00725688622,81410.0,neural_network_change
3,2023-01-01,2022-06-01,7,87708.73002426891,87152.0,neural_network_change
3,2023-02-01,2022-06-01,8,87164.19644064766,87635.0,neural_network_change
3,2023-03-01,2022-06-01,9,84563.7500941836,83730.0,neural_network_change
3,2023-04-01,2022-06-01,10,84307.55396255039,86443.0,neural_network_change
3,2023-05-01,2022-06-01,11,82530.22749506657,85177.0,neural_network_change
3,2023-06-01,2022-06-01,12,81947.33437975726,84382.0,neural_network_change
4,2022-07-01,2022-06-01,1,6419.532563140039,6816.0,neural_network_change
4,2022-08-01,2022-06-01,2,6566.68682168468,6394.0,neural_network_change
4,2022-09-01,2022-06-01,3,6923.7436903264015,6386.0,neural_network_change
4,2022-10-01,2022-06-01,4,7222.16215766084,7003.0,neural_network_change
4,2022-11-01,2022-06-01,5,7554.333318800202,7200.0,neural_network_change
4,2022-12-01,2022-06-01,6,7788.570808491735,7417.0,neural_network_change
4,2023-01-01,2022-06-01,7,8082.985636801776,7387.0,neural_network_change
4,2023-02-01,2022-06-01,8,8100.903545150877,7666.0,neural_network_change
4,2023-03-01,2022-06-01,9,7731.750130701899,7844.0,neural_network_change
4,2023-04-01,2022-06-01,10,7466.607505161447,7295.0,neural_network_change
4,2023-05-01,2022-06-01,11,7004.217145965664,6761.0,neural_network_change
4,2023-06-01,2022-06-01,12,6875.964567473106,6916.0,neural_network_change
5,2022-07-01,2022-06-01,1,29292.800829759955,29797.0,neural_network_change
5,2022-08-01,2022-06-01,2,29526.403718157762,26573.0,neural_network_change
5,2022-09-01,2022-06-01,3,30288.633850156697,24470.0,neural_network_change
5,2022-10-01,2022-06-01,4,30773.284746455578,27445.0,neural_network_change
5,2022-11-01,2022-06-01,5,31510.823815462787,31229.0,neural_network_change
5,2022-12-01,2022-06-01,6,32409.927011446765,32573.0,neural_network_change
5,2023-01-01,2022-06-01,7,33308.59912281437,32179.0,neural_network_change
5,2023-02-01,2022-06-01,8,32888.42619258155,30493.0,neural_network_change
5,2023-03-01,2022-06-01,9,31532.418083167035,31151.0,neural_network_change
5,2023-04-01,2022-06-01,10,30942.875644521002,30439.0,neural_network_change
5,2023-05-01,2022-06-01,11,30326.701469730368,29366.0,neural_network_change
5,2023-06-01,2022-06-01,12,30011.380588565276,28886.0,neural_network_change
1,2022-07-01,2022-06-01,1,52315.88492612603,52870.0,seasonal_residual_change
1,2022-08-01,2022-06-01,2,50785.422462375944,54121.0,seasonal_residual_change
1,2022-09-01,2022-06-01,3,51159.67023147057,54334.0,seasonal_residual_change
1,2022-10-01,2022-06-01,4,48791.175263413534,50932.0,seasonal_residual_change
1,2022-11-01,2022-06-01,5,49906.02114196201,51102.0,seasonal_residual_change
1,2022-12-01,2022-06-01,6,52623.9418022277,56398.0,seasonal_residual_change
1,2023-01-01,2022-06-01,7,57952.54978548517,61972.0,seasonal_residual_change
1,2023-02-01,2022-06-01,8,54947.0885271428,64330.0,seasonal_residual_change
1,2023-03-01,2022-06-01,9,50166.15992630864,52690.0,seasonal_residual_change
1,2023-04-01,2022-06-01,10,51070.47905304649,53256.0,seasonal_residual_change
1,2023-05-01,2022-06-01,11,53789.54655053899,55471.0,seasonal_residual_change
1,2023-06-01,2022-06-01,12,53092.896716706666,56992.0,seasonal_residual_change
2,2022-07-01,2022-06-01,1,46648.88437871727,48766.0,seasonal_residual_change
2,2022-08-01,2022-06-01,2,46942.96603756397,43998.0,seasonal_residual_change
2,2022-09-01,2022-06-01,3,47202.61987688098,44088.0,seasonal_residual_change
2,2022-10-01,2022-06-01,4,44658.14173270964,45031.0,seasonal_residual_change
2,2022-11-01,2022-06-01,5,46538.04062231456,46995.0,seasonal_residual_change
2,2022-12-01,2022-06-01,6,51423.53675597935,46612.0,seasonal_residual_change
2,2023-01-01,2022-06-01,7,57366.358721526856,50942.0,seasonal_residual_change
2,2023-02-01,2022-06-01,8,58568.26165365591,52512.0,seasonal_residual_change
2,2023-03-01,2022-06-01,9,55244.30249263876,49788.0,seasonal_residual_change
2,2023-04-01,2022-06-01,10,53027.526445444906,46209.0,seasonal_residual_change
2,2023-05-01,2022-06-01,11,49819.42476649198,45371.0,seasonal_residual_change
2,2023-06-01,2022-06-01,12,50170.432500400544,44880.0,seasonal_residual_change
3,2022-07-01,2022-06-01,1,83923.87637174761,86884.0,seasonal_residual_change
3,2022-08-01,2022-06-01,2,83532.03182253145,84506.0,seasonal_residual_change
3,2022-09-01,2022-06-01,3,84354.32613116459,80238.0,seasonal_residual_change
3,2022-10-01,2022-06-01,4,84866.01750082789,80034.0,seasonal_residual_change
3,2022-11-01,2022-06-01,5,86069.80805686272,84828.0,seasonal_residual_change
3,2022-12-01,2022-06-01,6,89166.64464412871,81410.0,seasonal_residual_change
3,2023-01-01,2022-06-01,7,91695.16266537881,87152.0,seasonal_residual_change
3,2023-02-01,2022-06-01,8,90570.19860928765,87635.0,seasonal_residual_change
3,2023-03-01,2022-06-01,9,87500.9830169519,83730.0,seasonal_residual_change
3,2023-04-01,2022-06-01,10,87174.72857774245,86443.0,seasonal_residual_change
3,2023-05-01,2022-06-01,11,86869.67478898166,85177.0,seasonal_residual_change
3,2023-06-01,2022-06-01,12,85613.03104926142,84382.0,seasonal_residual_change
4,2022-07-01,2022-06-01,1,6462.4426075014135,6816.0,seasonal_residual_change
4,2022-08-01,2022-06-01,2,6452.305429648397,6394.0,seasonal_residual_change
4,2022-09-01,2022-06-01,3,6899.260159986889,6386.0,seasonal_residual_change
4,2022-10-01,2022-06-01,4,6903.580961856935,7003.0,seasonal_residual_change
4,2022-11-01,2022-06-01,5,7291.459545660545,7200.0,seasonal_residual_change
4,2022-12-01,2022-06-01,6,7682.222824865705,7417.0,seasonal_residual_change
4,2023-01-01,2022-06-01,7,8103.982085514825,7387.0,seasonal_residual_change
4,2023-02-01,2022-06-01,8,8132.13195765904,7666.0,seasonal_residual_change
4,2023-03-01,2022-06-01,9,7770.336649619113,7844.0,seasonal_residual_change
4,2023-04-01,2022-06-01,10,7524.372304435031,7295.0,seasonal_residual_change
4,2023-05-01,2022-06-01,11,7079.213168698346,6761.0,seasonal_residual_change
4,2023-06-01,2022-06-01,12,6909.353301557117,6916.0,seasonal_residual_change
5,2022-07-01,2022-06-01,1,30583.35873540479,29797.0,seasonal_residual_change
5,2022-08-01,2022-06-01,2,29875.43087598772,26573.0,seasonal_residual_change
5,2022-09-01,2022-06-01,3,29708.73762933524,24470.0,seasonal_residual_change
5,2022-10-01,2022-06-01,4,29406.66800210319,27445.0,seasonal_residual_change
5,2022-11-01,2022-06-01,5,30916.120023357747,31229.0,seasonal_residual_change
5,2022-12-01,2022-06-01,6,32106.02027805045,32573.0,seasonal_residual_change
5,2023-01-01,2022-06-01,7,33328.41231904234,32179.0,seasonal_residual_change
5,2023-02-01,2022-06-01,8,32635.865021721296,30493.0,seasonal_residual_change
5,2023-03-01,2022-06-01,9,31715.308002119473,31151.0,seasonal_residual_change
5,2023-04-01,2022-06-01,10,31032.883025457613,30439.0,seasonal_residual_change
5,2023-05-01,2022-06-01,11,30871.986936474088,29366.0,seasonal_residual_change
5,2023-06-01,2022-06-01,12,30419.592870413995,28886.0,seasonal_residual_change
1,2022-07-01,2022-06-01,1,51869.775537137866,52870.0,huber_change
1,2022-08-01,2022-06-01,2,50328.64455243323,54121.0,huber_change
1,2022-09-01,2022-06-01,3,50307.2126156803,54334.0,huber_change
1,2022-10-01,2022-06-01,4,48743.835987510334,50932.0,huber_change
1,2022-11-01,2022-06-01,5,49198.925858191826,51102.0,huber_change
1,2022-12-01,2022-06-01,6,50818.323076534434,56398.0,huber_change
1,2023-01-01,2022-06-01,7,53940.98285465176,61972.0,huber_change
1,2023-02-01,2022-06-01,8,54340.643753523786,64330.0,huber_change
1,2023-03-01,2022-06-01,9,51299.17402092152,52690.0,huber_change
1,2023-04-01,2022-06-01,10,51197.68876645791,53256.0,huber_change
1,2023-05-01,2022-06-01,11,50505.48256833055,55471.0,huber_change
1,2023-06-01,2022-06-01,12,50362.99564013612,56992.0,huber_change
2,2022-07-01,2022-06-01,1,46511.151221315115,48766.0,huber_change
2,2022-08-01,2022-06-01,2,47292.73086188965,43998.0,huber_change
2,2022-09-01,2022-06-01,3,48178.668076696675,44088.0,huber_change
2,2022-10-01,2022-06-01,4,47050.88569140168,45031.0,huber_change
2,2022-11-01,2022-06-01,5,47845.73390388614,46995.0,huber_change
2,2022-12-01,2022-06-01,6,50113.502272568985,46612.0,huber_change
2,2023-01-01,2022-06-01,7,54598.44347234925,50942.0,huber_change
2,2023-02-01,2022-06-01,8,56545.03818412891,52512.0,huber_change
2,2023-03-01,2022-06-01,9,53674.134030336914,49788.0,huber_change
2,2023-04-01,2022-06-01,10,52408.61239342627,46209.0,huber_change
2,2023-05-01,2022-06-01,11,48773.36066705503,45371.0,huber_change
2,2023-06-01,2022-06-01,12,47725.19119576366,44880.0,huber_change
3,2022-07-01,2022-06-01,1,83431.90121199458,86884.0,huber_change
3,2022-08-01,2022-06-01,2,83645.07244583644,84506.0,huber_change
3,2022-09-01,2022-06-01,3,83566.35395317807,80238.0,huber_change
3,2022-10-01,2022-06-01,4,83694.83184787755,80034.0,huber_change
3,2022-11-01,2022-06-01,5,84940.67187362086,84828.0,huber_change
3,2022-12-01,2022-06-01,6,86026.52661905282,81410.0,huber_change
3,2023-01-01,2022-06-01,7,87212.1567585079,87152.0,huber_change
3,2023-02-01,2022-06-01,8,87061.92952915597,87635.0,huber_change
3,2023-03-01,2022-06-01,9,85179.02658361489,83730.0,huber_change
3,2023-04-01,2022-06-01,10,85264.93024517392,86443.0,huber_change
3,2023-05-01,2022-06-01,11,83786.57588877653,85177.0,huber_change
3,2023-06-01,2022-06-01,12,83320.6599370941,84382.0,huber_change
4,2022-07-01,2022-06-01,1,6447.985057654393,6816.0,huber_change
4,2022-08-01,2022-06-01,2,6669.305146981428,6394.0,huber_change
4,2022-09-01,2022-06-01,3,7056.557678247491,6386.0,huber_change
4,2022-10-01,2022-06-01,4,7349.736204344627,7003.0,huber_change
4,2022-11-01,2022-06-01,5,7614.954693502482,7200.0,huber_change
4,2022-12-01,2022-06-01,6,7813.531568692502,7417.0,huber_change
4,2023-01-01,2022-06-01,7,8044.960675493865,7387.0,huber_change
4,2023-02-01,2022-06-01,8,7996.246251802132,7666.0,huber_change
4,2023-03-01,2022-06-01,9,7786.9003961743,7844.0,huber_change
4,2023-04-01,2022-06-01,10,7619.409128092474,7295.0,huber_change
4,2023-05-01,2022-06-01,11,7137.625908193122,6761.0,huber_change
4,2023-06-01,2022-06-01,12,6899.285105433157,6916.0,huber_change
5,2022-07-01,2022-06-01,1,29071.944370962356,29797.0,huber_change
5,2022-08-01,2022-06-01,2,29049.810247316287,26573.0,huber_change
5,2022-09-01,2022-06-01,3,29823.47962500765,24470.0,huber_change
5,2022-10-01,2022-06-01,4,30362.578388479673,27445.0,huber_change
5,2022-11-01,2022-06-01,5,31134.861363449716,31229.0,huber_change
5,2022-12-01,2022-06-01,6,32040.89844937658,32573.0,huber_change
5,2023-01-01,2022-06-01,7,32913.54423188128,32179.0,huber_change
5,2023-02-01,2022-06-01,8,32772.44224758525,30493.0,huber_change
5,2023-03-01,2022-06-01,9,31674.615066314604,31151.0,huber_change
5,2023-04-01,2022-06-01,10,31041.367384825207,30439.0,huber_change
5,2023-05-01,2022-06-01,11,30153.192300285013,29366.0,huber_change
5,2023-06-01,2022-06-01,12,29520.07197732191,28886.0,huber_change
1,2023-07-01,2023-06-01,1,56992.0,56885.0,persistence
1,2023-08-01,2023-06-01,2,56992.0,57442.0,persistence
1,2023-09-01,2023-06-01,3,56992.0,58791.0,persistence
1,2023-10-01,2023-06-01,4,56992.0,55791.0,persistence
1,2023-11-01,2023-06-01,5,56992.0,53460.0,persistence
1,2023-12-01,2023-06-01,6,56992.0,60085.0,persistence
1,2024-01-01,2023-06-01,7,56992.0,64127.0,persistence
1,2024-02-01,2023-06-01,8,56992.0,64192.0,persistence
1,2024-03-01,2023-06-01,9,56992.0,54901.0,persistence
1,2024-04-01,2023-06-01,10,56992.0,54857.0,persistence
1,2024-05-01,2023-06-01,11,56992.0,56490.0,persistence
1,2024-06-01,2023-06-01,12,56992.0,56776.0,persistence
2,2023-07-01,2023-06-01,1,44880.0,46716.0,persistence
2,2023-08-01,2023-06-01,2,44880.0,45329.0,persistence
2,2023-09-01,2023-06-01,3,44880.0,46566.0,persistence
2,2023-10-01,2023-06-01,4,44880.0,43983.0,persistence
2,2023-11-01,2023-06-01,5,44880.0,48149.0,persistence
2,2023-12-01,2023-06-01,6,44880.0,54853.0,persistence
2,2024-01-01,2023-06-01,7,44880.0,61100.0,persistence
2,2024-02-01,2023-06-01,8,44880.0,57032.0,persistence
2,2024-03-01,2023-06-01,9,44880.0,54928.0,persistence
2,2024-04-01,2023-06-01,10,44880.0,53381.0,persistence
2,2024-05-01,2023-06-01,11,44880.0,49156.0,persistence
2,2024-06-01,2023-06-01,12,44880.0,48529.0,persistence
3,2023-07-01,2023-06-01,1,84382.0,81693.0,persistence
3,2023-08-01,2023-06-01,2,84382.0,81891.0,persistence
3,2023-09-01,2023-06-01,3,84382.0,85476.0,persistence
3,2023-10-01,2023-06-01,4,84382.0,83415.0,persistence
3,2023-11-01,2023-06-01,5,84382.0,84996.0,persistence
3,2023-12-01,2023-06-01,6,84382.0,89242.0,persistence
3,2024-01-01,2023-06-01,7,84382.0,86589.0,persistence
3,2024-02-01,2023-06-01,8,84382.0,80606.0,persistence
3,2024-03-01,2023-06-01,9,84382.0,85725.0,persistence
3,2024-04-01,2023-06-01,10,84382.0,87187.0,persistence
3,2024-05-01,2023-06-01,11,84382.0,86451.0,persistence
3,2024-06-01,2023-06-01,12,84382.0,86411.0,persistence
4,2023-07-01,2023-06-01,1,6916.0,7197.0,persistence
4,2023-08-01,2023-06-01,2,6916.0,7195.0,persistence
4,2023-09-01,2023-06-01,3,6916.0,7164.0,persistence
4,2023-10-01,2023-06-01,4,6916.0,7208.0,persistence
4,2023-11-01,2023-06-01,5,6916.0,7661.0,persistence
4,2023-12-01,2023-06-01,6,6916.0,7902.0,persistence
4,2024-01-01,2023-06-01,7,6916.0,8642.0,persistence
4,2024-02-01,2023-06-01,8,6916.0,8495.0,persistence
4,2024-03-01,2023-06-01,9,6916.0,8558.0,persistence
4,2024-04-01,2023-06-01,10,6916.0,8572.0,persistence
4,2024-05-01,2023-06-01,11,6916.0,8144.0,persistence
4,2024-06-01,2023-06-01,12,6916.0,8044.0,persistence
5,2023-07-01,2023-06-01,1,28886.0,28384.0,persistence
5,2023-08-01,2023-06-01,2,28886.0,27297.0,persistence
5,2023-09-01,2023-06-01,3,28886.0,29889.0,persistence
5,2023-10-01,2023-06-01,4,28886.0,28332.0,persistence
5,2023-11-01,2023-06-01,5,28886.0,27268.0,persistence
5,2023-12-01,2023-06-01,6,28886.0,28635.0,persistence
5,2024-01-01,2023-06-01,7,28886.0,31638.0,persistence
5,2024-02-01,2023-06-01,8,28886.0,30361.0,persistence
5,2024-03-01,2023-06-01,9,28886.0,29420.0,persistence
5,2024-04-01,2023-06-01,10,28886.0,29707.0,persistence
5,2024-05-01,2023-06-01,11,28886.0,31413.0,persistence
5,2024-06-01,2023-06-01,12,28886.0,32758.0,persistence
1,2023-07-01,2023-06-01,1,52870.0,56885.0,seasonal_naive
1,2023-08-01,2023-06-01,2,54121.0,57442.0,seasonal_naive
1,2023-09-01,2023-06-01,3,54334.0,58791.0,seasonal_naive
1,2023-10-01,2023-06-01,4,50932.0,55791.0,seasonal_naive
1,2023-11-01,2023-06-01,5,51102.0,53460.0,seasonal_naive
1,2023-12-01,2023-06-01,6,56398.0,60085.0,seasonal_naive
1,2024-01-01,2023-06-01,7,61972.0,64127.0,seasonal_naive
1,2024-02-01,2023-06-01,8,64330.0,64192.0,seasonal_naive
1,2024-03-01,2023-06-01,9,52690.0,54901.0,seasonal_naive
1,2024-04-01,2023-06-01,10,53256.0,54857.0,seasonal_naive
1,2024-05-01,2023-06-01,11,55471.0,56490.0,seasonal_naive
1,2024-06-01,2023-06-01,12,56992.0,56776.0,seasonal_naive
2,2023-07-01,2023-06-01,1,48766.0,46716.0,seasonal_naive
2,2023-08-01,2023-06-01,2,43998.0,45329.0,seasonal_naive
2,2023-09-01,2023-06-01,3,44088.0,46566.0,seasonal_naive
2,2023-10-01,2023-06-01,4,45031.0,43983.0,seasonal_naive
2,2023-11-01,2023-06-01,5,46995.0,48149.0,seasonal_naive
2,2023-12-01,2023-06-01,6,46612.0,54853.0,seasonal_naive
2,2024-01-01,2023-06-01,7,50942.0,61100.0,seasonal_naive
2,2024-02-01,2023-06-01,8,52512.0,57032.0,seasonal_naive
2,2024-03-01,2023-06-01,9,49788.0,54928.0,seasonal_naive
2,2024-04-01,2023-06-01,10,46209.0,53381.0,seasonal_naive
2,2024-05-01,2023-06-01,11,45371.0,49156.0,seasonal_naive
2,2024-06-01,2023-06-01,12,44880.0,48529.0,seasonal_naive
3,2023-07-01,2023-06-01,1,86884.0,81693.0,seasonal_naive
3,2023-08-01,2023-06-01,2,84506.0,81891.0,seasonal_naive
3,2023-09-01,2023-06-01,3,80238.0,85476.0,seasonal_naive
3,2023-10-01,2023-06-01,4,80034.0,83415.0,seasonal_naive
3,2023-11-01,2023-06-01,5,84828.0,84996.0,seasonal_naive
3,2023-12-01,2023-06-01,6,81410.0,89242.0,seasonal_naive
3,2024-01-01,2023-06-01,7,87152.0,86589.0,seasonal_naive
3,2024-02-01,2023-06-01,8,87635.0,80606.0,seasonal_naive
3,2024-03-01,2023-06-01,9,83730.0,85725.0,seasonal_naive
3,2024-04-01,2023-06-01,10,86443.0,87187.0,seasonal_naive
3,2024-05-01,2023-06-01,11,85177.0,86451.0,seasonal_naive
3,2024-06-01,2023-06-01,12,84382.0,86411.0,seasonal_naive
4,2023-07-01,2023-06-01,1,6816.0,7197.0,seasonal_naive
4,2023-08-01,2023-06-01,2,6394.0,7195.0,seasonal_naive
4,2023-09-01,2023-06-01,3,6386.0,7164.0,seasonal_naive
4,2023-10-01,2023-06-01,4,7003.0,7208.0,seasonal_naive
4,2023-11-01,2023-06-01,5,7200.0,7661.0,seasonal_naive
4,2023-12-01,2023-06-01,6,7417.0,7902.0,seasonal_naive
4,2024-01-01,2023-06-01,7,7387.0,8642.0,seasonal_naive
4,2024-02-01,2023-06-01,8,7666.0,8495.0,seasonal_naive
4,2024-03-01,2023-06-01,9,7844.0,8558.0,seasonal_naive
4,2024-04-01,2023-06-01,10,7295.0,8572.0,seasonal_naive
4,2024-05-01,2023-06-01,11,6761.0,8144.0,seasonal_naive
4,2024-06-01,2023-06-01,12,6916.0,8044.0,seasonal_naive
5,2023-07-01,2023-06-01,1,29797.0,28384.0,seasonal_naive
5,2023-08-01,2023-06-01,2,26573.0,27297.0,seasonal_naive
5,2023-09-01,2023-06-01,3,24470.0,29889.0,seasonal_naive
5,2023-10-01,2023-06-01,4,27445.0,28332.0,seasonal_naive
5,2023-11-01,2023-06-01,5,31229.0,27268.0,seasonal_naive
5,2023-12-01,2023-06-01,6,32573.0,28635.0,seasonal_naive
5,2024-01-01,2023-06-01,7,32179.0,31638.0,seasonal_naive
5,2024-02-01,2023-06-01,8,30493.0,30361.0,seasonal_naive
5,2024-03-01,2023-06-01,9,31151.0,29420.0,seasonal_naive
5,2024-04-01,2023-06-01,10,30439.0,29707.0,seasonal_naive
5,2024-05-01,2023-06-01,11,29366.0,31413.0,seasonal_naive
5,2024-06-01,2023-06-01,12,28886.0,32758.0,seasonal_naive
1,2023-07-01,2023-06-01,1,54574.6,56885.0,seasonal_change
1,2023-08-01,2023-06-01,2,53816.6,57442.0,seasonal_change
1,2023-09-01,2023-06-01,3,54945.799999999996,58791.0,seasonal_change
1,2023-10-01,2023-06-01,4,50477.6,55791.0,seasonal_change
1,2023-11-01,2023-06-01,5,51239.6,53460.0,seasonal_change
1,2023-12-01,2023-06-01,6,54914.0,60085.0,seasonal_change
1,2024-01-01,2023-06-01,7,60110.2,64127.0,seasonal_change
1,2024-02-01,2023-06-01,8,57223.2,64192.0,seasonal_change
1,2024-03-01,2023-06-01,9,51059.7,54901.0,seasonal_change
1,2024-04-01,2023-06-01,10,51308.45,54857.0,seasonal_change
1,2024-05-01,2023-06-01,11,54300.45,56490.0,seasonal_change
1,2024-06-01,2023-06-01,12,53717.85,56776.0,seasonal_change
2,2023-07-01,2023-06-01,1,44863.2,46716.0,seasonal_change
2,2023-08-01,2023-06-01,2,43448.2,45329.0,seasonal_change
2,2023-09-01,2023-06-01,3,43161.2,46566.0,seasonal_change
2,2023-10-01,2023-06-01,4,40233.6,43983.0,seasonal_change
2,2023-11-01,2023-06-01,5,42091.2,48149.0,seasonal_change
2,2023-12-01,2023-06-01,6,46217.399999999994,54853.0,seasonal_change
2,2024-01-01,2023-06-01,7,51294.799999999996,61100.0,seasonal_change
2,2024-02-01,2023-06-01,8,52368.6,57032.0,seasonal_change
2,2024-03-01,2023-06-01,9,48747.6,54928.0,seasonal_change
2,2024-04-01,2023-06-01,10,45554.35,53381.0,seasonal_change
2,2024-05-01,2023-06-01,11,42655.95,49156.0,seasonal_change
2,2024-06-01,2023-06-01,12,43716.95,48529.0,seasonal_change
3,2023-07-01,2023-06-01,1,84874.8,81693.0,seasonal_change
3,2023-08-01,2023-06-01,2,83621.2,81891.0,seasonal_change
3,2023-09-01,2023-06-01,3,82435.59999999999,85476.0,seasonal_change
3,2023-10-01,2023-06-01,4,83787.99999999999,83415.0,seasonal_change
3,2023-11-01,2023-06-01,5,84945.59999999999,84996.0,seasonal_change
3,2023-12-01,2023-06-01,6,87607.99999999999,89242.0,seasonal_change
3,2024-01-01,2023-06-01,7,90718.99999999999,86589.0,seasonal_change
3,2024-02-01,2023-06-01,8,90249.59999999999,80606.0,seasonal_change
3,2024-03-01,2023-06-01,9,86358.84999999999,85725.0,seasonal_change
3,2024-04-01,2023-06-01,10,86700.59999999999,87187.0,seasonal_change
3,2024-05-01,2023-06-01,11,86521.4,86451.0,seasonal_change
3,2024-06-01,2023-06-01,12,84536.2,86411.0,seasonal_change
4,2023-07-01,2023-06-01,1,6872.8,7197.0,seasonal_change
4,2023-08-01,2023-06-01,2,6735.8,7195.0,seasonal_change
4,2023-09-01,2023-06-01,3,7158.0,7164.0,seasonal_change
4,2023-10-01,2023-06-01,4,7075.2,7208.0,seasonal_change
4,2023-11-01,2023-06-01,5,7311.8,7661.0,seasonal_change
4,2023-12-01,2023-06-01,6,7788.400000000001,7902.0,seasonal_change
4,2024-01-01,2023-06-01,7,8108.200000000001,8642.0,seasonal_change
4,2024-02-01,2023-06-01,8,8189.000000000001,8495.0,seasonal_change
4,2024-03-01,2023-06-01,9,7873.250000000001,8558.0,seasonal_change
4,2024-04-01,2023-06-01,10,7494.250000000001,8572.0,seasonal_change
4,2024-05-01,2023-06-01,11,6908.850000000001,8144.0,seasonal_change
4,2024-06-01,2023-06-01,12,6925.450000000002,8044.0,seasonal_change
5,2023-07-01,2023-06-01,1,29097.0,28384.0,seasonal_change
5,2023-08-01,2023-06-01,2,27883.0,27297.0,seasonal_change
5,2023-09-01,2023-06-01,3,27241.4,29889.0,seasonal_change
5,2023-10-01,2023-06-01,4,27047.800000000003,28332.0,seasonal_change
5,2023-11-01,2023-06-01,5,29157.000000000004,27268.0,seasonal_change
5,2023-12-01,2023-06-01,6,30858.800000000003,28635.0,seasonal_change
5,2024-01-01,2023-06-01,7,32029.000000000004,31638.0,seasonal_change
5,2024-02-01,2023-06-01,8,30814.400000000005,30361.0,seasonal_change
5,2024-03-01,2023-06-01,9,30236.900000000005,29420.0,seasonal_change
5,2024-04-01,2023-06-01,10,29405.150000000005,29707.0,seasonal_change
5,2024-05-01,2023-06-01,11,29768.950000000004,31413.0,seasonal_change
5,2024-06-01,2023-06-01,12,29104.750000000004,32758.0,seasonal_change
1,2023-07-01,2023-06-01,1,54668.013863022396,56885.0,forecast_flow_identity
1,2023-08-01,2023-06-01,2,53928.045295135154,57442.0,forecast_flow_identity
1,2023-09-01,2023-06-01,3,55147.058710963254,58791.0,forecast_flow_identity
1,2023-10-01,2023-06-01,4,50771.87257398566,55791.0,forecast_flow_identity
1,2023-11-01,2023-06-01,5,51610.33525022383,53460.0,forecast_flow_identity
1,2023-12-01,2023-06-01,6,55378.14911324621,60085.0,forecast_flow_identity
1,2024-01-01,2023-06-01,7,60667.56297626862,64127.0,forecast_flow_identity
1,2024-02-01,2023-06-01,8,57795.66165918819,64192.0,forecast_flow_identity
1,2024-03-01,2023-06-01,9,51663.886662631165,54901.0,forecast_flow_identity
1,2024-04-01,2023-06-01,10,51528.00141241166,54857.0,forecast_flow_identity
1,2024-05-01,2023-06-01,11,54608.24783859948,56490.0,forecast_flow_identity
1,2024-06-01,2023-06-01,12,53732.76274507516,56776.0,forecast_flow_identity
2,2023-07-01,2023-06-01,1,44964.15387945787,46716.0,forecast_flow_identity
2,2023-08-01,2023-06-01,2,43650.107758915765,45329.0,forecast_flow_identity
2,2023-09-01,2023-06-01,3,43461.59861000407,46566.0,forecast_flow_identity
2,2023-10-01,2023-06-01,4,40635.15248946197,43983.0,forecast_flow_identity
2,2023-11-01,2023-06-01,5,42590.84334055026,48149.0,forecast_flow_identity
2,2023-12-01,2023-06-01,6,46818.79722000815,54853.0,forecast_flow_identity
2,2024-01-01,2023-06-01,7,51997.751099466055,61100.0,forecast_flow_identity
2,2024-02-01,2023-06-01,8,53197.564636470444,57032.0,forecast_flow_identity
2,2024-03-01,2023-06-01,9,49675.1586859434,54928.0,forecast_flow_identity
2,2024-04-01,2023-06-01,10,46929.211156415666,53381.0,forecast_flow_identity
2,2024-05-01,2023-06-01,11,44126.74537590366,49156.0,forecast_flow_identity
2,2024-06-01,2023-06-01,12,44808.8463215573,48529.0,forecast_flow_identity
3,2023-07-01,2023-06-01,1,84787.40919670381,81693.0,forecast_flow_identity
3,2023-08-01,2023-06-01,2,83447.0183934076,81891.0,forecast_flow_identity
3,2023-09-01,2023-06-01,3,82177.24019666934,85476.0,forecast_flow_identity
3,2023-10-01,2023-06-01,4,83442.24939337313,83415.0,forecast_flow_identity
3,2023-11-01,2023-06-01,5,84515.47119663486,84996.0,forecast_flow_identity
3,2023-12-01,2023-06-01,6,87090.48039333863,89242.0,forecast_flow_identity
3,2024-01-01,2023-06-01,7,90114.48959004242,86589.0,forecast_flow_identity
3,2024-02-01,2023-06-01,8,89610.5097141478,80606.0,forecast_flow_identity
3,2024-03-01,2023-06-01,9,85634.74087760982,85725.0,forecast_flow_identity
3,2024-04-01,2023-06-01,10,86823.4503584681,87187.0,forecast_flow_identity
3,2024-05-01,2023-06-01,11,86562.10348868831,86451.0,forecast_flow_identity
3,2024-06-01,2023-06-01,12,85005.84993675692,86411.0,forecast_flow_identity
4,2023-07-01,2023-06-01,1,6900.21298803659,7197.0,forecast_flow_identity
4,2023-08-01,2023-06-01,2,6790.625976073184,7195.0,forecast_flow_identity
4,2023-09-01,2023-06-01,3,7239.74822256021,7164.0,forecast_flow_identity
4,2023-10-01,2023-06-01,4,7184.561210596799,7208.0,forecast_flow_identity
4,2023-11-01,2023-06-01,5,7447.883457083823,7661.0,forecast_flow_identity
4,2023-12-01,2023-06-01,6,7952.296445120415,7902.0,forecast_flow_identity
4,2024-01-01,2023-06-01,7,8299.90943315701,8642.0,forecast_flow_identity
4,2024-02-01,2023-06-01,8,8409.005223808754,8495.0,forecast_flow_identity
4,2024-03-01,2023-06-01,9,8120.351184399883,8558.0,forecast_flow_identity
4,2024-04-01,2023-06-01,10,7753.38886163763,8572.0,forecast_flow_identity
4,2024-05-01,2023-06-01,11,7193.8677947833,8144.0,forecast_flow_identity
4,2024-06-01,2023-06-01,12,7130.059179768884,8044.0,forecast_flow_identity
5,2023-07-01,2023-06-01,1,28886.930411840804,28384.0,forecast_flow_identity
5,2023-08-01,2023-06-01,2,27462.0608236816,27297.0,forecast_flow_identity
5,2023-09-01,2023-06-01,3,26616.980577075934,29889.0,forecast_flow_identity
5,2023-10-01,2023-06-01,4,26213.110988916742,28332.0,forecast_flow_identity
5,2023-11-01,2023-06-01,5,28118.430742311066,27268.0,forecast_flow_identity
5,2023-12-01,2023-06-01,6,29609.561154151874,28635.0,forecast_flow_identity
5,2024-01-01,2023-06-01,7,30569.491565992696,31638.0,forecast_flow_identity
5,2024-02-01,2023-06-01,8,29116.80066094055,30361.0,forecast_flow_identity
5,2024-03-01,2023-06-01,9,28333.927450230218,29420.0,forecast_flow_identity
5,2024-04-01,2023-06-01,10,27335.762772880415,29707.0,forecast_flow_identity
5,2024-05-01,2023-06-01,11,27500.585939618944,31413.0,forecast_flow_identity
5,2024-06-01,2023-06-01,12,26758.774554501524,32758.0,forecast_flow_identity
1,2023-07-01,2023-06-01,1,56441.58088790074,56885.0,constrained_level
1,2023-08-01,2023-06-01,2,54768.9457965886,57442.0,constrained_level
1,2023-09-01,2023-06-01,3,54747.631996803444,58791.0,constrained_level
1,2023-10-01,2023-06-01,4,54144.18635273059,55791.0,constrained_level
1,2023-11-01,2023-06-01,5,54026.4192231961,53460.0,constrained_level
1,2023-12-01,2023-06-01,6,54952.04466152077,60085.0,constrained_level
1,2024-01-01,2023-06-01,7,57325.01158751202,64127.0,constrained_level
1,2024-02-01,2023-06-01,8,57816.096008299966,64192.0,constrained_level
1,2024-03-01,2023-06-01,9,54369.50952592326,54901.0,constrained_level
1,2024-04-01,2023-06-01,10,53514.67854397037,54857.0,constrained_level
1,2024-05-01,2023-06-01,11,53106.406090546276,56490.0,constrained_level
1,2024-06-01,2023-06-01,12,54494.960766829165,56776.0,constrained_level
2,2023-07-01,2023-06-01,1,47835.67339770906,46716.0,constrained_level
2,2023-08-01,2023-06-01,2,49817.57924008088,45329.0,constrained_level
2,2023-09-01,2023-06-01,3,50816.12075439854,46566.0,constrained_level
2,2023-10-01,2023-06-01,4,51138.32466163408,43983.0,constrained_level
2,2023-11-01,2023-06-01,5,50495.08306236022,48149.0,constrained_level
2,2023-12-01,2023-06-01,6,52002.38265920423,54853.0,constrained_level
2,2024-01-01,2023-06-01,7,54310.437154775,61100.0,constrained_level
2,2024-02-01,2023-06-01,8,55368.30395000243,57032.0,constrained_level
2,2024-03-01,2023-06-01,9,53879.29554642581,54928.0,constrained_level
2,2024-04-01,2023-06-01,10,51942.682237566165,53381.0,constrained_level
2,2024-05-01,2023-06-01,11,50327.43623503089,49156.0,constrained_level
2,2024-06-01,2023-06-01,12,49954.02839528389,48529.0,constrained_level
3,2023-07-01,2023-06-01,1,82834.15154846408,81693.0,constrained_level
3,2023-08-01,2023-06-01,2,83025.7547438934,81891.0,constrained_level
3,2023-09-01,2023-06-01,3,82595.49120215159,85476.0,constrained_level
3,2023-10-01,2023-06-01,4,82122.66682420786,83415.0,constrained_level
3,2023-11-01,2023-06-01,5,83910.08759655639,84996.0,constrained_level
3,2023-12-01,2023-06-01,6,85854.45694940785,89242.0,constrained_level
3,2024-01-01,2023-06-01,7,87616.67056271728,86589.0,constrained_level
3,2024-02-01,2023-06-01,8,86946.86985273675,80606.0,constrained_level
3,2024-03-01,2023-06-01,9,84182.68712319635,85725.0,constrained_level
3,2024-04-01,2023-06-01,10,83245.25585008625,87187.0,constrained_level
3,2024-05-01,2023-06-01,11,82619.64764493276,86451.0,constrained_level
3,2024-06-01,2023-06-01,12,82587.79262430052,86411.0,constrained_level
4,2023-07-01,2023-06-01,1,6937.5771070803075,7197.0,constrained_level
4,2023-08-01,2023-06-01,2,6944.8069360689315,7195.0,constrained_level
4,2023-09-01,2023-06-01,3,6928.724439173074,7164.0,constrained_level
4,2023-10-01,2023-06-01,4,6900.670639005285,7208.0,constrained_level
4,2023-11-01,2023-06-01,5,6873.208423343967,7661.0,constrained_level
4,2023-12-01,2023-06-01,6,6844.624255754945,7902.0,constrained_level
4,2024-01-01,2023-06-01,7,6905.440957959771,8642.0,constrained_level
4,2024-02-01,2023-06-01,8,6893.080628342398,8495.0,constrained_level
4,2024-03-01,2023-06-01,9,6792.2725817888895,8558.0,constrained_level
4,2024-04-01,2023-06-01,10,6742.192853401721,8572.0,constrained_level
4,2024-05-01,2023-06-01,11,6591.1725195275985,8144.0,constrained_level
4,2024-06-01,2023-06-01,12,6502.458845840599,8044.0,constrained_level
5,2023-07-01,2023-06-01,1,29104.771885898008,28384.0,constrained_level
5,2023-08-01,2023-06-01,2,29177.778823781082,27297.0,constrained_level
5,2023-09-01,2023-06-01,3,28753.521118993238,29889.0,constrained_level
5,2023-10-01,2023-06-01,4,28890.35641381203,28332.0,constrained_level
5,2023-11-01,2023-06-01,5,28950.369522995687,27268.0,constrained_level
5,2023-12-01,2023-06-01,6,30278.9872395778,28635.0,constrained_level
5,2024-01-01,2023-06-01,7,30867.017217700795,31638.0,constrained_level
5,2024-02-01,2023-06-01,8,30848.10341841972,30361.0,constrained_level
5,2024-03-01,2023-06-01,9,30078.829530638042,29420.0,constrained_level
5,2024-04-01,2023-06-01,10,29434.651806620932,29707.0,constrained_level
5,2024-05-01,2023-06-01,11,29002.241902304035,31413.0,constrained_level
5,2024-06-01,2023-06-01,12,29034.890314101798,32758.0,constrained_level
1,2023-07-01,2023-06-01,1,55381.489612517245,56885.0,ridge_change
1,2023-08-01,2023-06-01,2,52778.249862019045,57442.0,ridge_change
1,2023-09-01,2023-06-01,3,51520.57388794895,58791.0,ridge_change
1,2023-10-01,2023-06-01,4,49859.38108643834,55791.0,ridge_change
1,2023-11-01,2023-06-01,5,49617.19480902492,53460.0,ridge_change
1,2023-12-01,2023-06-01,6,50268.74866600559,60085.0,ridge_change
1,2024-01-01,2023-06-01,7,52508.38442459278,64127.0,ridge_change
1,2024-02-01,2023-06-01,8,53265.43440368611,64192.0,ridge_change
1,2024-03-01,2023-06-01,9,50766.08695706225,54901.0,ridge_change
1,2024-04-01,2023-06-01,10,49937.28795063747,54857.0,ridge_change
1,2024-05-01,2023-06-01,11,49517.74189730353,56490.0,ridge_change
1,2024-06-01,2023-06-01,12,50175.18210520896,56776.0,ridge_change
2,2023-07-01,2023-06-01,1,46663.83221768677,46716.0,ridge_change
2,2023-08-01,2023-06-01,2,46733.319076598746,45329.0,ridge_change
2,2023-09-01,2023-06-01,3,46699.506948877766,46566.0,ridge_change
2,2023-10-01,2023-06-01,4,45968.412778771395,43983.0,ridge_change
2,2023-11-01,2023-06-01,5,46142.05135679985,48149.0,ridge_change
2,2023-12-01,2023-06-01,6,46863.01223185392,54853.0,ridge_change
2,2024-01-01,2023-06-01,7,49590.38392600715,61100.0,ridge_change
2,2024-02-01,2023-06-01,8,50997.95240488221,57032.0,ridge_change
2,2024-03-01,2023-06-01,9,49468.30365482463,54928.0,ridge_change
2,2024-04-01,2023-06-01,10,47929.35793487088,53381.0,ridge_change
2,2024-05-01,2023-06-01,11,45803.03108304194,49156.0,ridge_change
2,2024-06-01,2023-06-01,12,45122.26393943644,48529.0,ridge_change
3,2023-07-01,2023-06-01,1,84310.23540072858,81693.0,ridge_change
3,2023-08-01,2023-06-01,2,84306.5045898397,81891.0,ridge_change
3,2023-09-01,2023-06-01,3,83583.16132480705,85476.0,ridge_change
3,2023-10-01,2023-06-01,4,82925.86908968553,83415.0,ridge_change
3,2023-11-01,2023-06-01,5,84149.69328798204,84996.0,ridge_change
3,2023-12-01,2023-06-01,6,84944.7151808036,89242.0,ridge_change
3,2024-01-01,2023-06-01,7,86505.16006938652,86589.0,ridge_change
3,2024-02-01,2023-06-01,8,86530.78878191071,80606.0,ridge_change
3,2024-03-01,2023-06-01,9,84942.41789607247,85725.0,ridge_change
3,2024-04-01,2023-06-01,10,85222.17265526536,87187.0,ridge_change
3,2024-05-01,2023-06-01,11,84394.24869498471,86451.0,ridge_change
3,2024-06-01,2023-06-01,12,84237.91912288373,86411.0,ridge_change
4,2023-07-01,2023-06-01,1,6972.47643197419,7197.0,ridge_change
4,2023-08-01,2023-06-01,2,6979.444550923836,7195.0,ridge_change
4,2023-09-01,2023-06-01,3,6998.0582936197925,7164.0,ridge_change
4,2023-10-01,2023-06-01,4,7025.648405399743,7208.0,ridge_change
4,2023-11-01,2023-06-01,5,7089.807158863024,7661.0,ridge_change
4,2023-12-01,2023-06-01,6,7129.162901419631,7902.0,ridge_change
4,2024-01-01,2023-06-01,7,7181.512974733337,8642.0,ridge_change
4,2024-02-01,2023-06-01,8,7207.259311663418,8495.0,ridge_change
4,2024-03-01,2023-06-01,9,7227.752822766853,8558.0,ridge_change
4,2024-04-01,2023-06-01,10,7226.793969002131,8572.0,ridge_change
4,2024-05-01,2023-06-01,11,7149.3509084680045,8144.0,ridge_change
4,2024-06-01,2023-06-01,12,7113.849543208992,8044.0,ridge_change
5,2023-07-01,2023-06-01,1,29120.68272779022,28384.0,ridge_change
5,2023-08-01,2023-06-01,2,28870.865400116527,27297.0,ridge_change
5,2023-09-01,2023-06-01,3,28312.426078495257,29889.0,ridge_change
5,2023-10-01,2023-06-01,4,28410.295856356784,28332.0,ridge_change
5,2023-11-01,2023-06-01,5,29081.846215277426,27268.0,ridge_change
5,2023-12-01,2023-06-01,6,30119.505731988385,28635.0,ridge_change
5,2024-01-01,2023-06-01,7,30803.70756692612,31638.0,ridge_change
5,2024-02-01,2023-06-01,8,30632.66650715271,30361.0,ridge_change
5,2024-03-01,2023-06-01,9,30376.02347585874,29420.0,ridge_change
5,2024-04-01,2023-06-01,10,29850.09817113923,29707.0,ridge_change
5,2024-05-01,2023-06-01,11,29322.023210061518,31413.0,ridge_change
5,2024-06-01,2023-06-01,12,28972.575568690285,32758.0,ridge_change
1,2023-07-01,2023-06-01,1,54707.5107653561,56885.0,seasonal_ridge_change
1,2023-08-01,2023-06-01,2,51290.417204855614,57442.0,seasonal_ridge_change
1,2023-09-01,2023-06-01,3,50023.09031620299,58791.0,seasonal_ridge_change
1,2023-10-01,2023-06-01,4,47906.121064681276,55791.0,seasonal_ridge_change
1,2023-11-01,2023-06-01,5,48469.02376864751,53460.0,seasonal_ridge_change
1,2023-12-01,2023-06-01,6,50082.851290450024,60085.0,seasonal_ridge_change
1,2024-01-01,2023-06-01,7,53099.86860693897,64127.0,seasonal_ridge_change
1,2024-02-01,2023-06-01,8,54069.15444558955,64192.0,seasonal_ridge_change
1,2024-03-01,2023-06-01,9,51882.996712495136,54901.0,seasonal_ridge_change
1,2024-04-01,2023-06-01,10,51731.23959661144,54857.0,seasonal_ridge_change
1,2024-05-01,2023-06-01,11,50671.28301817352,56490.0,seasonal_ridge_change
1,2024-06-01,2023-06-01,12,50570.56871316741,56776.0,seasonal_ridge_change
2,2023-07-01,2023-06-01,1,45882.545676181646,46716.0,seasonal_ridge_change
2,2023-08-01,2023-06-01,2,45659.688456582575,45329.0,seasonal_ridge_change
2,2023-09-01,2023-06-01,3,45762.20521049495,46566.0,seasonal_ridge_change
2,2023-10-01,2023-06-01,4,45098.021472819455,43983.0,seasonal_ridge_change
2,2023-11-01,2023-06-01,5,46061.609682431284,48149.0,seasonal_ridge_change
2,2023-12-01,2023-06-01,6,47670.71783992952,54853.0,seasonal_ridge_change
2,2024-01-01,2023-06-01,7,50576.539010926535,61100.0,seasonal_ridge_change
2,2024-02-01,2023-06-01,8,51395.85546738227,57032.0,seasonal_ridge_change
2,2024-03-01,2023-06-01,9,49595.86120645145,54928.0,seasonal_ridge_change
2,2024-04-01,2023-06-01,10,48435.89394895718,53381.0,seasonal_ridge_change
2,2024-05-01,2023-06-01,11,45842.717117737346,49156.0,seasonal_ridge_change
2,2024-06-01,2023-06-01,12,44934.49805668194,48529.0,seasonal_ridge_change
3,2023-07-01,2023-06-01,1,83346.93273620462,81693.0,seasonal_ridge_change
3,2023-08-01,2023-06-01,2,83283.57401435202,81891.0,seasonal_ridge_change
3,2023-09-01,2023-06-01,3,82903.2975409426,85476.0,seasonal_ridge_change
3,2023-10-01,2023-06-01,4,82765.02934472721,83415.0,seasonal_ridge_change
3,2023-11-01,2023-06-01,5,84398.25299909264,84996.0,seasonal_ridge_change
3,2023-12-01,2023-06-01,6,85366.76277329835,89242.0,seasonal_ridge_change
3,2024-01-01,2023-06-01,7,86839.66470762777,86589.0,seasonal_ridge_change
3,2024-02-01,2023-06-01,8,86737.58714990114,80606.0,seasonal_ridge_change
3,2024-03-01,2023-06-01,9,84815.3176228369,85725.0,seasonal_ridge_change
3,2024-04-01,2023-06-01,10,84740.2162131761,87187.0,seasonal_ridge_change
3,2024-05-01,2023-06-01,11,83372.89403561752,86451.0,seasonal_ridge_change
3,2024-06-01,2023-06-01,12,82880.37870758516,86411.0,seasonal_ridge_change
4,2023-07-01,2023-06-01,1,6895.6219119295965,7197.0,seasonal_ridge_change
4,2023-08-01,2023-06-01,2,6927.848471787925,7195.0,seasonal_ridge_change
4,2023-09-01,2023-06-01,3,7028.025622492846,7164.0,seasonal_ridge_change
4,2023-10-01,2023-06-01,4,7170.1556101707,7208.0,seasonal_ridge_change
4,2023-11-01,2023-06-01,5,7332.660955725752,7661.0,seasonal_ridge_change
4,2023-12-01,2023-06-01,6,7438.132942883173,7902.0,seasonal_ridge_change
4,2024-01-01,2023-06-01,7,7488.105654451886,8642.0,seasonal_ridge_change
4,2024-02-01,2023-06-01,8,7458.660394867163,8495.0,seasonal_ridge_change
4,2024-03-01,2023-06-01,9,7379.469010666614,8558.0,seasonal_ridge_change
4,2024-04-01,2023-06-01,10,7253.011372881928,8572.0,seasonal_ridge_change
4,2024-05-01,2023-06-01,11,7085.710021724541,8144.0,seasonal_ridge_change
4,2024-06-01,2023-06-01,12,6988.773330064811,8044.0,seasonal_ridge_change
5,2023-07-01,2023-06-01,1,28125.390049155794,28384.0,seasonal_ridge_change
5,2023-08-01,2023-06-01,2,28064.437782207886,27297.0,seasonal_ridge_change
5,2023-09-01,2023-06-01,3,28521.0854373457,29889.0,seasonal_ridge_change
5,2023-10-01,2023-06-01,4,29136.39742057262,28332.0,seasonal_ridge_change
5,2023-11-01,2023-06-01,5,30146.475644099464,27268.0,seasonal_ridge_change
5,2023-12-01,2023-06-01,6,31075.872706709677,28635.0,seasonal_ridge_change
5,2024-01-01,2023-06-01,7,31848.004242824292,31638.0,seasonal_ridge_change
5,2024-02-01,2023-06-01,8,31659.160372065955,30361.0,seasonal_ridge_change
5,2024-03-01,2023-06-01,9,30882.07670126729,29420.0,seasonal_ridge_change
5,2024-04-01,2023-06-01,10,30213.296980203384,29707.0,seasonal_ridge_change
5,2024-05-01,2023-06-01,11,29294.5065196109,31413.0,seasonal_ridge_change
5,2024-06-01,2023-06-01,12,28654.88347631957,32758.0,seasonal_ridge_change
1,2023-07-01,2023-06-01,1,54707.51076535609,56885.0,polynomial_ridge_change
1,2023-08-01,2023-06-01,2,51290.41720485559,57442.0,polynomial_ridge_change
1,2023-09-01,2023-06-01,3,50023.090316202964,58791.0,polynomial_ridge_change
1,2023-10-01,2023-06-01,4,47906.12106468125,55791.0,polynomial_ridge_change
1,2023-11-01,2023-06-01,5,48469.02376864749,53460.0,polynomial_ridge_change
1,2023-12-01,2023-06-01,6,50082.85129045,60085.0,polynomial_ridge_change
1,2024-01-01,2023-06-01,7,53099.868606938944,64127.0,polynomial_ridge_change
1,2024-02-01,2023-06-01,8,54069.15444558952,64192.0,polynomial_ridge_change
1,2024-03-01,2023-06-01,9,51882.99671249511,54901.0,polynomial_ridge_change
1,2024-04-01,2023-06-01,10,51731.23959661141,54857.0,polynomial_ridge_change
1,2024-05-01,2023-06-01,11,50671.28301817349,56490.0,polynomial_ridge_change
1,2024-06-01,2023-06-01,12,50570.568713167384,56776.0,polynomial_ridge_change
2,2023-07-01,2023-06-01,1,45882.545676181646,46716.0,polynomial_ridge_change
2,2023-08-01,2023-06-01,2,45659.68845658258,45329.0,polynomial_ridge_change
2,2023-09-01,2023-06-01,3,45762.20521049495,46566.0,polynomial_ridge_change
2,2023-10-01,2023-06-01,4,45098.02147281945,43983.0,polynomial_ridge_change
2,2023-11-01,2023-06-01,5,46061.60968243128,48149.0,polynomial_ridge_change
2,2023-12-01,2023-06-01,6,47670.717839929515,54853.0,polynomial_ridge_change
2,2024-01-01,2023-06-01,7,50576.539010926535,61100.0,polynomial_ridge_change
2,2024-02-01,2023-06-01,8,51395.85546738227,57032.0,polynomial_ridge_change
2,2024-03-01,2023-06-01,9,49595.86120645145,54928.0,polynomial_ridge_change
2,2024-04-01,2023-06-01,10,48435.893948957186,53381.0,polynomial_ridge_change
2,2024-05-01,2023-06-01,11,45842.71711773735,49156.0,polynomial_ridge_change
2,2024-06-01,2023-06-01,12,44934.49805668195,48529.0,polynomial_ridge_change
3,2023-07-01,2023-06-01,1,83346.93273620462,81693.0,polynomial_ridge_change
3,2023-08-01,2023-06-01,2,83283.57401435204,81891.0,polynomial_ridge_change
3,2023-09-01,2023-06-01,3,82903.29754094261,85476.0,polynomial_ridge_change
3,2023-10-01,2023-06-01,4,82765.02934472721,83415.0,polynomial_ridge_change
3,2023-11-01,2023-06-01,5,84398.25299909264,84996.0,polynomial_ridge_change
3,2023-12-01,2023-06-01,6,85366.76277329835,89242.0,polynomial_ridge_change
3,2024-01-01,2023-06-01,7,86839.66470762777,86589.0,polynomial_ridge_change
3,2024-02-01,2023-06-01,8,86737.58714990114,80606.0,polynomial_ridge_change
3,2024-03-01,2023-06-01,9,84815.3176228369,85725.0,polynomial_ridge_change
3,2024-04-01,2023-06-01,10,84740.2162131761,87187.0,polynomial_ridge_change
3,2024-05-01,2023-06-01,11,83372.89403561752,86451.0,polynomial_ridge_change
3,2024-06-01,2023-06-01,12,82880.37870758516,86411.0,polynomial_ridge_change
4,2023-07-01,2023-06-01,1,6895.621911929597,7197.0,polynomial_ridge_change
4,2023-08-01,2023-06-01,2,6927.8484717879255,7195.0,polynomial_ridge_change
4,2023-09-01,2023-06-01,3,7028.025622492847,7164.0,polynomial_ridge_change
4,2023-10-01,2023-06-01,4,7170.155610170701,7208.0,polynomial_ridge_change
4,2023-11-01,2023-06-01,5,7332.6609557257525,7661.0,polynomial_ridge_change
4,2023-12-01,2023-06-01,6,7438.132942883174,7902.0,polynomial_ridge_change
4,2024-01-01,2023-06-01,7,7488.105654451887,8642.0,polynomial_ridge_change
4,2024-02-01,2023-06-01,8,7458.660394867164,8495.0,polynomial_ridge_change
4,2024-03-01,2023-06-01,9,7379.469010666615,8558.0,polynomial_ridge_change
4,2024-04-01,2023-06-01,10,7253.011372881929,8572.0,polynomial_ridge_change
4,2024-05-01,2023-06-01,11,7085.710021724542,8144.0,polynomial_ridge_change
4,2024-06-01,2023-06-01,12,6988.7733300648115,8044.0,polynomial_ridge_change
5,2023-07-01,2023-06-01,1,28125.390049155798,28384.0,polynomial_ridge_change
5,2023-08-01,2023-06-01,2,28064.437782207886,27297.0,polynomial_ridge_change
5,2023-09-01,2023-06-01,3,28521.0854373457,29889.0,polynomial_ridge_change
5,2023-10-01,2023-06-01,4,29136.39742057262,28332.0,polynomial_ridge_change
5,2023-11-01,2023-06-01,5,30146.475644099464,27268.0,polynomial_ridge_change
5,2023-12-01,2023-06-01,6,31075.872706709677,28635.0,polynomial_ridge_change
5,2024-01-01,2023-06-01,7,31848.004242824292,31638.0,polynomial_ridge_change
5,2024-02-01,2023-06-01,8,31659.160372065955,30361.0,polynomial_ridge_change
5,2024-03-01,2023-06-01,9,30882.076701267295,29420.0,polynomial_ridge_change
5,2024-04-01,2023-06-01,10,30213.296980203388,29707.0,polynomial_ridge_change
5,2024-05-01,2023-06-01,11,29294.506519610903,31413.0,polynomial_ridge_change
5,2024-06-01,2023-06-01,12,28654.883476319574,32758.0,polynomial_ridge_change
1,2023-07-01,2023-06-01,1,55289.56002236241,56885.0,spline_ridge_change
1,2023-08-01,2023-06-01,2,52765.04937539345,57442.0,spline_ridge_change
1,2023-09-01,2023-06-01,3,50875.22968044088,58791.0,spline_ridge_change
1,2023-10-01,2023-06-01,4,48617.15995247304,55791.0,spline_ridge_change
1,2023-11-01,2023-06-01,5,49403.00873572787,53460.0,spline_ridge_change
1,2023-12-01,2023-06-01,6,51746.76581804612,60085.0,spline_ridge_change
1,2024-01-01,2023-06-01,7,54882.35108216195,64127.0,spline_ridge_change
1,2024-02-01,2023-06-01,8,54693.6350627208,64192.0,spline_ridge_change
1,2024-03-01,2023-06-01,9,49732.31920919412,54901.0,spline_ridge_change
1,2024-04-01,2023-06-01,10,48589.104944900566,54857.0,spline_ridge_change
1,2024-05-01,2023-06-01,11,48773.7465933517,56490.0,spline_ridge_change
1,2024-06-01,2023-06-01,12,49976.54033449967,56776.0,spline_ridge_change
2,2023-07-01,2023-06-01,1,45993.00149693598,46716.0,spline_ridge_change
2,2023-08-01,2023-06-01,2,45100.58653737662,45329.0,spline_ridge_change
2,2023-09-01,2023-06-01,3,44467.13486691712,46566.0,spline_ridge_change
2,2023-10-01,2023-06-01,4,44090.99741835246,43983.0,spline_ridge_change
2,2023-11-01,2023-06-01,5,45948.563268806385,48149.0,spline_ridge_change
2,2023-12-01,2023-06-01,6,48059.03875441357,54853.0,spline_ridge_change
2,2024-01-01,2023-06-01,7,50173.97045655672,61100.0,spline_ridge_change
2,2024-02-01,2023-06-01,8,49515.30129970739,57032.0,spline_ridge_change
2,2024-03-01,2023-06-01,9,46407.0870519551,54928.0,spline_ridge_change
2,2024-04-01,2023-06-01,10,44593.94245203511,53381.0,spline_ridge_change
2,2024-05-01,2023-06-01,11,43717.40920624478,49156.0,spline_ridge_change
2,2024-06-01,2023-06-01,12,44627.86054092926,48529.0,spline_ridge_change
3,2023-07-01,2023-06-01,1,84118.16524841945,81693.0,spline_ridge_change
3,2023-08-01,2023-06-01,2,83335.08262493268,81891.0,spline_ridge_change
3,2023-09-01,2023-06-01,3,82477.10912815854,85476.0,spline_ridge_change
3,2023-10-01,2023-06-01,4,82266.28428953353,83415.0,spline_ridge_change
3,2023-11-01,2023-06-01,5,84121.19049612692,84996.0,spline_ridge_change
3,2023-12-01,2023-06-01,6,85697.9465917624,89242.0,spline_ridge_change
3,2024-01-01,2023-06-01,7,87125.32164045068,86589.0,spline_ridge_change
3,2024-02-01,2023-06-01,8,86402.19145881012,80606.0,spline_ridge_change
3,2024-03-01,2023-06-01,9,84085.41345879491,85725.0,spline_ridge_change
3,2024-04-01,2023-06-01,10,83710.03992663784,87187.0,spline_ridge_change
3,2024-05-01,2023-06-01,11,82572.45232839909,86451.0,spline_ridge_change
3,2024-06-01,2023-06-01,12,82916.54154545095,86411.0,spline_ridge_change
4,2023-07-01,2023-06-01,1,6910.328001930549,7197.0,spline_ridge_change
4,2023-08-01,2023-06-01,2,6866.506241137555,7195.0,spline_ridge_change
4,2023-09-01,2023-06-01,3,6861.354424787338,7164.0,spline_ridge_change
4,2023-10-01,2023-06-01,4,6929.27198005432,7208.0,spline_ridge_change
4,2023-11-01,2023-06-01,5,7026.999850307695,7661.0,spline_ridge_change
4,2023-12-01,2023-06-01,6,7124.782242436322,7902.0,spline_ridge_change
4,2024-01-01,2023-06-01,7,7164.064175591426,8642.0,spline_ridge_change
4,2024-02-01,2023-06-01,8,7124.6298876426135,8495.0,spline_ridge_change
4,2024-03-01,2023-06-01,9,7030.587891500191,8558.0,spline_ridge_change
4,2024-04-01,2023-06-01,10,6935.68274958345,8572.0,spline_ridge_change
4,2024-05-01,2023-06-01,11,6901.214544264328,8144.0,spline_ridge_change
4,2024-06-01,2023-06-01,12,6906.261103241968,8044.0,spline_ridge_change
5,2023-07-01,2023-06-01,1,28417.096676693116,28384.0,spline_ridge_change
5,2023-08-01,2023-06-01,2,28386.312857380424,27297.0,spline_ridge_change
5,2023-09-01,2023-06-01,3,28833.335853525416,29889.0,spline_ridge_change
5,2023-10-01,2023-06-01,4,29319.473221036787,28332.0,spline_ridge_change
5,2023-11-01,2023-06-01,5,30444.809690186754,27268.0,spline_ridge_change
5,2023-12-01,2023-06-01,6,31583.289986557305,28635.0,spline_ridge_change
5,2024-01-01,2023-06-01,7,32191.04443883492,31638.0,spline_ridge_change
5,2024-02-01,2023-06-01,8,31688.577900884982,30361.0,spline_ridge_change
5,2024-03-01,2023-06-01,9,30898.268426754825,29420.0,spline_ridge_change
5,2024-04-01,2023-06-01,10,29779.36306450933,29707.0,spline_ridge_change
5,2024-05-01,2023-06-01,11,29789.18773330457,31413.0,spline_ridge_change
5,2024-06-01,2023-06-01,12,29769.928424037636,32758.0,spline_ridge_change
1,2023-07-01,2023-06-01,1,56768.33984258323,56885.0,random_forest_change
1,2023-08-01,2023-06-01,2,56299.838505642234,57442.0,random_forest_change
1,2023-09-01,2023-06-01,3,55630.994855003824,58791.0,random_forest_change
1,2023-10-01,2023-06-01,4,54036.506364733345,55791.0,random_forest_change
1,2023-11-01,2023-06-01,5,56321.51903321585,53460.0,random_forest_change
1,2023-12-01,2023-06-01,6,60088.06566182666,60085.0,random_forest_change
1,2024-01-01,2023-06-01,7,63671.993859071874,64127.0,random_forest_change
1,2024-02-01,2023-06-01,8,61293.39324685901,64192.0,random_forest_change
1,2024-03-01,2023-06-01,9,58359.15168745018,54901.0,random_forest_change
1,2024-04-01,2023-06-01,10,57789.631684337866,54857.0,random_forest_change
1,2024-05-01,2023-06-01,11,57558.99746562778,56490.0,random_forest_change
1,2024-06-01,2023-06-01,12,57431.61181753874,56776.0,random_forest_change
2,2023-07-01,2023-06-01,1,45516.452849022615,46716.0,random_forest_change
2,2023-08-01,2023-06-01,2,45502.50735126566,45329.0,random_forest_change
2,2023-09-01,2023-06-01,3,45561.944352577535,46566.0,random_forest_change
2,2023-10-01,2023-06-01,4,44953.85023010956,43983.0,random_forest_change
2,2023-11-01,2023-06-01,5,47313.865954862355,48149.0,random_forest_change
2,2023-12-01,2023-06-01,6,50575.65343188659,54853.0,random_forest_change
2,2024-01-01,2023-06-01,7,53624.6197959199,61100.0,random_forest_change
2,2024-02-01,2023-06-01,8,52888.57412449802,57032.0,random_forest_change
2,2024-03-01,2023-06-01,9,49784.29411577893,54928.0,random_forest_change
2,2024-04-01,2023-06-01,10,47364.541189577605,53381.0,random_forest_change
2,2024-05-01,2023-06-01,11,46270.07410165919,49156.0,random_forest_change
2,2024-06-01,2023-06-01,12,46596.26762090784,48529.0,random_forest_change
3,2023-07-01,2023-06-01,1,83688.53397929044,81693.0,random_forest_change
3,2023-08-01,2023-06-01,2,83672.18247246464,81891.0,random_forest_change
3,2023-09-01,2023-06-01,3,83521.33428191775,85476.0,random_forest_change
3,2023-10-01,2023-06-01,4,83295.59849115345,83415.0,random_forest_change
3,2023-11-01,2023-06-01,5,86607.18326091717,84996.0,random_forest_change
3,2023-12-01,2023-06-01,6,86785.21654503174,89242.0,random_forest_change
3,2024-01-01,2023-06-01,7,89313.17921420328,86589.0,random_forest_change
3,2024-02-01,2023-06-01,8,86826.69753279933,80606.0,random_forest_change
3,2024-03-01,2023-06-01,9,84684.56328693933,85725.0,random_forest_change
3,2024-04-01,2023-06-01,10,83430.39609697362,87187.0,random_forest_change
3,2024-05-01,2023-06-01,11,83510.38862558782,86451.0,random_forest_change
3,2024-06-01,2023-06-01,12,83355.20522623097,86411.0,random_forest_change
4,2023-07-01,2023-06-01,1,6783.875473280454,7197.0,random_forest_change
4,2023-08-01,2023-06-01,2,6665.987024513726,7195.0,random_forest_change
4,2023-09-01,2023-06-01,3,6585.453137801469,7164.0,random_forest_change
4,2023-10-01,2023-06-01,4,6737.361770568369,7208.0,random_forest_change
4,2023-11-01,2023-06-01,5,6889.177348907694,7661.0,random_forest_change
4,2023-12-01,2023-06-01,6,7090.861026082153,7902.0,random_forest_change
4,2024-01-01,2023-06-01,7,7242.840208270542,8642.0,random_forest_change
4,2024-02-01,2023-06-01,8,7138.669867673634,8495.0,random_forest_change
4,2024-03-01,2023-06-01,9,6925.2554483180365,8558.0,random_forest_change
4,2024-04-01,2023-06-01,10,6781.328775131917,8572.0,random_forest_change
4,2024-05-01,2023-06-01,11,6574.270396267416,8144.0,random_forest_change
4,2024-06-01,2023-06-01,12,6753.688731330531,8044.0,random_forest_change
5,2023-07-01,2023-06-01,1,28182.74003324596,28384.0,random_forest_change
5,2023-08-01,2023-06-01,2,28327.61356042481,27297.0,random_forest_change
5,2023-09-01,2023-06-01,3,28373.522278070945,29889.0,random_forest_change
5,2023-10-01,2023-06-01,4,28543.8628736677,28332.0,random_forest_change
5,2023-11-01,2023-06-01,5,30570.113850208938,27268.0,random_forest_change
5,2023-12-01,2023-06-01,6,32052.830126051293,28635.0,random_forest_change
5,2024-01-01,2023-06-01,7,33344.424472967046,31638.0,random_forest_change
5,2024-02-01,2023-06-01,8,31833.819148557424,30361.0,random_forest_change
5,2024-03-01,2023-06-01,9,30471.921002323983,29420.0,random_forest_change
5,2024-04-01,2023-06-01,10,29581.267081528662,29707.0,random_forest_change
5,2024-05-01,2023-06-01,11,28831.912564729417,31413.0,random_forest_change
5,2024-06-01,2023-06-01,12,28130.369566979705,32758.0,random_forest_change
1,2023-07-01,2023-06-01,1,56959.3203125,56885.0,xgboost_change
1,2023-08-01,2023-06-01,2,56161.84765625,57442.0,xgboost_change
1,2023-09-01,2023-06-01,3,54685.62890625,58791.0,xgboost_change
1,2023-10-01,2023-06-01,4,53005.33984375,55791.0,xgboost_change
1,2023-11-01,2023-06-01,5,54375.80859375,53460.0,xgboost_change
1,2023-12-01,2023-06-01,6,56913.39453125,60085.0,xgboost_change
1,2024-01-01,2023-06-01,7,60010.23828125,64127.0,xgboost_change
1,2024-02-01,2023-06-01,8,58720.61328125,64192.0,xgboost_change
1,2024-03-01,2023-06-01,9,55625.51171875,54901.0,xgboost_change
1,2024-04-01,2023-06-01,10,54482.3671875,54857.0,xgboost_change
1,2024-05-01,2023-06-01,11,55023.94921875,56490.0,xgboost_change
1,2024-06-01,2023-06-01,12,55523.41015625,56776.0,xgboost_change
2,2023-07-01,2023-06-01,1,45426.4765625,46716.0,xgboost_change
2,2023-08-01,2023-06-01,2,45511.7578125,45329.0,xgboost_change
2,2023-09-01,2023-06-01,3,45878.99609375,46566.0,xgboost_change
2,2023-10-01,2023-06-01,4,44631.03125,43983.0,xgboost_change
2,2023-11-01,2023-06-01,5,45586.16796875,48149.0,xgboost_change
2,2023-12-01,2023-06-01,6,47270.68359375,54853.0,xgboost_change
2,2024-01-01,2023-06-01,7,49036.765625,61100.0,xgboost_change
2,2024-02-01,2023-06-01,8,49130.171875,57032.0,xgboost_change
2,2024-03-01,2023-06-01,9,46157.78125,54928.0,xgboost_change
2,2024-04-01,2023-06-01,10,44934.4765625,53381.0,xgboost_change
2,2024-05-01,2023-06-01,11,43798.85546875,49156.0,xgboost_change
2,2024-06-01,2023-06-01,12,44081.25390625,48529.0,xgboost_change
3,2023-07-01,2023-06-01,1,83344.375,81693.0,xgboost_change
3,2023-08-01,2023-06-01,2,83831.8359375,81891.0,xgboost_change
3,2023-09-01,2023-06-01,3,83675.5078125,85476.0,xgboost_change
3,2023-10-01,2023-06-01,4,83497.1328125,83415.0,xgboost_change
3,2023-11-01,2023-06-01,5,86220.34375,84996.0,xgboost_change
3,2023-12-01,2023-06-01,6,86513.71875,89242.0,xgboost_change
3,2024-01-01,2023-06-01,7,88221.9453125,86589.0,xgboost_change
3,2024-02-01,2023-06-01,8,86394.5625,80606.0,xgboost_change
3,2024-03-01,2023-06-01,9,84587.3359375,85725.0,xgboost_change
3,2024-04-01,2023-06-01,10,83345.890625,87187.0,xgboost_change
3,2024-05-01,2023-06-01,11,83591.6015625,86451.0,xgboost_change
3,2024-06-01,2023-06-01,12,83481.8671875,86411.0,xgboost_change
4,2023-07-01,2023-06-01,1,6757.140625,7197.0,xgboost_change
4,2023-08-01,2023-06-01,2,6658.85400390625,7195.0,xgboost_change
4,2023-09-01,2023-06-01,3,6618.15380859375,7164.0,xgboost_change
4,2023-10-01,2023-06-01,4,6632.41748046875,7208.0,xgboost_change
4,2023-11-01,2023-06-01,5,6828.853515625,7661.0,xgboost_change
4,2023-12-01,2023-06-01,6,7063.7275390625,7902.0,xgboost_change
4,2024-01-01,2023-06-01,7,7239.09814453125,8642.0,xgboost_change
4,2024-02-01,2023-06-01,8,7139.63623046875,8495.0,xgboost_change
4,2024-03-01,2023-06-01,9,6891.7998046875,8558.0,xgboost_change
4,2024-04-01,2023-06-01,10,6703.94677734375,8572.0,xgboost_change
4,2024-05-01,2023-06-01,11,6528.2080078125,8144.0,xgboost_change
4,2024-06-01,2023-06-01,12,6700.26953125,8044.0,xgboost_change
5,2023-07-01,2023-06-01,1,28410.3984375,28384.0,xgboost_change
5,2023-08-01,2023-06-01,2,28557.869140625,27297.0,xgboost_change
5,2023-09-01,2023-06-01,3,28445.265625,29889.0,xgboost_change
5,2023-10-01,2023-06-01,4,28731.6328125,28332.0,xgboost_change
5,2023-11-01,2023-06-01,5,30478.611328125,27268.0,xgboost_change
5,2023-12-01,2023-06-01,6,31484.390625,28635.0,xgboost_change
5,2024-01-01,2023-06-01,7,32312.916015625,31638.0,xgboost_change
5,2024-02-01,2023-06-01,8,31136.330078125,30361.0,xgboost_change
5,2024-03-01,2023-06-01,9,30148.595703125,29420.0,xgboost_change
5,2024-04-01,2023-06-01,10,29413.078125,29707.0,xgboost_change
5,2024-05-01,2023-06-01,11,29075.25,31413.0,xgboost_change
5,2024-06-01,2023-06-01,12,28747.849609375,32758.0,xgboost_change
1,2023-07-01,2023-06-01,1,56048.18409494351,56885.0,neural_network_change
1,2023-08-01,2023-06-01,2,53863.81403050109,57442.0,neural_network_change
1,2023-09-01,2023-06-01,3,52850.22618565986,58791.0,neural_network_change
1,2023-10-01,2023-06-01,4,49890.2929971705,55791.0,neural_network_change
1,2023-11-01,2023-06-01,5,50051.9224360909,53460.0,neural_network_change
1,2023-12-01,2023-06-01,6,51866.67719256907,60085.0,neural_network_change
1,2024-01-01,2023-06-01,7,55171.67963582156,64127.0,neural_network_change
1,2024-02-01,2023-06-01,8,55230.243283323485,64192.0,neural_network_change
1,2024-03-01,2023-06-01,9,51959.81721288649,54901.0,neural_network_change
1,2024-04-01,2023-06-01,10,51496.17592859295,54857.0,neural_network_change
1,2024-05-01,2023-06-01,11,50756.98331479268,56490.0,neural_network_change
1,2024-06-01,2023-06-01,12,51087.17017539499,56776.0,neural_network_change
2,2023-07-01,2023-06-01,1,45595.46751680729,46716.0,neural_network_change
2,2023-08-01,2023-06-01,2,45177.75135064329,45329.0,neural_network_change
2,2023-09-01,2023-06-01,3,45163.75422436903,46566.0,neural_network_change
2,2023-10-01,2023-06-01,4,44496.77021530047,43983.0,neural_network_change
2,2023-11-01,2023-06-01,5,45821.619344958046,48149.0,neural_network_change
2,2023-12-01,2023-06-01,6,47951.78064439803,54853.0,neural_network_change
2,2024-01-01,2023-06-01,7,51339.47222517761,61100.0,neural_network_change
2,2024-02-01,2023-06-01,8,52013.08721862142,57032.0,neural_network_change
2,2024-03-01,2023-06-01,9,49695.511906003245,54928.0,neural_network_change
2,2024-04-01,2023-06-01,10,48239.90393115157,53381.0,neural_network_change
2,2024-05-01,2023-06-01,11,45405.33586151141,49156.0,neural_network_change
2,2024-06-01,2023-06-01,12,44738.284655585754,48529.0,neural_network_change
3,2023-07-01,2023-06-01,1,83519.56570765008,81693.0,neural_network_change
3,2023-08-01,2023-06-01,2,83152.49760409065,81891.0,neural_network_change
3,2023-09-01,2023-06-01,3,82647.02152693861,85476.0,neural_network_change
3,2023-10-01,2023-06-01,4,82564.63438218526,83415.0,neural_network_change
3,2023-11-01,2023-06-01,5,84305.68605745253,84996.0,neural_network_change
3,2023-12-01,2023-06-01,6,85686.99685871629,89242.0,neural_network_change
3,2024-01-01,2023-06-01,7,87240.0379630531,86589.0,neural_network_change
3,2024-02-01,2023-06-01,8,86701.69508639563,80606.0,neural_network_change
3,2024-03-01,2023-06-01,9,84189.62544777489,85725.0,neural_network_change
3,2024-04-01,2023-06-01,10,84099.60327580544,87187.0,neural_network_change
3,2024-05-01,2023-06-01,11,82642.212452735,86451.0,neural_network_change
3,2024-06-01,2023-06-01,12,82400.3987971096,86411.0,neural_network_change
4,2023-07-01,2023-06-01,1,6764.162416573053,7197.0,neural_network_change
4,2023-08-01,2023-06-01,2,6776.402028439989,7195.0,neural_network_change
4,2023-09-01,2023-06-01,3,6890.912042070568,7164.0,neural_network_change
4,2023-10-01,2023-06-01,4,7138.046020488454,7208.0,neural_network_change
4,2023-11-01,2023-06-01,5,7388.38025229869,7661.0,neural_network_change
4,2023-12-01,2023-06-01,6,7539.636265629694,7902.0,neural_network_change
4,2024-01-01,2023-06-01,7,7602.2330037794,8642.0,neural_network_change
4,2024-02-01,2023-06-01,8,7564.231313424949,8495.0,neural_network_change
4,2024-03-01,2023-06-01,9,7364.287929706327,8558.0,neural_network_change
4,2024-04-01,2023-06-01,10,7137.405804473535,8572.0,neural_network_change
4,2024-05-01,2023-06-01,11,6849.42556326525,8144.0,neural_network_change
4,2024-06-01,2023-06-01,12,6817.811550105788,8044.0,neural_network_change
5,2023-07-01,2023-06-01,1,28129.07451557465,28384.0,neural_network_change
5,2023-08-01,2023-06-01,2,28418.93976852997,27297.0,neural_network_change
5,2023-09-01,2023-06-01,3,28906.08447302855,29889.0,neural_network_change
5,2023-10-01,2023-06-01,4,29513.323974978408,28332.0,neural_network_change
5,2023-11-01,2023-06-01,5,30504.23070216808,27268.0,neural_network_change
5,2023-12-01,2023-06-01,6,31421.803056617,28635.0,neural_network_change
5,2024-01-01,2023-06-01,7,32275.53328555663,31638.0,neural_network_change
5,2024-02-01,2023-06-01,8,31810.868484103226,30361.0,neural_network_change
5,2024-03-01,2023-06-01,9,30812.96404045495,29420.0,neural_network_change
5,2024-04-01,2023-06-01,10,30084.166442476366,29707.0,neural_network_change
5,2024-05-01,2023-06-01,11,29369.60022974324,31413.0,neural_network_change
5,2024-06-01,2023-06-01,12,28937.45612522076,32758.0,neural_network_change
1,2023-07-01,2023-06-01,1,55245.73918051328,56885.0,seasonal_residual_change
1,2023-08-01,2023-06-01,2,53854.3268525458,57442.0,seasonal_residual_change
1,2023-09-01,2023-06-01,3,54302.28097953121,58791.0,seasonal_residual_change
1,2023-10-01,2023-06-01,4,50114.568632341034,55791.0,seasonal_residual_change
1,2023-11-01,2023-06-01,5,50384.10542158672,53460.0,seasonal_residual_change
1,2023-12-01,2023-06-01,6,53028.88020874518,60085.0,seasonal_residual_change
1,2024-01-01,2023-06-01,7,57360.89508325198,64127.0,seasonal_residual_change
1,2024-02-01,2023-06-01,8,54627.56046088007,64192.0,seasonal_residual_change
1,2024-03-01,2023-06-01,9,49011.39673697751,54901.0,seasonal_residual_change
1,2024-04-01,2023-06-01,10,49170.81208702701,54857.0,seasonal_residual_change
1,2024-05-01,2023-06-01,11,51758.376992297606,56490.0,seasonal_residual_change
1,2024-06-01,2023-06-01,12,51736.22705593833,56776.0,seasonal_residual_change
2,2023-07-01,2023-06-01,1,45449.60931577876,46716.0,seasonal_residual_change
2,2023-08-01,2023-06-01,2,44558.5120151812,45329.0,seasonal_residual_change
2,2023-09-01,2023-06-01,3,44655.949228833175,46566.0,seasonal_residual_change
2,2023-10-01,2023-06-01,4,42512.77561283049,43983.0,seasonal_residual_change
2,2023-11-01,2023-06-01,5,44457.45554508373,48149.0,seasonal_residual_change
2,2023-12-01,2023-06-01,6,48381.752758002,54853.0,seasonal_residual_change
2,2024-01-01,2023-06-01,7,53277.203163927195,61100.0,seasonal_residual_change
2,2024-02-01,2023-06-01,8,54293.693485137555,57032.0,seasonal_residual_change
2,2024-03-01,2023-06-01,9,51136.907026593755,54928.0,seasonal_residual_change
2,2024-04-01,2023-06-01,10,48221.451511146995,53381.0,seasonal_residual_change
2,2024-05-01,2023-06-01,11,45427.48303064522,49156.0,seasonal_residual_change
2,2024-06-01,2023-06-01,12,46105.722084426525,48529.0,seasonal_residual_change
3,2023-07-01,2023-06-01,1,84854.68759154678,81693.0,seasonal_residual_change
3,2023-08-01,2023-06-01,2,84151.9394153686,81891.0,seasonal_residual_change
3,2023-09-01,2023-06-01,3,83618.48537360253,85476.0,seasonal_residual_change
3,2023-10-01,2023-06-01,4,84610.82998176571,83415.0,seasonal_residual_change
3,2023-11-01,2023-06-01,5,85814.1680025939,84996.0,seasonal_residual_change
3,2023-12-01,2023-06-01,6,88264.72716641825,89242.0,seasonal_residual_change
3,2024-01-01,2023-06-01,7,90846.26110590553,86589.0,seasonal_residual_change
3,2024-02-01,2023-06-01,8,90651.56413457045,80606.0,seasonal_residual_change
3,2024-03-01,2023-06-01,9,87546.04100085999,85725.0,seasonal_residual_change
3,2024-04-01,2023-06-01,10,87717.12751947239,87187.0,seasonal_residual_change
3,2024-05-01,2023-06-01,11,87037.32834240502,86451.0,seasonal_residual_change
3,2024-06-01,2023-06-01,12,85550.39262118576,86411.0,seasonal_residual_change
4,2023-07-01,2023-06-01,1,6873.006922428081,7197.0,seasonal_residual_change
4,2023-08-01,2023-06-01,2,6769.757508830474,7195.0,seasonal_residual_change
4,2023-09-01,2023-06-01,3,7096.411520703582,7164.0,seasonal_residual_change
4,2023-10-01,2023-06-01,4,7079.569848701111,7208.0,seasonal_residual_change
4,2023-11-01,2023-06-01,5,7312.325129682982,7661.0,seasonal_residual_change
4,2023-12-01,2023-06-01,6,7712.977358091247,7902.0,seasonal_residual_change
4,2024-01-01,2023-06-01,7,7968.415427128393,8642.0,seasonal_residual_change
4,2024-02-01,2023-06-01,8,8032.059454640856,8495.0,seasonal_residual_change
4,2024-03-01,2023-06-01,9,7791.705307078948,8558.0,seasonal_residual_change
4,2024-04-01,2023-06-01,10,7444.708374650876,8572.0,seasonal_residual_change
4,2024-05-01,2023-06-01,11,6977.198808593541,8144.0,seasonal_residual_change
4,2024-06-01,2023-06-01,12,6939.827165086209,8044.0,seasonal_residual_change
5,2023-07-01,2023-06-01,1,28928.072327186714,28384.0,seasonal_residual_change
5,2023-08-01,2023-06-01,2,28422.356965691863,27297.0,seasonal_residual_change
5,2023-09-01,2023-06-01,3,28427.93710285474,29889.0,seasonal_residual_change
5,2023-10-01,2023-06-01,4,28581.540246452896,28332.0,seasonal_residual_change
5,2023-11-01,2023-06-01,5,30246.68722123556,27268.0,seasonal_residual_change
5,2023-12-01,2023-06-01,6,31576.29815181638,28635.0,seasonal_residual_change
5,2024-01-01,2023-06-01,7,32543.997884098335,31638.0,seasonal_residual_change
5,2024-02-01,2023-06-01,8,31660.7291735448,30361.0,seasonal_residual_change
5,2024-03-01,2023-06-01,9,31054.261189508718,29420.0,seasonal_residual_change
5,2024-04-01,2023-06-01,10,30191.320565124784,29707.0,seasonal_residual_change
5,2024-05-01,2023-06-01,11,30370.52174790162,31413.0,seasonal_residual_change
5,2024-06-01,2023-06-01,12,29809.28580540819,32758.0,seasonal_residual_change
1,2023-07-01,2023-06-01,1,55167.07689711529,56885.0,huber_change
1,2023-08-01,2023-06-01,2,51858.43864120738,57442.0,huber_change
1,2023-09-01,2023-06-01,3,50669.35184327922,58791.0,huber_change
1,2023-10-01,2023-06-01,4,48422.54771159317,55791.0,huber_change
1,2023-11-01,2023-06-01,5,48913.901785638205,53460.0,huber_change
1,2023-12-01,2023-06-01,6,50465.006048855284,60085.0,huber_change
1,2024-01-01,2023-06-01,7,53490.0702782704,64127.0,huber_change
1,2024-02-01,2023-06-01,8,54392.57510271305,64192.0,huber_change
1,2024-03-01,2023-06-01,9,52321.87312561403,54901.0,huber_change
1,2024-04-01,2023-06-01,10,52370.77637093151,54857.0,huber_change
1,2024-05-01,2023-06-01,11,51401.2759844453,56490.0,huber_change
1,2024-06-01,2023-06-01,12,51429.21645149511,56776.0,huber_change
2,2023-07-01,2023-06-01,1,45980.00374239636,46716.0,huber_change
2,2023-08-01,2023-06-01,2,45618.41827842123,45329.0,huber_change
2,2023-09-01,2023-06-01,3,45604.38643252739,46566.0,huber_change
2,2023-10-01,2023-06-01,4,44784.99941104858,43983.0,huber_change
2,2023-11-01,2023-06-01,5,45785.404388860465,48149.0,huber_change
2,2023-12-01,2023-06-01,6,47391.9560323141,54853.0,huber_change
2,2024-01-01,2023-06-01,7,50353.65919150363,61100.0,huber_change
2,2024-02-01,2023-06-01,8,51176.383022277936,57032.0,huber_change
2,2024-03-01,2023-06-01,9,49390.28158170726,54928.0,huber_change
2,2024-04-01,2023-06-01,10,48334.51813845113,53381.0,huber_change
2,2024-05-01,2023-06-01,11,45729.87616219852,49156.0,huber_change
2,2024-06-01,2023-06-01,12,44902.21689582998,48529.0,huber_change
3,2023-07-01,2023-06-01,1,83249.71287268562,81693.0,huber_change
3,2023-08-01,2023-06-01,2,83241.44720866764,81891.0,huber_change
3,2023-09-01,2023-06-01,3,82784.53567176464,85476.0,huber_change
3,2023-10-01,2023-06-01,4,82639.39699963697,83415.0,huber_change
3,2023-11-01,2023-06-01,5,84262.04685199859,84996.0,huber_change
3,2023-12-01,2023-06-01,6,85215.37902313776,89242.0,huber_change
3,2024-01-01,2023-06-01,7,86563.07482438197,86589.0,huber_change
3,2024-02-01,2023-06-01,8,86386.74071319005,80606.0,huber_change
3,2024-03-01,2023-06-01,9,84436.9289268068,85725.0,huber_change
3,2024-04-01,2023-06-01,10,84474.42261023674,87187.0,huber_change
3,2024-05-01,2023-06-01,11,83191.09213756771,86451.0,huber_change
3,2024-06-01,2023-06-01,12,82828.28636695605,86411.0,huber_change
4,2023-07-01,2023-06-01,1,6839.754166749464,7197.0,huber_change
4,2023-08-01,2023-06-01,2,6856.785470792329,7195.0,huber_change
4,2023-09-01,2023-06-01,3,6953.956268861366,7164.0,huber_change
4,2023-10-01,2023-06-01,4,7167.294094713361,7208.0,huber_change
4,2023-11-01,2023-06-01,5,7373.151813811587,7661.0,huber_change
4,2023-12-01,2023-06-01,6,7508.293995256869,7902.0,huber_change
4,2024-01-01,2023-06-01,7,7551.586076911977,8642.0,huber_change
4,2024-02-01,2023-06-01,8,7531.55771279879,8495.0,huber_change
4,2024-03-01,2023-06-01,9,7438.444004776585,8558.0,huber_change
4,2024-04-01,2023-06-01,10,7251.021336479211,8572.0,huber_change
4,2024-05-01,2023-06-01,11,6998.997457363987,8144.0,huber_change
4,2024-06-01,2023-06-01,12,6876.316373179152,8044.0,huber_change
5,2023-07-01,2023-06-01,1,28123.226614123985,28384.0,huber_change
5,2023-08-01,2023-06-01,2,28099.271782848333,27297.0,huber_change
5,2023-09-01,2023-06-01,3,28667.12049150048,29889.0,huber_change
5,2023-10-01,2023-06-01,4,29308.332450378006,28332.0,huber_change
5,2023-11-01,2023-06-01,5,30216.00035358491,27268.0,huber_change
5,2023-12-01,2023-06-01,6,31117.1827736518,28635.0,huber_change
5,2024-01-01,2023-06-01,7,31938.496669767086,31638.0,huber_change
5,2024-02-01,2023-06-01,8,31788.71124031115,30361.0,huber_change
5,2024-03-01,2023-06-01,9,30930.56647385075,29420.0,huber_change
5,2024-04-01,2023-06-01,10,30197.39465276418,29707.0,huber_change
5,2024-05-01,2023-06-01,11,29251.931222594638,31413.0,huber_change
5,2024-06-01,2023-06-01,12,28575.882971603405,32758.0,huber_change
