month,origin_month,model,split,fold,actual_kb,predicted_kb
2014-07-01,2014-06-01,constrained_level,cv,1,217561.0,218756.0759197381
2014-07-01,2014-06-01,forecast_flow_identity,cv,1,217561.0,219945.89375000002
2014-07-01,2014-06-01,neural_network_change,cv,1,217561.0,216371.97434498803
2014-07-01,2014-06-01,persistence,cv,1,217561.0,219252.0
2014-07-01,2014-06-01,polynomial_ridge_change,cv,1,217561.0,214802.38260076262
2014-07-01,2014-06-01,random_forest_change,cv,1,217561.0,217872.04642602452
2014-07-01,2014-06-01,ridge_change,cv,1,217561.0,217931.9006545416
2014-07-01,2014-06-01,seasonal_naive,cv,1,217561.0,222356.0
2014-07-01,2014-06-01,seasonal_ridge_change,cv,1,217561.0,214937.6379025788
2014-07-01,2014-06-01,selected_padd_models,cv,1,217561.0,219250.72202197625
2014-07-01,2014-06-01,spline_ridge_change,cv,1,217561.0,222104.7164047689
2014-07-01,2014-06-01,xgboost_change,cv,1,217561.0,219773.98388671875
2014-08-01,2014-07-01,constrained_level,cv,1,212145.0,221100.6131902287
2014-08-01,2014-07-01,forecast_flow_identity,cv,1,212145.0,212962.06077380953
2014-08-01,2014-07-01,neural_network_change,cv,1,212145.0,217282.0761163049
2014-08-01,2014-07-01,persistence,cv,1,212145.0,217561.0
2014-08-01,2014-07-01,polynomial_ridge_change,cv,1,212145.0,215507.12219836251
2014-08-01,2014-07-01,random_forest_change,cv,1,212145.0,216784.34728679067
2014-08-01,2014-07-01,ridge_change,cv,1,212145.0,219342.84388843586
2014-08-01,2014-07-01,seasonal_naive,cv,1,212145.0,217597.0
2014-08-01,2014-07-01,seasonal_ridge_change,cv,1,212145.0,216817.40255511188
2014-08-01,2014-07-01,selected_padd_models,cv,1,212145.0,217557.40499167
2014-08-01,2014-07-01,spline_ridge_change,cv,1,212145.0,216782.72477732762
2014-08-01,2014-07-01,xgboost_change,cv,1,212145.0,216006.8046875
2014-09-01,2014-08-01,constrained_level,cv,1,212451.0,215622.2335186362
2014-09-01,2014-08-01,forecast_flow_identity,cv,1,212451.0,214144.272983871
2014-09-01,2014-08-01,neural_network_change,cv,1,212451.0,214347.62342118504
2014-09-01,2014-08-01,persistence,cv,1,212451.0,212145.0
2014-09-01,2014-08-01,polynomial_ridge_change,cv,1,212451.0,213904.84965563365
2014-09-01,2014-08-01,random_forest_change,cv,1,212451.0,212933.98278539928
2014-09-01,2014-08-01,ridge_change,cv,1,212451.0,215586.07925252774
2014-09-01,2014-08-01,seasonal_naive,cv,1,212451.0,219785.0
2014-09-01,2014-08-01,seasonal_ridge_change,cv,1,212451.0,214502.09911576533
2014-09-01,2014-08-01,selected_padd_models,cv,1,212451.0,212580.9999340829
2014-09-01,2014-08-01,spline_ridge_change,cv,1,212451.0,212899.31249528535
2014-09-01,2014-08-01,xgboost_change,cv,1,212451.0,212348.123046875
2014-10-01,2014-09-01,constrained_level,cv,1,203673.0,214912.28701297764
2014-10-01,2014-09-01,forecast_flow_identity,cv,1,203673.0,207739.47345238095
2014-10-01,2014-09-01,neural_network_change,cv,1,203673.0,213381.90470741654
2014-10-01,2014-09-01,persistence,cv,1,203673.0,212451.0
2014-10-01,2014-09-01,polynomial_ridge_change,cv,1,203673.0,212482.20643072238
2014-10-01,2014-09-01,random_forest_change,cv,1,203673.0,211619.39405376354
2014-10-01,2014-09-01,ridge_change,cv,1,203673.0,213999.05303073092
2014-10-01,2014-09-01,seasonal_naive,cv,1,203673.0,213977.0
2014-10-01,2014-09-01,seasonal_ridge_change,cv,1,203673.0,213406.34817087243
2014-10-01,2014-09-01,selected_padd_models,cv,1,203673.0,212144.9121070283
2014-10-01,2014-09-01,spline_ridge_change,cv,1,203673.0,212945.13686553005
2014-10-01,2014-09-01,xgboost_change,cv,1,203673.0,210874.45654296875
2014-11-01,2014-10-01,constrained_level,cv,1,219555.0,208508.0408347016
2014-11-01,2014-10-01,forecast_flow_identity,cv,1,219555.0,211640.9152649769
2014-11-01,2014-10-01,neural_network_change,cv,1,219555.0,209514.55182449523
2014-11-01,2014-10-01,persistence,cv,1,219555.0,203673.0
2014-11-01,2014-10-01,polynomial_ridge_change,cv,1,219555.0,209854.78926877628
2014-11-01,2014-10-01,random_forest_change,cv,1,219555.0,211034.3059624584
2014-11-01,2014-10-01,ridge_change,cv,1,219555.0,207516.46607462547
2014-11-01,2014-10-01,seasonal_naive,cv,1,219555.0,216849.0
2014-11-01,2014-10-01,seasonal_ridge_change,cv,1,219555.0,210773.67054999282
2014-11-01,2014-10-01,selected_padd_models,cv,1,219555.0,209496.20119203973
2014-11-01,2014-10-01,spline_ridge_change,cv,1,219555.0,215169.15255633125
2014-11-01,2014-10-01,xgboost_change,cv,1,219555.0,209387.07275390625
2014-12-01,2014-11-01,constrained_level,cv,1,240368.0,227246.82602358542
2014-12-01,2014-11-01,forecast_flow_identity,cv,1,240368.0,228145.6099404762
2014-12-01,2014-11-01,neural_network_change,cv,1,240368.0,226090.89419350645
2014-12-01,2014-11-01,persistence,cv,1,240368.0,219555.0
2014-12-01,2014-11-01,polynomial_ridge_change,cv,1,240368.0,225870.3094433007
2014-12-01,2014-11-01,random_forest_change,cv,1,240368.0,227328.25243534218
2014-12-01,2014-11-01,ridge_change,cv,1,240368.0,226085.33732073125
2014-12-01,2014-11-01,seasonal_naive,cv,1,240368.0,228034.0
2014-12-01,2014-11-01,seasonal_ridge_change,cv,1,240368.0,227027.53869664742
2014-12-01,2014-11-01,selected_padd_models,cv,1,240368.0,226247.46097072557
2014-12-01,2014-11-01,spline_ridge_change,cv,1,240368.0,230872.1100735672
2014-12-01,2014-11-01,xgboost_change,cv,1,240368.0,228025.9150390625
2015-01-01,2014-12-01,constrained_level,cv,1,243977.0,243397.7356050518
2015-01-01,2014-12-01,forecast_flow_identity,cv,1,243977.0,250540.13494047621
2015-01-01,2014-12-01,neural_network_change,cv,1,243977.0,244355.17195190844
2015-01-01,2014-12-01,persistence,cv,1,243977.0,240368.0
2015-01-01,2014-12-01,polynomial_ridge_change,cv,1,243977.0,243854.3775943343
2015-01-01,2014-12-01,random_forest_change,cv,1,243977.0,245352.01052030694
2015-01-01,2014-12-01,ridge_change,cv,1,243977.0,242700.21136518696
2015-01-01,2014-12-01,seasonal_naive,cv,1,243977.0,235855.0
2015-01-01,2014-12-01,seasonal_ridge_change,cv,1,243977.0,244189.00867159094
2015-01-01,2014-12-01,selected_padd_models,cv,1,243977.0,243401.49019439053
2015-01-01,2014-12-01,spline_ridge_change,cv,1,243977.0,244406.69408155303
2015-01-01,2014-12-01,xgboost_change,cv,1,243977.0,244657.283203125
2015-02-01,2015-01-01,constrained_level,cv,1,241348.0,238233.7925700596
2015-02-01,2015-01-01,forecast_flow_identity,cv,1,241348.0,240180.1157638117
2015-02-01,2015-01-01,neural_network_change,cv,1,241348.0,241571.7315337725
2015-02-01,2015-01-01,persistence,cv,1,241348.0,243977.0
2015-02-01,2015-01-01,polynomial_ridge_change,cv,1,241348.0,242264.2149318841
2015-02-01,2015-01-01,random_forest_change,cv,1,241348.0,239049.12611011078
2015-02-01,2015-01-01,ridge_change,cv,1,241348.0,239958.6877508393
2015-02-01,2015-01-01,seasonal_naive,cv,1,241348.0,229499.0
2015-02-01,2015-01-01,seasonal_ridge_change,cv,1,241348.0,241394.3649723457
2015-02-01,2015-01-01,selected_padd_models,cv,1,241348.0,239481.7829756058
2015-02-01,2015-01-01,spline_ridge_change,cv,1,241348.0,239772.67415350213
2015-02-01,2015-01-01,xgboost_change,cv,1,241348.0,240914.576171875
2015-03-01,2015-02-01,constrained_level,cv,1,232931.0,229896.582338746
2015-03-01,2015-02-01,forecast_flow_identity,cv,1,232931.0,233020.98517241387
2015-03-01,2015-02-01,neural_network_change,cv,1,232931.0,233831.57844050543
2015-03-01,2015-02-01,persistence,cv,1,232931.0,241348.0
2015-03-01,2015-02-01,polynomial_ridge_change,cv,1,232931.0,231380.35418448885
2015-03-01,2015-02-01,random_forest_change,cv,1,232931.0,232368.5821701045
2015-03-01,2015-02-01,ridge_change,cv,1,232931.0,230793.27715424905
2015-03-01,2015-02-01,seasonal_naive,cv,1,232931.0,221612.0
2015-03-01,2015-02-01,seasonal_ridge_change,cv,1,232931.0,230858.829500034
2015-03-01,2015-02-01,selected_padd_models,cv,1,232931.0,233460.813144846
2015-03-01,2015-02-01,spline_ridge_change,cv,1,232931.0,229835.37791221513
2015-03-01,2015-02-01,xgboost_change,cv,1,232931.0,233206.791015625
2015-04-01,2015-03-01,constrained_level,cv,1,228581.0,226835.61214385275
2015-04-01,2015-03-01,forecast_flow_identity,cv,1,228581.0,227411.5308120134
2015-04-01,2015-03-01,neural_network_change,cv,1,228581.0,228445.7940994864
2015-04-01,2015-03-01,persistence,cv,1,228581.0,232931.0
2015-04-01,2015-03-01,polynomial_ridge_change,cv,1,228581.0,228032.10806752054
2015-04-01,2015-03-01,random_forest_change,cv,1,228581.0,226878.63454812742
2015-04-01,2015-03-01,ridge_change,cv,1,228581.0,227895.74957623088
2015-04-01,2015-03-01,seasonal_naive,cv,1,228581.0,216760.0
2015-04-01,2015-03-01,seasonal_ridge_change,cv,1,228581.0,227972.006561958
2015-04-01,2015-03-01,selected_padd_models,cv,1,228581.0,226731.8800341626
2015-04-01,2015-03-01,spline_ridge_change,cv,1,228581.0,228710.34762864927
2015-04-01,2015-03-01,xgboost_change,cv,1,228581.0,226750.7705078125
2015-05-01,2015-04-01,constrained_level,cv,1,222584.0,224022.04757538342
2015-05-01,2015-04-01,forecast_flow_identity,cv,1,222584.0,230385.74767241385
2015-05-01,2015-04-01,neural_network_change,cv,1,222584.0,222826.85982802304
2015-05-01,2015-04-01,persistence,cv,1,222584.0,228581.0
2015-05-01,2015-04-01,polynomial_ridge_change,cv,1,222584.0,224061.03913024222
2015-05-01,2015-04-01,random_forest_change,cv,1,222584.0,224213.41735439602
2015-05-01,2015-04-01,ridge_change,cv,1,222584.0,223248.43943935094
2015-05-01,2015-04-01,seasonal_naive,cv,1,222584.0,218152.0
2015-05-01,2015-04-01,seasonal_ridge_change,cv,1,222584.0,222150.5713977223
2015-05-01,2015-04-01,selected_padd_models,cv,1,222584.0,225003.2371893111
2015-05-01,2015-04-01,spline_ridge_change,cv,1,222584.0,227470.55043443575
2015-05-01,2015-04-01,xgboost_change,cv,1,222584.0,225620.21533203125
2015-06-01,2015-05-01,constrained_level,cv,1,221099.0,220741.89274907828
2015-06-01,2015-05-01,forecast_flow_identity,cv,1,221099.0,224694.0479679803
2015-06-01,2015-05-01,neural_network_change,cv,1,221099.0,219551.41620767576
2015-06-01,2015-05-01,persistence,cv,1,221099.0,222584.0
2015-06-01,2015-05-01,polynomial_ridge_change,cv,1,221099.0,219283.2726482459
2015-06-01,2015-05-01,random_forest_change,cv,1,221099.0,222081.56174648379
2015-06-01,2015-05-01,ridge_change,cv,1,221099.0,220589.84064463043
2015-06-01,2015-05-01,seasonal_naive,cv,1,221099.0,219252.0
2015-06-01,2015-05-01,seasonal_ridge_change,cv,1,221099.0,218774.07126544853
2015-06-01,2015-05-01,selected_padd_models,cv,1,221099.0,221363.7288970059
2015-06-01,2015-05-01,spline_ridge_change,cv,1,221099.0,220599.8601712112
2015-06-01,2015-05-01,xgboost_change,cv,1,221099.0,221658.9716796875
2015-07-01,2015-06-01,constrained_level,cv,2,217719.0,221839.0410343211
2015-07-01,2015-06-01,forecast_flow_identity,cv,2,217719.0,222238.51206691298
2015-07-01,2015-06-01,neural_network_change,cv,2,217719.0,218536.2057264211
2015-07-01,2015-06-01,persistence,cv,2,217719.0,221099.0
2015-07-01,2015-06-01,polynomial_ridge_change,cv,2,217719.0,219376.19326066642
2015-07-01,2015-06-01,random_forest_change,cv,2,217719.0,220219.9661891039
2015-07-01,2015-06-01,ridge_change,cv,2,217719.0,220682.35947965208
2015-07-01,2015-06-01,seasonal_naive,cv,2,217719.0,217561.0
2015-07-01,2015-06-01,seasonal_ridge_change,cv,2,217719.0,218390.80616308795
2015-07-01,2015-06-01,selected_padd_models,cv,2,217719.0,220005.7131714438
2015-07-01,2015-06-01,spline_ridge_change,cv,2,217719.0,219312.78748647126
2015-07-01,2015-06-01,xgboost_change,cv,2,217719.0,220684.9775390625
2015-08-01,2015-07-01,constrained_level,cv,2,218255.0,220175.53347902742
2015-08-01,2015-07-01,forecast_flow_identity,cv,2,218255.0,213826.86206691302
2015-08-01,2015-07-01,neural_network_change,cv,2,218255.0,217146.38280107582
2015-08-01,2015-07-01,persistence,cv,2,218255.0,217719.0
2015-08-01,2015-07-01,polynomial_ridge_change,cv,2,218255.0,213403.70799557026
2015-08-01,2015-07-01,random_forest_change,cv,2,218255.0,216137.2456247274
2015-08-01,2015-07-01,ridge_change,cv,2,218255.0,217260.9189674534
2015-08-01,2015-07-01,seasonal_naive,cv,2,218255.0,212145.0
2015-08-01,2015-07-01,seasonal_ridge_change,cv,2,218255.0,216332.36348723227
2015-08-01,2015-07-01,selected_padd_models,cv,2,218255.0,216483.42685402252
2015-08-01,2015-07-01,spline_ridge_change,cv,2,218255.0,214600.42665136274
2015-08-01,2015-07-01,xgboost_change,cv,2,218255.0,215582.6884765625
2015-09-01,2015-08-01,constrained_level,cv,2,225216.0,222968.3800761231
2015-09-01,2015-08-01,forecast_flow_identity,cv,2,225216.0,220514.36490346416
2015-09-01,2015-08-01,neural_network_change,cv,2,225216.0,220021.11841639408
2015-09-01,2015-08-01,persistence,cv,2,225216.0,218255.0
2015-09-01,2015-08-01,polynomial_ridge_change,cv,2,225216.0,217912.1779388329
2015-09-01,2015-08-01,random_forest_change,cv,2,225216.0,217618.02992406138
2015-09-01,2015-08-01,ridge_change,cv,2,225216.0,220003.85595814252
2015-09-01,2015-08-01,seasonal_naive,cv,2,225216.0,212451.0
2015-09-01,2015-08-01,seasonal_ridge_change,cv,2,225216.0,219839.8204349743
2015-09-01,2015-08-01,selected_padd_models,cv,2,225216.0,218075.9640510893
2015-09-01,2015-08-01,spline_ridge_change,cv,2,225216.0,216016.25385159423
2015-09-01,2015-08-01,xgboost_change,cv,2,225216.0,217536.296875
2015-10-01,2015-09-01,constrained_level,cv,2,217356.0,226608.59977754977
2015-10-01,2015-09-01,forecast_flow_identity,cv,2,217356.0,220588.5012335796
2015-10-01,2015-09-01,neural_network_change,cv,2,217356.0,223799.477785934
2015-10-01,2015-09-01,persistence,cv,2,217356.0,225216.0
2015-10-01,2015-09-01,polynomial_ridge_change,cv,2,217356.0,222701.1439918679
2015-10-01,2015-09-01,random_forest_change,cv,2,217356.0,222463.14082100854
2015-10-01,2015-09-01,ridge_change,cv,2,217356.0,223526.35416764396
2015-10-01,2015-09-01,seasonal_naive,cv,2,217356.0,203673.0
2015-10-01,2015-09-01,seasonal_ridge_change,cv,2,217356.0,223874.76899319026
2015-10-01,2015-09-01,selected_padd_models,cv,2,217356.0,221355.51347658676
2015-10-01,2015-09-01,spline_ridge_change,cv,2,217356.0,222169.46503270004
2015-10-01,2015-09-01,xgboost_change,cv,2,217356.0,222352.71923828125
2015-11-01,2015-10-01,constrained_level,cv,2,222937.0,217195.08791481555
2015-11-01,2015-10-01,forecast_flow_identity,cv,2,222937.0,227654.38829056095
2015-11-01,2015-10-01,neural_network_change,cv,2,222937.0,219533.12594154652
2015-11-01,2015-10-01,persistence,cv,2,222937.0,217356.0
2015-11-01,2015-10-01,polynomial_ridge_change,cv,2,222937.0,217812.49774887814
2015-11-01,2015-10-01,random_forest_change,cv,2,222937.0,223608.8515709386
2015-11-01,2015-10-01,ridge_change,cv,2,222937.0,216003.17408825713
2015-11-01,2015-10-01,seasonal_naive,cv,2,222937.0,219555.0
2015-11-01,2015-10-01,seasonal_ridge_change,cv,2,222937.0,219663.34593380208
2015-11-01,2015-10-01,selected_padd_models,cv,2,222937.0,222136.79556791074
2015-11-01,2015-10-01,spline_ridge_change,cv,2,222937.0,219560.86944435665
2015-11-01,2015-10-01,xgboost_change,cv,2,222937.0,221277.48193359375
2015-12-01,2015-11-01,constrained_level,cv,2,235465.0,226784.17747261663
2015-12-01,2015-11-01,forecast_flow_identity,cv,2,235465.0,234945.39040024634
2015-12-01,2015-11-01,neural_network_change,cv,2,235465.0,226528.59233262442
2015-12-01,2015-11-01,persistence,cv,2,235465.0,222937.0
2015-12-01,2015-11-01,polynomial_ridge_change,cv,2,235465.0,227690.74749089728
2015-12-01,2015-11-01,random_forest_change,cv,2,235465.0,230313.77305174983
2015-12-01,2015-11-01,ridge_change,cv,2,235465.0,226295.28811972614
2015-12-01,2015-11-01,seasonal_naive,cv,2,235465.0,240368.0
2015-12-01,2015-11-01,seasonal_ridge_change,cv,2,235465.0,226910.79065131984
2015-12-01,2015-11-01,selected_padd_models,cv,2,235465.0,230695.3813266049
2015-12-01,2015-11-01,spline_ridge_change,cv,2,235465.0,228452.37316243845
2015-12-01,2015-11-01,xgboost_change,cv,2,235465.0,230518.529296875
2016-01-01,2015-12-01,constrained_level,cv,2,261648.0,236253.63321338315
2016-01-01,2015-12-01,forecast_flow_identity,cv,2,261648.0,243789.16540024636
2016-01-01,2015-12-01,neural_network_change,cv,2,261648.0,238207.90579113306
2016-01-01,2015-12-01,persistence,cv,2,261648.0,235465.0
2016-01-01,2015-12-01,polynomial_ridge_change,cv,2,261648.0,237932.72698565712
2016-01-01,2015-12-01,random_forest_change,cv,2,261648.0,241552.90658241956
2016-01-01,2015-12-01,ridge_change,cv,2,261648.0,236227.9072477617
2016-01-01,2015-12-01,seasonal_naive,cv,2,261648.0,243977.0
2016-01-01,2015-12-01,seasonal_ridge_change,cv,2,261648.0,237797.9158656531
2016-01-01,2015-12-01,selected_padd_models,cv,2,261648.0,239969.4647084748
2016-01-01,2015-12-01,spline_ridge_change,cv,2,261648.0,237851.5587917364
2016-01-01,2015-12-01,xgboost_change,cv,2,261648.0,242572.1904296875
2016-02-01,2016-01-01,constrained_level,cv,2,256219.0,257566.76632451624
2016-02-01,2016-01-01,forecast_flow_identity,cv,2,256219.0,257715.788485023
2016-02-01,2016-01-01,neural_network_change,cv,2,256219.0,257975.03885416323
2016-02-01,2016-01-01,persistence,cv,2,256219.0,261648.0
2016-02-01,2016-01-01,polynomial_ridge_change,cv,2,256219.0,256437.15812328426
2016-02-01,2016-01-01,random_forest_change,cv,2,256219.0,256133.0518225591
2016-02-01,2016-01-01,ridge_change,cv,2,256219.0,257963.0811896469
2016-02-01,2016-01-01,seasonal_naive,cv,2,256219.0,241348.0
2016-02-01,2016-01-01,seasonal_ridge_change,cv,2,256219.0,257129.38025904793
2016-02-01,2016-01-01,selected_padd_models,cv,2,256219.0,254304.95349779405
2016-02-01,2016-01-01,spline_ridge_change,cv,2,256219.0,256195.7159536321
2016-02-01,2016-01-01,xgboost_change,cv,2,256219.0,257856.7529296875
2016-03-01,2016-02-01,constrained_level,cv,2,243716.0,242619.7998754889
2016-03-01,2016-02-01,forecast_flow_identity,cv,2,243716.0,248298.03239326767
2016-03-01,2016-02-01,neural_network_change,cv,2,243716.0,247121.6168427775
2016-03-01,2016-02-01,persistence,cv,2,243716.0,256219.0
2016-03-01,2016-02-01,polynomial_ridge_change,cv,2,243716.0,246284.22072916324
2016-03-01,2016-02-01,random_forest_change,cv,2,243716.0,249747.96724641137
2016-03-01,2016-02-01,ridge_change,cv,2,243716.0,246280.77385286512
2016-03-01,2016-02-01,seasonal_naive,cv,2,243716.0,232931.0
2016-03-01,2016-02-01,seasonal_ridge_change,cv,2,243716.0,245881.2727252571
2016-03-01,2016-02-01,selected_padd_models,cv,2,243716.0,247320.33454733796
2016-03-01,2016-02-01,spline_ridge_change,cv,2,243716.0,246939.45615680283
2016-03-01,2016-02-01,xgboost_change,cv,2,243716.0,251285.98876953125
2016-04-01,2016-03-01,constrained_level,cv,2,243479.0,235912.66314756448
2016-04-01,2016-03-01,forecast_flow_identity,cv,2,243479.0,237819.5668321945
2016-04-01,2016-03-01,neural_network_change,cv,2,243479.0,239719.0026816279
2016-04-01,2016-03-01,persistence,cv,2,243479.0,243716.0
2016-04-01,2016-03-01,polynomial_ridge_change,cv,2,243479.0,237597.75499706177
2016-04-01,2016-03-01,random_forest_change,cv,2,243479.0,239940.453208402
2016-04-01,2016-03-01,ridge_change,cv,2,243479.0,238945.45661607603
2016-04-01,2016-03-01,seasonal_naive,cv,2,243479.0,228581.0
2016-04-01,2016-03-01,seasonal_ridge_change,cv,2,243479.0,238686.179110807
2016-04-01,2016-03-01,selected_padd_models,cv,2,243479.0,237214.95079891526
2016-04-01,2016-03-01,spline_ridge_change,cv,2,243479.0,239209.36249402922
2016-04-01,2016-03-01,xgboost_change,cv,2,243479.0,239549.23828125
2016-05-01,2016-04-01,constrained_level,cv,2,243409.0,236318.20960794904
2016-05-01,2016-04-01,forecast_flow_identity,cv,2,243409.0,243920.86739326766
2016-05-01,2016-04-01,neural_network_change,cv,2,243409.0,237125.21342432906
2016-05-01,2016-04-01,persistence,cv,2,243409.0,243479.0
2016-05-01,2016-04-01,polynomial_ridge_change,cv,2,243409.0,237035.1020011694
2016-05-01,2016-04-01,random_forest_change,cv,2,243409.0,239008.95972290228
2016-05-01,2016-04-01,ridge_change,cv,2,243409.0,237604.8575926152
2016-05-01,2016-04-01,seasonal_naive,cv,2,243409.0,222584.0
2016-05-01,2016-04-01,seasonal_ridge_change,cv,2,243409.0,236082.9677226458
2016-05-01,2016-04-01,selected_padd_models,cv,2,243409.0,238068.0544466331
2016-05-01,2016-04-01,spline_ridge_change,cv,2,243409.0,239163.59597610665
2016-05-01,2016-04-01,xgboost_change,cv,2,243409.0,239373.767578125
2016-06-01,2016-05-01,constrained_level,cv,2,242662.0,238227.6103184649
2016-06-01,2016-05-01,forecast_flow_identity,cv,2,242662.0,245864.21844509777
2016-06-01,2016-05-01,neural_network_change,cv,2,242662.0,238292.15431319608
2016-06-01,2016-05-01,persistence,cv,2,242662.0,243409.0
2016-06-01,2016-05-01,polynomial_ridge_change,cv,2,242662.0,236962.1706276722
2016-06-01,2016-05-01,random_forest_change,cv,2,242662.0,239499.95317064453
2016-06-01,2016-05-01,ridge_change,cv,2,242662.0,238901.47015564004
2016-06-01,2016-05-01,seasonal_naive,cv,2,242662.0,221099.0
2016-06-01,2016-05-01,seasonal_ridge_change,cv,2,242662.0,236171.76773751384
2016-06-01,2016-05-01,selected_padd_models,cv,2,242662.0,238800.71931421699
2016-06-01,2016-05-01,spline_ridge_change,cv,2,242662.0,242541.54437025936
2016-06-01,2016-05-01,xgboost_change,cv,2,242662.0,239860.51318359375
2016-07-01,2016-06-01,constrained_level,cv,3,240932.0,238120.496267839
2016-07-01,2016-06-01,forecast_flow_identity,cv,3,240932.0,242767.858226601
2016-07-01,2016-06-01,neural_network_change,cv,3,240932.0,237721.13103970358
2016-07-01,2016-06-01,persistence,cv,3,240932.0,242662.0
2016-07-01,2016-06-01,polynomial_ridge_change,cv,3,240932.0,237021.11297885107
2016-07-01,2016-06-01,random_forest_change,cv,3,240932.0,239631.01890274728
2016-07-01,2016-06-01,ridge_change,cv,3,240932.0,238283.05041035928
2016-07-01,2016-06-01,seasonal_naive,cv,3,240932.0,217719.0
2016-07-01,2016-06-01,seasonal_ridge_change,cv,3,240932.0,235706.2324192967
2016-07-01,2016-06-01,selected_padd_models,cv,3,240932.0,238578.4678966078
2016-07-01,2016-06-01,spline_ridge_change,cv,3,240932.0,239702.44429720103
2016-07-01,2016-06-01,xgboost_change,cv,3,240932.0,239595.0986328125
2016-08-01,2016-07-01,constrained_level,cv,3,230411.0,238256.0248848957
2016-08-01,2016-07-01,forecast_flow_identity,cv,3,230411.0,237385.008226601
2016-08-01,2016-07-01,neural_network_change,cv,3,230411.0,237471.601659882
2016-08-01,2016-07-01,persistence,cv,3,230411.0,240932.0
2016-08-01,2016-07-01,polynomial_ridge_change,cv,3,230411.0,235007.4254706318
2016-08-01,2016-07-01,random_forest_change,cv,3,230411.0,238903.37884457668
2016-08-01,2016-07-01,ridge_change,cv,3,230411.0,237839.0795827953
2016-08-01,2016-07-01,seasonal_naive,cv,3,230411.0,218255.0
2016-08-01,2016-07-01,seasonal_ridge_change,cv,3,230411.0,235043.19977220224
2016-08-01,2016-07-01,selected_padd_models,cv,3,230411.0,237997.86423642273
2016-08-01,2016-07-01,spline_ridge_change,cv,3,230411.0,239517.15057845408
2016-08-01,2016-07-01,xgboost_change,cv,3,230411.0,237858.173828125
2016-09-01,2016-08-01,constrained_level,cv,3,227697.0,229565.56406649988
2016-09-01,2016-08-01,forecast_flow_identity,cv,3,227697.0,234037.48376767838
2016-09-01,2016-08-01,neural_network_change,cv,3,227697.0,230659.34974665742
2016-09-01,2016-08-01,persistence,cv,3,227697.0,230411.0
2016-09-01,2016-08-01,polynomial_ridge_change,cv,3,227697.0,228710.7858231608
2016-09-01,2016-08-01,random_forest_change,cv,3,227697.0,228768.91256421842
2016-09-01,2016-08-01,ridge_change,cv,3,227697.0,230592.00241141408
2016-09-01,2016-08-01,seasonal_naive,cv,3,227697.0,225216.0
2016-09-01,2016-08-01,seasonal_ridge_change,cv,3,227697.0,229459.2249625177
2016-09-01,2016-08-01,selected_padd_models,cv,3,227697.0,229539.42115528704
2016-09-01,2016-08-01,spline_ridge_change,cv,3,227697.0,230290.82476462112
2016-09-01,2016-08-01,xgboost_change,cv,3,227697.0,227985.70751953125
2016-10-01,2016-09-01,constrained_level,cv,3,225594.0,227496.8432402607
2016-10-01,2016-09-01,forecast_flow_identity,cv,3,225594.0,222649.58072660095
2016-10-01,2016-09-01,neural_network_change,cv,3,225594.0,226197.9429675845
2016-10-01,2016-09-01,persistence,cv,3,225594.0,227697.0
2016-10-01,2016-09-01,polynomial_ridge_change,cv,3,225594.0,226810.21968082985
2016-10-01,2016-09-01,random_forest_change,cv,3,225594.0,224335.06648129347
2016-10-01,2016-09-01,ridge_change,cv,3,225594.0,226089.94539585616
2016-10-01,2016-09-01,seasonal_naive,cv,3,225594.0,217356.0
2016-10-01,2016-09-01,seasonal_ridge_change,cv,3,225594.0,226191.70793557918
2016-10-01,2016-09-01,selected_padd_models,cv,3,225594.0,223593.9303670875
2016-10-01,2016-09-01,spline_ridge_change,cv,3,225594.0,226696.4924809244
2016-10-01,2016-09-01,xgboost_change,cv,3,225594.0,223721.21826171875
2016-11-01,2016-10-01,constrained_level,cv,3,233842.0,228648.30330054928
2016-11-01,2016-10-01,forecast_flow_identity,cv,3,233842.0,236171.17812251704
2016-11-01,2016-10-01,neural_network_change,cv,3,233842.0,229892.04847434023
2016-11-01,2016-10-01,persistence,cv,3,233842.0,225594.0
2016-11-01,2016-10-01,polynomial_ridge_change,cv,3,233842.0,229744.9217440737
2016-11-01,2016-10-01,random_forest_change,cv,3,233842.0,233780.98701396646
2016-11-01,2016-10-01,ridge_change,cv,3,233842.0,227966.13902415778
2016-11-01,2016-10-01,seasonal_naive,cv,3,233842.0,222937.0
2016-11-01,2016-10-01,seasonal_ridge_change,cv,3,233842.0,229955.4571367668
2016-11-01,2016-10-01,selected_padd_models,cv,3,233842.0,231104.13749424118
2016-11-01,2016-10-01,spline_ridge_change,cv,3,233842.0,231653.73731702942
2016-11-01,2016-10-01,xgboost_change,cv,3,233842.0,232022.45361328125
2016-12-01,2016-11-01,constrained_level,cv,3,238587.0,238669.38237540127
2016-12-01,2016-11-01,forecast_flow_identity,cv,3,238587.0,247374.723226601
2016-12-01,2016-11-01,neural_network_change,cv,3,238587.0,240808.67264267657
2016-12-01,2016-11-01,persistence,cv,3,238587.0,233842.0
2016-12-01,2016-11-01,polynomial_ridge_change,cv,3,238587.0,241849.7659033776
2016-12-01,2016-11-01,random_forest_change,cv,3,238587.0,242683.65997795615
2016-12-01,2016-11-01,ridge_change,cv,3,238587.0,238865.6840316035
2016-12-01,2016-11-01,seasonal_naive,cv,3,238587.0,235465.0
2016-12-01,2016-11-01,seasonal_ridge_change,cv,3,238587.0,240178.6780801948
2016-12-01,2016-11-01,selected_padd_models,cv,3,238587.0,241507.49112224235
2016-12-01,2016-11-01,spline_ridge_change,cv,3,238587.0,243235.62940282695
2016-12-01,2016-11-01,xgboost_change,cv,3,238587.0,240798.8232421875
2017-01-01,2016-12-01,constrained_level,cv,3,261109.0,243160.4909543441
2017-01-01,2016-12-01,forecast_flow_identity,cv,3,261109.0,248641.02322660096
2017-01-01,2016-12-01,neural_network_change,cv,3,261109.0,248555.95860993752
2017-01-01,2016-12-01,persistence,cv,3,261109.0,238587.0
2017-01-01,2016-12-01,polynomial_ridge_change,cv,3,261109.0,249795.51867901714
2017-01-01,2016-12-01,random_forest_change,cv,3,261109.0,248433.1223547724
2017-01-01,2016-12-01,ridge_change,cv,3,261109.0,247832.328944582
2017-01-01,2016-12-01,seasonal_naive,cv,3,261109.0,261648.0
2017-01-01,2016-12-01,seasonal_ridge_change,cv,3,261109.0,248372.3209036463
2017-01-01,2016-12-01,selected_padd_models,cv,3,261109.0,249001.18267182534
2017-01-01,2016-12-01,spline_ridge_change,cv,3,261109.0,251995.1666052186
2017-01-01,2016-12-01,xgboost_change,cv,3,261109.0,247195.76708984375
2017-02-01,2017-01-01,constrained_level,cv,3,253635.0,258107.17364386463
2017-02-01,2017-01-01,forecast_flow_identity,cv,3,253635.0,256454.8972654802
2017-02-01,2017-01-01,neural_network_change,cv,3,253635.0,262308.9875478884
2017-02-01,2017-01-01,persistence,cv,3,253635.0,261109.0
2017-02-01,2017-01-01,polynomial_ridge_change,cv,3,253635.0,261842.32791692024
2017-02-01,2017-01-01,random_forest_change,cv,3,253635.0,256247.6351921476
2017-02-01,2017-01-01,ridge_change,cv,3,253635.0,261035.0685191854
2017-02-01,2017-01-01,seasonal_naive,cv,3,253635.0,256219.0
2017-02-01,2017-01-01,seasonal_ridge_change,cv,3,253635.0,260236.78846122872
2017-02-01,2017-01-01,selected_padd_models,cv,3,253635.0,257781.64865396338
2017-02-01,2017-01-01,spline_ridge_change,cv,3,253635.0,269202.67781693535
2017-02-01,2017-01-01,xgboost_change,cv,3,253635.0,257893.12890625
2017-03-01,2017-02-01,constrained_level,cv,3,239558.0,241384.92082765876
2017-03-01,2017-02-01,forecast_flow_identity,cv,3,239558.0,245430.14465517245
2017-03-01,2017-02-01,neural_network_change,cv,3,239558.0,246517.04060536294
2017-03-01,2017-02-01,persistence,cv,3,239558.0,253635.0
2017-03-01,2017-02-01,polynomial_ridge_change,cv,3,239558.0,245511.46968387713
2017-03-01,2017-02-01,random_forest_change,cv,3,239558.0,245828.31064706753
2017-03-01,2017-02-01,ridge_change,cv,3,239558.0,245921.8793225132
2017-03-01,2017-02-01,seasonal_naive,cv,3,239558.0,243716.0
2017-03-01,2017-02-01,seasonal_ridge_change,cv,3,239558.0,243559.23639126908
2017-03-01,2017-02-01,selected_padd_models,cv,3,239558.0,246448.7897347468
2017-03-01,2017-02-01,spline_ridge_change,cv,3,239558.0,248754.15163362058
2017-03-01,2017-02-01,xgboost_change,cv,3,239558.0,247656.0244140625
2017-04-01,2017-03-01,constrained_level,cv,3,243511.0,235074.5927883675
2017-04-01,2017-03-01,forecast_flow_identity,cv,3,243511.0,235131.44160177975
2017-04-01,2017-03-01,neural_network_change,cv,3,243511.0,239095.91930566033
2017-04-01,2017-03-01,persistence,cv,3,243511.0,239558.0
2017-04-01,2017-03-01,polynomial_ridge_change,cv,3,243511.0,237462.35400202376
2017-04-01,2017-03-01,random_forest_change,cv,3,243511.0,237011.72906818727
2017-04-01,2017-03-01,ridge_change,cv,3,243511.0,239719.63927466373
2017-04-01,2017-03-01,seasonal_naive,cv,3,243511.0,243479.0
2017-04-01,2017-03-01,seasonal_ridge_change,cv,3,243511.0,239128.84924353854
2017-04-01,2017-03-01,selected_padd_models,cv,3,243511.0,239189.89089581184
2017-04-01,2017-03-01,spline_ridge_change,cv,3,243511.0,239676.60481526196
2017-04-01,2017-03-01,xgboost_change,cv,3,243511.0,237683.0322265625
2017-05-01,2017-04-01,constrained_level,cv,3,242484.0,239904.8111862068
2017-05-01,2017-04-01,forecast_flow_identity,cv,3,242484.0,241538.16715517244
2017-05-01,2017-04-01,neural_network_change,cv,3,242484.0,239629.13547319724
2017-05-01,2017-04-01,persistence,cv,3,242484.0,243511.0
2017-05-01,2017-04-01,polynomial_ridge_change,cv,3,242484.0,240375.93125487203
2017-05-01,2017-04-01,random_forest_change,cv,3,242484.0,239667.88335186715
2017-05-01,2017-04-01,ridge_change,cv,3,242484.0,242604.25679475558
2017-05-01,2017-04-01,seasonal_naive,cv,3,242484.0,243409.0
2017-05-01,2017-04-01,seasonal_ridge_change,cv,3,242484.0,239329.43018428472
2017-05-01,2017-04-01,selected_padd_models,cv,3,242484.0,240255.41362245523
2017-05-01,2017-04-01,spline_ridge_change,cv,3,242484.0,245282.0802861892
2017-05-01,2017-04-01,xgboost_change,cv,3,242484.0,241460.595703125
2017-06-01,2017-05-01,constrained_level,cv,3,238417.0,240102.85611200385
2017-06-01,2017-05-01,forecast_flow_identity,cv,3,238417.0,243144.16660177978
2017-06-01,2017-05-01,neural_network_change,cv,3,238417.0,240022.77229334676
2017-06-01,2017-05-01,persistence,cv,3,238417.0,242484.0
2017-06-01,2017-05-01,polynomial_ridge_change,cv,3,238417.0,238459.86169543382
2017-06-01,2017-05-01,random_forest_change,cv,3,238417.0,240235.32726507308
2017-06-01,2017-05-01,ridge_change,cv,3,238417.0,243029.12191042845
2017-06-01,2017-05-01,seasonal_naive,cv,3,238417.0,242662.0
2017-06-01,2017-05-01,seasonal_ridge_change,cv,3,238417.0,238582.06917354942
2017-06-01,2017-05-01,selected_padd_models,cv,3,238417.0,242794.1297250787
2017-06-01,2017-05-01,spline_ridge_change,cv,3,238417.0,250149.79444373917
2017-06-01,2017-05-01,xgboost_change,cv,3,238417.0,242667.9580078125
2017-07-01,2017-06-01,constrained_level,cv,4,232859.0,236639.384885314
2017-07-01,2017-06-01,forecast_flow_identity,cv,4,232859.0,236678.87632183914
2017-07-01,2017-06-01,neural_network_change,cv,4,232859.0,235947.0071656731
2017-07-01,2017-06-01,persistence,cv,4,232859.0,238417.0
2017-07-01,2017-06-01,polynomial_ridge_change,cv,4,232859.0,236121.10316417343
2017-07-01,2017-06-01,random_forest_change,cv,4,232859.0,236163.8128982565
2017-07-01,2017-06-01,ridge_change,cv,4,232859.0,239159.14912005668
2017-07-01,2017-06-01,seasonal_naive,cv,4,232859.0,240932.0
2017-07-01,2017-06-01,seasonal_ridge_change,cv,4,232859.0,234914.12411892076
2017-07-01,2017-06-01,selected_padd_models,cv,4,232859.0,236823.28855739435
2017-07-01,2017-06-01,spline_ridge_change,cv,4,232859.0,236947.41792331525
2017-07-01,2017-06-01,xgboost_change,cv,4,232859.0,237018.43505859375
2017-08-01,2017-07-01,constrained_level,cv,4,226788.0,234418.5345695051
2017-08-01,2017-07-01,forecast_flow_identity,cv,4,226788.0,226710.82632183912
2017-08-01,2017-07-01,neural_network_change,cv,4,226788.0,232031.88726642952
2017-08-01,2017-07-01,persistence,cv,4,226788.0,232859.0
2017-08-01,2017-07-01,polynomial_ridge_change,cv,4,226788.0,231260.54146033287
2017-08-01,2017-07-01,random_forest_change,cv,4,226788.0,230876.53924584144
2017-08-01,2017-07-01,ridge_change,cv,4,226788.0,235051.0766058209
2017-08-01,2017-07-01,seasonal_naive,cv,4,226788.0,230411.0
2017-08-01,2017-07-01,seasonal_ridge_change,cv,4,226788.0,231869.75246613822
2017-08-01,2017-07-01,selected_padd_models,cv,4,226788.0,231343.5016922095
2017-08-01,2017-07-01,spline_ridge_change,cv,4,226788.0,231431.36224552913
2017-08-01,2017-07-01,xgboost_change,cv,4,226788.0,231034.02685546875
2017-09-01,2017-08-01,constrained_level,cv,4,223204.0,230266.77207291353
2017-09-01,2017-08-01,forecast_flow_identity,cv,4,223204.0,227616.98353726367
2017-09-01,2017-08-01,neural_network_change,cv,4,223204.0,231420.54023258184
2017-09-01,2017-08-01,persistence,cv,4,223204.0,226788.0
2017-09-01,2017-08-01,polynomial_ridge_change,cv,4,223204.0,229175.08041823423
2017-09-01,2017-08-01,random_forest_change,cv,4,223204.0,226863.4684522091
2017-09-01,2017-08-01,ridge_change,cv,4,223204.0,231194.47656730312
2017-09-01,2017-08-01,seasonal_naive,cv,4,223204.0,227697.0
2017-09-01,2017-08-01,seasonal_ridge_change,cv,4,223204.0,231176.9335523941
2017-09-01,2017-08-01,selected_padd_models,cv,4,223204.0,229831.3449534094
2017-09-01,2017-08-01,spline_ridge_change,cv,4,223204.0,225697.27426193032
2017-09-01,2017-08-01,xgboost_change,cv,4,223204.0,226560.53662109375
2017-10-01,2017-09-01,constrained_level,cv,4,215896.0,226589.08345520534
2017-10-01,2017-09-01,forecast_flow_identity,cv,4,215896.0,217786.9396551724
2017-10-01,2017-09-01,neural_network_change,cv,4,215896.0,226409.79771404027
2017-10-01,2017-09-01,persistence,cv,4,215896.0,223204.0
2017-10-01,2017-09-01,polynomial_ridge_change,cv,4,215896.0,227997.36218326143
2017-10-01,2017-09-01,random_forest_change,cv,4,215896.0,221741.24834874648
2017-10-01,2017-09-01,ridge_change,cv,4,215896.0,227647.82571069372
2017-10-01,2017-09-01,seasonal_naive,cv,4,215896.0,225594.0
2017-10-01,2017-09-01,seasonal_ridge_change,cv,4,215896.0,226510.44473953574
2017-10-01,2017-09-01,selected_padd_models,cv,4,215896.0,224234.33750382622
2017-10-01,2017-09-01,spline_ridge_change,cv,4,215896.0,224371.74860153085
2017-10-01,2017-09-01,xgboost_change,cv,4,215896.0,222086.9697265625
2017-11-01,2017-10-01,constrained_level,cv,4,224918.0,222674.34571484834
2017-11-01,2017-10-01,forecast_flow_identity,cv,4,224918.0,224310.1916017798
2017-11-01,2017-10-01,neural_network_change,cv,4,224918.0,225896.65297409266
2017-11-01,2017-10-01,persistence,cv,4,224918.0,215896.0
2017-11-01,2017-10-01,polynomial_ridge_change,cv,4,224918.0,226652.84947789914
2017-11-01,2017-10-01,random_forest_change,cv,4,224918.0,225730.65977070492
2017-11-01,2017-10-01,ridge_change,cv,4,224918.0,222724.81449721806
2017-11-01,2017-10-01,seasonal_naive,cv,4,224918.0,233842.0
2017-11-01,2017-10-01,seasonal_ridge_change,cv,4,224918.0,225696.03438972947
2017-11-01,2017-10-01,selected_padd_models,cv,4,224918.0,226557.41660729935
2017-11-01,2017-10-01,spline_ridge_change,cv,4,224918.0,224691.87395532487
2017-11-01,2017-10-01,xgboost_change,cv,4,224918.0,224842.39306640625
2017-12-01,2017-11-01,constrained_level,cv,4,236816.0,237054.44671607463
2017-12-01,2017-11-01,forecast_flow_identity,cv,4,236816.0,237581.17215517245
2017-12-01,2017-11-01,neural_network_change,cv,4,236816.0,238314.76666812104
2017-12-01,2017-11-01,persistence,cv,4,236816.0,224918.0
2017-12-01,2017-11-01,polynomial_ridge_change,cv,4,236816.0,239382.252915814
2017-12-01,2017-11-01,random_forest_change,cv,4,236816.0,238017.85985987625
2017-12-01,2017-11-01,ridge_change,cv,4,236816.0,235259.38229866468
2017-12-01,2017-11-01,seasonal_naive,cv,4,236816.0,238587.0
2017-12-01,2017-11-01,seasonal_ridge_change,cv,4,236816.0,237735.20591680863
2017-12-01,2017-11-01,selected_padd_models,cv,4,236816.0,238500.04756516934
2017-12-01,2017-11-01,spline_ridge_change,cv,4,236816.0,239140.03695183544
2017-12-01,2017-11-01,xgboost_change,cv,4,236816.0,237630.59375
2018-01-01,2017-12-01,constrained_level,cv,4,248887.0,247039.46672809703
2018-01-01,2017-12-01,forecast_flow_identity,cv,4,248887.0,249381.4971551724
2018-01-01,2017-12-01,neural_network_change,cv,4,248887.0,252036.96981577872
2018-01-01,2017-12-01,persistence,cv,4,248887.0,236816.0
2018-01-01,2017-12-01,polynomial_ridge_change,cv,4,248887.0,250042.25454433175
2018-01-01,2017-12-01,random_forest_change,cv,4,248887.0,247737.31070770914
2018-01-01,2017-12-01,ridge_change,cv,4,248887.0,248448.87340317684
2018-01-01,2017-12-01,seasonal_naive,cv,4,248887.0,261109.0
2018-01-01,2017-12-01,seasonal_ridge_change,cv,4,248887.0,249416.4770670724
2018-01-01,2017-12-01,selected_padd_models,cv,4,248887.0,251032.95196611545
2018-01-01,2017-12-01,spline_ridge_change,cv,4,248887.0,246842.24601581588
2018-01-01,2017-12-01,xgboost_change,cv,4,248887.0,248338.0009765625
2018-02-01,2018-01-01,constrained_level,cv,4,253249.0,249024.4408272055
2018-02-01,2018-01-01,forecast_flow_identity,cv,4,253249.0,242204.10977753057
2018-02-01,2018-01-01,neural_network_change,cv,4,253249.0,251943.2815407018
2018-02-01,2018-01-01,persistence,cv,4,253249.0,248887.0
2018-02-01,2018-01-01,polynomial_ridge_change,cv,4,253249.0,251273.63406214217
2018-02-01,2018-01-01,random_forest_change,cv,4,253249.0,243565.68329861807
2018-02-01,2018-01-01,ridge_change,cv,4,253249.0,249943.37487200616
2018-02-01,2018-01-01,seasonal_naive,cv,4,253249.0,253635.0
2018-02-01,2018-01-01,seasonal_ridge_change,cv,4,253249.0,250534.6276422177
2018-02-01,2018-01-01,selected_padd_models,cv,4,253249.0,247539.61819258856
2018-02-01,2018-01-01,spline_ridge_change,cv,4,253249.0,246691.873680413
2018-02-01,2018-01-01,xgboost_change,cv,4,253249.0,245463.3486328125
2018-03-01,2018-02-01,constrained_level,cv,4,239670.0,242301.46715488643
2018-03-01,2018-02-01,forecast_flow_identity,cv,4,239670.0,243777.51285714284
2018-03-01,2018-02-01,neural_network_change,cv,4,239670.0,243703.57786593493
2018-03-01,2018-02-01,persistence,cv,4,239670.0,253249.0
2018-03-01,2018-02-01,polynomial_ridge_change,cv,4,239670.0,243357.38566619184
2018-03-01,2018-02-01,random_forest_change,cv,4,239670.0,243089.00940349876
2018-03-01,2018-02-01,ridge_change,cv,4,239670.0,243108.00147379024
2018-03-01,2018-02-01,seasonal_naive,cv,4,239670.0,239558.0
2018-03-01,2018-02-01,seasonal_ridge_change,cv,4,239670.0,242708.56671633373
2018-03-01,2018-02-01,selected_padd_models,cv,4,239670.0,240479.58712864388
2018-03-01,2018-02-01,spline_ridge_change,cv,4,239670.0,241723.67678417242
2018-03-01,2018-02-01,xgboost_change,cv,4,239670.0,244689.00048828125
2018-04-01,2018-03-01,constrained_level,cv,4,240145.0,236810.62213589533
2018-04-01,2018-03-01,forecast_flow_identity,cv,4,240145.0,237594.09158986175
2018-04-01,2018-03-01,neural_network_change,cv,4,240145.0,241757.6888115134
2018-04-01,2018-03-01,persistence,cv,4,240145.0,239670.0
2018-04-01,2018-03-01,polynomial_ridge_change,cv,4,240145.0,240514.77286371167
2018-04-01,2018-03-01,random_forest_change,cv,4,240145.0,236355.13347088918
2018-04-01,2018-03-01,ridge_change,cv,4,240145.0,240305.06858389793
2018-04-01,2018-03-01,seasonal_naive,cv,4,240145.0,243511.0
2018-04-01,2018-03-01,seasonal_ridge_change,cv,4,240145.0,240527.6753189719
2018-04-01,2018-03-01,selected_padd_models,cv,4,240145.0,239598.29010728034
2018-04-01,2018-03-01,spline_ridge_change,cv,4,240145.0,240227.8412402267
2018-04-01,2018-03-01,xgboost_change,cv,4,240145.0,238579.611328125
2018-05-01,2018-04-01,constrained_level,cv,4,242887.0,240274.11546406633
2018-05-01,2018-04-01,forecast_flow_identity,cv,4,242887.0,238892.57202380954
2018-05-01,2018-04-01,neural_network_change,cv,4,242887.0,238137.2813872472
2018-05-01,2018-04-01,persistence,cv,4,242887.0,240145.0
2018-05-01,2018-04-01,polynomial_ridge_change,cv,4,242887.0,239584.45516163576
2018-05-01,2018-04-01,random_forest_change,cv,4,242887.0,236902.7971591811
2018-05-01,2018-04-01,ridge_change,cv,4,242887.0,242028.76756119955
2018-05-01,2018-04-01,seasonal_naive,cv,4,242887.0,242484.0
2018-05-01,2018-04-01,seasonal_ridge_change,cv,4,242887.0,239130.79676634594
2018-05-01,2018-04-01,selected_padd_models,cv,4,242887.0,237197.39221863798
2018-05-01,2018-04-01,spline_ridge_change,cv,4,242887.0,241149.14453516324
2018-05-01,2018-04-01,xgboost_change,cv,4,242887.0,237572.6982421875
2018-06-01,2018-05-01,constrained_level,cv,4,240716.0,241214.23196654732
2018-06-01,2018-05-01,forecast_flow_identity,cv,4,240716.0,242535.51163594465
2018-06-01,2018-05-01,neural_network_change,cv,4,240716.0,239900.02317642825
2018-06-01,2018-05-01,persistence,cv,4,240716.0,242887.0
2018-06-01,2018-05-01,polynomial_ridge_change,cv,4,240716.0,239913.22459890845
2018-06-01,2018-05-01,random_forest_change,cv,4,240716.0,239398.31098312105
2018-06-01,2018-05-01,ridge_change,cv,4,240716.0,242377.245320769
2018-06-01,2018-05-01,seasonal_naive,cv,4,240716.0,238417.0
2018-06-01,2018-05-01,seasonal_ridge_change,cv,4,240716.0,239690.02974601917
2018-06-01,2018-05-01,selected_padd_models,cv,4,240716.0,241612.40797480798
2018-06-01,2018-05-01,spline_ridge_change,cv,4,240716.0,243773.69174462516
2018-06-01,2018-05-01,xgboost_change,cv,4,240716.0,240820.4814453125
2018-07-01,2018-06-01,constrained_level,cv,5,234293.0,236978.32824463825
2018-07-01,2018-06-01,forecast_flow_identity,cv,5,234293.0,238106.56952380954
2018-07-01,2018-06-01,neural_network_change,cv,5,234293.0,235326.59178997204
2018-07-01,2018-06-01,persistence,cv,5,234293.0,240716.0
2018-07-01,2018-06-01,polynomial_ridge_change,cv,5,234293.0,235169.94535531133
2018-07-01,2018-06-01,random_forest_change,cv,5,234293.0,236703.430045104
2018-07-01,2018-06-01,ridge_change,cv,5,234293.0,237981.96193864598
2018-07-01,2018-06-01,seasonal_naive,cv,5,234293.0,232859.0
2018-07-01,2018-06-01,seasonal_ridge_change,cv,5,234293.0,234923.89340025786
2018-07-01,2018-06-01,selected_padd_models,cv,5,234293.0,235420.26640508615
2018-07-01,2018-06-01,spline_ridge_change,cv,5,234293.0,236784.81875359843
2018-07-01,2018-06-01,xgboost_change,cv,5,234293.0,236183.1708984375
2018-08-01,2018-07-01,constrained_level,cv,5,236302.0,234270.99559494478
2018-08-01,2018-07-01,forecast_flow_identity,cv,5,236302.0,229057.54964285716
2018-08-01,2018-07-01,neural_network_change,cv,5,236302.0,231821.45967594726
2018-08-01,2018-07-01,persistence,cv,5,236302.0,234293.0
2018-08-01,2018-07-01,polynomial_ridge_change,cv,5,236302.0,231781.60447204218
2018-08-01,2018-07-01,random_forest_change,cv,5,236302.0,231109.9742855172
2018-08-01,2018-07-01,ridge_change,cv,5,236302.0,234129.33144032492
2018-08-01,2018-07-01,seasonal_naive,cv,5,236302.0,226788.0
2018-08-01,2018-07-01,seasonal_ridge_change,cv,5,236302.0,232259.67475455438
2018-08-01,2018-07-01,selected_padd_models,cv,5,236302.0,230580.22527030055
2018-08-01,2018-07-01,spline_ridge_change,cv,5,236302.0,230997.43571379548
2018-08-01,2018-07-01,xgboost_change,cv,5,236302.0,230570.43798828125
2018-09-01,2018-08-01,constrained_level,cv,5,239970.0,237340.3993140035
2018-09-01,2018-08-01,forecast_flow_identity,cv,5,239970.0,237465.0237327189
2018-09-01,2018-08-01,neural_network_change,cv,5,239970.0,235382.66045678782
2018-09-01,2018-08-01,persistence,cv,5,239970.0,236302.0
2018-09-01,2018-08-01,polynomial_ridge_change,cv,5,239970.0,234893.62103805225
2018-09-01,2018-08-01,random_forest_change,cv,5,239970.0,232619.13253162947
2018-09-01,2018-08-01,ridge_change,cv,5,239970.0,236270.72825875643
2018-09-01,2018-08-01,seasonal_naive,cv,5,239970.0,223204.0
2018-09-01,2018-08-01,seasonal_ridge_change,cv,5,239970.0,235395.4474972171
2018-09-01,2018-08-01,selected_padd_models,cv,5,239970.0,233569.9781515938
2018-09-01,2018-08-01,spline_ridge_change,cv,5,239970.0,233567.8946965191
2018-09-01,2018-08-01,xgboost_change,cv,5,239970.0,231241.30419921875
2018-10-01,2018-09-01,constrained_level,cv,5,232672.0,239303.5390292489
2018-10-01,2018-09-01,forecast_flow_identity,cv,5,232672.0,234424.7945238095
2018-10-01,2018-09-01,neural_network_change,cv,5,232672.0,235658.48920801116
2018-10-01,2018-09-01,persistence,cv,5,232672.0,239970.0
2018-10-01,2018-09-01,polynomial_ridge_change,cv,5,232672.0,237490.586095818
2018-10-01,2018-09-01,random_forest_change,cv,5,232672.0,235873.45692159858
2018-10-01,2018-09-01,ridge_change,cv,5,232672.0,235095.01193914106
2018-10-01,2018-09-01,seasonal_naive,cv,5,232672.0,215896.0
2018-10-01,2018-09-01,seasonal_ridge_change,cv,5,232672.0,235207.67691110118
2018-10-01,2018-09-01,selected_padd_models,cv,5,232672.0,234281.82141397815
2018-10-01,2018-09-01,spline_ridge_change,cv,5,232672.0,236638.3202853871
2018-10-01,2018-09-01,xgboost_change,cv,5,232672.0,234770.7744140625
2018-11-01,2018-10-01,constrained_level,cv,5,230236.0,233939.03076017942
2018-11-01,2018-10-01,forecast_flow_identity,cv,5,230236.0,241789.58018433175
2018-11-01,2018-10-01,neural_network_change,cv,5,230236.0,234470.85862369894
2018-11-01,2018-10-01,persistence,cv,5,230236.0,232672.0
2018-11-01,2018-10-01,polynomial_ridge_change,cv,5,230236.0,238360.2850406305
2018-11-01,2018-10-01,random_forest_change,cv,5,230236.0,240286.3857834155
2018-11-01,2018-10-01,ridge_change,cv,5,230236.0,231274.4927518734
2018-11-01,2018-10-01,seasonal_naive,cv,5,230236.0,224918.0
2018-11-01,2018-10-01,seasonal_ridge_change,cv,5,230236.0,233971.28867146
2018-11-01,2018-10-01,selected_padd_models,cv,5,230236.0,236423.1936052131
2018-11-01,2018-10-01,spline_ridge_change,cv,5,230236.0,239021.4462715804
2018-11-01,2018-10-01,xgboost_change,cv,5,230236.0,237121.5654296875
2018-12-01,2018-11-01,constrained_level,cv,5,246500.0,234431.7362955635
2018-12-01,2018-11-01,forecast_flow_identity,cv,5,246500.0,242314.29535714292
2018-12-01,2018-11-01,neural_network_change,cv,5,246500.0,235747.81092909208
2018-12-01,2018-11-01,persistence,cv,5,246500.0,230236.0
2018-12-01,2018-11-01,polynomial_ridge_change,cv,5,246500.0,234727.76807432386
2018-12-01,2018-11-01,random_forest_change,cv,5,246500.0,240411.80621233693
2018-12-01,2018-11-01,ridge_change,cv,5,246500.0,232288.22856355147
2018-12-01,2018-11-01,seasonal_naive,cv,5,246500.0,236816.0
2018-12-01,2018-11-01,seasonal_ridge_change,cv,5,246500.0,234859.60092392287
2018-12-01,2018-11-01,selected_padd_models,cv,5,246500.0,238508.9169243239
2018-12-01,2018-11-01,spline_ridge_change,cv,5,246500.0,238614.85398954418
2018-12-01,2018-11-01,xgboost_change,cv,5,246500.0,239533.57568359375
2019-01-01,2018-12-01,constrained_level,cv,5,262366.0,252272.67192605848
2019-01-01,2018-12-01,forecast_flow_identity,cv,5,262366.0,260908.92035714284
2019-01-01,2018-12-01,neural_network_change,cv,5,262366.0,256355.96275505438
2019-01-01,2018-12-01,persistence,cv,5,262366.0,246500.0
2019-01-01,2018-12-01,polynomial_ridge_change,cv,5,262366.0,255595.9564133221
2019-01-01,2018-12-01,random_forest_change,cv,5,262366.0,257536.12048217247
2019-01-01,2018-12-01,ridge_change,cv,5,262366.0,251625.18028876692
2019-01-01,2018-12-01,seasonal_naive,cv,5,262366.0,248887.0
2019-01-01,2018-12-01,seasonal_ridge_change,cv,5,262366.0,253695.43204536714
2019-01-01,2018-12-01,selected_padd_models,cv,5,262366.0,253705.5460902373
2019-01-01,2018-12-01,spline_ridge_change,cv,5,262366.0,258316.02660497001
2019-01-01,2018-12-01,xgboost_change,cv,5,262366.0,255108.8134765625
2019-02-01,2019-01-01,constrained_level,cv,5,252058.0,258947.02295918897
2019-02-01,2019-01-01,forecast_flow_identity,cv,5,252058.0,258483.6470634038
2019-02-01,2019-01-01,neural_network_change,cv,5,252058.0,263839.7104329968
2019-02-01,2019-01-01,persistence,cv,5,252058.0,262366.0
2019-02-01,2019-01-01,polynomial_ridge_change,cv,5,252058.0,264122.5820539756
2019-02-01,2019-01-01,random_forest_change,cv,5,252058.0,259049.30599487812
2019-02-01,2019-01-01,ridge_change,cv,5,252058.0,261548.8012644307
2019-02-01,2019-01-01,seasonal_naive,cv,5,252058.0,253249.0
2019-02-01,2019-01-01,seasonal_ridge_change,cv,5,252058.0,262437.8294682785
2019-02-01,2019-01-01,selected_padd_models,cv,5,252058.0,259491.68246238603
2019-02-01,2019-01-01,spline_ridge_change,cv,5,252058.0,262508.03916318435
2019-02-01,2019-01-01,xgboost_change,cv,5,252058.0,260624.37255859375
2019-03-01,2019-02-01,constrained_level,cv,5,236555.0,237914.53395718714
2019-03-01,2019-02-01,forecast_flow_identity,cv,5,236555.0,239689.60927339905
2019-03-01,2019-02-01,neural_network_change,cv,5,236555.0,239886.66160663046
2019-03-01,2019-02-01,persistence,cv,5,236555.0,252058.0
2019-03-01,2019-02-01,polynomial_ridge_change,cv,5,236555.0,239541.10508054175
2019-03-01,2019-02-01,random_forest_change,cv,5,236555.0,242145.09822594328
2019-03-01,2019-02-01,ridge_change,cv,5,236555.0,239944.98943631034
2019-03-01,2019-02-01,seasonal_naive,cv,5,236555.0,239670.0
2019-03-01,2019-02-01,seasonal_ridge_change,cv,5,236555.0,238930.3358368138
2019-03-01,2019-02-01,selected_padd_models,cv,5,236555.0,240711.0857601004
2019-03-01,2019-02-01,spline_ridge_change,cv,5,236555.0,244531.02493712713
2019-03-01,2019-02-01,xgboost_change,cv,5,236555.0,242310.6015625
2019-04-01,2019-03-01,constrained_level,cv,5,230869.0,232245.051589792
2019-04-01,2019-03-01,forecast_flow_identity,cv,5,230869.0,234555.04929683774
2019-04-01,2019-03-01,neural_network_change,cv,5,230869.0,239751.147036418
2019-04-01,2019-03-01,persistence,cv,5,230869.0,236555.0
2019-04-01,2019-03-01,polynomial_ridge_change,cv,5,230869.0,237739.4167434251
2019-04-01,2019-03-01,random_forest_change,cv,5,230869.0,233464.94207220426
2019-04-01,2019-03-01,ridge_change,cv,5,230869.0,236187.47699364295
2019-04-01,2019-03-01,seasonal_naive,cv,5,230869.0,240145.0
2019-04-01,2019-03-01,seasonal_ridge_change,cv,5,230869.0,239295.63268795688
2019-04-01,2019-03-01,selected_padd_models,cv,5,230869.0,234932.0909400388
2019-04-01,2019-03-01,spline_ridge_change,cv,5,230869.0,233729.9000003797
2019-04-01,2019-03-01,xgboost_change,cv,5,230869.0,233494.82275390625
2019-05-01,2019-04-01,constrained_level,cv,5,235830.0,227607.0109131371
2019-05-01,2019-04-01,forecast_flow_identity,cv,5,235830.0,228704.3509400657
2019-05-01,2019-04-01,neural_network_change,cv,5,235830.0,230496.65351837224
2019-05-01,2019-04-01,persistence,cv,5,235830.0,230869.0
2019-05-01,2019-04-01,polynomial_ridge_change,cv,5,235830.0,230884.6016328703
2019-05-01,2019-04-01,random_forest_change,cv,5,235830.0,229568.82999445085
2019-05-01,2019-04-01,ridge_change,cv,5,235830.0,230505.88550390437
2019-05-01,2019-04-01,seasonal_naive,cv,5,235830.0,242887.0
2019-05-01,2019-04-01,seasonal_ridge_change,cv,5,235830.0,230681.57601550667
2019-05-01,2019-04-01,selected_padd_models,cv,5,235830.0,230448.85095976322
2019-05-01,2019-04-01,spline_ridge_change,cv,5,235830.0,229320.26134738603
2019-05-01,2019-04-01,xgboost_change,cv,5,235830.0,231979.3115234375
2019-06-01,2019-05-01,constrained_level,cv,5,229914.0,234476.0178598044
2019-06-01,2019-05-01,forecast_flow_identity,cv,5,229914.0,233247.81542586995
2019-06-01,2019-05-01,neural_network_change,cv,5,229914.0,237843.56942264742
2019-06-01,2019-05-01,persistence,cv,5,229914.0,235830.0
2019-06-01,2019-05-01,polynomial_ridge_change,cv,5,229914.0,237237.4752334811
2019-06-01,2019-05-01,random_forest_change,cv,5,229914.0,234626.71050999028
2019-06-01,2019-05-01,ridge_change,cv,5,229914.0,236562.2630542825
2019-06-01,2019-05-01,seasonal_naive,cv,5,229914.0,240716.0
2019-06-01,2019-05-01,seasonal_ridge_change,cv,5,229914.0,236557.75614702387
2019-06-01,2019-05-01,selected_padd_models,cv,5,229914.0,233752.67459438555
2019-06-01,2019-05-01,spline_ridge_change,cv,5,229914.0,231656.86155586733
2019-06-01,2019-05-01,xgboost_change,cv,5,229914.0,236880.1669921875
2019-07-01,2019-06-01,constrained_level,cv,6,235434.0,228029.01385717664
2019-07-01,2019-06-01,forecast_flow_identity,cv,6,235434.0,224892.28293308706
2019-07-01,2019-06-01,neural_network_change,cv,6,235434.0,225587.54832387256
2019-07-01,2019-06-01,persistence,cv,6,235434.0,229914.0
2019-07-01,2019-06-01,polynomial_ridge_change,cv,6,235434.0,224664.5796007229
2019-07-01,2019-06-01,random_forest_change,cv,6,235434.0,227239.21246642614
2019-07-01,2019-06-01,ridge_change,cv,6,235434.0,229670.75412431863
2019-07-01,2019-06-01,seasonal_naive,cv,6,235434.0,234293.0
2019-07-01,2019-06-01,seasonal_ridge_change,cv,6,235434.0,225367.17836977338
2019-07-01,2019-06-01,selected_padd_models,cv,6,235434.0,227866.1899815337
2019-07-01,2019-06-01,spline_ridge_change,cv,6,235434.0,229875.9519261757
2019-07-01,2019-06-01,xgboost_change,cv,6,235434.0,229020.84228515625
2019-08-01,2019-07-01,constrained_level,cv,6,230362.0,236419.49612926407
2019-08-01,2019-07-01,forecast_flow_identity,cv,6,230362.0,230818.63870894915
2019-08-01,2019-07-01,neural_network_change,cv,6,230362.0,233999.57024313314
2019-08-01,2019-07-01,persistence,cv,6,230362.0,235434.0
2019-08-01,2019-07-01,polynomial_ridge_change,cv,6,230362.0,231614.6603943525
2019-08-01,2019-07-01,random_forest_change,cv,6,230362.0,231912.68849443857
2019-08-01,2019-07-01,ridge_change,cv,6,230362.0,237195.9635978078
2019-08-01,2019-07-01,seasonal_naive,cv,6,230362.0,236302.0
2019-08-01,2019-07-01,seasonal_ridge_change,cv,6,230362.0,234007.9408691445
2019-08-01,2019-07-01,selected_padd_models,cv,6,230362.0,233839.3697995043
2019-08-01,2019-07-01,spline_ridge_change,cv,6,230362.0,233501.24330851986
2019-08-01,2019-07-01,xgboost_change,cv,6,230362.0,233756.041015625
2019-09-01,2019-08-01,constrained_level,cv,6,232043.0,233110.3377206496
2019-09-01,2019-08-01,forecast_flow_identity,cv,6,232043.0,230582.29440251074
2019-09-01,2019-08-01,neural_network_change,cv,6,232043.0,233950.1398131052
2019-09-01,2019-08-01,persistence,cv,6,232043.0,230362.0
2019-09-01,2019-08-01,polynomial_ridge_change,cv,6,232043.0,230751.2612077178
2019-09-01,2019-08-01,random_forest_change,cv,6,232043.0,229242.61112070174
2019-09-01,2019-08-01,ridge_change,cv,6,232043.0,235018.94470449397
2019-09-01,2019-08-01,seasonal_naive,cv,6,232043.0,239970.0
2019-09-01,2019-08-01,seasonal_ridge_change,cv,6,232043.0,233427.57268277043
2019-09-01,2019-08-01,selected_padd_models,cv,6,232043.0,231800.70143515398
2019-09-01,2019-08-01,spline_ridge_change,cv,6,232043.0,230707.91195183445
2019-09-01,2019-08-01,xgboost_change,cv,6,232043.0,229451.34423828125
2019-10-01,2019-09-01,constrained_level,cv,6,224473.0,231199.97112495062
2019-10-01,2019-09-01,forecast_flow_identity,cv,6,224473.0,224634.30927339903
2019-10-01,2019-09-01,neural_network_change,cv,6,224473.0,227103.1133738241
2019-10-01,2019-09-01,persistence,cv,6,224473.0,232043.0
2019-10-01,2019-09-01,polynomial_ridge_change,cv,6,224473.0,228121.2915473748
2019-10-01,2019-09-01,random_forest_change,cv,6,224473.0,228457.6527434547
2019-10-01,2019-09-01,ridge_change,cv,6,224473.0,230283.48562479383
2019-10-01,2019-09-01,seasonal_naive,cv,6,224473.0,232672.0
2019-10-01,2019-09-01,seasonal_ridge_change,cv,6,224473.0,228014.9093204738
2019-10-01,2019-09-01,selected_padd_models,cv,6,224473.0,228476.6158351042
2019-10-01,2019-09-01,spline_ridge_change,cv,6,224473.0,228834.72508908238
2019-10-01,2019-09-01,xgboost_change,cv,6,224473.0,225774.39306640625
2019-11-01,2019-10-01,constrained_level,cv,6,233691.0,226847.7446885222
2019-11-01,2019-10-01,forecast_flow_identity,cv,6,233691.0,230821.450909741
2019-11-01,2019-10-01,neural_network_change,cv,6,233691.0,228724.46998577332
2019-11-01,2019-10-01,persistence,cv,6,233691.0,224473.0
2019-11-01,2019-10-01,polynomial_ridge_change,cv,6,233691.0,227146.64878677818
2019-11-01,2019-10-01,random_forest_change,cv,6,233691.0,231455.794616871
2019-11-01,2019-10-01,ridge_change,cv,6,233691.0,226055.1410823851
2019-11-01,2019-10-01,seasonal_naive,cv,6,233691.0,230236.0
2019-11-01,2019-10-01,seasonal_ridge_change,cv,6,233691.0,228215.52827693278
2019-11-01,2019-10-01,selected_padd_models,cv,6,233691.0,230470.4475500026
2019-11-01,2019-10-01,spline_ridge_change,cv,6,233691.0,230743.9230799341
2019-11-01,2019-10-01,xgboost_change,cv,6,233691.0,229440.97607421875
2019-12-01,2019-11-01,constrained_level,cv,6,254100.0,240174.03149051836
2019-12-01,2019-11-01,forecast_flow_identity,cv,6,254100.0,246768.42760673238
2019-12-01,2019-11-01,neural_network_change,cv,6,254100.0,242334.7304803845
2019-12-01,2019-11-01,persistence,cv,6,254100.0,233691.0
2019-12-01,2019-11-01,polynomial_ridge_change,cv,6,254100.0,241014.3275408511
2019-12-01,2019-11-01,random_forest_change,cv,6,254100.0,243509.28190498828
2019-12-01,2019-11-01,ridge_change,cv,6,254100.0,240184.73701840662
2019-12-01,2019-11-01,seasonal_naive,cv,6,254100.0,246500.0
2019-12-01,2019-11-01,seasonal_ridge_change,cv,6,254100.0,241097.29392009173
2019-12-01,2019-11-01,selected_padd_models,cv,6,254100.0,242982.6396621823
2019-12-01,2019-11-01,spline_ridge_change,cv,6,254100.0,242857.15131011145
2019-12-01,2019-11-01,xgboost_change,cv,6,254100.0,241620.2685546875
2020-01-01,2019-12-01,constrained_level,cv,6,265711.0,255386.60611665473
2020-01-01,2019-12-01,forecast_flow_identity,cv,6,265711.0,270903.22760673234
2020-01-01,2019-12-01,neural_network_change,cv,6,265711.0,258055.82552039676
2020-01-01,2019-12-01,persistence,cv,6,265711.0,254100.0
2020-01-01,2019-12-01,polynomial_ridge_change,cv,6,265711.0,257497.06911767228
2020-01-01,2019-12-01,random_forest_change,cv,6,265711.0,263010.23881509755
2020-01-01,2019-12-01,ridge_change,cv,6,265711.0,256896.48678887662
2020-01-01,2019-12-01,seasonal_naive,cv,6,265711.0,262366.0
2020-01-01,2019-12-01,seasonal_ridge_change,cv,6,265711.0,256426.53135971093
2020-01-01,2019-12-01,selected_padd_models,cv,6,265711.0,260295.5729950663
2020-01-01,2019-12-01,spline_ridge_change,cv,6,265711.0,260528.910971926
2020-01-01,2019-12-01,xgboost_change,cv,6,265711.0,262693.38671875
2020-02-01,2020-01-01,constrained_level,cv,6,253091.0,256943.6050103335
2020-02-01,2020-01-01,forecast_flow_identity,cv,6,253091.0,260923.62288018438
2020-02-01,2020-01-01,neural_network_change,cv,6,253091.0,261210.6164582264
2020-02-01,2020-01-01,persistence,cv,6,253091.0,265711.0
2020-02-01,2020-01-01,polynomial_ridge_change,cv,6,253091.0,260396.53070446113
2020-02-01,2020-01-01,random_forest_change,cv,6,253091.0,259286.16845020567
2020-02-01,2020-01-01,ridge_change,cv,6,253091.0,259337.5768980884
2020-02-01,2020-01-01,seasonal_naive,cv,6,253091.0,252058.0
2020-02-01,2020-01-01,seasonal_ridge_change,cv,6,253091.0,259768.38746793076
2020-02-01,2020-01-01,selected_padd_models,cv,6,253091.0,256480.41122683726
2020-02-01,2020-01-01,spline_ridge_change,cv,6,253091.0,260132.4431765083
2020-02-01,2020-01-01,xgboost_change,cv,6,253091.0,260626.1494140625
2020-03-01,2020-02-01,constrained_level,cv,6,261823.0,240952.58129726426
2020-03-01,2020-02-01,forecast_flow_identity,cv,6,261823.0,239569.57976190478
2020-03-01,2020-02-01,neural_network_change,cv,6,261823.0,245209.03893638036
2020-03-01,2020-02-01,persistence,cv,6,261823.0,253091.0
2020-03-01,2020-02-01,polynomial_ridge_change,cv,6,261823.0,245750.5290878418
2020-03-01,2020-02-01,random_forest_change,cv,6,261823.0,244519.97371883094
2020-03-01,2020-02-01,ridge_change,cv,6,261823.0,244387.49962782
2020-03-01,2020-02-01,seasonal_naive,cv,6,261823.0,236555.0
2020-03-01,2020-02-01,seasonal_ridge_change,cv,6,261823.0,245483.76888435046
2020-03-01,2020-02-01,selected_padd_models,cv,6,261823.0,243729.31686057296
2020-03-01,2020-02-01,spline_ridge_change,cv,6,261823.0,245135.72415944934
2020-03-01,2020-02-01,xgboost_change,cv,6,261823.0,245481.9990234375
2020-04-01,2020-03-01,constrained_level,cv,6,258463.0,249297.05645088083
2020-04-01,2020-03-01,forecast_flow_identity,cv,6,258463.0,261332.75460829493
2020-04-01,2020-03-01,neural_network_change,cv,6,258463.0,247504.84055755404
2020-04-01,2020-03-01,persistence,cv,6,258463.0,261823.0
2020-04-01,2020-03-01,polynomial_ridge_change,cv,6,258463.0,247254.51593208394
2020-04-01,2020-03-01,random_forest_change,cv,6,258463.0,254094.9624757973
2020-04-01,2020-03-01,ridge_change,cv,6,258463.0,249391.749498771
2020-04-01,2020-03-01,seasonal_naive,cv,6,258463.0,230869.0
2020-04-01,2020-03-01,seasonal_ridge_change,cv,6,258463.0,245767.92682238005
2020-04-01,2020-03-01,selected_padd_models,cv,6,258463.0,252514.7572824865
2020-04-01,2020-03-01,spline_ridge_change,cv,6,258463.0,250995.0530113802
2020-04-01,2020-03-01,xgboost_change,cv,6,258463.0,254171.111328125
2020-05-01,2020-04-01,constrained_level,cv,6,258952.0,232975.40728478483
2020-05-01,2020-04-01,forecast_flow_identity,cv,6,258952.0,258926.32809523813
2020-05-01,2020-04-01,neural_network_change,cv,6,258952.0,241253.57992020517
2020-05-01,2020-04-01,persistence,cv,6,258952.0,258463.0
2020-05-01,2020-04-01,polynomial_ridge_change,cv,6,258952.0,226539.67157704846
2020-05-01,2020-04-01,random_forest_change,cv,6,258952.0,250979.51250120116
2020-05-01,2020-04-01,ridge_change,cv,6,258952.0,232467.66599262855
2020-05-01,2020-04-01,seasonal_naive,cv,6,258952.0,235830.0
2020-05-01,2020-04-01,seasonal_ridge_change,cv,6,258952.0,220224.65873202062
2020-05-01,2020-04-01,selected_padd_models,cv,6,258952.0,243214.11009971448
2020-05-01,2020-04-01,spline_ridge_change,cv,6,258952.0,246501.7059624051
2020-05-01,2020-04-01,xgboost_change,cv,6,258952.0,249285.0009765625
2020-06-01,2020-05-01,constrained_level,cv,6,254479.0,237687.63044176594
2020-06-01,2020-05-01,forecast_flow_identity,cv,6,254479.0,255979.48686635945
2020-06-01,2020-05-01,neural_network_change,cv,6,254479.0,242819.75388293754
2020-06-01,2020-05-01,persistence,cv,6,254479.0,258952.0
2020-06-01,2020-05-01,polynomial_ridge_change,cv,6,254479.0,234826.64454182802
2020-06-01,2020-05-01,random_forest_change,cv,6,254479.0,253265.98888683727
2020-06-01,2020-05-01,ridge_change,cv,6,254479.0,238284.63433503918
2020-06-01,2020-05-01,seasonal_naive,cv,6,254479.0,229914.0
2020-06-01,2020-05-01,seasonal_ridge_change,cv,6,254479.0,228185.87850511743
2020-06-01,2020-05-01,selected_padd_models,cv,6,254479.0,245158.07238944955
2020-06-01,2020-05-01,spline_ridge_change,cv,6,254479.0,246646.36609678704
2020-06-01,2020-05-01,xgboost_change,cv,6,254479.0,251906.94775390625
2020-07-01,2020-06-01,constrained_level,cv,7,250360.0,243445.92529635644
2020-07-01,2020-06-01,forecast_flow_identity,cv,7,250360.0,252059.27727627265
2020-07-01,2020-06-01,neural_network_change,cv,7,250360.0,245421.9505423904
2020-07-01,2020-06-01,persistence,cv,7,250360.0,254479.0
2020-07-01,2020-06-01,polynomial_ridge_change,cv,7,250360.0,245086.69347208407
2020-07-01,2020-06-01,random_forest_change,cv,7,250360.0,249372.7259699902
2020-07-01,2020-06-01,ridge_change,cv,7,250360.0,245291.01779614523
2020-07-01,2020-06-01,seasonal_naive,cv,7,250360.0,235434.0
2020-07-01,2020-06-01,seasonal_ridge_change,cv,7,250360.0,241954.15503312822
2020-07-01,2020-06-01,selected_padd_models,cv,7,250360.0,245424.65951559733
2020-07-01,2020-06-01,spline_ridge_change,cv,7,250360.0,245850.48715572988
2020-07-01,2020-06-01,xgboost_change,cv,7,250360.0,248954.78759765625
2020-08-01,2020-07-01,constrained_level,cv,7,237534.0,242715.8169408312
2020-08-01,2020-07-01,forecast_flow_identity,cv,7,237534.0,246208.09632799678
2020-08-01,2020-07-01,neural_network_change,cv,7,237534.0,241725.1242626449
2020-08-01,2020-07-01,persistence,cv,7,237534.0,250360.0
2020-08-01,2020-07-01,polynomial_ridge_change,cv,7,237534.0,240184.08720054495
2020-08-01,2020-07-01,random_forest_change,cv,7,237534.0,245288.81327053256
2020-08-01,2020-07-01,ridge_change,cv,7,237534.0,242492.86275618715
2020-08-01,2020-07-01,seasonal_naive,cv,7,237534.0,230362.0
2020-08-01,2020-07-01,seasonal_ridge_change,cv,7,237534.0,240032.37779499264
2020-08-01,2020-07-01,selected_padd_models,cv,7,237534.0,241071.9790176663
2020-08-01,2020-07-01,spline_ridge_change,cv,7,237534.0,241894.11365734602
2020-08-01,2020-07-01,xgboost_change,cv,7,237534.0,243435.5712890625
2020-09-01,2020-08-01,constrained_level,cv,7,227578.0,233853.4356772098
2020-09-01,2020-08-01,forecast_flow_identity,cv,7,227578.0,238380.4391744796
2020-09-01,2020-08-01,neural_network_change,cv,7,227578.0,231556.98224017562
2020-09-01,2020-08-01,persistence,cv,7,227578.0,237534.0
2020-09-01,2020-08-01,polynomial_ridge_change,cv,7,227578.0,232926.07368729686
2020-09-01,2020-08-01,random_forest_change,cv,7,227578.0,234314.3340401069
2020-09-01,2020-08-01,ridge_change,cv,7,227578.0,234813.26840402454
2020-09-01,2020-08-01,seasonal_naive,cv,7,227578.0,232043.0
2020-09-01,2020-08-01,seasonal_ridge_change,cv,7,227578.0,234017.97887653543
2020-09-01,2020-08-01,selected_padd_models,cv,7,227578.0,232572.06733534165
2020-09-01,2020-08-01,spline_ridge_change,cv,7,227578.0,233356.64232148725
2020-09-01,2020-08-01,xgboost_change,cv,7,227578.0,235264.60498046875
2020-10-01,2020-09-01,constrained_level,cv,7,227616.0,228759.09591698681
2020-10-01,2020-09-01,forecast_flow_identity,cv,7,227616.0,220652.91976190475
2020-10-01,2020-09-01,neural_network_change,cv,7,227616.0,225138.13082158632
2020-10-01,2020-09-01,persistence,cv,7,227616.0,227578.0
2020-10-01,2020-09-01,polynomial_ridge_change,cv,7,227616.0,228169.67184576846
2020-10-01,2020-09-01,random_forest_change,cv,7,227616.0,224767.59140080947
2020-10-01,2020-09-01,ridge_change,cv,7,227616.0,228567.61829641194
2020-10-01,2020-09-01,seasonal_naive,cv,7,227616.0,224473.0
2020-10-01,2020-09-01,seasonal_ridge_change,cv,7,227616.0,228693.63354739087
2020-10-01,2020-09-01,selected_padd_models,cv,7,227616.0,225249.0351198697
2020-10-01,2020-09-01,spline_ridge_change,cv,7,227616.0,227178.7814197172
2020-10-01,2020-09-01,xgboost_change,cv,7,227616.0,226239.611328125
2020-11-01,2020-10-01,constrained_level,cv,7,241230.0,230810.45881026264
2020-11-01,2020-10-01,forecast_flow_identity,cv,7,241230.0,233271.03525345624
2020-11-01,2020-10-01,neural_network_change,cv,7,241230.0,227815.3247583629
2020-11-01,2020-10-01,persistence,cv,7,241230.0,227616.0
2020-11-01,2020-10-01,polynomial_ridge_change,cv,7,241230.0,229949.9755075959
2020-11-01,2020-10-01,random_forest_change,cv,7,241230.0,236755.10643240382
2020-11-01,2020-10-01,ridge_change,cv,7,241230.0,229120.82386616347
2020-11-01,2020-10-01,seasonal_naive,cv,7,241230.0,233691.0
2020-11-01,2020-10-01,seasonal_ridge_change,cv,7,241230.0,230213.38408298907
2020-11-01,2020-10-01,selected_padd_models,cv,7,241230.0,232788.8471403381
2020-11-01,2020-10-01,spline_ridge_change,cv,7,241230.0,231574.47997039798
2020-11-01,2020-10-01,xgboost_change,cv,7,241230.0,234966.8955078125
2020-12-01,2020-11-01,constrained_level,cv,7,243395.0,242615.57019454037
2020-12-01,2020-11-01,forecast_flow_identity,cv,7,243395.0,254488.84798029554
2020-12-01,2020-11-01,neural_network_change,cv,7,243395.0,239675.19607912027
2020-12-01,2020-11-01,persistence,cv,7,243395.0,241230.0
2020-12-01,2020-11-01,polynomial_ridge_change,cv,7,243395.0,245079.3634515978
2020-12-01,2020-11-01,random_forest_change,cv,7,243395.0,251566.15279481685
2020-12-01,2020-11-01,ridge_change,cv,7,243395.0,243969.0913493715
2020-12-01,2020-11-01,seasonal_naive,cv,7,243395.0,254100.0
2020-12-01,2020-11-01,seasonal_ridge_change,cv,7,243395.0,243876.62979355134
2020-12-01,2020-11-01,selected_padd_models,cv,7,243395.0,246028.90468607162
2020-12-01,2020-11-01,spline_ridge_change,cv,7,243395.0,247801.79576848252
2020-12-01,2020-11-01,xgboost_change,cv,7,243395.0,249357.7607421875
2021-01-01,2020-12-01,constrained_level,cv,7,255361.0,242684.64831901202
2021-01-01,2020-12-01,forecast_flow_identity,cv,7,255361.0,260537.0229802956
2021-01-01,2020-12-01,neural_network_change,cv,7,255361.0,242891.12779262348
2021-01-01,2020-12-01,persistence,cv,7,255361.0,243395.0
2021-01-01,2020-12-01,polynomial_ridge_change,cv,7,255361.0,247631.71699426544
2021-01-01,2020-12-01,random_forest_change,cv,7,255361.0,252085.66906358325
2021-01-01,2020-12-01,ridge_change,cv,7,255361.0,247513.60841763602
2021-01-01,2020-12-01,seasonal_naive,cv,7,255361.0,265711.0
2021-01-01,2020-12-01,seasonal_ridge_change,cv,7,255361.0,248345.48415951637
2021-01-01,2020-12-01,selected_padd_models,cv,7,255361.0,251048.09554556615
2021-01-01,2020-12-01,spline_ridge_change,cv,7,255361.0,252317.4790622111
2021-01-01,2020-12-01,xgboost_change,cv,7,255361.0,250318.2666015625
2021-02-01,2021-01-01,constrained_level,cv,7,241273.0,251443.22589104442
2021-02-01,2021-01-01,forecast_flow_identity,cv,7,241273.0,249052.48694104562
2021-02-01,2021-01-01,neural_network_change,cv,7,241273.0,247429.28397774993
2021-02-01,2021-01-01,persistence,cv,7,241273.0,255361.0
2021-02-01,2021-01-01,polynomial_ridge_change,cv,7,241273.0,251010.84880763726
2021-02-01,2021-01-01,random_forest_change,cv,7,241273.0,247765.85995743558
2021-02-01,2021-01-01,ridge_change,cv,7,241273.0,252303.95632737072
2021-02-01,2021-01-01,seasonal_naive,cv,7,241273.0,253091.0
2021-02-01,2021-01-01,seasonal_ridge_change,cv,7,241273.0,251904.07253641504
2021-02-01,2021-01-01,selected_padd_models,cv,7,241273.0,249424.97818175633
2021-02-01,2021-01-01,spline_ridge_change,cv,7,241273.0,250413.4397785546
2021-02-01,2021-01-01,xgboost_change,cv,7,241273.0,247696.259765625
2021-03-01,2021-02-01,constrained_level,cv,7,237846.0,231461.75697232925
2021-03-01,2021-02-01,forecast_flow_identity,cv,7,237846.0,231372.225726601
2021-03-01,2021-02-01,neural_network_change,cv,7,237846.0,235997.66045697205
2021-03-01,2021-02-01,persistence,cv,7,237846.0,241273.0
2021-03-01,2021-02-01,polynomial_ridge_change,cv,7,237846.0,237125.6217997937
2021-03-01,2021-02-01,random_forest_change,cv,7,237846.0,235390.24656077253
2021-03-01,2021-02-01,ridge_change,cv,7,237846.0,240632.72874987766
2021-03-01,2021-02-01,seasonal_naive,cv,7,237846.0,261823.0
2021-03-01,2021-02-01,seasonal_ridge_change,cv,7,237846.0,240155.13302280294
2021-03-01,2021-02-01,selected_padd_models,cv,7,237846.0,236005.1561987123
2021-03-01,2021-02-01,spline_ridge_change,cv,7,237846.0,238646.05984079614
2021-03-01,2021-02-01,xgboost_change,cv,7,237846.0,236036.44140625
2021-04-01,2021-03-01,constrained_level,cv,7,238622.0,234062.92869685357
2021-04-01,2021-03-01,forecast_flow_identity,cv,7,238622.0,236438.7603805816
2021-04-01,2021-03-01,neural_network_change,cv,7,238622.0,233942.0529675648
2021-04-01,2021-03-01,persistence,cv,7,238622.0,237846.0
2021-04-01,2021-03-01,polynomial_ridge_change,cv,7,238622.0,235448.6389816677
2021-04-01,2021-03-01,random_forest_change,cv,7,238622.0,232411.08891773643
2021-04-01,2021-03-01,ridge_change,cv,7,238622.0,239407.0168439935
2021-04-01,2021-03-01,seasonal_naive,cv,7,238622.0,258463.0
2021-04-01,2021-03-01,seasonal_ridge_change,cv,7,238622.0,238146.30838407666
2021-04-01,2021-03-01,selected_padd_models,cv,7,238622.0,236708.06018642746
2021-04-01,2021-03-01,spline_ridge_change,cv,7,238622.0,235226.42303208416
2021-04-01,2021-03-01,xgboost_change,cv,7,238622.0,232078.40625
2021-05-01,2021-04-01,constrained_level,cv,7,240176.0,234880.93240585685
2021-05-01,2021-04-01,forecast_flow_identity,cv,7,240176.0,239737.77239326766
2021-05-01,2021-04-01,neural_network_change,cv,7,240176.0,233254.93694498582
2021-05-01,2021-04-01,persistence,cv,7,240176.0,238622.0
2021-05-01,2021-04-01,polynomial_ridge_change,cv,7,240176.0,236133.3940069394
2021-05-01,2021-04-01,random_forest_change,cv,7,240176.0,234477.49085126026
2021-05-01,2021-04-01,ridge_change,cv,7,240176.0,239255.01801034308
2021-05-01,2021-04-01,seasonal_naive,cv,7,240176.0,258952.0
2021-05-01,2021-04-01,seasonal_ridge_change,cv,7,240176.0,237361.58715414393
2021-05-01,2021-04-01,selected_padd_models,cv,7,240176.0,236534.67152195287
2021-05-01,2021-04-01,spline_ridge_change,cv,7,240176.0,236020.49411697657
2021-05-01,2021-04-01,xgboost_change,cv,7,240176.0,236526.84228515625
2021-06-01,2021-05-01,constrained_level,cv,7,237287.0,237644.77766841342
2021-06-01,2021-05-01,forecast_flow_identity,cv,7,237287.0,236306.1716709042
2021-06-01,2021-05-01,neural_network_change,cv,7,237287.0,235764.26685929144
2021-06-01,2021-05-01,persistence,cv,7,237287.0,240176.0
2021-06-01,2021-05-01,polynomial_ridge_change,cv,7,237287.0,237845.66964432495
2021-06-01,2021-05-01,random_forest_change,cv,7,237287.0,236879.3718962842
2021-06-01,2021-05-01,ridge_change,cv,7,237287.0,241050.42551200461
2021-06-01,2021-05-01,seasonal_naive,cv,7,237287.0,254479.0
2021-06-01,2021-05-01,seasonal_ridge_change,cv,7,237287.0,238445.3928205357
2021-06-01,2021-05-01,selected_padd_models,cv,7,237287.0,238831.64564807195
2021-06-01,2021-05-01,spline_ridge_change,cv,7,237287.0,239096.75754257516
2021-06-01,2021-05-01,xgboost_change,cv,7,237287.0,238546.4267578125
2021-07-01,2021-06-01,constrained_level,cv,8,230764.0,238092.14931238844
2021-07-01,2021-06-01,forecast_flow_identity,cv,8,230764.0,234658.868226601
2021-07-01,2021-06-01,neural_network_change,cv,8,230764.0,239714.84304760245
2021-07-01,2021-06-01,persistence,cv,8,230764.0,237287.0
2021-07-01,2021-06-01,polynomial_ridge_change,cv,8,230764.0,239329.30312322272
2021-07-01,2021-06-01,random_forest_change,cv,8,230764.0,238027.80027488183
2021-07-01,2021-06-01,ridge_change,cv,8,230764.0,240429.67824040732
2021-07-01,2021-06-01,seasonal_naive,cv,8,230764.0,250360.0
2021-07-01,2021-06-01,seasonal_ridge_change,cv,8,230764.0,239078.08066108625
2021-07-01,2021-06-01,selected_padd_models,cv,8,230764.0,239818.1755163801
2021-07-01,2021-06-01,spline_ridge_change,cv,8,230764.0,241113.9830905049
2021-07-01,2021-06-01,xgboost_change,cv,8,230764.0,239813.09228515625
2021-08-01,2021-07-01,constrained_level,cv,8,225551.0,230819.3418506072
2021-08-01,2021-07-01,forecast_flow_identity,cv,8,225551.0,223953.46822660096
2021-08-01,2021-07-01,neural_network_change,cv,8,225551.0,229833.51214182694
2021-08-01,2021-07-01,persistence,cv,8,225551.0,230764.0
2021-08-01,2021-07-01,polynomial_ridge_change,cv,8,225551.0,229072.9574267014
2021-08-01,2021-07-01,random_forest_change,cv,8,225551.0,228773.56058481816
2021-08-01,2021-07-01,ridge_change,cv,8,225551.0,230445.8689996634
2021-08-01,2021-07-01,seasonal_naive,cv,8,225551.0,237534.0
2021-08-01,2021-07-01,seasonal_ridge_change,cv,8,225551.0,229937.07484451687
2021-08-01,2021-07-01,selected_padd_models,cv,8,225551.0,231144.11288508805
2021-08-01,2021-07-01,spline_ridge_change,cv,8,225551.0,229615.19148699346
2021-08-01,2021-07-01,xgboost_change,cv,8,225551.0,230490.6181640625
2021-09-01,2021-08-01,constrained_level,cv,8,227048.0,228532.6585628806
2021-09-01,2021-08-01,forecast_flow_identity,cv,8,227048.0,222835.63699348483
2021-09-01,2021-08-01,neural_network_change,cv,8,227048.0,223543.93681104045
2021-09-01,2021-08-01,persistence,cv,8,227048.0,225551.0
2021-09-01,2021-08-01,polynomial_ridge_change,cv,8,227048.0,225477.18942399477
2021-09-01,2021-08-01,random_forest_change,cv,8,227048.0,223137.4898293225
2021-09-01,2021-08-01,ridge_change,cv,8,227048.0,225826.47352650698
2021-09-01,2021-08-01,seasonal_naive,cv,8,227048.0,227578.0
2021-09-01,2021-08-01,seasonal_ridge_change,cv,8,227048.0,226344.39263368375
2021-09-01,2021-08-01,selected_padd_models,cv,8,227048.0,224367.02717582742
2021-09-01,2021-08-01,spline_ridge_change,cv,8,227048.0,223201.06467808073
2021-09-01,2021-08-01,xgboost_change,cv,8,227048.0,224476.23486328125
2021-10-01,2021-09-01,constrained_level,cv,8,216696.0,230440.42046661206
2021-10-01,2021-09-01,forecast_flow_identity,cv,8,216696.0,221796.01822660095
2021-10-01,2021-09-01,neural_network_change,cv,8,216696.0,228678.06449588103
2021-10-01,2021-09-01,persistence,cv,8,216696.0,227048.0
2021-10-01,2021-09-01,polynomial_ridge_change,cv,8,216696.0,229476.25865372634
2021-10-01,2021-09-01,random_forest_change,cv,8,216696.0,227032.24758314466
2021-10-01,2021-09-01,ridge_change,cv,8,216696.0,228998.2910339044
2021-10-01,2021-09-01,seasonal_naive,cv,8,216696.0,227616.0
2021-10-01,2021-09-01,seasonal_ridge_change,cv,8,216696.0,230340.35517027538
2021-10-01,2021-09-01,selected_padd_models,cv,8,216696.0,227277.77659362505
2021-10-01,2021-09-01,spline_ridge_change,cv,8,216696.0,228123.86539077922
2021-10-01,2021-09-01,xgboost_change,cv,8,216696.0,226838.78369140625
2021-11-01,2021-10-01,constrained_level,cv,8,220598.0,225036.91620099678
2021-11-01,2021-10-01,forecast_flow_identity,cv,8,220598.0,223771.9724773559
2021-11-01,2021-10-01,neural_network_change,cv,8,220598.0,227377.13992217358
2021-11-01,2021-10-01,persistence,cv,8,220598.0,216696.0
2021-11-01,2021-10-01,polynomial_ridge_change,cv,8,220598.0,227109.9734000068
2021-11-01,2021-10-01,random_forest_change,cv,8,220598.0,227277.1738081529
2021-11-01,2021-10-01,ridge_change,cv,8,220598.0,225662.86025604003
2021-11-01,2021-10-01,seasonal_naive,cv,8,220598.0,241230.0
2021-11-01,2021-10-01,seasonal_ridge_change,cv,8,220598.0,227412.44452801984
2021-11-01,2021-10-01,selected_padd_models,cv,8,220598.0,227797.41219232188
2021-11-01,2021-10-01,spline_ridge_change,cv,8,220598.0,228082.26824536553
2021-11-01,2021-10-01,xgboost_change,cv,8,220598.0,227611.306640625
2021-12-01,2021-11-01,constrained_level,cv,8,232178.0,229644.8307895116
2021-12-01,2021-11-01,forecast_flow_identity,cv,8,232178.0,231089.87072660108
2021-12-01,2021-11-01,neural_network_change,cv,8,232178.0,233724.28930381744
2021-12-01,2021-11-01,persistence,cv,8,232178.0,220598.0
2021-12-01,2021-11-01,polynomial_ridge_change,cv,8,232178.0,232856.65074277757
2021-12-01,2021-11-01,random_forest_change,cv,8,232178.0,233870.27936201985
2021-12-01,2021-11-01,ridge_change,cv,8,232178.0,229823.88707431397
2021-12-01,2021-11-01,seasonal_naive,cv,8,232178.0,243395.0
2021-12-01,2021-11-01,seasonal_ridge_change,cv,8,232178.0,232151.20680537587
2021-12-01,2021-11-01,selected_padd_models,cv,8,232178.0,232718.88639062416
2021-12-01,2021-11-01,spline_ridge_change,cv,8,232178.0,234092.98894929385
2021-12-01,2021-11-01,xgboost_change,cv,8,232178.0,233200.1728515625
2022-01-01,2021-12-01,constrained_level,cv,8,251781.0,241985.71388841805
2022-01-01,2021-12-01,forecast_flow_identity,cv,8,251781.0,245928.37072660102
2022-01-01,2021-12-01,neural_network_change,cv,8,251781.0,247748.83315810183
2022-01-01,2021-12-01,persistence,cv,8,251781.0,232178.0
2022-01-01,2021-12-01,polynomial_ridge_change,cv,8,251781.0,244489.6577605793
2022-01-01,2021-12-01,random_forest_change,cv,8,251781.0,245094.51427527043
2022-01-01,2021-12-01,ridge_change,cv,8,251781.0,242888.4806568611
2022-01-01,2021-12-01,seasonal_naive,cv,8,251781.0,255361.0
2022-01-01,2021-12-01,seasonal_ridge_change,cv,8,251781.0,243970.7051958964
2022-01-01,2021-12-01,selected_padd_models,cv,8,251781.0,245927.4708037745
2022-01-01,2021-12-01,spline_ridge_change,cv,8,251781.0,243914.96513562632
2022-01-01,2021-12-01,xgboost_change,cv,8,251781.0,244212.41796875
2022-02-01,2022-01-01,constrained_level,cv,8,250261.0,253715.3198473389
2022-02-01,2022-01-01,forecast_flow_identity,cv,8,250261.0,243626.18913236927
2022-02-01,2022-01-01,neural_network_change,cv,8,250261.0,250414.10840098857
2022-02-01,2022-01-01,persistence,cv,8,250261.0,251781.0
2022-02-01,2022-01-01,polynomial_ridge_change,cv,8,250261.0,251071.18028646073
2022-02-01,2022-01-01,random_forest_change,cv,8,250261.0,245788.7358946519
2022-02-01,2022-01-01,ridge_change,cv,8,250261.0,251677.93877293606
2022-02-01,2022-01-01,seasonal_naive,cv,8,250261.0,241273.0
2022-02-01,2022-01-01,seasonal_ridge_change,cv,8,250261.0,251425.6933213002
2022-02-01,2022-01-01,selected_padd_models,cv,8,250261.0,248493.32321304217
2022-02-01,2022-01-01,spline_ridge_change,cv,8,250261.0,248271.64551918456
2022-02-01,2022-01-01,xgboost_change,cv,8,250261.0,248590.1787109375
2022-03-01,2022-02-01,constrained_level,cv,8,238502.0,242707.36389465028
2022-03-01,2022-02-01,forecast_flow_identity,cv,8,238502.0,242844.90250000008
2022-03-01,2022-02-01,neural_network_change,cv,8,238502.0,241822.61449658003
2022-03-01,2022-02-01,persistence,cv,8,238502.0,250261.0
2022-03-01,2022-02-01,polynomial_ridge_change,cv,8,238502.0,243108.43506087235
2022-03-01,2022-02-01,random_forest_change,cv,8,238502.0,241356.1583481011
2022-03-01,2022-02-01,ridge_change,cv,8,238502.0,241779.31540477579
2022-03-01,2022-02-01,seasonal_naive,cv,8,238502.0,237846.0
2022-03-01,2022-02-01,seasonal_ridge_change,cv,8,238502.0,242577.52937826962
2022-03-01,2022-02-01,selected_padd_models,cv,8,238502.0,241147.20713256995
2022-03-01,2022-02-01,spline_ridge_change,cv,8,238502.0,238127.90686059202
2022-03-01,2022-02-01,xgboost_change,cv,8,238502.0,241020.57666015625
2022-04-01,2022-03-01,constrained_level,cv,8,230020.0,235463.11394269898
2022-04-01,2022-03-01,forecast_flow_identity,cv,8,230020.0,237208.9475806451
2022-04-01,2022-03-01,neural_network_change,cv,8,230020.0,236263.63024754904
2022-04-01,2022-03-01,persistence,cv,8,230020.0,238502.0
2022-04-01,2022-03-01,polynomial_ridge_change,cv,8,230020.0,238129.62840659107
2022-04-01,2022-03-01,random_forest_change,cv,8,230020.0,234297.43058439196
2022-04-01,2022-03-01,ridge_change,cv,8,230020.0,236744.16858919
2022-04-01,2022-03-01,seasonal_naive,cv,8,230020.0,238622.0
2022-04-01,2022-03-01,seasonal_ridge_change,cv,8,230020.0,237380.81400955364
2022-04-01,2022-03-01,selected_padd_models,cv,8,230020.0,236606.8114777273
2022-04-01,2022-03-01,spline_ridge_change,cv,8,230020.0,236478.26330999372
2022-04-01,2022-03-01,xgboost_change,cv,8,230020.0,236019.92236328125
2022-05-01,2022-04-01,constrained_level,cv,8,220723.0,228371.68235924366
2022-05-01,2022-04-01,forecast_flow_identity,cv,8,220723.0,231189.47666666674
2022-05-01,2022-04-01,neural_network_change,cv,8,220723.0,227212.71281990202
2022-05-01,2022-04-01,persistence,cv,8,220723.0,230020.0
2022-05-01,2022-04-01,polynomial_ridge_change,cv,8,220723.0,229132.93376628435
2022-05-01,2022-04-01,random_forest_change,cv,8,220723.0,224525.89778791327
2022-05-01,2022-04-01,ridge_change,cv,8,220723.0,229358.8667735719
2022-05-01,2022-04-01,seasonal_naive,cv,8,220723.0,240176.0
2022-05-01,2022-04-01,seasonal_ridge_change,cv,8,220723.0,228767.8187772032
2022-05-01,2022-04-01,selected_padd_models,cv,8,220723.0,227530.5101914323
2022-05-01,2022-04-01,spline_ridge_change,cv,8,220723.0,229519.9449953143
2022-05-01,2022-04-01,xgboost_change,cv,8,220723.0,226690.78515625
2022-06-01,2022-05-01,constrained_level,cv,8,221017.0,226018.96700280055
2022-06-01,2022-05-01,forecast_flow_identity,cv,8,221017.0,215527.73870967745
2022-06-01,2022-05-01,neural_network_change,cv,8,221017.0,224335.7702931274
2022-06-01,2022-05-01,persistence,cv,8,221017.0,220723.0
2022-06-01,2022-05-01,polynomial_ridge_change,cv,8,221017.0,225518.2621351542
2022-06-01,2022-05-01,random_forest_change,cv,8,221017.0,221893.5592224038
2022-06-01,2022-05-01,ridge_change,cv,8,221017.0,227146.20851008143
2022-06-01,2022-05-01,seasonal_naive,cv,8,221017.0,237287.0
2022-06-01,2022-05-01,seasonal_ridge_change,cv,8,221017.0,225886.09816192408
2022-06-01,2022-05-01,selected_padd_models,cv,8,221017.0,224245.35788667988
2022-06-01,2022-05-01,spline_ridge_change,cv,8,221017.0,228865.15908513154
2022-06-01,2022-05-01,xgboost_change,cv,8,221017.0,224730.1943359375
2022-07-01,2022-06-01,constrained_level,cv,9,225133.0,226076.0756704735
2022-07-01,2022-06-01,forecast_flow_identity,cv,9,225133.0,216465.61166666678
2022-07-01,2022-06-01,neural_network_change,cv,9,225133.0,218052.0090121728
2022-07-01,2022-06-01,persistence,cv,9,225133.0,221017.0
2022-07-01,2022-06-01,polynomial_ridge_change,cv,9,225133.0,219933.54108783847
2022-07-01,2022-06-01,random_forest_change,cv,9,225133.0,220749.28083898075
2022-07-01,2022-06-01,ridge_change,cv,9,225133.0,223062.02684083956
2022-07-01,2022-06-01,seasonal_naive,cv,9,225133.0,230764.0
2022-07-01,2022-06-01,seasonal_ridge_change,cv,9,225133.0,219966.9699156235
2022-07-01,2022-06-01,selected_padd_models,cv,9,225133.0,220998.27597972675
2022-07-01,2022-06-01,spline_ridge_change,cv,9,225133.0,220468.4550511956
2022-07-01,2022-06-01,xgboost_change,cv,9,225133.0,222277.37353515625
2022-08-01,2022-07-01,constrained_level,cv,9,215592.0,227104.35522771583
2022-08-01,2022-07-01,forecast_flow_identity,cv,9,215592.0,218770.17559523808
2022-08-01,2022-07-01,neural_network_change,cv,9,215592.0,218109.9574161947
2022-08-01,2022-07-01,persistence,cv,9,215592.0,225133.0
2022-08-01,2022-07-01,polynomial_ridge_change,cv,9,215592.0,220925.77900976426
2022-08-01,2022-07-01,random_forest_change,cv,9,215592.0,222221.4755275307
2022-08-01,2022-07-01,ridge_change,cv,9,215592.0,223773.01351388654
2022-08-01,2022-07-01,seasonal_naive,cv,9,215592.0,225551.0
2022-08-01,2022-07-01,seasonal_ridge_change,cv,9,215592.0,221313.1304394198
2022-08-01,2022-07-01,selected_padd_models,cv,9,215592.0,222242.6584021275
2022-08-01,2022-07-01,spline_ridge_change,cv,9,215592.0,220159.38477562534
2022-08-01,2022-07-01,xgboost_change,cv,9,215592.0,222130.9072265625
2022-09-01,2022-08-01,constrained_level,cv,9,209516.0,221050.69101510287
2022-09-01,2022-08-01,forecast_flow_identity,cv,9,209516.0,213124.33548387093
2022-09-01,2022-08-01,neural_network_change,cv,9,209516.0,217148.4672780323
2022-09-01,2022-08-01,persistence,cv,9,209516.0,215592.0
2022-09-01,2022-08-01,polynomial_ridge_change,cv,9,209516.0,216113.20443277506
2022-09-01,2022-08-01,random_forest_change,cv,9,209516.0,214882.5148316788
2022-09-01,2022-08-01,ridge_change,cv,9,209516.0,218564.49127378827
2022-09-01,2022-08-01,seasonal_naive,cv,9,209516.0,227048.0
2022-09-01,2022-08-01,seasonal_ridge_change,cv,9,209516.0,217789.17396780764
2022-09-01,2022-08-01,selected_padd_models,cv,9,209516.0,215595.71947866556
2022-09-01,2022-08-01,spline_ridge_change,cv,9,209516.0,214079.24064240558
2022-09-01,2022-08-01,xgboost_change,cv,9,209516.0,214261.0673828125
2022-10-01,2022-09-01,constrained_level,cv,9,210445.0,219447.95981572825
2022-10-01,2022-09-01,forecast_flow_identity,cv,9,210445.0,201432.43166666664
2022-10-01,2022-09-01,neural_network_change,cv,9,210445.0,215380.6771981764
2022-10-01,2022-09-01,persistence,cv,9,210445.0,209516.0
2022-10-01,2022-09-01,polynomial_ridge_change,cv,9,210445.0,214146.45248825307
2022-10-01,2022-09-01,random_forest_change,cv,9,210445.0,209694.0097023967
2022-10-01,2022-09-01,ridge_change,cv,9,210445.0,214126.47349581693
2022-10-01,2022-09-01,seasonal_naive,cv,9,210445.0,216696.0
2022-10-01,2022-09-01,seasonal_ridge_change,cv,9,210445.0,214686.49442186856
2022-10-01,2022-09-01,selected_padd_models,cv,9,210445.0,213201.34208714476
2022-10-01,2022-09-01,spline_ridge_change,cv,9,210445.0,211647.90228263324
2022-10-01,2022-09-01,xgboost_change,cv,9,210445.0,210262.10302734375
2022-11-01,2022-10-01,constrained_level,cv,9,221354.0,221755.4307957594
2022-11-01,2022-10-01,forecast_flow_identity,cv,9,221354.0,215828.43957373273
2022-11-01,2022-10-01,neural_network_change,cv,9,221354.0,220742.60095849523
2022-11-01,2022-10-01,persistence,cv,9,221354.0,210445.0
2022-11-01,2022-10-01,polynomial_ridge_change,cv,9,221354.0,218555.90504301892
2022-11-01,2022-10-01,random_forest_change,cv,9,221354.0,219587.68539271614
2022-11-01,2022-10-01,ridge_change,cv,9,221354.0,216707.98527597822
2022-11-01,2022-10-01,seasonal_naive,cv,9,221354.0,220598.0
2022-11-01,2022-10-01,seasonal_ridge_change,cv,9,221354.0,218751.14812540816
2022-11-01,2022-10-01,selected_padd_models,cv,9,221354.0,217544.94333503785
2022-11-01,2022-10-01,spline_ridge_change,cv,9,221354.0,216547.7685796645
2022-11-01,2022-10-01,xgboost_change,cv,9,221354.0,216918.72021484375
2022-12-01,2022-11-01,constrained_level,cv,9,224410.0,230213.37544316388
2022-12-01,2022-11-01,forecast_flow_identity,cv,9,224410.0,232918.37839285712
2022-12-01,2022-11-01,neural_network_change,cv,9,224410.0,229070.86580023193
2022-12-01,2022-11-01,persistence,cv,9,224410.0,221354.0
2022-12-01,2022-11-01,polynomial_ridge_change,cv,9,224410.0,228822.24203113202
2022-12-01,2022-11-01,random_forest_change,cv,9,224410.0,231046.30317449832
2022-12-01,2022-11-01,ridge_change,cv,9,224410.0,226320.6023297512
2022-12-01,2022-11-01,seasonal_naive,cv,9,224410.0,232178.0
2022-12-01,2022-11-01,seasonal_ridge_change,cv,9,224410.0,227851.10836522334
2022-12-01,2022-11-01,selected_padd_models,cv,9,224410.0,229211.2056509663
2022-12-01,2022-11-01,spline_ridge_change,cv,9,224410.0,229794.49319098776
2022-12-01,2022-11-01,xgboost_change,cv,9,224410.0,229481.92822265625
2023-01-01,2022-12-01,constrained_level,cv,9,239632.0,231213.2002271394
2023-01-01,2022-12-01,forecast_flow_identity,cv,9,239632.0,237245.42839285714
2023-01-01,2022-12-01,neural_network_change,cv,9,239632.0,235207.73074201605
2023-01-01,2022-12-01,persistence,cv,9,239632.0,224410.0
2023-01-01,2022-12-01,polynomial_ridge_change,cv,9,239632.0,235320.67395318978
2023-01-01,2022-12-01,random_forest_change,cv,9,239632.0,235594.09177121945
2023-01-01,2022-12-01,ridge_change,cv,9,239632.0,234047.85808110045
2023-01-01,2022-12-01,seasonal_naive,cv,9,239632.0,251781.0
2023-01-01,2022-12-01,seasonal_ridge_change,cv,9,239632.0,235218.06341644368
2023-01-01,2022-12-01,selected_padd_models,cv,9,239632.0,236844.5803108249
2023-01-01,2022-12-01,spline_ridge_change,cv,9,239632.0,235896.5601862183
2023-01-01,2022-12-01,xgboost_change,cv,9,239632.0,236135.0224609375
2023-02-01,2023-01-01,constrained_level,cv,9,242636.0,242034.99737676192
2023-02-01,2023-01-01,forecast_flow_identity,cv,9,242636.0,231530.06855765663
2023-02-01,2023-01-01,neural_network_change,cv,9,242636.0,239890.7650970585
2023-02-01,2023-01-01,persistence,cv,9,242636.0,239632.0
2023-02-01,2023-01-01,polynomial_ridge_change,cv,9,242636.0,241920.25212351582
2023-02-01,2023-01-01,random_forest_change,cv,9,242636.0,234721.59934603295
2023-02-01,2023-01-01,ridge_change,cv,9,242636.0,241919.483398653
2023-02-01,2023-01-01,seasonal_naive,cv,9,242636.0,250261.0
2023-02-01,2023-01-01,seasonal_ridge_change,cv,9,242636.0,242346.944868672
2023-02-01,2023-01-01,selected_padd_models,cv,9,242636.0,239099.47965048463
2023-02-01,2023-01-01,spline_ridge_change,cv,9,242636.0,237969.93846989318
2023-02-01,2023-01-01,xgboost_change,cv,9,242636.0,235921.69189453125
2023-03-01,2023-02-01,constrained_level,cv,9,225203.0,240046.79673136357
2023-03-01,2023-02-01,forecast_flow_identity,cv,9,225203.0,235428.2820299672
2023-03-01,2023-02-01,neural_network_change,cv,9,225203.0,235249.25423824755
2023-03-01,2023-02-01,persistence,cv,9,225203.0,242636.0
2023-03-01,2023-02-01,polynomial_ridge_change,cv,9,225203.0,238491.83172741922
2023-03-01,2023-02-01,random_forest_change,cv,9,225203.0,234724.57412638722
2023-03-01,2023-02-01,ridge_change,cv,9,225203.0,239011.07527303306
2023-03-01,2023-02-01,seasonal_naive,cv,9,225203.0,238502.0
2023-03-01,2023-02-01,seasonal_ridge_change,cv,9,225203.0,239650.3818892039
2023-03-01,2023-02-01,selected_padd_models,cv,9,225203.0,236420.02987087314
2023-03-01,2023-02-01,spline_ridge_change,cv,9,225203.0,234507.645850195
2023-03-01,2023-02-01,xgboost_change,cv,9,225203.0,235145.8603515625
2023-04-01,2023-03-01,constrained_level,cv,9,223642.0,227205.05415657785
2023-04-01,2023-03-01,forecast_flow_identity,cv,9,223642.0,220805.8471257747
2023-04-01,2023-03-01,neural_network_change,cv,9,223642.0,227333.99244554585
2023-04-01,2023-03-01,persistence,cv,9,223642.0,225203.0
2023-04-01,2023-03-01,polynomial_ridge_change,cv,9,223642.0,226207.30268651174
2023-04-01,2023-03-01,random_forest_change,cv,9,223642.0,223635.76890158473
2023-04-01,2023-03-01,ridge_change,cv,9,223642.0,226040.52777774204
2023-04-01,2023-03-01,seasonal_naive,cv,9,223642.0,230020.0
2023-04-01,2023-03-01,seasonal_ridge_change,cv,9,223642.0,227019.69638037676
2023-04-01,2023-03-01,selected_padd_models,cv,9,223642.0,226588.84388563997
2023-04-01,2023-03-01,spline_ridge_change,cv,9,223642.0,218676.98726690467
2023-04-01,2023-03-01,xgboost_change,cv,9,223642.0,225032.63916015625
2023-05-01,2023-04-01,constrained_level,cv,9,222146.0,225077.38314791746
2023-05-01,2023-04-01,forecast_flow_identity,cv,9,222146.0,223072.22766625625
2023-05-01,2023-04-01,neural_network_change,cv,9,222146.0,218552.0452375014
2023-05-01,2023-04-01,persistence,cv,9,222146.0,223642.0
2023-05-01,2023-04-01,polynomial_ridge_change,cv,9,222146.0,221280.3545144418
2023-05-01,2023-04-01,random_forest_change,cv,9,222146.0,220730.78273661388
2023-05-01,2023-04-01,ridge_change,cv,9,222146.0,221667.66136603258
2023-05-01,2023-04-01,seasonal_naive,cv,9,222146.0,220723.0
2023-05-01,2023-04-01,seasonal_ridge_change,cv,9,222146.0,221045.01164130145
2023-05-01,2023-04-01,selected_padd_models,cv,9,222146.0,221223.86819822638
2023-05-01,2023-04-01,spline_ridge_change,cv,9,222146.0,222105.4971588237
2023-05-01,2023-04-01,xgboost_change,cv,9,222146.0,221609.21533203125
2023-06-01,2023-05-01,constrained_level,cv,9,222056.0,225850.4396067217
2023-06-01,2023-05-01,forecast_flow_identity,cv,9,222056.0,218591.17516089304
2023-06-01,2023-05-01,neural_network_change,cv,9,222056.0,219938.84901158026
2023-06-01,2023-05-01,persistence,cv,9,222056.0,222146.0
2023-06-01,2023-05-01,polynomial_ridge_change,cv,9,222056.0,220848.11613724555
2023-06-01,2023-05-01,random_forest_change,cv,9,222056.0,221347.20921930234
2023-06-01,2023-05-01,ridge_change,cv,9,222056.0,222198.58539148033
2023-06-01,2023-05-01,seasonal_naive,cv,9,222056.0,221017.0
2023-06-01,2023-05-01,seasonal_ridge_change,cv,9,222056.0,220831.390224813
2023-06-01,2023-05-01,selected_padd_models,cv,9,222056.0,220867.22885782988
2023-06-01,2023-05-01,spline_ridge_change,cv,9,222056.0,223798.3389391534
2023-06-01,2023-05-01,xgboost_change,cv,9,222056.0,220959.552734375
2023-07-01,2023-06-01,constrained_level,cv,10,220875.0,224713.48875172882
2023-07-01,2023-06-01,forecast_flow_identity,cv,10,220875.0,220198.87786330047
2023-07-01,2023-06-01,neural_network_change,cv,10,220875.0,219666.94009013873
2023-07-01,2023-06-01,persistence,cv,10,220875.0,222056.0
2023-07-01,2023-06-01,polynomial_ridge_change,cv,10,220875.0,220280.06063812616
2023-07-01,2023-06-01,random_forest_change,cv,10,220875.0,222213.62332721023
2023-07-01,2023-06-01,ridge_change,cv,10,220875.0,223355.98846096345
2023-07-01,2023-06-01,seasonal_naive,cv,10,220875.0,225133.0
2023-07-01,2023-06-01,seasonal_ridge_change,cv,10,220875.0,220644.36598819582
2023-07-01,2023-06-01,selected_padd_models,cv,10,220875.0,222237.7537560885
2023-07-01,2023-06-01,spline_ridge_change,cv,10,220875.0,221602.1638129565
2023-07-01,2023-06-01,xgboost_change,cv,10,220875.0,221890.75634765625
2023-08-01,2023-07-01,constrained_level,cv,10,219154.0,224825.3384203107
2023-08-01,2023-07-01,forecast_flow_identity,cv,10,219154.0,213976.3028633005
2023-08-01,2023-07-01,neural_network_change,cv,10,219154.0,217965.28532054916
2023-08-01,2023-07-01,persistence,cv,10,219154.0,220875.0
2023-08-01,2023-07-01,polynomial_ridge_change,cv,10,219154.0,218222.80931006643
2023-08-01,2023-07-01,random_forest_change,cv,10,219154.0,220407.2350431365
2023-08-01,2023-07-01,ridge_change,cv,10,219154.0,220499.35566551567
2023-08-01,2023-07-01,seasonal_naive,cv,10,219154.0,215592.0
2023-08-01,2023-07-01,seasonal_ridge_change,cv,10,219154.0,218607.9935777973
2023-08-01,2023-07-01,selected_padd_models,cv,10,219154.0,218374.43555130044
2023-08-01,2023-07-01,spline_ridge_change,cv,10,219154.0,216665.01426401196
2023-08-01,2023-07-01,xgboost_change,cv,10,219154.0,219187.78857421875
2023-09-01,2023-08-01,constrained_level,cv,10,227886.0,222946.26756262314
2023-09-01,2023-08-01,forecast_flow_identity,cv,10,227886.0,217465.8622576673
2023-09-01,2023-08-01,neural_network_change,cv,10,227886.0,218465.05926033965
2023-09-01,2023-08-01,persistence,cv,10,227886.0,219154.0
2023-09-01,2023-08-01,polynomial_ridge_change,cv,10,227886.0,216742.93316001847
2023-09-01,2023-08-01,random_forest_change,cv,10,227886.0,218973.46764013357
2023-09-01,2023-08-01,ridge_change,cv,10,227886.0,218122.57510406728
2023-09-01,2023-08-01,seasonal_naive,cv,10,227886.0,209516.0
2023-09-01,2023-08-01,seasonal_ridge_change,cv,10,227886.0,218413.23321776598
2023-09-01,2023-08-01,selected_padd_models,cv,10,227886.0,218976.66786494228
2023-09-01,2023-08-01,spline_ridge_change,cv,10,227886.0,217101.04402372206
2023-09-01,2023-08-01,xgboost_change,cv,10,227886.0,217700.8896484375
2023-10-01,2023-09-01,constrained_level,cv,10,218729.0,231267.96319846122
2023-10-01,2023-09-01,forecast_flow_identity,cv,10,218729.0,224161.13266625613
2023-10-01,2023-09-01,neural_network_change,cv,10,218729.0,224493.59040843236
2023-10-01,2023-09-01,persistence,cv,10,218729.0,227886.0
2023-10-01,2023-09-01,polynomial_ridge_change,cv,10,218729.0,224891.36337455138
2023-10-01,2023-09-01,random_forest_change,cv,10,218729.0,224007.6241431115
2023-10-01,2023-09-01,ridge_change,cv,10,218729.0,224528.6571107611
2023-10-01,2023-09-01,seasonal_naive,cv,10,218729.0,210445.0
2023-10-01,2023-09-01,seasonal_ridge_change,cv,10,218729.0,225339.5078644955
2023-10-01,2023-09-01,selected_padd_models,cv,10,218729.0,222881.97802666604
2023-10-01,2023-09-01,spline_ridge_change,cv,10,218729.0,223783.46210483497
2023-10-01,2023-09-01,xgboost_change,cv,10,218729.0,223265.3125
2023-11-01,2023-10-01,constrained_level,cv,10,221534.0,221902.5410998171
2023-11-01,2023-10-01,forecast_flow_identity,cv,10,221534.0,226369.29237645003
2023-11-01,2023-10-01,neural_network_change,cv,10,221534.0,225233.63434612233
2023-11-01,2023-10-01,persistence,cv,10,221534.0,218729.0
2023-11-01,2023-10-01,polynomial_ridge_change,cv,10,221534.0,221584.65352994786
2023-11-01,2023-10-01,random_forest_change,cv,10,221534.0,227931.98549003302
2023-11-01,2023-10-01,ridge_change,cv,10,221534.0,219854.31301133294
2023-11-01,2023-10-01,seasonal_naive,cv,10,221534.0,221354.0
2023-11-01,2023-10-01,seasonal_ridge_change,cv,10,221534.0,222432.9902729963
2023-11-01,2023-10-01,selected_padd_models,cv,10,221534.0,224211.91622971062
2023-11-01,2023-10-01,spline_ridge_change,cv,10,221534.0,226345.52881170236
2023-11-01,2023-10-01,xgboost_change,cv,10,221534.0,225352.4091796875
2023-12-01,2023-11-01,constrained_level,cv,10,240717.0,228596.29058696196
2023-12-01,2023-11-01,forecast_flow_identity,cv,10,240717.0,231920.00962233168
2023-12-01,2023-11-01,neural_network_change,cv,10,240717.0,229493.12004786186
2023-12-01,2023-11-01,persistence,cv,10,240717.0,221534.0
2023-12-01,2023-11-01,polynomial_ridge_change,cv,10,240717.0,227171.37929812967
2023-12-01,2023-11-01,random_forest_change,cv,10,240717.0,230227.1975389054
2023-12-01,2023-11-01,ridge_change,cv,10,240717.0,223705.05813828457
2023-12-01,2023-11-01,seasonal_naive,cv,10,240717.0,224410.0
2023-12-01,2023-11-01,seasonal_ridge_change,cv,10,240717.0,226330.87534499285
2023-12-01,2023-11-01,selected_padd_models,cv,10,240717.0,226504.05574039478
2023-12-01,2023-11-01,spline_ridge_change,cv,10,240717.0,229767.10929183458
2023-12-01,2023-11-01,xgboost_change,cv,10,240717.0,227726.12451171875
2024-01-01,2023-12-01,constrained_level,cv,10,252096.0,247995.81154546904
2024-01-01,2023-12-01,forecast_flow_identity,cv,10,252096.0,256144.33286330051
2024-01-01,2023-12-01,neural_network_change,cv,10,252096.0,249165.6082909807
2024-01-01,2023-12-01,persistence,cv,10,252096.0,240717.0
2024-01-01,2023-12-01,polynomial_ridge_change,cv,10,252096.0,247296.43050866362
2024-01-01,2023-12-01,random_forest_change,cv,10,252096.0,248983.1157471842
2024-01-01,2023-12-01,ridge_change,cv,10,252096.0,243871.9703736431
2024-01-01,2023-12-01,seasonal_naive,cv,10,252096.0,239632.0
2024-01-01,2023-12-01,seasonal_ridge_change,cv,10,252096.0,245191.1753695468
2024-01-01,2023-12-01,selected_padd_models,cv,10,252096.0,247277.35549869374
2024-01-01,2023-12-01,spline_ridge_change,cv,10,252096.0,249150.58329609735
2024-01-01,2023-12-01,xgboost_change,cv,10,252096.0,247694.9716796875
2024-02-01,2024-01-01,constrained_level,cv,10,240686.0,250924.94308655904
2024-02-01,2024-01-01,forecast_flow_identity,cv,10,240686.0,245214.97083525342
2024-02-01,2024-01-01,neural_network_change,cv,10,240686.0,250476.848907122
2024-02-01,2024-01-01,persistence,cv,10,240686.0,252096.0
2024-02-01,2024-01-01,polynomial_ridge_change,cv,10,240686.0,251953.15433259978
2024-02-01,2024-01-01,random_forest_change,cv,10,240686.0,247363.55305824973
2024-02-01,2024-01-01,ridge_change,cv,10,240686.0,248749.842799497
2024-02-01,2024-01-01,seasonal_naive,cv,10,240686.0,242636.0
2024-02-01,2024-01-01,seasonal_ridge_change,cv,10,240686.0,250286.19428249312
2024-02-01,2024-01-01,selected_padd_models,cv,10,240686.0,246898.61043421767
2024-02-01,2024-01-01,spline_ridge_change,cv,10,240686.0,248464.80483679095
2024-02-01,2024-01-01,xgboost_change,cv,10,240686.0,247507.0400390625
2024-03-01,2024-02-01,constrained_level,cv,10,233532.0,235272.20317828064
2024-03-01,2024-02-01,forecast_flow_identity,cv,10,233532.0,232757.2877586207
2024-03-01,2024-02-01,neural_network_change,cv,10,233532.0,234045.10725657557
2024-03-01,2024-02-01,persistence,cv,10,233532.0,240686.0
2024-03-01,2024-02-01,polynomial_ridge_change,cv,10,233532.0,236023.70728120758
2024-03-01,2024-02-01,random_forest_change,cv,10,233532.0,234822.43659459386
2024-03-01,2024-02-01,ridge_change,cv,10,233532.0,233287.1366704007
2024-03-01,2024-02-01,seasonal_naive,cv,10,233532.0,225203.0
2024-03-01,2024-02-01,seasonal_ridge_change,cv,10,233532.0,235147.25280498393
2024-03-01,2024-02-01,selected_padd_models,cv,10,233532.0,233607.2959530669
2024-03-01,2024-02-01,spline_ridge_change,cv,10,233532.0,232484.84887058535
2024-03-01,2024-02-01,xgboost_change,cv,10,233532.0,233867.3359375
2024-04-01,2024-03-01,constrained_level,cv,10,233704.0,232455.29139618087
2024-04-01,2024-03-01,forecast_flow_identity,cv,10,233704.0,229229.1687986652
2024-04-01,2024-03-01,neural_network_change,cv,10,233704.0,229260.32630124438
2024-04-01,2024-03-01,persistence,cv,10,233704.0,233532.0
2024-04-01,2024-03-01,polynomial_ridge_change,cv,10,233704.0,229920.557311226
2024-04-01,2024-03-01,random_forest_change,cv,10,233704.0,229599.99199855412
2024-04-01,2024-03-01,ridge_change,cv,10,233704.0,228320.85220214125
2024-04-01,2024-03-01,seasonal_naive,cv,10,233704.0,223642.0
2024-04-01,2024-03-01,seasonal_ridge_change,cv,10,233704.0,229575.64133558504
2024-04-01,2024-03-01,selected_padd_models,cv,10,233704.0,230262.0368029269
2024-04-01,2024-03-01,spline_ridge_change,cv,10,233704.0,227307.94455839845
2024-04-01,2024-03-01,xgboost_change,cv,10,233704.0,229567.537109375
2024-05-01,2024-04-01,constrained_level,cv,10,231654.0,231678.97980508444
2024-05-01,2024-04-01,forecast_flow_identity,cv,10,231654.0,232468.07692528737
2024-05-01,2024-04-01,neural_network_change,cv,10,231654.0,227200.20180274348
2024-05-01,2024-04-01,persistence,cv,10,231654.0,233704.0
2024-05-01,2024-04-01,polynomial_ridge_change,cv,10,231654.0,230137.0204890715
2024-05-01,2024-04-01,random_forest_change,cv,10,231654.0,230169.27310108716
2024-05-01,2024-04-01,ridge_change,cv,10,231654.0,227539.01188581088
2024-05-01,2024-04-01,seasonal_naive,cv,10,231654.0,222146.0
2024-05-01,2024-04-01,seasonal_ridge_change,cv,10,231654.0,227495.84540506714
2024-05-01,2024-04-01,selected_padd_models,cv,10,231654.0,229819.67342808357
2024-05-01,2024-04-01,spline_ridge_change,cv,10,231654.0,229578.6041892643
2024-05-01,2024-04-01,xgboost_change,cv,10,231654.0,229925.416015625
2024-06-01,2024-05-01,constrained_level,cv,10,232518.0,232101.40980528388
2024-06-01,2024-05-01,forecast_flow_identity,cv,10,232518.0,228936.07064992847
2024-06-01,2024-05-01,neural_network_change,cv,10,232518.0,227211.71579861396
2024-06-01,2024-05-01,persistence,cv,10,232518.0,231654.0
2024-06-01,2024-05-01,polynomial_ridge_change,cv,10,232518.0,228322.89076384174
2024-06-01,2024-05-01,random_forest_change,cv,10,232518.0,227587.56946048434
2024-06-01,2024-05-01,ridge_change,cv,10,232518.0,228757.07039521975
2024-06-01,2024-05-01,seasonal_naive,cv,10,232518.0,222056.0
2024-06-01,2024-05-01,seasonal_ridge_change,cv,10,232518.0,227223.5771169952
2024-06-01,2024-05-01,selected_padd_models,cv,10,232518.0,228073.53098537854
2024-06-01,2024-05-01,spline_ridge_change,cv,10,232518.0,230621.9907766271
2024-06-01,2024-05-01,xgboost_change,cv,10,232518.0,229201.7802734375
2024-07-01,2024-06-01,constrained_level,holdout,0,224380.0,232265.3563378992
2024-07-01,2024-06-01,forecast_flow_identity,holdout,0,224380.0,231899.8255049261
2024-07-01,2024-06-01,neural_network_change,holdout,0,224380.0,227642.07332389153
2024-07-01,2024-06-01,persistence,holdout,0,224380.0,232518.0
2024-07-01,2024-06-01,polynomial_ridge_change,holdout,0,224380.0,228862.95368635043
2024-07-01,2024-06-01,random_forest_change,holdout,0,224380.0,229635.06320714756
2024-07-01,2024-06-01,ridge_change,holdout,0,224380.0,229879.37363389513
2024-07-01,2024-06-01,seasonal_naive,holdout,0,224380.0,220875.0
2024-07-01,2024-06-01,seasonal_ridge_change,holdout,0,224380.0,227492.3377702081
2024-07-01,2024-06-01,selected_padd_models,holdout,0,224380.0,229702.6599720299
2024-07-01,2024-06-01,spline_ridge_change,holdout,0,224380.0,230168.99488203315
2024-07-01,2024-06-01,xgboost_change,holdout,0,224380.0,229526.35986328125
2024-08-01,2024-07-01,constrained_level,holdout,0,220700.0,224696.23845389293
2024-08-01,2024-07-01,forecast_flow_identity,holdout,0,220700.0,217277.5477586207
2024-08-01,2024-07-01,neural_network_change,holdout,0,220700.0,221338.73953010357
2024-08-01,2024-07-01,persistence,holdout,0,220700.0,224380.0
2024-08-01,2024-07-01,polynomial_ridge_change,holdout,0,220700.0,221444.4940134806
2024-08-01,2024-07-01,random_forest_change,holdout,0,220700.0,223023.71077686365
2024-08-01,2024-07-01,ridge_change,holdout,0,220700.0,222857.8799046896
2024-08-01,2024-07-01,seasonal_naive,holdout,0,220700.0,219154.0
2024-08-01,2024-07-01,seasonal_ridge_change,holdout,0,220700.0,221394.01350033755
2024-08-01,2024-07-01,selected_padd_models,holdout,0,220700.0,221851.7532322377
2024-08-01,2024-07-01,spline_ridge_change,holdout,0,220700.0,221648.42764503293
2024-08-01,2024-07-01,xgboost_change,holdout,0,220700.0,223082.51025390625
2024-09-01,2024-08-01,constrained_level,holdout,0,219773.0,224724.0143591815
2024-09-01,2024-08-01,forecast_flow_identity,holdout,0,219773.0,220045.81661767038
2024-09-01,2024-08-01,neural_network_change,holdout,0,219773.0,222110.20570471304
2024-09-01,2024-08-01,persistence,holdout,0,219773.0,220700.0
2024-09-01,2024-08-01,polynomial_ridge_change,holdout,0,219773.0,221307.10447174957
2024-09-01,2024-08-01,random_forest_change,holdout,0,219773.0,220285.32069490198
2024-09-01,2024-08-01,ridge_change,holdout,0,219773.0,223894.48742994035
2024-09-01,2024-08-01,seasonal_naive,holdout,0,219773.0,227886.0
2024-09-01,2024-08-01,seasonal_ridge_change,holdout,0,219773.0,222888.2743861901
2024-09-01,2024-08-01,selected_padd_models,holdout,0,219773.0,222537.21447441346
2024-09-01,2024-08-01,spline_ridge_change,holdout,0,219773.0,220711.09546653065
2024-09-01,2024-08-01,xgboost_change,holdout,0,219773.0,220974.56787109375
2024-10-01,2024-09-01,constrained_level,holdout,0,212574.0,223847.84192383077
2024-10-01,2024-09-01,forecast_flow_identity,holdout,0,212574.0,214913.76300492603
2024-10-01,2024-09-01,neural_network_change,holdout,0,212574.0,219693.23168825923
2024-10-01,2024-09-01,persistence,holdout,0,212574.0,219773.0
2024-10-01,2024-09-01,polynomial_ridge_change,holdout,0,212574.0,221204.6921633403
2024-10-01,2024-09-01,random_forest_change,holdout,0,212574.0,218409.09969650564
2024-10-01,2024-09-01,ridge_change,holdout,0,212574.0,220703.93476530557
2024-10-01,2024-09-01,seasonal_naive,holdout,0,212574.0,218729.0
2024-10-01,2024-09-01,seasonal_ridge_change,holdout,0,212574.0,221366.26800645792
2024-10-01,2024-09-01,selected_padd_models,holdout,0,212574.0,220423.30662687836
2024-10-01,2024-09-01,spline_ridge_change,holdout,0,212574.0,219112.16448683152
2024-10-01,2024-09-01,xgboost_change,holdout,0,212574.0,218028.82275390625
2024-11-01,2024-10-01,constrained_level,holdout,0,221030.0,218427.75492467807
2024-11-01,2024-10-01,forecast_flow_identity,holdout,0,221030.0,220749.19059470843
2024-11-01,2024-10-01,neural_network_change,holdout,0,221030.0,221123.48279376866
2024-11-01,2024-10-01,persistence,holdout,0,221030.0,212574.0
2024-11-01,2024-10-01,polynomial_ridge_change,holdout,0,221030.0,217630.1813972667
2024-11-01,2024-10-01,random_forest_change,holdout,0,221030.0,223269.71100703065
2024-11-01,2024-10-01,ridge_change,holdout,0,221030.0,215796.86684677456
2024-11-01,2024-10-01,seasonal_naive,holdout,0,221030.0,221534.0
2024-11-01,2024-10-01,seasonal_ridge_change,holdout,0,221030.0,218068.61689912193
2024-11-01,2024-10-01,selected_padd_models,holdout,0,221030.0,221575.50585546016
2024-11-01,2024-10-01,spline_ridge_change,holdout,0,221030.0,219970.47795757727
2024-11-01,2024-10-01,xgboost_change,holdout,0,221030.0,221841.87744140625
2024-12-01,2024-11-01,constrained_level,holdout,0,238217.0,228209.26126959966
2024-12-01,2024-11-01,forecast_flow_identity,holdout,0,238217.0,232504.1430049261
2024-12-01,2024-11-01,neural_network_change,holdout,0,238217.0,231535.0694233519
2024-12-01,2024-11-01,persistence,holdout,0,238217.0,221030.0
2024-12-01,2024-11-01,polynomial_ridge_change,holdout,0,238217.0,229217.85885894604
2024-12-01,2024-11-01,random_forest_change,holdout,0,238217.0,233350.40542106127
2024-12-01,2024-11-01,ridge_change,holdout,0,238217.0,227958.6775562292
2024-12-01,2024-11-01,seasonal_naive,holdout,0,238217.0,240717.0
2024-12-01,2024-11-01,seasonal_ridge_change,holdout,0,238217.0,228928.79595674993
2024-12-01,2024-11-01,selected_padd_models,holdout,0,238217.0,231412.18899379825
2024-12-01,2024-11-01,spline_ridge_change,holdout,0,238217.0,231034.3210682562
2024-12-01,2024-11-01,xgboost_change,holdout,0,238217.0,232205.9111328125
2025-01-01,2024-12-01,constrained_level,holdout,0,251128.0,244862.52199888136
2025-01-01,2024-12-01,forecast_flow_identity,holdout,0,251128.0,253348.91800492606
2025-01-01,2024-12-01,neural_network_change,holdout,0,251128.0,250053.777281296
2025-01-01,2024-12-01,persistence,holdout,0,251128.0,238217.0
2025-01-01,2024-12-01,polynomial_ridge_change,holdout,0,251128.0,247277.8017088136
2025-01-01,2024-12-01,random_forest_change,holdout,0,251128.0,249422.38318666985
2025-01-01,2024-12-01,ridge_change,holdout,0,251128.0,245814.16006781507
2025-01-01,2024-12-01,seasonal_naive,holdout,0,251128.0,252096.0
2025-01-01,2024-12-01,seasonal_ridge_change,holdout,0,251128.0,246418.13255765455
2025-01-01,2024-12-01,selected_padd_models,holdout,0,251128.0,248106.38576511046
2025-01-01,2024-12-01,spline_ridge_change,holdout,0,251128.0,249157.34562343024
2025-01-01,2024-12-01,xgboost_change,holdout,0,251128.0,247863.0087890625
2025-02-01,2025-01-01,constrained_level,holdout,0,243728.0,249457.52060704544
2025-02-01,2025-01-01,forecast_flow_identity,holdout,0,243728.0,244821.76665183532
2025-02-01,2025-01-01,neural_network_change,holdout,0,243728.0,246826.79169056274
2025-02-01,2025-01-01,persistence,holdout,0,243728.0,251128.0
2025-02-01,2025-01-01,polynomial_ridge_change,holdout,0,243728.0,249323.8131475873
2025-02-01,2025-01-01,random_forest_change,holdout,0,243728.0,244328.90144864537
2025-02-01,2025-01-01,ridge_change,holdout,0,243728.0,248740.2608460367
2025-02-01,2025-01-01,seasonal_naive,holdout,0,243728.0,240686.0
2025-02-01,2025-01-01,seasonal_ridge_change,holdout,0,243728.0,248929.14055965198
2025-02-01,2025-01-01,selected_padd_models,holdout,0,243728.0,245877.22657757436
2025-02-01,2025-01-01,spline_ridge_change,holdout,0,243728.0,246697.9657452229
2025-02-01,2025-01-01,xgboost_change,holdout,0,243728.0,244843.4580078125
2025-03-01,2025-02-01,constrained_level,holdout,0,234213.0,239393.3797518367
2025-03-01,2025-02-01,forecast_flow_identity,holdout,0,234213.0,238035.86526477832
2025-03-01,2025-02-01,neural_network_change,holdout,0,234213.0,238100.7784869258
2025-03-01,2025-02-01,persistence,holdout,0,234213.0,243728.0
2025-03-01,2025-02-01,polynomial_ridge_change,holdout,0,234213.0,238721.9681376645
2025-03-01,2025-02-01,random_forest_change,holdout,0,234213.0,237828.50435455082
2025-03-01,2025-02-01,ridge_change,holdout,0,234213.0,239254.78560830327
2025-03-01,2025-02-01,seasonal_naive,holdout,0,234213.0,233532.0
2025-03-01,2025-02-01,seasonal_ridge_change,holdout,0,234213.0,239532.59881784336
2025-03-01,2025-02-01,selected_padd_models,holdout,0,234213.0,235930.90906610058
2025-03-01,2025-02-01,spline_ridge_change,holdout,0,234213.0,234478.2825044364
2025-03-01,2025-02-01,xgboost_change,holdout,0,234213.0,237822.3564453125
2025-04-01,2025-03-01,constrained_level,holdout,0,228284.0,232772.67152141492
2025-04-01,2025-03-01,forecast_flow_identity,holdout,0,228284.0,233146.8647723661
2025-04-01,2025-03-01,neural_network_change,holdout,0,228284.0,235084.43326657507
2025-04-01,2025-03-01,persistence,holdout,0,228284.0,234213.0
2025-04-01,2025-03-01,polynomial_ridge_change,holdout,0,228284.0,232767.4375429408
2025-04-01,2025-03-01,random_forest_change,holdout,0,228284.0,232574.83842780042
2025-04-01,2025-03-01,ridge_change,holdout,0,228284.0,233086.1567189977
2025-04-01,2025-03-01,seasonal_naive,holdout,0,228284.0,233704.0
2025-04-01,2025-03-01,seasonal_ridge_change,holdout,0,228284.0,233598.67055624473
2025-04-01,2025-03-01,selected_padd_models,holdout,0,228284.0,234443.60594152866
2025-04-01,2025-03-01,spline_ridge_change,holdout,0,228284.0,232918.4629626181
2025-04-01,2025-03-01,xgboost_change,holdout,0,228284.0,234064.8515625
2025-05-01,2025-04-01,constrained_level,holdout,0,228885.0,227906.08381179778
2025-05-01,2025-04-01,forecast_flow_identity,holdout,0,228885.0,227351.68526477838
2025-05-01,2025-04-01,neural_network_change,holdout,0,228885.0,224464.7247500665
2025-05-01,2025-04-01,persistence,holdout,0,228885.0,228284.0
2025-05-01,2025-04-01,polynomial_ridge_change,holdout,0,228885.0,225901.10518451466
2025-05-01,2025-04-01,random_forest_change,holdout,0,228885.0,226485.2059446005
2025-05-01,2025-04-01,ridge_change,holdout,0,228885.0,226798.15719213116
2025-05-01,2025-04-01,seasonal_naive,holdout,0,228885.0,231654.0
2025-05-01,2025-04-01,seasonal_ridge_change,holdout,0,228885.0,225393.1105282668
2025-05-01,2025-04-01,selected_padd_models,holdout,0,228885.0,227520.56810752326
2025-05-01,2025-04-01,spline_ridge_change,holdout,0,228885.0,227941.02758099578
2025-05-01,2025-04-01,xgboost_change,holdout,0,228885.0,228149.224609375
2025-06-01,2025-05-01,constrained_level,holdout,0,233080.0,231231.24490387476
2025-06-01,2025-05-01,forecast_flow_identity,holdout,0,233080.0,229138.50509494677
2025-06-01,2025-05-01,neural_network_change,holdout,0,233080.0,228930.12573480682
2025-06-01,2025-05-01,persistence,holdout,0,233080.0,228885.0
2025-06-01,2025-05-01,polynomial_ridge_change,holdout,0,233080.0,228711.31864326756
2025-06-01,2025-05-01,random_forest_change,holdout,0,233080.0,229646.4784577519
2025-06-01,2025-05-01,ridge_change,holdout,0,233080.0,230381.04658677673
2025-06-01,2025-05-01,seasonal_naive,holdout,0,233080.0,232518.0
2025-06-01,2025-05-01,seasonal_ridge_change,holdout,0,233080.0,228209.5150999808
2025-06-01,2025-05-01,selected_padd_models,holdout,0,233080.0,229906.71629670437
2025-06-01,2025-05-01,spline_ridge_change,holdout,0,233080.0,231380.49068748392
2025-06-01,2025-05-01,xgboost_change,holdout,0,233080.0,229861.4169921875
2025-07-01,2025-06-01,constrained_level,holdout,0,229625.0,234812.09036724517
2025-07-01,2025-06-01,forecast_flow_identity,holdout,0,229625.0,231508.14359811164
2025-07-01,2025-06-01,neural_network_change,holdout,0,229625.0,230432.2444085632
2025-07-01,2025-06-01,persistence,holdout,0,229625.0,233080.0
2025-07-01,2025-06-01,polynomial_ridge_change,holdout,0,229625.0,231030.879058115
2025-07-01,2025-06-01,random_forest_change,holdout,0,229625.0,231335.84729610616
2025-07-01,2025-06-01,ridge_change,holdout,0,229625.0,233236.7778128004
2025-07-01,2025-06-01,seasonal_naive,holdout,0,229625.0,224380.0
2025-07-01,2025-06-01,seasonal_ridge_change,holdout,0,229625.0,230468.75113523047
2025-07-01,2025-06-01,selected_padd_models,holdout,0,229625.0,229655.8709356987
2025-07-01,2025-06-01,spline_ridge_change,holdout,0,229625.0,231634.13431145198
2025-07-01,2025-06-01,xgboost_change,holdout,0,229625.0,230776.689453125
2025-08-01,2025-07-01,constrained_level,holdout,0,222943.0,230441.47251087136
2025-08-01,2025-07-01,forecast_flow_identity,holdout,0,222943.0,224538.74359811167
2025-08-01,2025-07-01,neural_network_change,holdout,0,222943.0,224615.4550792433
2025-08-01,2025-07-01,persistence,holdout,0,222943.0,229625.0
2025-08-01,2025-07-01,polynomial_ridge_change,holdout,0,222943.0,224781.08802154966
2025-08-01,2025-07-01,random_forest_change,holdout,0,222943.0,226789.77572733676
2025-08-01,2025-07-01,ridge_change,holdout,0,222943.0,226966.83360348648
2025-08-01,2025-07-01,seasonal_naive,holdout,0,222943.0,220700.0
2025-08-01,2025-07-01,seasonal_ridge_change,holdout,0,222943.0,225235.09635962674
2025-08-01,2025-07-01,selected_padd_models,holdout,0,222943.0,227085.5410550381
2025-08-01,2025-07-01,spline_ridge_change,holdout,0,222943.0,225047.07534825103
2025-08-01,2025-07-01,xgboost_change,holdout,0,222943.0,227549.34326171875
2025-09-01,2025-08-01,constrained_level,holdout,0,223093.0,225752.52108046075
2025-09-01,2025-08-01,forecast_flow_identity,holdout,0,223093.0,222603.72606268871
2025-09-01,2025-08-01,neural_network_change,holdout,0,223093.0,223916.13239345062
2025-09-01,2025-08-01,persistence,holdout,0,223093.0,222943.0
2025-09-01,2025-08-01,polynomial_ridge_change,holdout,0,223093.0,222174.25517024598
2025-09-01,2025-08-01,random_forest_change,holdout,0,223093.0,222273.32560120127
2025-09-01,2025-08-01,ridge_change,holdout,0,223093.0,223367.83784572256
2025-09-01,2025-08-01,seasonal_naive,holdout,0,223093.0,219773.0
2025-09-01,2025-08-01,seasonal_ridge_change,holdout,0,223093.0,223241.34181103576
2025-09-01,2025-08-01,selected_padd_models,holdout,0,223093.0,222536.22208500365
2025-09-01,2025-08-01,spline_ridge_change,holdout,0,223093.0,219900.99130557137
2025-09-01,2025-08-01,xgboost_change,holdout,0,223093.0,223520.3779296875
2025-10-01,2025-09-01,constrained_level,holdout,0,209448.0,227819.567973063
2025-10-01,2025-09-01,forecast_flow_identity,holdout,0,209448.0,218393.60359811163
2025-10-01,2025-09-01,neural_network_change,holdout,0,209448.0,225643.67599332513
2025-10-01,2025-09-01,persistence,holdout,0,209448.0,223093.0
2025-10-01,2025-09-01,polynomial_ridge_change,holdout,0,209448.0,223743.36620848946
2025-10-01,2025-09-01,random_forest_change,holdout,0,209448.0,221034.32946045994
2025-10-01,2025-09-01,ridge_change,holdout,0,209448.0,223285.65237226457
2025-10-01,2025-09-01,seasonal_naive,holdout,0,209448.0,212574.0
2025-10-01,2025-09-01,seasonal_ridge_change,holdout,0,209448.0,224203.72209046627
2025-10-01,2025-09-01,selected_padd_models,holdout,0,209448.0,221987.8524287098
2025-10-01,2025-09-01,spline_ridge_change,holdout,0,209448.0,221575.9147448542
2025-10-01,2025-09-01,xgboost_change,holdout,0,209448.0,220714.77001953125
2025-11-01,2025-10-01,constrained_level,holdout,0,219418.0,215720.08489417084
2025-11-01,2025-10-01,forecast_flow_identity,holdout,0,219418.0,218143.89615048462
2025-11-01,2025-10-01,neural_network_change,holdout,0,219418.0,220111.3786885431
2025-11-01,2025-10-01,persistence,holdout,0,219418.0,209448.0
2025-11-01,2025-10-01,polynomial_ridge_change,holdout,0,219418.0,216397.1641690926
2025-11-01,2025-10-01,random_forest_change,holdout,0,219418.0,217752.17644960017
2025-11-01,2025-10-01,ridge_change,holdout,0,219418.0,213602.81746017426
2025-11-01,2025-10-01,seasonal_naive,holdout,0,219418.0,221030.0
2025-11-01,2025-10-01,seasonal_ridge_change,holdout,0,219418.0,216384.984100831
2025-11-01,2025-10-01,selected_padd_models,holdout,0,219418.0,217810.78833951423
2025-11-01,2025-10-01,spline_ridge_change,holdout,0,219418.0,215747.74306833817
2025-11-01,2025-10-01,xgboost_change,holdout,0,219418.0,216444.44482421875
2025-12-01,2025-11-01,constrained_level,holdout,0,243854.0,229304.16632682626
2025-12-01,2025-11-01,forecast_flow_identity,holdout,0,243854.0,231389.82018883416
2025-12-01,2025-11-01,neural_network_change,holdout,0,243854.0,234791.0636420821
2025-12-01,2025-11-01,persistence,holdout,0,243854.0,219418.0
2025-12-01,2025-11-01,polynomial_ridge_change,holdout,0,243854.0,230638.79380960957
2025-12-01,2025-11-01,random_forest_change,holdout,0,243854.0,230176.17269411052
2025-12-01,2025-11-01,ridge_change,holdout,0,243854.0,227671.87060687403
2025-12-01,2025-11-01,seasonal_naive,holdout,0,243854.0,238217.0
2025-12-01,2025-11-01,seasonal_ridge_change,holdout,0,243854.0,229582.03118612716
2025-12-01,2025-11-01,selected_padd_models,holdout,0,243854.0,229479.07695631584
2025-12-01,2025-11-01,spline_ridge_change,holdout,0,243854.0,232534.38183383062
2025-12-01,2025-11-01,xgboost_change,holdout,0,243854.0,230339.1474609375
2026-01-01,2025-12-01,constrained_level,holdout,0,261035.0,250620.9860580094
2026-01-01,2025-12-01,forecast_flow_identity,holdout,0,261035.0,259198.89344006564
2026-01-01,2025-12-01,neural_network_change,holdout,0,261035.0,255980.42476033443
2026-01-01,2025-12-01,persistence,holdout,0,261035.0,243854.0
2026-01-01,2025-12-01,polynomial_ridge_change,holdout,0,261035.0,253452.46003447016
2026-01-01,2025-12-01,random_forest_change,holdout,0,261035.0,253980.45646435075
2026-01-01,2025-12-01,ridge_change,holdout,0,261035.0,250362.56737955989
2026-01-01,2025-12-01,seasonal_naive,holdout,0,261035.0,251128.0
2026-01-01,2025-12-01,seasonal_ridge_change,holdout,0,261035.0,251423.84111589027
2026-01-01,2025-12-01,selected_padd_models,holdout,0,261035.0,253056.93794742745
2026-01-01,2025-12-01,spline_ridge_change,holdout,0,261035.0,251052.62297702255
2026-01-01,2025-12-01,xgboost_change,holdout,0,261035.0,253572.4501953125
2026-02-01,2026-01-01,constrained_level,holdout,0,253923.0,260783.1456313039
2026-02-01,2026-01-01,forecast_flow_identity,holdout,0,253923.0,255711.23019466072
2026-02-01,2026-01-01,neural_network_change,holdout,0,253923.0,258449.36658962048
2026-02-01,2026-01-01,persistence,holdout,0,253923.0,261035.0
2026-02-01,2026-01-01,polynomial_ridge_change,holdout,0,253923.0,260207.9242093914
2026-02-01,2026-01-01,random_forest_change,holdout,0,253923.0,254613.83196649898
2026-02-01,2026-01-01,ridge_change,holdout,0,253923.0,258168.87536563745
2026-02-01,2026-01-01,seasonal_naive,holdout,0,253923.0,243728.0
2026-02-01,2026-01-01,seasonal_ridge_change,holdout,0,253923.0,258923.64473517152
2026-02-01,2026-01-01,selected_padd_models,holdout,0,253923.0,255152.12180350127
2026-02-01,2026-01-01,spline_ridge_change,holdout,0,253923.0,253469.7913859023
2026-02-01,2026-01-01,xgboost_change,holdout,0,253923.0,255304.1298828125
2026-03-01,2026-02-01,constrained_level,holdout,0,242995.0,248016.08991543093
2026-03-01,2026-02-01,forecast_flow_identity,holdout,0,242995.0,244355.6548214286
2026-03-01,2026-02-01,neural_network_change,holdout,0,242995.0,248025.54034074
2026-03-01,2026-02-01,persistence,holdout,0,242995.0,253923.0
2026-03-01,2026-02-01,polynomial_ridge_change,holdout,0,242995.0,247966.5063430178
2026-03-01,2026-02-01,random_forest_change,holdout,0,242995.0,245771.2680802803
2026-03-01,2026-02-01,ridge_change,holdout,0,242995.0,247019.8681307968
2026-03-01,2026-02-01,seasonal_naive,holdout,0,242995.0,234213.0
2026-03-01,2026-02-01,seasonal_ridge_change,holdout,0,242995.0,248054.05607294675
2026-03-01,2026-02-01,selected_padd_models,holdout,0,242995.0,244720.94341464134
2026-03-01,2026-02-01,spline_ridge_change,holdout,0,242995.0,245248.74210110097
2026-03-01,2026-02-01,xgboost_change,holdout,0,242995.0,245717.84765625
2026-04-01,2026-03-01,constrained_level,holdout,0,221699.0,240108.93284114572
2026-04-01,2026-03-01,forecast_flow_identity,holdout,0,221699.0,240686.78047235025
2026-04-01,2026-03-01,neural_network_change,holdout,0,221699.0,238722.7135903556
2026-04-01,2026-03-01,persistence,holdout,0,221699.0,242995.0
2026-04-01,2026-03-01,polynomial_ridge_change,holdout,0,221699.0,238063.75380822504
2026-04-01,2026-03-01,random_forest_change,holdout,0,221699.0,237473.37188167192
2026-04-01,2026-03-01,ridge_change,holdout,0,221699.0,236703.62153055565
2026-04-01,2026-03-01,seasonal_naive,holdout,0,221699.0,228284.0
2026-04-01,2026-03-01,seasonal_ridge_change,holdout,0,221699.0,238028.27609016505
2026-04-01,2026-03-01,selected_padd_models,holdout,0,221699.0,239730.70444042192
2026-04-01,2026-03-01,spline_ridge_change,holdout,0,221699.0,235243.71341761027
2026-04-01,2026-03-01,xgboost_change,holdout,0,221699.0,238391.8876953125
2026-05-01,2026-04-01,constrained_level,holdout,0,220389.0,221872.22404604097
2026-05-01,2026-04-01,forecast_flow_identity,holdout,0,220389.0,219628.90148809526
2026-05-01,2026-04-01,neural_network_change,holdout,0,220389.0,225528.78547669054
2026-05-01,2026-04-01,persistence,holdout,0,220389.0,221699.0
2026-05-01,2026-04-01,polynomial_ridge_change,holdout,0,220389.0,220936.27620792596
2026-05-01,2026-04-01,random_forest_change,holdout,0,220389.0,222819.88037171896
2026-05-01,2026-04-01,ridge_change,holdout,0,220389.0,222246.1893337316
2026-05-01,2026-04-01,seasonal_naive,holdout,0,220389.0,228885.0
2026-05-01,2026-04-01,seasonal_ridge_change,holdout,0,220389.0,221992.75178547515
2026-05-01,2026-04-01,selected_padd_models,holdout,0,220389.0,223052.02888009857
2026-05-01,2026-04-01,spline_ridge_change,holdout,0,220389.0,224869.4163027149
2026-05-01,2026-04-01,xgboost_change,holdout,0,220389.0,224290.6337890625
2026-06-01,2026-05-01,constrained_level,holdout,0,219441.0,226095.77490219008
2026-06-01,2026-05-01,forecast_flow_identity,holdout,0,219441.0,221236.56273041473
2026-06-01,2026-05-01,neural_network_change,holdout,0,219441.0,221760.68179577723
2026-06-01,2026-05-01,persistence,holdout,0,219441.0,220389.0
2026-06-01,2026-05-01,polynomial_ridge_change,holdout,0,219441.0,220379.481065701
2026-06-01,2026-05-01,random_forest_change,holdout,0,219441.0,221409.96431896865
2026-06-01,2026-05-01,ridge_change,holdout,0,219441.0,223268.19118008722
2026-06-01,2026-05-01,seasonal_naive,holdout,0,219441.0,233080.0
2026-06-01,2026-05-01,seasonal_ridge_change,holdout,0,219441.0,220066.3694240122
2026-06-01,2026-05-01,selected_padd_models,holdout,0,219441.0,221312.9691961527
2026-06-01,2026-05-01,spline_ridge_change,holdout,0,219441.0,226336.40196008576
2026-06-01,2026-05-01,xgboost_change,holdout,0,219441.0,222646.3974609375
